File,N_1-1,E_1-1,N_1-2,E_1-2,N_1-3,E_1-3,N_1-4,E_1-4,N_1-5,E_1-5,N_2-2,E_2-2,N_2-3,E_2-3,N_2-4,E_2-4,N_2-5,E_2-5,N_3-3,E_3-3,N_3-4,E_3-4,N_3-5,E_3-5,N_4-4,E_4-4,N_4-5,E_4-5,N_5-5,E_5-5,File_Index,Index,Y_Actual,Y_Predict,Structure
dump_0.csv,115.0,-3.6365983478260873,256.0,-3.71968171875,295.0,-4.060598966101694,271.0,-3.896939409594096,293.0,-4.062248634812287,319.0,-3.802201394984326,558.0,-4.130033163082437,523.0,-3.97084206500956,571.0,-4.133676269702277,784.0,-4.464989177295919,1028.0,-4.314748706225681,1115.0,-4.465737390134529,470.0,-4.155228138297873,716.0,-4.318593770949721,937.0,-4.469616147278548,0,1501,188.02883911132807,187.96036,dump_0.lammpstraj
dump_1.csv,169.0,-3.63199872781065,314.0,-3.7088628343949046,384.0,-4.048692018229167,350.0,-3.887098914285714,379.0,-4.052530329815303,288.0,-3.78594359375,519.0,-4.115682148362235,474.0,-3.9557417827004215,510.0,-4.118775656862745,934.0,-4.450934668094218,1201.0,-4.302287477102415,1284.0,-4.450891725077882,456.0,-4.145886107456141,702.0,-4.305910769230769,734.0,-4.451195653950954,1,2586,187.5619201660156,187.90855,dump_1.lammpstraj
dump_2.csv,54.0,-3.646440740740741,111.0,-3.7294584684684686,199.0,-4.067502889447236,184.0,-3.9140769565217393,198.0,-4.069736767676767,149.0,-3.80240788590604,360.0,-4.129718388888889,333.0,-3.976011051051051,359.0,-4.12800573816156,999.0,-4.473985085085085,1251.0,-4.327983229416467,1382.0,-4.46904252170767,480.0,-4.174174895833334,727.0,-4.330670068775791,939.0,-4.466276506922258,2,2653,192.2457733154297,192.43051,dump_2.lammpstraj
dump_3.csv,99.0,-3.630558535353536,175.0,-3.714203142857143,261.0,-4.056843850574713,238.0,-3.901357773109244,261.0,-4.053782471264368,179.0,-3.793414329608938,367.0,-4.126725899182562,337.0,-3.972984347181009,366.0,-4.126453633879781,943.0,-4.4705547242842,1191.0,-4.32305279177162,1304.0,-4.464469946319018,504.0,-4.16595628968254,742.0,-4.322387264150944,938.0,-4.461315410447761,3,1055,190.4314117431641,190.34995,dump_3.lammpstraj
dump_4.csv,534.0,-3.551509756554307,540.0,-3.632478805555556,804.0,-3.972017618159204,771.0,-3.8044838780804153,771.0,-3.978914928664073,145.0,-3.7453297586206897,339.0,-4.064356460176991,322.0,-3.89704950310559,324.0,-4.0741965895061725,812.0,-4.401473195812808,1078.0,-4.244506530612245,1075.0,-4.4044033767441855,595.0,-4.074907705882353,822.0,-4.25118846107056,554.0,-4.412300469314079,4,705,179.84764099121094,179.66837,dump_4.lammpstraj
dump_5.csv,337.0,-3.588897818991098,422.0,-3.666684526066351,554.0,-4.010645315884476,506.0,-3.8473910079051374,550.0,-4.012239963636364,180.0,-3.765113722222222,381.0,-4.086085879265092,357.0,-3.93185175070028,377.0,-4.090683541114059,935.0,-4.427025668449198,1169.0,-4.277346976047904,1252.0,-4.425997244408945,452.0,-4.120157732300885,686.0,-4.283546326530613,735.0,-4.430401938775511,5,106,185.4502716064453,185.3563,dump_5.lammpstraj
dump_6.csv,288.0,-3.61295921875,499.0,-3.6973580861723447,497.0,-4.025689225352113,465.0,-3.858344688172043,492.0,-4.039215274390243,625.0,-3.799851704,889.0,-4.118371546681665,862.0,-3.952021258700696,893.0,-4.128869714445689,635.0,-4.439672803149606,849.0,-4.284033568904594,881.0,-4.443999040862656,476.0,-4.116253834033613,693.0,-4.293807005772006,599.0,-4.456912337228714,6,589,181.2812347412109,181.49959,dump_6.lammpstraj
dump_7.csv,244.0,-3.613617274590164,370.0,-3.6978765945945935,424.0,-4.039795117924529,427.0,-3.863506018735362,447.0,-4.042122762863534,320.0,-3.803816515625,531.0,-4.128817052730697,533.0,-3.960293142589118,559.0,-4.129832316636851,516.0,-4.460434680232559,761.0,-4.301006708278581,798.0,-4.458285808270676,625.0,-4.129859368,889.0,-4.30307766591676,907.0,-4.463660815876516,7,2468,182.1753387451172,182.06194,dump_7.lammpstraj
dump_8.csv,127.0,-3.630719921259842,262.0,-3.7117563931297712,333.0,-4.054209294294295,294.0,-3.89061018707483,332.0,-4.058108780120482,251.0,-3.7952897410358566,470.0,-4.123558319148936,442.0,-3.964383484162896,476.0,-4.125534380252101,872.0,-4.457742786697247,1120.0,-4.309924133928571,1216.0,-4.455556299342105,449.0,-4.154166536748329,713.0,-4.313540596072931,884.0,-4.456190345022624,8,2413,188.50213623046875,188.3129,dump_8.lammpstraj
dump_9.csv,110.0,-3.633932454545455,215.0,-3.7146480697674416,295.0,-4.056268898305085,267.0,-3.8993555617977527,295.0,-4.055853372881356,184.0,-3.794940489130435,408.0,-4.122018333333333,370.0,-3.968393608108108,408.0,-4.122213394607843,952.0,-4.461206302521009,1182.0,-4.313233705583756,1282.0,-4.456198985959438,445.0,-4.156997325842696,700.0,-4.318734121428572,939.0,-4.45934719914803,9,1600,189.69039916992188,189.534,dump_9.lammpstraj
dump_10.csv,126.0,-3.6341260714285712,245.0,-3.705960448979592,314.0,-4.056862117834394,286.0,-3.891751555944056,316.0,-4.058608892405063,196.0,-3.791935025510204,414.0,-4.121153369565217,393.0,-3.961507251908397,417.0,-4.120253393285371,870.0,-4.465216959770115,1099.0,-4.316027561419473,1197.0,-4.460817969924812,498.0,-4.15254422690763,749.0,-4.3140533177570095,930.0,-4.459244946236559,10,2464,188.00596618652344,188.5405,dump_10.lammpstraj
dump_11.csv,115.0,-3.6285594347826087,209.0,-3.709005023923445,295.0,-4.056556322033899,272.0,-3.898608878676471,293.0,-4.060426484641639,197.0,-3.788742614213198,412.0,-4.121012075242718,383.0,-3.9678048041775456,411.0,-4.123857834549878,921.0,-4.462022491856677,1170.0,-4.317168854700855,1283.0,-4.458610565081839,461.0,-4.163065672451193,719.0,-4.318121731571628,905.0,-4.460131337016575,11,228,189.77394104003903,189.64348,dump_11.lammpstraj
dump_12.csv,51.0,-3.6577347058823526,163.0,-3.7327717791411046,200.0,-4.07399175,188.0,-3.916687739361703,201.0,-4.076295,291.0,-3.806874243986254,531.0,-4.134932956685499,491.0,-3.9814962525458246,528.0,-4.137508996212121,989.0,-4.476709337714864,1265.0,-4.329232557312253,1366.0,-4.47309418374817,471.0,-4.171934479830149,721.0,-4.331785665742025,804.0,-4.473363451492538,12,915,191.4962310791016,191.55058,dump_12.lammpstraj
dump_13.csv,80.0,-3.6414391875,180.0,-3.723507888888889,262.0,-4.067002748091603,234.0,-3.903778311965812,261.0,-4.066854559386973,160.0,-3.79309325,364.0,-4.122758228021978,333.0,-3.9691192342342334,366.0,-4.122560983606558,942.0,-4.468111926751592,1194.0,-4.321061302345059,1302.0,-4.463465702764977,487.0,-4.1626659342915815,746.0,-4.320562835120644,942.0,-4.463796884288747,13,794,190.4042053222656,190.34006,dump_13.lammpstraj
dump_14.csv,123.0,-3.637174674796748,224.0,-3.7123532142857134,311.0,-4.051447620578778,287.0,-3.888977648083624,312.0,-4.054069326923076,190.0,-3.788343368421053,402.0,-4.118769054726368,356.0,-3.96199933988764,395.0,-4.119390898734178,990.0,-4.459192787878788,1235.0,-4.312185623481781,1343.0,-4.4563719583023085,472.0,-4.155704375,707.0,-4.313689561527581,847.0,-4.4583265643447465,14,3021,189.81285095214844,190.04874,dump_14.lammpstraj
dump_15.csv,186.0,-3.616373172043011,314.0,-3.6993839490445857,408.0,-4.037036642156862,367.0,-3.8726313896457767,402.0,-4.041516517412935,236.0,-3.782322182203389,453.0,-4.105424735099338,399.0,-3.949936541353384,447.0,-4.110315391498881,940.0,-4.44240729787234,1147.0,-4.294416233653008,1282.0,-4.441692484399376,407.0,-4.134561609336609,634.0,-4.297106624605679,831.0,-4.446207478941036,15,3543,187.97183227539065,187.97586,dump_15.lammpstraj
dump_16.csv,170.0,-3.6215970588235296,259.0,-3.703354749034749,361.0,-4.041549764542936,321.0,-3.8791337383177567,365.0,-4.045499520547945,207.0,-3.790773937198068,411.0,-4.117212238442822,375.0,-3.9638966933333335,413.0,-4.118003365617434,885.0,-4.45428127118644,1076.0,-4.307546212825279,1195.0,-4.452914054393306,460.0,-4.148717141304348,713.0,-4.3104179523141655,918.0,-4.451444940087145,16,1073,187.88047790527344,187.8162,dump_16.lammpstraj
dump_17.csv,99.0,-3.659941060606061,249.0,-3.731141987951807,274.0,-4.069746003649635,260.0,-3.8992849038461537,278.0,-4.074042248201439,411.0,-3.8139359245742095,666.0,-4.138243250750751,630.0,-3.974751992063492,673.0,-4.142942927191679,723.0,-4.468473561549101,927.0,-4.317373176914779,1030.0,-4.469738121359223,454.0,-4.152559240088106,714.0,-4.320268144257703,925.0,-4.472730848648649,17,3351,187.0192413330078,187.10257,dump_17.lammpstraj
dump_18.csv,356.0,-3.5910239887640447,426.0,-3.6741163028169015,574.0,-4.009612195121951,498.0,-3.8442804116465865,586.0,-4.013211518771331,225.0,-3.7670680888888888,424.0,-4.085890849056604,360.0,-3.9278378055555554,427.0,-4.0922036182669785,780.0,-4.415018974358975,937.0,-4.267819397011739,1083.0,-4.417176782086796,336.0,-4.106640148809523,587.0,-4.273664045996592,929.0,-4.425405888051669,18,1744,183.817138671875,183.87018,dump_18.lammpstraj
dump_19.csv,118.0,-3.64813843220339,273.0,-3.7196196886446886,288.0,-4.062588802083333,266.0,-3.900048157894737,289.0,-4.066079636678201,397.0,-3.8063789294710326,635.0,-4.135773543307087,601.0,-3.973326514143095,635.0,-4.137570102362205,787.0,-4.472774243964422,1042.0,-4.320018862763916,1089.0,-4.468321707988981,528.0,-4.160290871212122,785.0,-4.3258650764331215,818.0,-4.472087622249389,19,1084,186.82704162597656,187.3939,dump_19.lammpstraj
dump_20.csv,84.0,-3.635114345238095,174.0,-3.71960025862069,242.0,-4.06127597107438,223.0,-3.898518766816144,240.0,-4.0633137291666666,203.0,-3.803571428571429,420.0,-4.130286535714285,392.0,-3.97221987244898,419.0,-4.131752255369928,934.0,-4.471228377944326,1196.0,-4.322775643812709,1290.0,-4.466887879844961,457.0,-4.167669507658643,724.0,-4.326100013812155,928.0,-4.464920167025863,20,926,190.5533142089844,190.6655,dump_20.lammpstraj
dump_21.csv,57.0,-3.633720350877193,140.0,-3.723622571428571,199.0,-4.067635979899498,182.0,-3.910678818681319,199.0,-4.068921834170855,166.0,-3.799311807228916,376.0,-4.127292194148937,341.0,-3.9732031231671554,375.0,-4.12882804,1020.0,-4.473675240196079,1257.0,-4.3283529832935566,1377.0,-4.469483816267248,464.0,-4.175065129310345,710.0,-4.329516133802817,917.0,-4.469036543075245,21,3049,192.15451049804688,192.16281,dump_21.lammpstraj
dump_22.csv,287.0,-3.597487142857143,475.0,-3.685153042105264,527.0,-4.020447115749525,494.0,-3.853784170040486,498.0,-4.027548112449799,411.0,-3.7751633576642334,661.0,-4.101662397881997,618.0,-3.939658964401295,624.0,-4.110469174679487,917.0,-4.43354858778626,1171.0,-4.279286648163962,1191.0,-4.436540176322418,462.0,-4.114631818181818,676.0,-4.286668402366864,504.0,-4.442378591269842,22,1117,184.7110595703125,184.48312,dump_22.lammpstraj
dump_23.csv,109.0,-3.632044036697248,190.0,-3.7129271315789474,262.0,-4.057260248091604,244.0,-3.893211618852459,267.0,-4.05620670411985,201.0,-3.7967869154228855,404.0,-4.127123391089109,369.0,-3.967596382113821,403.0,-4.126546191066998,952.0,-4.468271244747899,1177.0,-4.3200621367884455,1289.0,-4.462582754072924,475.0,-4.162211105263158,726.0,-4.319739049586777,919.0,-4.4634107072905325,23,642,190.1258544921875,190.05154,dump_23.lammpstraj
dump_24.csv,188.0,-3.623260797872341,293.0,-3.7014542832764494,399.0,-4.041789949874687,364.0,-3.879721662087912,402.0,-4.0435817039801,192.0,-3.779358619791666,407.0,-4.110207063882064,377.0,-3.95100102122016,413.0,-4.110467469733656,861.0,-4.452441957026713,1086.0,-4.302758554327808,1191.0,-4.447612262804366,458.0,-4.13803653930131,704.0,-4.302165731534091,904.0,-4.448069292035398,24,4767,187.4615936279297,187.23978,dump_24.lammpstraj
dump_25.csv,167.0,-3.6125513173652695,251.0,-3.693111533864542,365.0,-4.037230876712329,330.0,-3.875724363636364,357.0,-4.038058067226891,190.0,-3.7875626052631577,391.0,-4.112481457800512,361.0,-3.959470152354571,385.0,-4.116227753246753,986.0,-4.449890512170386,1214.0,-4.304609505766063,1349.0,-4.448740092661231,468.0,-4.148055021367521,702.0,-4.308760356125356,812.0,-4.452437204433497,25,501,189.34230041503903,189.07523,dump_25.lammpstraj
dump_26.csv,97.0,-3.63960030927835,236.0,-3.7268099152542375,279.0,-4.070401164874552,275.0,-3.904015890909091,276.0,-4.072018677536232,317.0,-3.803881987381704,562.0,-4.136379110320284,551.0,-3.9735425317604354,546.0,-4.139633003663003,901.0,-4.480454350721421,1198.0,-4.323656047579299,1196.0,-4.477635844481606,638.0,-4.161498142633229,893.0,-4.327483460246361,678.0,-4.475674166666667,26,4066,188.1932830810547,188.36053,dump_26.lammpstraj
dump_27.csv,109.0,-3.6544730733944952,269.0,-3.7216636059479553,285.0,-4.064198789473685,266.0,-3.8968623120300734,279.0,-4.071165949820788,381.0,-3.802023635170604,634.0,-4.128356332807571,574.0,-3.9701511585365856,619.0,-4.133489571890145,927.0,-4.468016418554476,1173.0,-4.31733873827792,1267.0,-4.464897501973165,468.0,-4.156035961538461,702.0,-4.320669002849003,733.0,-4.466753281036834,27,333,189.016830444336,189.24818,dump_27.lammpstraj
dump_28.csv,70.0,-3.6571712857142855,218.0,-3.7333005504587153,251.0,-4.074742171314741,231.0,-3.91090341991342,251.0,-4.080134940239043,377.0,-3.803663700265252,616.0,-4.134706931818181,560.0,-3.9743518125,618.0,-4.137669045307444,823.0,-4.471274520048603,1069.0,-4.321849527595884,1149.0,-4.471173681462141,445.0,-4.157843876404495,698.0,-4.323371088825216,875.0,-4.473894674285714,28,4684,188.83311462402344,188.61034,dump_28.lammpstraj
dump_29.csv,104.0,-3.6418619711538462,275.0,-3.730719236363636,282.0,-4.064151489361702,259.0,-3.897177625482626,254.0,-4.075475374015747,710.0,-3.821903795774648,1000.0,-4.144406515,944.0,-3.98244185381356,911.0,-4.15572565312843,933.0,-4.473329330117899,1175.0,-4.3197132340425535,1136.0,-4.472793512323944,493.0,-4.157136673427991,674.0,-4.324883338278932,403.0,-4.480535086848636,29,486,187.1986389160156,186.88611,dump_29.lammpstraj
dump_30.csv,86.0,-3.641480174418605,192.0,-3.722488359375,249.0,-4.065323795180723,234.0,-3.9044678632478633,249.0,-4.065178052208835,253.0,-3.801731837944664,484.0,-4.131174617768595,443.0,-3.97295158013544,481.0,-4.131405925155925,898.0,-4.468895150334076,1117.0,-4.323217833482542,1253.0,-4.465420901835595,462.0,-4.163239512987013,708.0,-4.323159830508475,914.0,-4.466536602844639,30,1962,190.01046752929688,190.23016,dump_30.lammpstraj
dump_31.csv,349.0,-3.6059658309455584,566.0,-3.694421899293286,556.0,-4.017503543165467,491.0,-3.846819541751528,508.0,-4.03101000984252,822.0,-3.7992812652068126,1132.0,-4.107402857773852,980.0,-3.946391576530612,1042.0,-4.124447365642994,723.0,-4.418693084370678,883.0,-4.267028505096262,924.0,-4.427073874458874,326.0,-4.100979831288344,489.0,-4.279595040899795,370.0,-4.4376545,31,393,180.8903350830078,180.56711,dump_31.lammpstraj
dump_32.csv,83.0,-3.650812168674699,190.0,-3.715441315789474,278.0,-4.061865791366906,245.0,-3.906264693877551,277.0,-4.063914584837545,169.0,-3.788158431952663,381.0,-4.118302480314961,346.0,-3.96592524566474,379.0,-4.120467559366754,1009.0,-4.460290971258671,1217.0,-4.315897271980279,1352.0,-4.457248180473372,442.0,-4.160667149321267,689.0,-4.319348214804064,911.0,-4.458996926454446,32,4842,190.9593811035156,190.72838,dump_32.lammpstraj
dump_33.csv,47.0,-3.650177553191489,141.0,-3.725677978723404,199.0,-4.073518768844221,183.0,-3.913454890710383,198.0,-4.073924343434343,168.0,-3.7991699404761903,376.0,-4.128907579787234,344.0,-3.97549835755814,379.0,-4.128651543535621,1002.0,-4.47392505988024,1277.0,-4.329622047768207,1390.0,-4.469289676258993,461.0,-4.171792852494577,717.0,-4.328518061366807,941.0,-4.468082056323061,33,4866,192.365951538086,192.11778,dump_33.lammpstraj
dump_34.csv,59.0,-3.648276271186441,138.0,-3.71969231884058,199.0,-4.066763944723618,178.0,-3.910523567415731,198.0,-4.067880808080808,173.0,-3.7975157803468207,378.0,-4.126504854497354,347.0,-3.9753615561959657,379.0,-4.127063957783641,1006.0,-4.473283802186878,1249.0,-4.32950709367494,1383.0,-4.468066160520608,454.0,-4.178780154185022,711.0,-4.330420021097047,931.0,-4.467159017185821,34,1755,192.2494964599609,192.15161,dump_34.lammpstraj
dump_35.csv,86.0,-3.6283976744186046,176.0,-3.715395397727273,250.0,-4.0548813,230.0,-3.8995569347826087,251.0,-4.062119123505976,217.0,-3.8001901612903226,427.0,-4.127105690866511,392.0,-3.972733941326531,421.0,-4.129751128266033,938.0,-4.469186807036248,1194.0,-4.3200438525963145,1303.0,-4.464367970069072,465.0,-4.165129010752689,715.0,-4.324013825174825,912.0,-4.46598100877193,35,2515,190.8585357666016,190.75116,dump_35.lammpstraj
dump_36.csv,84.0,-3.648397142857143,248.0,-3.74086866935484,252.0,-4.081156587301587,254.0,-3.902058267716536,236.0,-4.085134406779661,591.0,-3.829441666666667,846.0,-4.1617939834515365,860.0,-3.988790470930232,798.0,-4.165751622807018,714.0,-4.501562226890756,1018.0,-4.337480555009823,936.0,-4.498227232905983,790.0,-4.163617170886075,1016.0,-4.337261820866142,465.0,-4.496466043010753,36,3585,185.4917755126953,185.29803,dump_36.lammpstraj
dump_37.csv,464.0,-3.59317724137931,699.0,-3.677083054363376,670.0,-3.98602345522388,493.0,-3.817997119675456,713.0,-4.005419600280505,661.0,-3.777019084720121,875.0,-4.081395245714286,658.0,-3.917771474164134,949.0,-4.098587744994731,493.0,-4.391746734279919,530.0,-4.237962226415094,748.0,-4.399597493315508,150.0,-4.063936166666666,350.0,-4.249756414285715,859.0,-4.414496204889407,37,4315,177.79986572265625,177.3964,dump_37.lammpstraj
dump_38.csv,74.0,-3.6561378378378375,202.0,-3.736470544554456,224.0,-4.082842477678572,227.0,-3.910980594713656,228.0,-4.082185482456141,321.0,-3.816749439252337,546.0,-4.147416456043956,542.0,-3.9831431734317344,555.0,-4.150473378378378,716.0,-4.497076815642458,980.0,-4.337156326530613,1018.0,-4.49010003438114,698.0,-4.16696467765043,980.0,-4.337309984693878,842.0,-4.486812701900238,38,4966,187.34231567382807,187.16522,dump_38.lammpstraj
dump_39.csv,442.0,-3.581788212669683,692.0,-3.6730880057803454,684.0,-3.999928684210526,663.0,-3.8245242835595774,327.0,-4.024778685015291,869.0,-3.785474562715765,1188.0,-4.098982676767677,1179.0,-3.927229321458864,547.0,-4.123566407678245,692.0,-4.407607391618497,935.0,-4.246028101604278,459.0,-4.425657603485839,580.0,-4.073753353448276,432.0,-4.2746294212962965,45.0,-4.449256777777777,39,2099,177.16024780273438,177.10199,dump_39.lammpstraj
dump_40.csv,54.0,-3.6520471296296297,140.0,-3.723321892857143,201.0,-4.069469129353234,192.0,-3.91225203125,198.0,-4.068917196969697,146.0,-3.8040352397260273,355.0,-4.129764183098591,334.0,-3.972275119760479,353.0,-4.129672691218131,1009.0,-4.475051912784935,1284.0,-4.3284175000000005,1384.0,-4.469887969653179,473.0,-4.1687547885835095,724.0,-4.327344205801105,938.0,-4.4678101652452025,40,3599,192.44728088378903,192.21399,dump_40.lammpstraj
dump_41.csv,58.0,-3.644931810344828,141.0,-3.722559929078014,200.0,-4.06945755,185.0,-3.9113658378378378,195.0,-4.070853769230769,162.0,-3.799041203703704,373.0,-4.129718914209115,338.0,-3.974849600591716,371.0,-4.127410741239892,1012.0,-4.47579158596838,1283.0,-4.329981079501169,1385.0,-4.469001267148014,468.0,-4.1741926282051285,726.0,-4.330225578512397,946.0,-4.468561178646935,41,4121,192.0476531982422,192.30884,dump_41.lammpstraj
dump_42.csv,102.0,-3.6363590686274514,229.0,-3.71934692139738,285.0,-4.059837298245615,258.0,-3.9000894186046513,284.0,-4.062473926056338,231.0,-3.79821867965368,458.0,-4.127569279475982,428.0,-3.970201121495327,459.0,-4.129821394335512,838.0,-4.469969826968974,1093.0,-4.319529364135407,1171.0,-4.464324970111016,496.0,-4.162469949596774,743.0,-4.319822308209959,947.0,-4.463649250263992,42,29,188.8360137939453,188.93227,dump_42.lammpstraj
dump_43.csv,215.0,-3.5996637906976745,311.0,-3.690825257234727,417.0,-4.029140335731414,388.0,-3.8688071262886594,408.0,-4.035669595588235,207.0,-3.7766272946859902,421.0,-4.105190249406176,385.0,-3.945982142857143,415.0,-4.108957397590362,932.0,-4.446833358369099,1171.0,-4.297444970111017,1277.0,-4.445680833985905,457.0,-4.136548610503282,706.0,-4.299765368271954,804.0,-4.448203389303482,43,65,187.7566070556641,187.49156,dump_43.lammpstraj
dump_44.csv,88.0,-3.648761875,207.0,-3.725360555555556,250.0,-4.06795314,215.0,-3.9058013023255818,249.0,-4.072215481927711,298.0,-3.8043440100671138,537.0,-4.1325767970204845,492.0,-3.974677378048781,533.0,-4.131619821763603,841.0,-4.475507990487515,1063.0,-4.326150418626529,1174.0,-4.470145591993186,473.0,-4.163221416490486,716.0,-4.32553062150838,941.0,-4.46868954303932,44,838,189.482162475586,189.337,dump_44.lammpstraj
dump_45.csv,315.0,-3.596367063492063,509.0,-3.6784991944990177,541.0,-4.016206377079483,502.0,-3.84988515936255,478.0,-4.029627489539749,515.0,-3.7776623495145634,784.0,-4.1019539413265305,731.0,-3.940456142270862,693.0,-4.114247186147186,940.0,-4.431516569148936,1188.0,-4.278889225589225,1115.0,-4.435794174887892,459.0,-4.1104360457516345,649.0,-4.289540909090909,371.0,-4.443906630727763,45,3906,183.8689422607422,183.70193,dump_45.lammpstraj
dump_46.csv,103.0,-3.636691601941748,210.0,-3.723468976190477,288.0,-4.065375416666666,285.0,-3.89956505263158,284.0,-4.069547570422535,205.0,-3.803252317073171,403.0,-4.136736017369727,399.0,-3.974969060150376,400.0,-4.1372108,824.0,-4.485573046116505,1120.0,-4.327581374999999,1145.0,-4.478456480349345,738.0,-4.162480101626016,1005.0,-4.326978512437811,773.0,-4.476459728331178,46,3773,187.4754943847656,187.80205,dump_46.lammpstraj
dump_47.csv,316.0,-3.5998619620253165,468.0,-3.691498835470085,516.0,-4.02253078488372,483.0,-3.8539703105590064,534.0,-4.028198586142323,412.0,-3.7990698907766993,606.0,-4.115497301980198,608.0,-3.949443717105263,651.0,-4.121772496159754,519.0,-4.434169344894027,714.0,-4.280445819327731,799.0,-4.437969186483104,468.0,-4.115302286324786,715.0,-4.290016461538461,927.0,-4.442989250269687,47,4635,181.0697784423828,180.83336,dump_47.lammpstraj
dump_48.csv,115.0,-3.6349520869565217,234.0,-3.712268867521368,303.0,-4.057129818481848,276.0,-3.895024275362319,304.0,-4.056741759868421,201.0,-3.792927562189055,413.0,-4.122205181598063,394.0,-3.964516941624365,417.0,-4.123786582733813,874.0,-4.466769685354691,1126.0,-4.31495938277087,1202.0,-4.462902104825291,521.0,-4.159920355086372,761.0,-4.320979796320631,928.0,-4.4645927424568965,48,3161,188.87374877929688,188.77545,dump_48.lammpstraj
dump_49.csv,174.0,-3.6237666666666666,306.0,-3.7032291503267976,379.0,-4.047279340369393,357.0,-3.8801010784313728,382.0,-4.049768730366492,279.0,-3.792321308243728,495.0,-4.119448858585859,443.0,-3.9560331151241535,499.0,-4.122456262525049,789.0,-4.457273225602028,1041.0,-4.300826368876081,1117.0,-4.453338800358102,451.0,-4.137236784922395,711.0,-4.305045654008438,909.0,-4.455555500550055,49,2659,186.7069549560547,187.01727,dump_49.lammpstraj
dump_50.csv,91.0,-3.655997857142857,263.0,-3.736602642585552,269.0,-4.073714405204461,257.0,-3.903573424124514,278.0,-4.076958021582734,477.0,-3.8126660587002097,734.0,-4.140087036784741,679.0,-3.9774809499263615,742.0,-4.144897297843666,672.0,-4.470851741071429,867.0,-4.318351337946943,962.0,-4.47223448024948,459.0,-4.15396220043573,719.0,-4.323820764951321,895.0,-4.473757592178771,50,4615,186.0240020751953,186.38254,dump_50.lammpstraj
dump_51.csv,65.0,-3.6420853846153847,160.0,-3.72405890625,216.0,-4.066519444444444,194.0,-3.9048763659793817,215.0,-4.0675467906976746,182.0,-3.795946098901098,399.0,-4.12833328320802,371.0,-3.973906307277628,398.0,-4.126827123115578,1000.0,-4.47417664,1248.0,-4.325395913461539,1347.0,-4.470729131403118,452.0,-4.170462245575221,716.0,-4.325588708100558,936.0,-4.468081971153846,51,4628,191.0123291015625,191.60175,dump_51.lammpstraj
dump_52.csv,214.0,-3.615332219626168,300.0,-3.6992373166666654,426.0,-4.034277899061033,387.0,-3.869676124031008,424.0,-4.039101922169811,217.0,-3.786343847926267,401.0,-4.109046122194514,363.0,-3.946488994490358,408.0,-4.113522977941177,843.0,-4.444520913404508,1043.0,-4.294188576222435,1177.0,-4.442779749362787,462.0,-4.1309249891774895,710.0,-4.297764373239437,889.0,-4.447702975253093,52,2451,186.74957275390625,186.82645,dump_52.lammpstraj
dump_53.csv,167.0,-3.620804610778442,292.0,-3.7034647260273976,364.0,-4.042731112637362,337.0,-3.8784066172106826,363.0,-4.04623173553719,177.0,-3.779795169491525,407.0,-4.112029238329239,374.0,-3.951227887700535,404.0,-4.111528589108911,942.0,-4.454505483014862,1203.0,-4.304815889443059,1293.0,-4.451766411446249,454.0,-4.1465179845814975,702.0,-4.3062211965811965,851.0,-4.451415552291421,53,2846,188.71588134765625,188.94194,dump_53.lammpstraj
dump_54.csv,222.0,-3.619806644144144,389.0,-3.706059768637532,429.0,-4.04170317016317,398.0,-3.8696193467336686,440.0,-4.045706352272728,395.0,-3.80072612658228,606.0,-4.122621146864686,578.0,-3.958779091695502,637.0,-4.127284474097332,584.0,-4.453432037671233,805.0,-4.293308155279503,882.0,-4.45190712585034,490.0,-4.132242306122449,739.0,-4.2999271380243576,930.0,-4.4588642849462365,54,1144,183.21697998046875,183.41736,dump_54.lammpstraj
dump_55.csv,169.0,-3.6269332840236688,313.0,-3.709846261980831,358.0,-4.054631648044692,356.0,-3.882443216292135,369.0,-4.055929783197832,250.0,-3.80018508,466.0,-4.126973969957081,466.0,-3.962250954935622,481.0,-4.12704632016632,694.0,-4.4683265273775215,962.0,-4.310241387733888,992.0,-4.46429392641129,591.0,-4.143029813874788,854.0,-4.310271779859485,915.0,-4.463890153005464,55,3078,185.5179443359375,185.61154,dump_55.lammpstraj
dump_56.csv,367.0,-3.58182257493188,472.0,-3.6654022881355934,599.0,-3.999362704507513,535.0,-3.837860168224299,598.0,-4.006212391304348,228.0,-3.769764978070176,467.0,-4.090739785867237,433.0,-3.9315193071593537,465.0,-4.097164279569893,823.0,-4.422598329283111,1024.0,-4.272088774414063,1122.0,-4.422518435828876,465.0,-4.111062462365592,699.0,-4.27847208869814,751.0,-4.429501810918775,56,1103,183.2597198486328,183.18143,dump_56.lammpstraj
dump_57.csv,119.0,-3.633975462184874,266.0,-3.712322969924812,302.0,-4.058965910596027,284.0,-3.891807183098592,301.0,-4.06158096345515,398.0,-3.799764861809045,640.0,-4.128302453125,598.0,-3.969215643812709,623.0,-4.131053555377207,942.0,-4.465274670912951,1200.0,-4.314286295833333,1284.0,-4.462372176791277,454.0,-4.151149988986784,691.0,-4.314871092619392,716.0,-4.463397248603352,57,168,188.8584747314453,188.82355,dump_57.lammpstraj
dump_58.csv,57.0,-3.643146228070176,133.0,-3.720802518796992,200.0,-4.068218325,185.0,-3.905833864864865,199.0,-4.067627864321608,159.0,-3.795260597484277,374.0,-4.12682513368984,348.0,-3.972289798850575,375.0,-4.1286448133333336,1012.0,-4.474330780632411,1268.0,-4.327686577287066,1388.0,-4.470971066282421,470.0,-4.173150021276595,713.0,-4.329627945301542,928.0,-4.4690910560344825,58,1670,192.6201171875,192.61055,dump_58.lammpstraj
dump_59.csv,63.0,-3.6370107936507936,138.0,-3.717372463768116,198.0,-4.066416212121212,186.0,-3.907310053763441,195.0,-4.066501615384615,171.0,-3.795092923976608,380.0,-4.12687925,359.0,-3.975575668523677,380.0,-4.125803486842106,1015.0,-4.473493379310344,1278.0,-4.329413106416276,1380.0,-4.46874025,460.0,-4.175292521739131,707.0,-4.330324667609618,955.0,-4.467574476439791,59,2570,192.484603881836,192.48407,dump_59.lammpstraj
dump_60.csv,474.0,-3.568117647679325,565.0,-3.648927734513274,706.0,-3.991902202549576,718.0,-3.812633057103064,747.0,-3.998576981258368,182.0,-3.755611428571429,375.0,-4.07627004,377.0,-3.909404694960212,398.0,-4.081945603015075,550.0,-4.411066436363636,786.0,-4.250683517811705,822.0,-4.411838649635037,532.0,-4.077273317669174,804.0,-4.2568159639303484,856.0,-4.42036949182243,60,2377,178.3173370361328,178.30711,dump_60.lammpstraj
dump_61.csv,404.0,-3.585247784653465,530.0,-3.665806566037736,619.0,-4.004829394184168,616.0,-3.830763538961039,648.0,-4.010711203703704,257.0,-3.764526031128405,463.0,-4.093520788336933,458.0,-3.917758482532751,487.0,-4.09639704312115,565.0,-4.425248230088496,781.0,-4.26435481434059,836.0,-4.424677422248804,498.0,-4.092803202811245,778.0,-4.271689170951157,853.0,-4.4301356271981245,61,4395,179.4331817626953,179.89328,dump_61.lammpstraj
dump_62.csv,221.0,-3.609714321266968,327.0,-3.686901055045872,440.0,-4.033123477272727,420.0,-3.861464119047619,449.0,-4.035458440979956,154.0,-3.767818246753247,361.0,-4.100010138504155,350.0,-3.941309028571428,372.0,-4.100830255376344,856.0,-4.442731471962617,1066.0,-4.293226191369606,1194.0,-4.439932784757119,449.0,-4.127426436525612,693.0,-4.2928148484848485,902.0,-4.441925831485587,62,4257,186.516342163086,186.66492,dump_62.lammpstraj
dump_63.csv,65.0,-3.652992692307692,140.0,-3.722491321428571,197.0,-4.065738705583756,178.0,-3.905228707865169,200.0,-4.066014075,159.0,-3.801848584905661,363.0,-4.126893980716254,337.0,-3.977823649851632,360.0,-4.1290582916666665,1005.0,-4.47544484079602,1281.0,-4.331949594067135,1382.0,-4.470861468885673,470.0,-4.179676957446809,726.0,-4.330471907713499,938.0,-4.465943352878464,63,3862,192.38706970214844,192.17706,dump_63.lammpstraj
dump_64.csv,133.0,-3.630103571428571,285.0,-3.7120919649122808,308.0,-4.054498944805195,298.0,-3.886312919463087,280.0,-4.065059785714286,468.0,-3.807788333333333,739.0,-4.137851265223275,714.0,-3.97418506302521,690.0,-4.144033971014493,943.0,-4.47471025980912,1256.0,-4.321511934713375,1179.0,-4.474364122137405,617.0,-4.159441474878444,816.0,-4.327602530637255,454.0,-4.47861859030837,64,23,188.1168365478516,187.82568,dump_64.lammpstraj
dump_65.csv,377.0,-3.586183872679045,485.0,-3.67535893814433,598.0,-4.004519030100335,545.0,-3.839136449541285,601.0,-4.014071455906822,284.0,-3.7727796302816894,498.0,-4.093332771084337,449.0,-3.929475111358575,498.0,-4.09862498995984,744.0,-4.420387795698925,939.0,-4.267133285410011,1035.0,-4.423830289855072,467.0,-4.105031049250536,696.0,-4.275920201149425,766.0,-4.433542114882506,65,2633,182.18017578125,182.41936,dump_65.lammpstraj
dump_66.csv,78.0,-3.6451021794871794,161.0,-3.713692204968944,237.0,-4.063595696202532,218.0,-3.902306536697248,238.0,-4.062092878151261,172.0,-3.799407587209304,387.0,-4.127889250645995,353.0,-3.9710235694050993,384.0,-4.124594596354167,993.0,-4.470114174219536,1227.0,-4.321405460472698,1359.0,-4.4637167402501845,461.0,-4.162575368763558,714.0,-4.322821295518208,934.0,-4.462378940042827,66,3340,191.4285430908203,191.4527,dump_66.lammpstraj
dump_67.csv,173.0,-3.6193453757225433,332.0,-3.7006742620481927,374.0,-4.045320481283422,353.0,-3.878966501416431,352.0,-4.052287642045455,417.0,-3.793541103117506,672.0,-4.122951592261905,635.0,-3.963060811023622,637.0,-4.130621428571429,946.0,-4.461707426004229,1226.0,-4.307016676182708,1225.0,-4.460076812244898,508.0,-4.144350452755906,732.0,-4.313507780054644,576.0,-4.462405017361111,67,2215,187.16949462890625,187.1488,dump_67.lammpstraj
dump_68.csv,76.0,-3.6544883552631577,194.0,-3.72665131443299,257.0,-4.069252684824902,232.0,-3.9078822629310346,256.0,-4.0666929296875,241.0,-3.796731037344398,468.0,-4.127380480769231,432.0,-3.9721204745370366,467.0,-4.131754293361884,915.0,-4.470548912568306,1179.0,-4.32085179389313,1261.0,-4.465979623314829,461.0,-4.15983259219089,716.0,-4.321986054469273,920.0,-4.465597048913044,68,3682,189.9861297607422,189.79909,dump_68.lammpstraj
dump_69.csv,166.0,-3.628230993975904,237.0,-3.7057864135021097,349.0,-4.0450969627507165,316.0,-3.8824574841772153,351.0,-4.04637150997151,190.0,-3.787442315789474,402.0,-4.116930174129354,366.0,-3.9624490437158473,400.0,-4.1182606,945.0,-4.455624476190476,1193.0,-4.30901588432523,1275.0,-4.452517501960784,458.0,-4.15377730349345,703.0,-4.309679644381224,873.0,-4.451514696449026,69,4724,188.6888427734375,188.80618,dump_69.lammpstraj
dump_70.csv,99.0,-3.640943585858586,181.0,-3.713630883977901,274.0,-4.057756459854015,250.0,-3.89731516,272.0,-4.060013216911765,167.0,-3.801856407185629,366.0,-4.125187076502732,329.0,-3.969584179331307,369.0,-4.123825284552845,965.0,-4.464819031088083,1221.0,-4.318168104013104,1308.0,-4.460641162079511,472.0,-4.162908209745763,728.0,-4.321105872252747,934.0,-4.460874421841543,70,1907,190.72396850585932,190.59386,dump_70.lammpstraj
dump_71.csv,112.0,-3.642522678571429,250.0,-3.72586658,270.0,-4.059130388888889,251.0,-3.901033645418327,271.0,-4.070456605166052,469.0,-3.815564626865672,710.0,-4.140439964788732,668.0,-3.980790681137724,717.0,-4.145001631799164,684.0,-4.475741125730995,919.0,-4.320736175190425,979.0,-4.471105352400408,471.0,-4.156084511677283,721.0,-4.3241842926490985,912.0,-4.477183355263158,71,84,186.81060791015625,186.72699,dump_71.lammpstraj
dump_72.csv,162.0,-3.6264758333333336,247.0,-3.694845971659919,361.0,-4.045078559556787,342.0,-3.8782727923976608,361.0,-4.047910623268698,163.0,-3.782857791411043,369.0,-4.114056829268293,340.0,-3.9545581617647056,364.0,-4.114309546703296,879.0,-4.457164328782707,1127.0,-4.306897999112688,1221.0,-4.4531714250614245,462.0,-4.149296731601732,723.0,-4.307173727524205,940.0,-4.4529841382978725,72,227,188.22970581054688,188.36493,dump_72.lammpstraj
dump_73.csv,371.0,-3.582344986522911,439.0,-3.6698405694760816,583.0,-4.0098566552315615,568.0,-3.840375387323944,614.0,-4.011588379478828,215.0,-3.773992976744186,395.0,-4.101023151898734,370.0,-3.933040891891892,412.0,-4.10101302184466,622.0,-4.428554228295821,858.0,-4.272986998834498,918.0,-4.428473447712419,515.0,-4.108523194174757,763.0,-4.277139010484928,905.0,-4.431654502762431,73,296,181.4706115722656,181.33109,dump_73.lammpstraj
dump_74.csv,117.0,-3.633011153846154,199.0,-3.717780904522613,282.0,-4.061477322695035,269.0,-3.896911914498141,287.0,-4.0573000174216025,187.0,-3.801025962566845,400.0,-4.13164595,370.0,-3.9728784324324327,405.0,-4.12774262962963,828.0,-4.478434070048309,1095.0,-4.32562593607306,1156.0,-4.472803083910035,591.0,-4.162412258883249,859.0,-4.323388754365541,928.0,-4.467584795258621,74,1001,188.39414978027344,188.29288,dump_74.lammpstraj
dump_75.csv,105.0,-3.6418272380952383,235.0,-3.728562914893617,275.0,-4.062923181818182,261.0,-3.8957295210727967,282.0,-4.067731063829787,384.0,-3.810444557291667,623.0,-4.136954983948636,573.0,-3.974421719022688,629.0,-4.139177655007949,754.0,-4.467792400530504,970.0,-4.316562902061856,1062.0,-4.467358564030132,461.0,-4.154125043383948,706.0,-4.320475474504249,929.0,-4.4711131270183,75,2138,187.5507049560547,187.65579,dump_75.lammpstraj
dump_76.csv,83.0,-3.6451790963855424,182.0,-3.7184884615384615,262.0,-4.062896278625954,229.0,-3.9039767248908297,261.0,-4.06355745210728,175.0,-3.791986285714286,379.0,-4.122743047493404,350.0,-3.9680153285714286,378.0,-4.125130277777777,976.0,-4.465305824795083,1226.0,-4.320313168841762,1343.0,-4.461310889798958,458.0,-4.163102871179039,715.0,-4.319755433566433,924.0,-4.460123154761905,76,711,191.1896514892578,190.98042,dump_76.lammpstraj
dump_77.csv,110.0,-3.6473311363636367,214.0,-3.712456799065421,288.0,-4.056487430555555,261.0,-3.899424961685824,290.0,-4.057588913793103,181.0,-3.791321574585636,407.0,-4.120749324324324,382.0,-3.9662894633507855,405.0,-4.12267262962963,934.0,-4.461637077087794,1179.0,-4.315858032230705,1294.0,-4.4585193585780525,455.0,-4.158478263736264,710.0,-4.318928253521127,926.0,-4.46063876349892,77,2801,190.0315093994141,189.94168,dump_77.lammpstraj
dump_78.csv,213.0,-3.615565352112676,332.0,-3.690115060240964,433.0,-4.035224930715935,413.0,-3.87598495157385,427.0,-4.038973992974239,196.0,-3.774880994897959,416.0,-4.106702764423077,392.0,-3.9487796683673473,397.0,-4.107385088161209,933.0,-4.449615096463023,1234.0,-4.296934448946516,1256.0,-4.445558097133758,534.0,-4.140230786516854,764.0,-4.299547329842932,735.0,-4.447988489795919,78,2527,187.0423889160156,187.00848,dump_78.lammpstraj
dump_79.csv,396.0,-3.5948777777777776,633.0,-3.68441462085308,628.0,-3.999750015923567,568.0,-3.834467051056338,587.0,-4.024748764906303,748.0,-3.789897393048128,1016.0,-4.09728592027559,912.0,-3.933380953947368,979.0,-4.116143094994893,658.0,-4.406597743161094,812.0,-4.252190233990148,855.0,-4.418741128654971,354.0,-4.089904279661017,558.0,-4.272537365591398,453.0,-4.434134370860927,79,3752,179.15078735351562,178.78276,dump_79.lammpstraj
dump_80.csv,161.0,-3.6319842857142857,338.0,-3.7085230621301775,369.0,-4.049835921409214,350.0,-3.8868057,361.0,-4.055181786703601,388.0,-3.787685025773196,628.0,-4.117270294585987,569.0,-3.9591200966608087,606.0,-4.1217253795379545,962.0,-4.459228513513514,1227.0,-4.305388174409128,1298.0,-4.453933362865947,447.0,-4.140826610738255,677.0,-4.305666262924667,645.0,-4.452847868217054,80,3321,187.65560913085932,188.05661,dump_80.lammpstraj
dump_81.csv,266.0,-3.604907932330827,366.0,-3.679219849726776,478.0,-4.025964288702929,435.0,-3.8580683448275854,477.0,-4.0258528825995805,192.0,-3.773246484375,414.0,-4.10001154589372,381.0,-3.9383648031496064,413.0,-4.10300774818402,873.0,-4.442488682703322,1109.0,-4.289857335437331,1211.0,-4.43783813790256,444.0,-4.129292094594595,702.0,-4.292023112535613,831.0,-4.439228158844765,81,3181,186.21026611328125,186.44687,dump_81.lammpstraj
dump_82.csv,452.0,-3.58605235619469,547.0,-3.66214592321755,659.0,-4.001274696509864,674.0,-3.827754458456973,707.0,-4.004734710042433,214.0,-3.764263831775701,397.0,-4.091603979848867,404.0,-3.920236014851485,420.0,-4.094930452380952,465.0,-4.424932505376344,712.0,-4.26080279494382,732.0,-4.421621523224044,583.0,-4.088782658662093,856.0,-4.262980461448598,889.0,-4.427217795275591,82,4183,177.90794372558594,177.91931,dump_82.lammpstraj
dump_83.csv,51.0,-3.653713039215686,137.0,-3.71783401459854,198.0,-4.071436313131313,182.0,-3.9147514010989006,200.0,-4.072245925,151.0,-3.795616622516556,372.0,-4.12677997311828,343.0,-3.974969271137026,371.0,-4.127617735849056,1022.0,-4.475089491193738,1274.0,-4.329566499215071,1389.0,-4.468397937365011,466.0,-4.175916469957081,715.0,-4.330264167832167,944.0,-4.4682584798728815,83,1615,192.4759521484375,192.4206,dump_83.lammpstraj
dump_84.csv,94.0,-3.634007606382979,184.0,-3.715173152173913,267.0,-4.05971031835206,248.0,-3.8992208064516127,265.0,-4.060837226415095,169.0,-3.797576775147929,379.0,-4.123417744063325,349.0,-3.9693929512893984,380.0,-4.126324947368421,919.0,-4.46734057671382,1171.0,-4.319955879590094,1273.0,-4.463789709347997,481.0,-4.164656216216216,725.0,-4.321900586206897,957.0,-4.462699529780565,84,3024,190.36875915527344,190.58871,dump_84.lammpstraj
dump_85.csv,536.0,-3.558719869402985,757.0,-3.6450712351387056,807.0,-3.9732418029739778,768.0,-3.798856243489584,727.0,-3.990740233837689,478.0,-3.753051820083682,728.0,-4.071577568681319,692.0,-3.904150946531792,663.0,-4.087354864253394,712.0,-4.393186867977528,940.0,-4.232819255319149,895.0,-4.40151305027933,501.0,-4.06609628742515,682.0,-4.249595982404692,371.0,-4.414276805929919,85,1413,177.1396484375,177.03592,dump_85.lammpstraj
dump_86.csv,147.0,-3.619822346938776,235.0,-3.7035983617021273,336.0,-4.043541101190476,319.0,-3.882466786833856,337.0,-4.0469215430267065,160.0,-3.78163265625,368.0,-4.114162513586956,343.0,-3.958301690962099,366.0,-4.117732486338798,898.0,-4.461376770601336,1155.0,-4.306716406926407,1250.0,-4.455543344,459.0,-4.148512418300654,725.0,-4.308067503448275,945.0,-4.455363883597884,86,763,189.1017608642578,188.87152,dump_86.lammpstraj
dump_87.csv,149.0,-3.620483255033557,220.0,-3.706593545454545,327.0,-4.0440700000000005,305.0,-3.882315196721312,328.0,-4.046319344512195,162.0,-3.790722530864197,375.0,-4.11747844,339.0,-3.961392772861357,375.0,-4.117080893333333,926.0,-4.45900606911447,1147.0,-4.3110716739319965,1264.0,-4.45394227056962,449.0,-4.1533224387527845,708.0,-4.313709583333333,939.0,-4.4536852928647495,87,655,189.3291778564453,189.10522,dump_87.lammpstraj
dump_88.csv,204.0,-3.629840980392157,397.0,-3.70766758186398,409.0,-4.043886246943765,389.0,-3.8749125192802056,402.0,-4.05349789800995,550.0,-3.801355581818182,809.0,-4.123561582200247,755.0,-3.9597988940397353,797.0,-4.132410414052698,771.0,-4.452866848249027,1021.0,-4.298803031341822,1058.0,-4.456879905482041,475.0,-4.132920568421053,720.0,-4.305165013888889,601.0,-4.463234991680532,88,4797,184.76963806152344,184.6589,dump_88.lammpstraj
dump_89.csv,192.0,-3.611673932291666,352.0,-3.69742171875,406.0,-4.039793275862069,374.0,-3.8765848930481286,402.0,-4.042165708955224,294.0,-3.787175323129252,542.0,-4.1127713653136535,498.0,-3.955370240963856,531.0,-4.116077429378531,940.0,-4.448102515957447,1190.0,-4.300970336134454,1265.0,-4.448479027667984,476.0,-4.143787542016807,708.0,-4.30497395480226,696.0,-4.450988987068966,89,3849,187.41119384765625,187.06369,dump_89.lammpstraj
dump_90.csv,415.0,-3.5757578192771087,576.0,-3.656612647569444,654.0,-3.9954159480122327,607.0,-3.826412116968698,587.0,-4.008290579216355,333.0,-3.759186711711712,589.0,-4.081083022071307,540.0,-3.922740222222222,538.0,-4.090992741635688,953.0,-4.414167471143757,1185.0,-4.262491848101266,1185.0,-4.418124843881857,467.0,-4.0953898501070665,642.0,-4.270442523364486,468.0,-4.424047254273504,90,4153,182.6448974609375,183.10384,dump_90.lammpstraj
dump_91.csv,56.0,-3.6382517857142855,138.0,-3.7169297463768114,200.0,-4.0692451,186.0,-3.911780752688172,195.0,-4.073492794871795,178.0,-3.796003174157304,371.0,-4.125471630727763,342.0,-3.975073830409357,370.0,-4.127773608108108,1015.0,-4.474327034482759,1235.0,-4.32826420242915,1387.0,-4.469270248738284,479.0,-4.174698830897704,713.0,-4.328961122019636,926.0,-4.465984892008639,91,468,192.31906127929688,192.44421,dump_91.lammpstraj
dump_92.csv,119.0,-3.623237731092437,210.0,-3.709809904761904,301.0,-4.054886162790698,277.0,-3.890093772563177,299.0,-4.056469180602007,201.0,-3.788762388059701,410.0,-4.120905573170732,372.0,-3.9647786155913978,408.0,-4.12241368872549,936.0,-4.460690667735043,1165.0,-4.313584381974249,1284.0,-4.457867095015576,462.0,-4.1585644696969695,717.0,-4.317720808926081,892.0,-4.459952998878924,92,157,189.34768676757807,189.78189,dump_92.lammpstraj
dump_93.csv,177.0,-3.627250338983051,383.0,-3.713049856396867,394.0,-4.04955576142132,355.0,-3.883043873239437,342.0,-4.059397485380117,635.0,-3.800823811023622,910.0,-4.123855082417583,836.0,-3.964147990430622,777.0,-4.136706872586872,955.0,-4.455712513089006,1207.0,-4.301888657829329,1151.0,-4.45844003475239,500.0,-4.13886391,675.0,-4.312849970370371,353.0,-4.465866855524079,93,1295,186.09695434570312,185.67847,dump_93.lammpstraj
dump_94.csv,54.0,-3.645781388888889,142.0,-3.721568943661972,205.0,-4.067958707317073,194.0,-3.910451649484536,205.0,-4.070609536585366,152.0,-3.789673815789474,369.0,-4.127189200542006,348.0,-3.9711068965517247,366.0,-4.12704381147541,1011.0,-4.47596737388724,1285.0,-4.328095856031129,1387.0,-4.469820569574622,465.0,-4.173329623655914,718.0,-4.328605550139276,932.0,-4.4661807135193134,94,497,192.3769378662109,192.20407,dump_94.lammpstraj
dump_95.csv,227.0,-3.606778810572687,374.0,-3.686910481283423,444.0,-4.032060157657657,405.0,-3.863037827160494,442.0,-4.034997251131222,262.0,-3.782984064885496,505.0,-4.106006544554456,464.0,-3.945050118534483,491.0,-4.108573900203666,945.0,-4.442173783068784,1151.0,-4.293758748913988,1260.0,-4.440847003968254,467.0,-4.129136852248394,689.0,-4.296789782293178,721.0,-4.447088134535368,95,4740,186.60313415527344,186.69801,dump_95.lammpstraj
dump_96.csv,65.0,-3.6444156153846152,147.0,-3.7215704761904767,212.0,-4.064248183962264,190.0,-3.911439447368421,211.0,-4.06644682464455,162.0,-3.793441296296296,364.0,-4.125770412087912,337.0,-3.972989495548961,362.0,-4.12633111878453,1004.0,-4.474048650398406,1280.0,-4.3287245546875,1381.0,-4.467632986965967,459.0,-4.1754573529411765,709.0,-4.326738124118477,930.0,-4.464336327956989,96,2940,191.8383331298828,192.11047,dump_96.lammpstraj
dump_97.csv,108.0,-3.6440041203703695,199.0,-3.728955150753769,283.0,-4.072035671378092,284.0,-3.900735950704225,291.0,-4.072469673539519,183.0,-3.8118634153005466,385.0,-4.143829792207792,395.0,-3.9774299620253166,399.0,-4.1400978320802,657.0,-4.487846841704719,944.0,-4.330369507415254,959.0,-4.481954885297185,743.0,-4.163689024226111,1046.0,-4.329989082217973,931.0,-4.478855891514501,97,3456,185.9046173095703,186.12561,dump_97.lammpstraj
dump_98.csv,481.0,-3.5673287733887737,469.0,-3.655242228144989,731.0,-3.9951558207934337,735.0,-3.819926401360544,709.0,-3.9986465585331454,130.0,-3.754003576923077,313.0,-4.081195974440894,310.0,-3.9062753548387095,298.0,-4.087550855704698,712.0,-4.422966846910112,995.0,-4.256394165829145,973.0,-4.418444830421377,725.0,-4.086094448275862,979.0,-4.262612645556691,601.0,-4.421503818635607,98,373,179.25823974609375,179.46509,dump_98.lammpstraj
dump_99.csv,673.0,-3.526262325408618,546.0,-3.603655155677656,944.0,-3.951253215042373,895.0,-3.780176245810056,890.0,-3.9586313651685394,88.0,-3.721878863636363,261.0,-4.043868199233716,247.0,-3.875225384615384,252.0,-4.04930123015873,772.0,-4.383775161917098,1052.0,-4.223981074144487,1050.0,-4.383062457142858,542.0,-4.06161352398524,786.0,-4.233539141221374,549.0,-4.391763797814208,99,79,177.860595703125,177.85095,dump_99.lammpstraj
dump_100.csv,161.0,-3.616887298136646,240.0,-3.6950673125,361.0,-4.039666939058171,325.0,-3.8839815538461537,356.0,-4.043553370786517,170.0,-3.78180755882353,372.0,-4.108671008064516,333.0,-3.957722252252252,370.0,-4.109919054054054,1017.0,-4.451986229105212,1242.0,-4.307474935587761,1376.0,-4.449619629360465,450.0,-4.1500147,697.0,-4.3077921664275465,800.0,-4.44916748125,100,1553,189.36724853515625,189.36087,dump_100.lammpstraj
dump_101.csv,554.0,-3.548717833935018,594.0,-3.639453804713805,807.0,-3.984191734820322,816.0,-3.802756593137255,709.0,-3.989666269393512,229.0,-3.747168187772926,417.0,-4.077856258992806,424.0,-3.903578136792453,375.0,-4.08758228,684.0,-4.418376220760234,971.0,-4.249841894953656,852.0,-4.4174913791079815,800.0,-4.073973656250001,964.0,-4.2559181379668045,353.0,-4.4182757082152975,101,1669,177.44451904296875,177.3538,dump_101.lammpstraj
dump_102.csv,97.0,-3.6508045360824735,250.0,-3.72857338,274.0,-4.066879616788321,259.0,-3.9029993243243246,264.0,-4.073067462121212,507.0,-3.8140946055226825,771.0,-4.136263216601816,707.0,-3.977226909476662,751.0,-4.143160885486019,937.0,-4.4670924119530415,1178.0,-4.317997822580645,1255.0,-4.46788741434263,447.0,-4.158192203579419,688.0,-4.322706606104651,612.0,-4.47158556372549,102,2131,188.9097595214844,188.4653,dump_102.lammpstraj
dump_103.csv,223.0,-3.614066255605381,342.0,-3.6922541520467833,444.0,-4.037837083333334,412.0,-3.868343483009709,432.0,-4.039114027777778,240.0,-3.784372979166666,466.0,-4.10726775751073,433.0,-3.945183718244804,458.0,-4.112835229257642,885.0,-4.44975193220339,1141.0,-4.297588816827345,1210.0,-4.447454909090909,529.0,-4.130206030245747,771.0,-4.301414727626459,733.0,-4.44780039563438,103,4439,186.41001892089844,186.40892,dump_103.lammpstraj
dump_104.csv,118.0,-3.63267872881356,214.0,-3.7184767523364486,285.0,-4.062868438596491,281.0,-3.892508434163701,292.0,-4.0621607363013705,196.0,-3.803482295918368,402.0,-4.1356374004975125,392.0,-3.97494612244898,409.0,-4.13302,795.0,-4.4775962327044025,1095.0,-4.3230089497716895,1132.0,-4.47246308745583,619.0,-4.1602109531502425,887.0,-4.324686195039459,892.0,-4.470723710762332,104,465,187.880859375,188.27014,dump_104.lammpstraj
dump_105.csv,59.0,-3.643676186440678,136.0,-3.7222764705882354,200.0,-4.063479275000001,187.0,-3.904765,200.0,-4.065501875,172.0,-3.795394563953488,375.0,-4.129348386666667,352.0,-3.9735247159090905,372.0,-4.129266142473119,1002.0,-4.473374046906187,1286.0,-4.328996625194401,1383.0,-4.469371901663052,455.0,-4.17013134065934,713.0,-4.329185525946704,946.0,-4.468058144820296,105,248,192.6290283203125,192.37784,dump_105.lammpstraj
dump_106.csv,149.0,-3.636730234899329,321.0,-3.730866557632399,318.0,-4.068015990566038,331.0,-3.891095256797583,333.0,-4.071050315315315,544.0,-3.821292674632353,740.0,-4.152378189189189,801.0,-3.979013451935081,790.0,-4.156714348101265,490.0,-4.4837470306122444,761.0,-4.322158863337713,754.0,-4.484653222811671,749.0,-4.14802844459279,1013.0,-4.325078129318855,721.0,-4.485818696255201,106,931,182.4558868408203,182.31976,dump_106.lammpstraj
dump_107.csv,463.0,-3.568483585313176,459.0,-3.650061002178649,706.0,-3.987077542492918,649.0,-3.819784006163328,710.0,-3.9935381408450703,98.0,-3.7449326530612246,285.0,-4.071575368421052,264.0,-3.9100392803030304,291.0,-4.075607491408935,754.0,-4.407866027851458,966.0,-4.253798157349896,1067.0,-4.409073284910965,460.0,-4.089064065217391,716.0,-4.257096941340782,833.0,-4.41300518607443,107,1335,181.5453186035156,181.68573,dump_107.lammpstraj
dump_108.csv,155.0,-3.650608548387097,359.0,-3.740799080779944,305.0,-4.065723016393442,345.0,-3.8868778985507246,360.0,-4.077767402777778,824.0,-3.84375353762136,967.0,-4.158826799379525,1107.0,-3.983038450767842,1140.0,-4.169577842105263,296.0,-4.470060118243244,511.0,-4.304625176125245,531.0,-4.47730693032015,572.0,-4.131364694055944,837.0,-4.316982945041816,744.0,-4.484931619623656,108,4524,180.10244750976562,180.13066,dump_108.lammpstraj
dump_109.csv,589.0,-3.543628853989813,661.0,-3.626521762481089,877.0,-3.959416818700114,809.0,-3.7897014462299135,815.0,-3.971573834355828,210.0,-3.7277111666666665,430.0,-4.051643,387.0,-3.8836687467700255,395.0,-4.062081962025316,859.0,-4.3796764377182775,1094.0,-4.226118409506398,1134.0,-4.3857528130511465,441.0,-4.054674319727891,647.0,-4.233425285935085,499.0,-4.399056933867736,109,1338,179.29566955566406,179.23978,dump_109.lammpstraj
dump_110.csv,528.0,-3.552159460227273,491.0,-3.6406757841140527,773.0,-3.988024495472186,782.0,-3.808345287723785,756.0,-3.989130224867725,103.0,-3.7461970388349513,278.0,-4.080881942446043,283.0,-3.902121837455831,270.0,-4.078055888888889,687.0,-4.422285283842795,965.0,-4.253284051813472,950.0,-4.418070284210526,775.0,-4.080260922580645,1005.0,-4.254822189054726,560.0,-4.421341169642857,110,1406,178.46327209472656,178.80722,dump_110.lammpstraj
dump_111.csv,361.0,-3.5941554986149584,578.0,-3.682353771626297,583.0,-4.0193769296741,579.0,-3.84261079447323,381.0,-4.031605839895013,670.0,-3.787821014925373,949.0,-4.114041412012645,954.0,-3.941678584905661,624.0,-4.124265360576923,725.0,-4.44473151724138,997.0,-4.276968530591776,649.0,-4.446518181818182,757.0,-4.108212655217965,672.0,-4.288655595238096,144.0,-4.448599375,111,1090,179.83975219726562,178.98328,dump_111.lammpstraj
dump_112.csv,313.0,-3.5980209584664538,531.0,-3.6891856308851225,541.0,-4.024483345656192,543.0,-3.848687449355433,392.0,-4.037825420918368,629.0,-3.794570771065183,916.0,-4.1189967030567685,905.0,-3.9486107900552487,678.0,-4.13233959439528,776.0,-4.447438634020618,1071.0,-4.282116451914098,777.0,-4.451294395109395,719.0,-4.114901550764952,735.0,-4.2956447346938775,186.0,-4.461679462365591,112,4209,181.652572631836,180.7568,dump_112.lammpstraj
dump_113.csv,113.0,-3.627729867256637,234.0,-3.712712692307692,300.0,-4.05797485,278.0,-3.892428111510792,299.0,-4.057558394648829,254.0,-3.7951248031496063,485.0,-4.126248680412371,461.0,-3.9665878308026032,482.0,-4.12677117219917,891.0,-4.467151060606061,1149.0,-4.316653951261968,1234.0,-4.462035417341977,474.0,-4.156738238396624,720.0,-4.317046652777777,876.0,-4.461141558219178,113,742,189.1350250244141,189.03021,dump_113.lammpstraj
dump_114.csv,53.0,-3.657723867924528,134.0,-3.721416231343284,200.0,-4.068131825,179.0,-3.916262458100559,198.0,-4.070113914141414,173.0,-3.801247774566474,370.0,-4.131312878378378,333.0,-3.9755831531531527,374.0,-4.132369318181818,1007.0,-4.472375283018868,1271.0,-4.327983446105429,1385.0,-4.4681406823104695,450.0,-4.174871477777778,709.0,-4.33059802538787,939.0,-4.468587949946752,114,2323,192.53582763671875,192.18279,dump_114.lammpstraj
dump_115.csv,56.0,-3.6445375892857146,131.0,-3.720015076335878,199.0,-4.068782211055276,184.0,-3.9059415760869567,197.0,-4.067674949238579,180.0,-3.7980816388888887,383.0,-4.129958577023499,361.0,-3.975453144044321,379.0,-4.127875831134565,1011.0,-4.476572235410484,1269.0,-4.330648305752561,1392.0,-4.470355093390805,459.0,-4.171397864923748,716.0,-4.3274728421787705,920.0,-4.465651211956522,115,3601,192.2299346923828,192.23384,dump_115.lammpstraj
dump_116.csv,92.0,-3.637400543478261,209.0,-3.714317870813397,276.0,-4.058510851449276,259.0,-3.9018493822393823,279.0,-4.064395698924732,209.0,-3.790600645933015,412.0,-4.123613373786408,369.0,-3.9641770460704606,412.0,-4.1220418203883495,937.0,-4.4646483564567765,1152.0,-4.3166296137152775,1292.0,-4.460343564241486,449.0,-4.1613462917594655,694.0,-4.317884567723343,932.0,-4.459128964592274,116,2123,189.7435760498047,190.0947,dump_116.lammpstraj
dump_117.csv,184.0,-3.6147185597826086,295.0,-3.693382847457627,388.0,-4.037191675257732,353.0,-3.876318314447592,390.0,-4.039335858974359,168.0,-3.784777797619048,387.0,-4.111973217054263,343.0,-3.955311180758017,381.0,-4.112624619422572,918.0,-4.452976960784313,1192.0,-4.302763901006712,1265.0,-4.447709193675889,455.0,-4.1463388241758246,712.0,-4.304211369382022,858.0,-4.446629242424242,117,2094,188.3651733398437,188.4401,dump_117.lammpstraj
dump_118.csv,303.0,-3.598246501650165,460.0,-3.6769897934782607,527.0,-4.013440445920304,489.0,-3.8497322392638034,510.0,-4.02075574509804,341.0,-3.776522991202346,599.0,-4.101622529215359,553.0,-3.940093028933093,567.0,-4.106430044091711,953.0,-4.434264795383001,1192.0,-4.282697512583892,1241.0,-4.433473106365834,469.0,-4.119257420042644,692.0,-4.289054132947976,557.0,-4.438770197486535,118,240,185.19189453125,185.01273,dump_118.lammpstraj
dump_119.csv,481.0,-3.5763801351351354,643.0,-3.659707371695178,702.0,-3.9942920726495728,661.0,-3.817476944024206,707.0,-4.002845183875531,369.0,-3.759329105691057,605.0,-4.079755049586777,562.0,-3.9161061654804272,604.0,-4.089253211920529,639.0,-4.408390704225352,853.0,-4.251249923798359,900.0,-4.414860761111111,456.0,-4.076265997807018,692.0,-4.259464747109827,692.0,-4.422018706647399,119,2351,178.76138305664062,178.81934,dump_119.lammpstraj
dump_120.csv,311.0,-3.595928006430868,402.0,-3.6695825497512433,522.0,-4.016439319923371,505.0,-3.8478724455445534,509.0,-4.022886984282907,231.0,-3.772959675324675,448.0,-4.0987196316964285,416.0,-3.938615552884616,430.0,-4.103037918604652,925.0,-4.437156545945946,1213.0,-4.282220490519373,1248.0,-4.43672874198718,510.0,-4.120320872549019,749.0,-4.286096488651536,636.0,-4.441426077044025,120,1370,185.3729858398437,185.63922,dump_120.lammpstraj
dump_121.csv,83.0,-3.6521449397590366,201.0,-3.718690049751244,253.0,-4.067481600790513,236.0,-3.902242245762712,253.0,-4.067133498023715,203.0,-3.7921068719211823,419.0,-4.123621109785203,374.0,-3.9678893315508015,416.0,-4.125249399038461,942.0,-4.469881088110403,1186.0,-4.321408600337268,1300.0,-4.465801803846154,477.0,-4.162314371069183,720.0,-4.320932465277778,929.0,-4.463377454251884,121,1057,190.389877319336,190.55313,dump_121.lammpstraj
dump_122.csv,59.0,-3.649198474576271,141.0,-3.718397517730496,201.0,-4.069986368159205,189.0,-3.909504312169312,200.0,-4.067732975,156.0,-3.791003525641026,372.0,-4.127769260752688,342.0,-3.9698944883040936,370.0,-4.12678672972973,1009.0,-4.475647685827552,1289.0,-4.329610349107836,1384.0,-4.470758316473988,469.0,-4.17288079957356,719.0,-4.328248859527121,933.0,-4.467189935691319,122,4816,192.17208862304688,192.33418,dump_122.lammpstraj
dump_123.csv,106.0,-3.642835377358491,220.0,-3.716370522727273,293.0,-4.061339232081911,271.0,-3.9014330258302574,292.0,-4.0636614383561644,209.0,-3.793713349282296,416.0,-4.123642560096154,388.0,-3.965753672680412,417.0,-4.123971630695444,889.0,-4.465566192350956,1152.0,-4.3159364756944445,1254.0,-4.461425195374801,478.0,-4.1594833054393305,740.0,-4.317671236486487,900.0,-4.462108694444445,123,199,189.9135589599609,189.319,dump_123.lammpstraj
dump_124.csv,126.0,-3.624094007936508,208.0,-3.7086035096153847,295.0,-4.049088406779661,268.0,-3.891405074626866,296.0,-4.048843817567567,186.0,-3.794723817204301,407.0,-4.123384054054054,367.0,-3.967992384196185,405.0,-4.122842320987655,913.0,-4.463399446878422,1159.0,-4.317799430543571,1278.0,-4.459498990610329,478.0,-4.158639738493724,725.0,-4.320240848275862,913.0,-4.462168028477547,124,2280,189.83555603027344,189.74933,dump_124.lammpstraj
dump_125.csv,120.0,-3.6279874583333336,244.0,-3.7155275,312.0,-4.0633067147435895,303.0,-3.8960311386138615,295.0,-4.064364491525423,261.0,-3.8031141379310345,478.0,-4.135552928870293,471.0,-3.9728791188959662,454.0,-4.140285385462555,918.0,-4.484058387799564,1236.0,-4.32797394012945,1196.0,-4.478837107023412,770.0,-4.1640837012987015,1031.0,-4.328038583899127,567.0,-4.478026816578483,125,4749,187.8684844970703,187.53452,dump_125.lammpstraj
dump_126.csv,309.0,-3.6059296925566335,497.0,-3.6877130583501008,509.0,-4.022282927308448,492.0,-3.848945457317073,546.0,-4.031335412087913,417.0,-3.7843840167865705,646.0,-4.105743715170279,589.0,-3.941584736842105,674.0,-4.110752403560831,583.0,-4.4309594854202405,758.0,-4.277706715039578,873.0,-4.431966683848797,377.0,-4.111116830238727,613.0,-4.280005611745514,894.0,-4.439294625279642,126,2220,181.6233367919922,181.15895,dump_126.lammpstraj
dump_127.csv,93.0,-3.6265028494623657,229.0,-3.7244935152838425,291.0,-4.06659470790378,276.0,-3.9039706159420287,282.0,-4.067997375886525,246.0,-3.799921890243904,463.0,-4.131570377969762,441.0,-3.971644433106576,449.0,-4.132033084632517,936.0,-4.475304925213675,1243.0,-4.322174106999196,1260.0,-4.469949559523809,605.0,-4.162720347107438,862.0,-4.324502569605569,731.0,-4.466946744186046,127,4771,189.05514526367188,189.06062,dump_127.lammpstraj
dump_128.csv,78.0,-3.653768397435898,197.0,-3.7239560406091368,245.0,-4.065221285714285,235.0,-3.9052111702127656,248.0,-4.069325141129032,219.0,-3.796182511415525,427.0,-4.127331920374708,400.0,-3.9711503625,423.0,-4.12786048463357,927.0,-4.470861693635383,1182.0,-4.32368967428088,1277.0,-4.467272079091621,469.0,-4.162539562899787,722.0,-4.322966405817175,949.0,-4.464222602739726,128,2819,190.46920776367188,190.58914,dump_128.lammpstraj
dump_129.csv,213.0,-3.622235305164319,385.0,-3.698476142857143,432.0,-4.035384363425926,398.0,-3.8770036432160806,405.0,-4.049658839506173,421.0,-3.790317102137768,691.0,-4.112369196816209,636.0,-3.9520073349056606,658.0,-4.124187234042553,945.0,-4.442111074074074,1185.0,-4.29112353164557,1242.0,-4.447826827697263,439.0,-4.129900831435079,682.0,-4.30156125366569,552.0,-4.45784268115942,129,3150,186.12646484375,186.3464,dump_129.lammpstraj
dump_130.csv,325.0,-3.6103033384615375,392.0,-3.68595706632653,548.0,-4.017586076642336,525.0,-3.8510267904761903,560.0,-4.023258428571428,192.0,-3.770586927083333,391.0,-4.0971030562659845,372.0,-3.9309843951612895,396.0,-4.099098762626262,723.0,-4.430602821576763,951.0,-4.274707960042061,1028.0,-4.428335802529183,449.0,-4.106681414253898,699.0,-4.276586452074391,911.0,-4.432545241492865,130,4256,183.6348419189453,183.46982,dump_130.lammpstraj
dump_131.csv,92.0,-3.6411885869565217,186.0,-3.719854032258064,263.0,-4.057108022813688,234.0,-3.8999214316239312,261.0,-4.06003775862069,182.0,-3.79408228021978,386.0,-4.122649663212435,334.0,-3.969272380239521,384.0,-4.12548609375,969.0,-4.466279984520124,1211.0,-4.322685726672172,1339.0,-4.460524484690067,484.0,-4.162688295454545,719.0,-4.321794687065369,901.0,-4.460745732519423,131,3107,190.82896423339844,190.56326,dump_131.lammpstraj
dump_132.csv,100.0,-3.6423144,198.0,-3.713783863636364,261.0,-4.059343984674329,233.0,-3.904871094420601,262.0,-4.0621920419847335,203.0,-3.7920640886699504,431.0,-4.124497389791183,402.0,-3.97023696517413,432.0,-4.126251099537037,935.0,-4.466682967914439,1155.0,-4.322425852813852,1284.0,-4.463146203271028,452.0,-4.164708661504425,712.0,-4.323467886235955,930.0,-4.462168462365591,132,1973,189.98971557617188,190.02945,dump_132.lammpstraj
dump_133.csv,79.0,-3.658025696202532,209.0,-3.7243542822966496,252.0,-4.070444384920635,238.0,-3.907647457983193,251.0,-4.071721752988048,261.0,-3.802385038314176,494.0,-4.128921599190283,457.0,-3.971889113785558,493.0,-4.129777880324544,880.0,-4.471277778409091,1109.0,-4.321885184851217,1212.0,-4.468703948019802,462.0,-4.165472662337662,719.0,-4.323064645340751,931.0,-4.468324924812031,133,1375,189.60411071777344,189.64964,dump_133.lammpstraj
dump_134.csv,175.0,-3.615990028571429,291.0,-3.691496048109965,379.0,-4.0360905408970975,352.0,-3.878663238636364,382.0,-4.043168128272251,183.0,-3.782302103825137,406.0,-4.115056527093596,384.0,-3.954489505208333,408.0,-4.114643664215686,922.0,-4.45429363340564,1195.0,-4.302947623430962,1275.0,-4.450573105882353,497.0,-4.145639869215292,749.0,-4.306669299065421,818.0,-4.454153655256724,134,3968,188.0554962158203,188.07458,dump_134.lammpstraj
dump_135.csv,414.0,-3.572436231884058,511.0,-3.664044129158513,648.0,-3.99846273919753,604.0,-3.829263774834437,642.0,-4.004898380062306,233.0,-3.7581970171673817,452.0,-4.083863196902655,414.0,-3.919860809178744,453.0,-4.088647395143488,747.0,-4.421527202141901,965.0,-4.265583284974094,1042.0,-4.419796564299425,472.0,-4.094769375,715.0,-4.267850041958042,742.0,-4.423879548517521,135,4062,181.66763305664065,181.90543,dump_135.lammpstraj
dump_136.csv,56.0,-3.652233125,141.0,-3.7259832269503534,199.0,-4.069735376884422,179.0,-3.909494944134078,199.0,-4.068413944723618,159.0,-3.790911981132076,378.0,-4.1268553571428575,351.0,-3.9731203703703706,377.0,-4.1262085809018565,1014.0,-4.473235596646942,1273.0,-4.329353955223881,1379.0,-4.468890783176215,474.0,-4.175317668776371,719.0,-4.331727489568846,930.0,-4.468511865591398,136,4445,192.4736785888672,192.42519,dump_136.lammpstraj
dump_137.csv,202.0,-3.622575272277228,283.0,-3.6935791696113074,424.0,-4.036208384433962,390.0,-3.87649417948718,430.0,-4.03910161627907,175.0,-3.7858115714285714,387.0,-4.108885762273902,359.0,-3.948310988857939,385.0,-4.109840168831169,858.0,-4.446008636363636,1080.0,-4.295063680555556,1170.0,-4.442887982905983,457.0,-4.136672396061269,705.0,-4.299302063829788,937.0,-4.443762193169691,137,3557,186.8286590576172,186.64705,dump_137.lammpstraj
dump_138.csv,53.0,-3.6518953773584895,147.0,-3.720391734693878,199.0,-4.071109170854271,187.0,-3.9104442513368975,195.0,-4.070747076923077,158.0,-3.798572943037975,368.0,-4.124771793478261,333.0,-3.967794564564565,369.0,-4.124531327913279,996.0,-4.474763067269077,1259.0,-4.3292914614773625,1382.0,-4.469280104920405,458.0,-4.173408417030568,706.0,-4.329318484419264,954.0,-4.4672121278826,138,964,192.0052947998047,192.0597,dump_138.lammpstraj
dump_139.csv,482.0,-3.58656531120332,707.0,-3.6708098939179634,679.0,-3.989017452135493,588.0,-3.817306819727891,735.0,-4.004021156462585,591.0,-3.77350872250423,802.0,-4.079819819201995,664.0,-3.912820286144578,869.0,-4.095511432681243,453.0,-4.3927936203090505,539.0,-4.235627597402598,709.0,-4.400920811001411,234.0,-4.067031581196581,450.0,-4.245486288888889,848.0,-4.415177211084906,139,179,177.3720245361328,176.65186,dump_139.lammpstraj
dump_140.csv,245.0,-3.607769693877551,411.0,-3.689290097323602,473.0,-4.02792221987315,437.0,-3.861898295194508,445.0,-4.032881808988765,365.0,-3.782709232876712,605.0,-4.10654341322314,560.0,-3.947959517857144,580.0,-4.113805646551724,945.0,-4.439047677248677,1192.0,-4.290554714765101,1244.0,-4.439765888263666,460.0,-4.131880358695652,691.0,-4.29637490593343,595.0,-4.445687327731092,140,3698,185.8544311523437,186.20755,dump_140.lammpstraj
dump_141.csv,91.0,-3.632041098901099,199.0,-3.714785577889448,259.0,-4.058598764478764,236.0,-3.896758686440678,256.0,-4.06320419921875,206.0,-3.795339854368932,421.0,-4.122670950118764,377.0,-3.968522957559682,419.0,-4.126169212410502,940.0,-4.466156622340425,1179.0,-4.3189578922815945,1297.0,-4.461886765612953,439.0,-4.16179742596811,697.0,-4.322270028694405,928.0,-4.465732483836207,141,3821,190.1793670654297,190.47206,dump_141.lammpstraj
dump_142.csv,120.0,-3.6389688333333337,263.0,-3.717184486692015,304.0,-4.059098733552632,268.0,-3.894634832089552,297.0,-4.063679646464647,361.0,-3.8087890304709138,619.0,-4.129957342487884,577.0,-3.973852097053726,616.0,-4.133526842532468,856.0,-4.462879182242991,1098.0,-4.315098483606557,1173.0,-4.46267305200341,421.0,-4.154975296912114,680.0,-4.318562632352941,833.0,-4.46638206482593,142,4878,188.0936584472656,187.96265,dump_142.lammpstraj
dump_143.csv,111.0,-3.625664189189189,192.0,-3.705971875,278.0,-4.051836618705036,247.0,-3.895712712550608,274.0,-4.054925766423358,153.0,-3.786632908496732,348.0,-4.118076709770115,304.0,-3.963775822368421,351.0,-4.1202915527065525,956.0,-4.4648167730125525,1209.0,-4.316853093465674,1330.0,-4.4591402293233084,470.0,-4.163029180851064,720.0,-4.320366833333333,928.0,-4.459981212284483,143,3899,190.76022338867188,190.58359,dump_143.lammpstraj
dump_144.csv,90.0,-3.6339111111111113,193.0,-3.716344663212435,264.0,-4.0560672916666665,245.0,-3.895537020408163,264.0,-4.062596761363636,192.0,-3.794126953125,399.0,-4.121478295739348,358.0,-3.96720625698324,398.0,-4.124452826633165,978.0,-4.467717351738241,1224.0,-4.321253472222222,1348.0,-4.462785077893175,457.0,-4.163575525164114,714.0,-4.32152918767507,890.0,-4.462487157303371,144,4487,190.1382598876953,190.61633,dump_144.lammpstraj
dump_145.csv,109.0,-3.6363899082568807,270.0,-3.727772185185185,293.0,-4.06173337883959,287.0,-3.897309721254356,266.0,-4.073138721804511,530.0,-3.8117012735849056,789.0,-4.139199980988593,755.0,-3.9781100794701993,741.0,-4.14825697705803,896.0,-4.472130524553571,1192.0,-4.318252378355704,1179.0,-4.472663095843936,541.0,-4.154192134935306,776.0,-4.326003298969072,539.0,-4.480588497217069,145,3238,187.69061279296875,187.71417,dump_145.lammpstraj
dump_146.csv,423.0,-3.580944976359338,633.0,-3.666185829383888,675.0,-3.9994212222222223,655.0,-3.8280145038167936,586.0,-4.016204752559727,499.0,-3.766392715430862,735.0,-4.089075537414966,706.0,-3.921438852691218,649.0,-4.10275312788906,793.0,-4.417859596469105,1043.0,-4.25846307286673,945.0,-4.424304391534391,553.0,-4.088848037974683,710.0,-4.271226549295775,386.0,-4.435802163212435,146,2974,180.1735382080078,180.23456,dump_146.lammpstraj
dump_147.csv,142.0,-3.632768204225352,241.0,-3.7124995850622406,343.0,-4.0494272886297376,311.0,-3.888378167202572,338.0,-4.052693905325444,197.0,-3.796982233502538,397.0,-4.117445944584383,355.0,-3.960268845070423,398.0,-4.121413768844221,929.0,-4.456288175457481,1149.0,-4.308411727589208,1272.0,-4.4532626493710685,461.0,-4.14559514099783,718.0,-4.30990819637883,891.0,-4.454199601571268,147,3580,188.9729156494141,189.00351,dump_147.lammpstraj
dump_148.csv,344.0,-3.603078343023256,564.0,-3.688577535460993,570.0,-4.01749852631579,529.0,-3.841162542533081,537.0,-4.031551219739293,680.0,-3.795293551470588,977.0,-4.110474252814739,916.0,-3.940878029475983,927.0,-4.122576688241639,662.0,-4.42822078549849,889.0,-4.269279904386951,873.0,-4.433483997709049,431.0,-4.099975034802784,628.0,-4.278409355095541,477.0,-4.4417832914046125,148,2887,180.3631591796875,180.30965,dump_148.lammpstraj
dump_149.csv,145.0,-3.634182517241379,268.0,-3.724805167910448,328.0,-4.073549908536585,349.0,-3.895489971346705,358.0,-4.069974469273743,197.0,-3.8118025888324873,390.0,-4.143203730769231,422.0,-3.9703513981042655,425.0,-4.139381223529412,524.0,-4.485251965648855,772.0,-4.323859663212435,778.0,-4.479631953727506,810.0,-4.15172925925926,1129.0,-4.322819672276351,919.0,-4.478119874863983,149,2575,182.92124938964844,183.11432,dump_149.lammpstraj
dump_150.csv,257.0,-3.6000835408560308,360.0,-3.6918520277777778,451.0,-4.03891177383592,483.0,-3.862889420289855,492.0,-4.039712276422764,189.0,-3.7918258730158727,390.0,-4.1240402948717945,400.0,-3.948987525,408.0,-4.120380968137255,528.0,-4.464615909090909,765.0,-4.298029653594772,779.0,-4.461031803594352,718.0,-4.124617653203343,1004.0,-4.299505806772909,936.0,-4.458230496794871,150,1419,181.53338623046875,181.64359,dump_150.lammpstraj
dump_151.csv,195.0,-3.612774846153846,313.0,-3.6959742492012784,414.0,-4.037981896135266,368.0,-3.879163980978261,406.0,-4.040425960591133,201.0,-3.780130323383085,427.0,-4.110668946135832,404.0,-3.952063007425743,419.0,-4.11222621718377,928.0,-4.449031880387931,1170.0,-4.301143145299146,1267.0,-4.447827442778216,508.0,-4.138554931102362,771.0,-4.303218482490272,760.0,-4.449499625,151,3907,187.3096618652344,187.33385,dump_151.lammpstraj
dump_152.csv,101.0,-3.6349270297029705,256.0,-3.71910748046875,279.0,-4.059357598566309,261.0,-3.896462394636015,273.0,-4.066283498168499,437.0,-3.805681075514874,694.0,-4.133736952449567,641.0,-3.970935522620905,674.0,-4.140396980712166,948.0,-4.469999103375527,1211.0,-4.317681300578035,1251.0,-4.469910767386091,462.0,-4.1542830627705625,696.0,-4.322603189655172,670.0,-4.472960432835821,152,4673,188.76319885253903,188.706,dump_152.lammpstraj
dump_153.csv,119.0,-3.637479033613445,271.0,-3.725425018450185,308.0,-4.073119025974026,321.0,-3.89811593457944,318.0,-4.073671933962264,338.0,-3.811958180473373,548.0,-4.145843248175182,563.0,-3.974694786856128,574.0,-4.14537236933798,583.0,-4.488840034305317,862.0,-4.325138503480279,861.0,-4.482735638792103,734.0,-4.153934945504087,1026.0,-4.326100662768031,824.0,-4.479691626213592,153,4902,184.4231109619141,184.374,dump_153.lammpstraj
dump_154.csv,163.0,-3.6098852760736193,250.0,-3.69997992,358.0,-4.040132290502793,319.0,-3.879113213166144,360.0,-4.039959694444444,159.0,-3.786295849056604,360.0,-4.110359319444444,329.0,-3.9529189817629176,356.0,-4.11216191011236,909.0,-4.457116793179318,1149.0,-4.309079708442124,1257.0,-4.450833512330947,471.0,-4.149356114649682,716.0,-4.3095470810055865,923.0,-4.45015198808234,154,1860,188.61534118652344,188.77399,dump_154.lammpstraj
dump_155.csv,81.0,-3.638991481481481,201.0,-3.725824950248756,260.0,-4.063992730769231,239.0,-3.902152907949791,262.0,-4.068220515267176,215.0,-3.796707046511628,447.0,-4.123624261744967,405.0,-3.9698601604938273,448.0,-4.127029765625,925.0,-4.466550081081081,1157.0,-4.318829736387208,1274.0,-4.463536534536892,445.0,-4.162069561797753,701.0,-4.322266519258203,928.0,-4.4630920204741376,155,8,190.39588928222656,189.96344,dump_155.lammpstraj
dump_156.csv,211.0,-3.633574502369668,397.0,-3.722794748110832,381.0,-4.05757750656168,413.0,-3.877288341404359,407.0,-4.062140626535626,621.0,-3.823392777777778,802.0,-4.149866103491272,887.0,-3.97361420518602,872.0,-4.153864862385321,418.0,-4.472544354066986,673.0,-4.309493172362555,666.0,-4.473625975975977,732.0,-4.131831188524591,994.0,-4.313006076458752,644.0,-4.47834798136646,156,2894,180.356185913086,179.91136,dump_156.lammpstraj
dump_157.csv,294.0,-3.603020986394558,417.0,-3.683061151079136,530.0,-4.018760990566038,476.0,-3.858540976890757,530.0,-4.026942896226415,207.0,-3.771345917874396,427.0,-4.096427341920375,393.0,-3.9356318193384223,425.0,-4.1004864588235295,816.0,-4.431928192401961,1012.0,-4.282558008893281,1120.0,-4.433233508928571,443.0,-4.114601659142212,703.0,-4.2854954694167855,835.0,-4.436499209580838,157,2847,184.71484375,184.60928,dump_157.lammpstraj
dump_158.csv,171.0,-3.6194287134502927,308.0,-3.7073277435064935,374.0,-4.040272593582888,344.0,-3.881673677325581,369.0,-4.0478018021680215,297.0,-3.7940303367003367,507.0,-4.117439437869822,463.0,-3.960740442764578,515.0,-4.122127310679612,837.0,-4.455274928315412,1082.0,-4.304817476894639,1166.0,-4.452700355917667,448.0,-4.14305328125,706.0,-4.308946678470255,880.0,-4.455632840909091,158,3664,187.29917907714844,187.28825,dump_158.lammpstraj
dump_159.csv,89.0,-3.6396283707865167,223.0,-3.724875089686099,260.0,-4.064051596153846,239.0,-3.90168679916318,255.0,-4.069306,353.0,-3.8040528045325774,590.0,-4.130153355932204,537.0,-3.9723791899441343,579.0,-4.134800405872193,965.0,-4.46836450777202,1249.0,-4.319940240192153,1321.0,-4.466326101438304,447.0,-4.161164194630873,697.0,-4.322438428981348,742.0,-4.469310795148248,159,144,189.6791381835937,189.8955,dump_159.lammpstraj
dump_160.csv,62.0,-3.642023709677419,135.0,-3.721648185185185,200.0,-4.06708515,190.0,-3.91066147368421,199.0,-4.067059221105528,177.0,-3.79381709039548,381.0,-4.12862501312336,348.0,-3.976434683908046,381.0,-4.129537834645669,1009.0,-4.474056595639247,1271.0,-4.328042844217152,1382.0,-4.468412301013025,453.0,-4.171125220750552,706.0,-4.327701791784703,925.0,-4.466167427027027,160,2104,192.14407348632807,192.46056,dump_160.lammpstraj
dump_161.csv,100.0,-3.65305235,273.0,-3.7502348351648354,267.0,-4.072822172284645,236.0,-3.903347521186441,279.0,-4.082412652329749,694.0,-3.836251606628242,942.0,-4.146163370488323,844.0,-3.9853730805687206,991.0,-4.157774873864783,561.0,-4.459480766488413,686.0,-4.31402083090379,828.0,-4.465644933574879,340.0,-4.147409176470588,576.0,-4.321188559027778,925.0,-4.475134178378378,161,3143,184.8920745849609,184.99623,dump_161.lammpstraj
dump_162.csv,71.0,-3.647207112676056,182.0,-3.722355824175824,240.0,-4.0635585625,208.0,-3.908858028846154,240.0,-4.06793225,154.0,-3.7933466233766233,383.0,-4.119622519582245,350.0,-3.968221628571429,382.0,-4.121163468586388,1011.0,-4.467857759643917,1258.0,-4.324118493640699,1384.0,-4.462359100433526,441.0,-4.168817346938776,688.0,-4.3253240479651165,914.0,-4.460299496717725,162,841,191.456283569336,191.73439,dump_162.lammpstraj
dump_163.csv,229.0,-3.621111004366812,386.0,-3.701562616580311,435.0,-4.045392724137931,429.0,-3.873997797202797,428.0,-4.048742441588785,372.0,-3.7905435752688175,615.0,-4.120560951219512,601.0,-3.952355316139767,602.0,-4.123442832225914,789.0,-4.4582802408111535,1085.0,-4.299633548387097,1088.0,-4.457931204044118,628.0,-4.133096600318472,868.0,-4.30829392281106,574.0,-4.462929033101045,163,1128,184.19923400878903,184.56387,dump_163.lammpstraj
dump_164.csv,410.0,-3.5716610853658537,477.0,-3.6521308385744233,657.0,-3.995407412480974,628.0,-3.826641751592356,655.0,-4.0027816412213735,193.0,-3.760692901554404,391.0,-4.084133337595908,369.0,-3.918332682926829,385.0,-4.0856954805194805,760.0,-4.417078361842105,997.0,-4.260604317953861,1061.0,-4.416996343072573,452.0,-4.093249646017699,713.0,-4.263503758765778,797.0,-4.422414786700125,164,151,181.8843536376953,182.08655,dump_164.lammpstraj
dump_165.csv,176.0,-3.635752414772728,377.0,-3.715634602122016,392.0,-4.04943411989796,373.0,-3.884834410187668,346.0,-4.056272601156069,618.0,-3.802976229773463,911.0,-4.125915762897915,857.0,-3.9611753092182034,787.0,-4.134871181702668,941.0,-4.453771376195537,1196.0,-4.299370037625418,1127.0,-4.455086943212067,494.0,-4.137190718623482,668.0,-4.309660958083833,347.0,-4.460696714697407,165,3591,186.10633850097656,185.74452,dump_165.lammpstraj
dump_166.csv,128.0,-3.623207421875,214.0,-3.7086191588785047,309.0,-4.047487233009709,284.0,-3.8916341725352113,303.0,-4.049508630363037,178.0,-3.792669241573034,386.0,-4.118115582901554,366.0,-3.963823442622951,385.0,-4.119634337662338,991.0,-4.4595725075681125,1223.0,-4.311801602616517,1343.0,-4.457522501861504,454.0,-4.15576122246696,697.0,-4.315837338593974,874.0,-4.457197763157895,166,1052,189.9623260498047,189.9586,dump_166.lammpstraj
dump_167.csv,112.0,-3.641985267857143,284.0,-3.7261274295774647,308.0,-4.066237678571429,300.0,-3.9009077166666666,311.0,-4.073819726688103,384.0,-3.804017161458333,611.0,-4.132059779050737,594.0,-3.971331481481481,618.0,-4.137657443365695,779.0,-4.470549467265725,1028.0,-4.317430321011673,1070.0,-4.470722158878504,592.0,-4.154278023648649,853.0,-4.32173560961313,772.0,-4.472863257772021,167,1590,186.72122192382807,186.48288,dump_167.lammpstraj
dump_168.csv,354.0,-3.601195692090396,541.0,-3.690855018484288,521.0,-4.022225911708253,561.0,-3.8424311229946526,576.0,-4.030157638888889,519.0,-3.796790751445087,696.0,-4.116759295977012,750.0,-3.9410267266666654,773.0,-4.1240847347994825,379.0,-4.438616134564644,587.0,-4.274816805792164,622.0,-4.44148459807074,581.0,-4.103173425129088,849.0,-4.283986219081272,820.0,-4.451267457317073,168,3008,177.5459442138672,177.70932,dump_168.lammpstraj
dump_169.csv,78.0,-3.640389102564103,162.0,-3.719572283950617,237.0,-4.062631434599156,226.0,-3.8998180088495578,239.0,-4.060835878661088,164.0,-3.7949043597560976,379.0,-4.1252048284960425,338.0,-3.97026150887574,379.0,-4.124836899736148,988.0,-4.471735344129555,1250.0,-4.323322148,1354.0,-4.466161381093057,470.0,-4.163530297872341,716.0,-4.32181157122905,907.0,-4.462026179713341,169,2029,191.3517303466797,191.47986,dump_169.lammpstraj
dump_170.csv,222.0,-3.633733333333333,422.0,-3.715405533175356,435.0,-4.037891494252873,379.0,-3.872691147757256,398.0,-4.056170540201005,755.0,-3.808488556291391,1037.0,-4.1235987463838,900.0,-3.958491038888889,953.0,-4.134955435466947,831.0,-4.442180601684718,1022.0,-4.289493742661448,1057.0,-4.446819006622516,343.0,-4.1283395481049565,544.0,-4.296240275735293,481.0,-4.456207463617464,170,3418,184.68344116210932,184.20389,dump_170.lammpstraj
dump_171.csv,102.0,-3.6297888235294113,178.0,-3.709570280898876,267.0,-4.050944812734082,255.0,-3.8941730588235295,265.0,-4.055597811320755,175.0,-3.795806457142857,375.0,-4.123852706666667,344.0,-3.9704996656976745,377.0,-4.125425026525199,1004.0,-4.467858396414343,1247.0,-4.320187754611067,1348.0,-4.462280608308606,452.0,-4.16292610619469,717.0,-4.318651910739191,886.0,-4.460495637697517,171,1807,190.44517517089844,190.79202,dump_171.lammpstraj
dump_172.csv,46.0,-3.6306810869565216,130.0,-3.7293265,199.0,-4.071344422110553,180.0,-3.916117888888889,200.0,-4.071952575,171.0,-3.7972869590643272,371.0,-4.127689797843666,339.0,-3.9769805457227134,369.0,-4.127914105691057,992.0,-4.475659319556452,1278.0,-4.330140140845071,1376.0,-4.468970250726744,472.0,-4.178853855932204,711.0,-4.329660407876231,954.0,-4.465119454926625,172,2696,192.3148651123047,192.55269,dump_172.lammpstraj
dump_173.csv,93.0,-3.63738311827957,189.0,-3.713697989417989,255.0,-4.058916607843138,234.0,-3.8969122863247865,255.0,-4.059466215686275,194.0,-3.793927474226804,409.0,-4.122954511002445,365.0,-3.967593410958904,405.0,-4.125046814814815,959.0,-4.467720964546402,1196.0,-4.321322336956522,1313.0,-4.464082479055598,466.0,-4.165874184549356,698.0,-4.322653302292263,925.0,-4.463695362162162,173,3039,190.6298370361328,190.98355,dump_173.lammpstraj
dump_174.csv,144.0,-3.6305788194444446,222.0,-3.7048105855855855,315.0,-4.045328619047619,287.0,-3.887671829268293,319.0,-4.048095047021944,180.0,-3.79048525,368.0,-4.119811793478261,325.0,-3.966177046153846,369.0,-4.118965338753387,961.0,-4.460872866805412,1208.0,-4.314573149834437,1314.0,-4.456150087519026,460.0,-4.160778108695652,715.0,-4.314334671328671,886.0,-4.454803335214447,174,472,189.470947265625,189.97566,dump_174.lammpstraj
dump_175.csv,241.0,-3.6246135684647305,404.0,-3.7044542202970296,444.0,-4.043189808558559,429.0,-3.8733484615384617,469.0,-4.044899434968017,346.0,-3.7978461849710974,559.0,-4.11669572450805,529.0,-3.9477470226843097,583.0,-4.119650883361921,629.0,-4.445439785373609,853.0,-4.287670785463071,923.0,-4.444068808234019,456.0,-4.120782434210526,706.0,-4.290943696883852,945.0,-4.448272132275132,175,3289,183.2831268310547,183.20853,dump_175.lammpstraj
dump_176.csv,87.0,-3.645630344827586,206.0,-3.720653616504855,264.0,-4.064319318181818,237.0,-3.907210358649789,265.0,-4.064196641509434,185.0,-3.7933777027027022,404.0,-4.120230915841584,374.0,-3.968454064171123,400.0,-4.12164045,981.0,-4.466118583078491,1237.0,-4.319572364591754,1337.0,-4.461233175018698,448.0,-4.162453917410714,705.0,-4.320913673758865,897.0,-4.460378467112597,176,4074,190.8624420166016,190.64452,dump_176.lammpstraj
dump_177.csv,171.0,-3.6324459356725134,283.0,-3.708211378091873,372.0,-4.046887043010753,344.0,-3.883519418604651,375.0,-4.0496787733333335,193.0,-3.77950329015544,411.0,-4.10885897810219,387.0,-3.953294948320413,409.0,-4.113122628361858,876.0,-4.45174776826484,1059.0,-4.30268305476865,1201.0,-4.450103276436303,446.0,-4.141897522421524,699.0,-4.304179549356223,907.0,-4.451306212789415,177,3496,187.4459991455078,187.83366,dump_177.lammpstraj
dump_178.csv,105.0,-3.632345761904762,226.0,-3.7110900221238943,292.0,-4.057764383561644,269.0,-3.892230353159851,288.0,-4.057712934027778,207.0,-3.79157038647343,434.0,-4.121168594470047,408.0,-3.967140772058824,431.0,-4.123279953596287,930.0,-4.467164639784945,1193.0,-4.31808833612741,1274.0,-4.462734941130298,501.0,-4.159386986027944,751.0,-4.320970053262317,855.0,-4.463311116959065,178,279,189.67843627929688,189.66,dump_178.lammpstraj
dump_179.csv,54.0,-3.655998055555555,155.0,-3.726029741935484,211.0,-4.071379549763034,197.0,-3.911221421319797,209.0,-4.0735111244019135,168.0,-3.799385505952381,384.0,-4.128810872395833,351.0,-3.971940085470085,385.0,-4.126755402597403,969.0,-4.474796367389061,1245.0,-4.328345947791165,1359.0,-4.468561077998529,468.0,-4.1707837606837606,720.0,-4.3286806250000005,939.0,-4.465320564430245,179,1741,191.920654296875,191.8878,dump_179.lammpstraj
dump_180.csv,376.0,-3.606963324468085,557.0,-3.683916606822262,539.0,-4.018641001855288,569.0,-3.841134411247804,609.0,-4.028928908045978,405.0,-3.791178938271605,574.0,-4.102304294425087,603.0,-3.9334937479270313,661.0,-4.113540325264751,416.0,-4.429428064903846,624.0,-4.266666145833334,663.0,-4.431085814479638,502.0,-4.095904023904383,764.0,-4.273953606020942,916.0,-4.442293760917031,180,4624,178.46054077148438,178.44388,dump_180.lammpstraj
dump_181.csv,488.0,-3.5571224897540983,557.0,-3.638318671454219,767.0,-3.9776771056062574,712.0,-3.8139475561797753,721.0,-3.9863876629681,192.0,-3.7392253645833335,402.0,-4.065262263681592,357.0,-3.905385476190476,376.0,-4.0731470611702125,913.0,-4.399960388828039,1168.0,-4.245824233732876,1187.0,-4.402483732097726,496.0,-4.087123427419355,726.0,-4.257546797520662,490.0,-4.410974387755102,181,2886,181.3155059814453,181.58023,dump_181.lammpstraj
dump_182.csv,94.0,-3.638098617021277,202.0,-3.71837452970297,276.0,-4.061662971014493,251.0,-3.898744880478088,276.0,-4.061725923913043,206.0,-3.7927703640776698,422.0,-4.121489028436019,384.0,-3.966141653645834,424.0,-4.123538525943396,930.0,-4.461387048387097,1155.0,-4.316923138528138,1289.0,-4.460303479441428,443.0,-4.160636952595937,690.0,-4.319699644927536,929.0,-4.463144553283101,182,1941,190.48789978027344,190.19931,dump_182.lammpstraj
dump_183.csv,250.0,-3.624528,463.0,-3.708720593952484,456.0,-4.030767587719298,399.0,-3.866012744360902,436.0,-4.044095160550459,758.0,-3.8059282981530345,1045.0,-4.119525344497608,925.0,-3.957484021621622,974.0,-4.133815631416838,828.0,-4.434790857487923,996.0,-4.283443584337349,1053.0,-4.440045284900285,339.0,-4.117632536873156,526.0,-4.292735865019012,450.0,-4.450962466666667,183,100,183.7862243652344,183.57774,dump_183.lammpstraj
dump_184.csv,55.0,-3.649071909090909,125.0,-3.72877128,200.0,-4.067178525,184.0,-3.911291929347826,197.0,-4.070800812182741,176.0,-3.798158693181818,374.0,-4.1307372593582885,348.0,-3.975965344827586,373.0,-4.132142855227882,997.0,-4.475307477432297,1269.0,-4.328941319936958,1379.0,-4.46995224075417,465.0,-4.174346666666667,720.0,-4.328887215277778,933.0,-4.466853981779207,184,2804,192.44004821777344,192.56262,dump_184.lammpstraj
dump_185.csv,74.0,-3.651360608108108,219.0,-3.74223801369863,224.0,-4.077792299107143,216.0,-3.911661226851852,223.0,-4.085727982062781,648.0,-3.8320584259259256,913.0,-4.154835859802848,857.0,-3.990617619603267,905.0,-4.160653729281768,742.0,-4.48325525606469,980.0,-4.326815540816327,1023.0,-4.483768010752688,512.0,-4.164442666015625,747.0,-4.333097898259705,687.0,-4.490082409024746,185,3570,187.24996948242188,186.9383,dump_185.lammpstraj
dump_186.csv,113.0,-3.623968230088496,280.0,-3.720823517857143,303.0,-4.055643861386138,272.0,-3.893080551470588,299.0,-4.065838110367893,449.0,-3.8106928285077952,709.0,-4.133112912552892,645.0,-3.97128319379845,695.0,-4.139577122302159,881.0,-4.463338183881953,1114.0,-4.3117998114901255,1208.0,-4.464176887417219,450.0,-4.153527377777778,699.0,-4.318933068669528,710.0,-4.470110352112676,186,3684,188.11041259765625,187.94098,dump_186.lammpstraj
dump_187.csv,300.0,-3.606312016666666,458.0,-3.694655021834061,512.0,-4.029374033203125,507.0,-3.855793915187376,520.0,-4.036732182692307,447.0,-3.792924586129754,662.0,-4.115364010574018,642.0,-3.9465908021806855,672.0,-4.123547150297619,646.0,-4.448640479876161,912.0,-4.284716513157894,929.0,-4.446851496232508,560.0,-4.112862964285714,818.0,-4.288790556234718,662.0,-4.452339735649547,187,3661,181.69158935546875,181.74011,dump_187.lammpstraj
dump_188.csv,458.0,-3.562405862445415,499.0,-3.6377014128256513,711.0,-3.982164578059072,639.0,-3.815012707355242,693.0,-3.991123751803752,136.0,-3.739294338235294,335.0,-4.06101256716418,295.0,-3.902748322033898,329.0,-4.06850613981763,883.0,-4.401711857304643,1080.0,-4.248762893518518,1216.0,-4.40181337993421,360.0,-4.089326805555556,604.0,-4.255582450331126,765.0,-4.40772183006536,188,530,183.0782012939453,182.84558,dump_188.lammpstraj
dump_189.csv,152.0,-3.61869375,238.0,-3.704343886554621,325.0,-4.0486520769230765,308.0,-3.882392272727273,326.0,-4.051557883435583,195.0,-3.791826384615385,416.0,-4.123550120192308,398.0,-3.966429246231156,411.0,-4.123522104622872,936.0,-4.466689043803419,1215.0,-4.31620953909465,1269.0,-4.463661252955083,579.0,-4.157519360967185,840.0,-4.318899648809524,775.0,-4.463992922580646,189,1886,188.95669555664065,188.65079,dump_189.lammpstraj
dump_190.csv,57.0,-3.6514521052631577,162.0,-3.7236614197530864,206.0,-4.071766650485436,200.0,-3.910095975,211.0,-4.070916421800948,164.0,-3.789821920731707,375.0,-4.1251656,344.0,-3.968977776162791,373.0,-4.125393109919571,1004.0,-4.474148102589641,1253.0,-4.327040622505986,1375.0,-4.468427778181819,462.0,-4.169849653679654,713.0,-4.325695175315568,937.0,-4.464398596584846,190,681,192.2227935791016,192.01773,dump_190.lammpstraj
dump_191.csv,55.0,-3.646841272727273,143.0,-3.721304090909091,200.0,-4.066587875,173.0,-3.913820578034682,200.0,-4.069367,178.0,-3.799673651685393,373.0,-4.1303271313672925,328.0,-3.973735914634146,370.0,-4.129388783783783,1014.0,-4.477272889546351,1267.0,-4.331458926598264,1384.0,-4.470896018786127,447.0,-4.177124731543624,719.0,-4.331442197496523,933.0,-4.466545696677384,191,3794,192.3148956298828,192.34924,dump_191.lammpstraj
dump_192.csv,228.0,-3.634486337719298,417.0,-3.713362494004796,426.0,-4.046845023474178,432.0,-3.873138217592592,449.0,-4.05727859688196,459.0,-3.804165762527233,702.0,-4.124394943019943,698.0,-3.956521138968481,732.0,-4.13156200136612,548.0,-4.447674854014599,778.0,-4.291598991002571,834.0,-4.450910305755396,517.0,-4.123700609284333,777.0,-4.298898166023166,829.0,-4.4628529613992765,192,3944,182.0809783935547,182.01216,dump_192.lammpstraj
dump_193.csv,58.0,-3.646070431034482,143.0,-3.726323461538461,199.0,-4.066254346733668,178.0,-3.915292106741573,199.0,-4.067909422110553,183.0,-3.795564262295082,365.0,-4.127113808219178,335.0,-3.975960462686567,364.0,-4.127824024725275,1005.0,-4.474691412935323,1281.0,-4.329616010928962,1378.0,-4.469397953555879,472.0,-4.178551419491526,719.0,-4.331122983310153,945.0,-4.466631566137567,193,4666,192.2520904541016,192.32712,dump_193.lammpstraj
dump_194.csv,57.0,-3.6293118421052633,138.0,-3.716132572463768,201.0,-4.065916592039801,181.0,-3.9054277624309393,199.0,-4.064974547738694,162.0,-3.800878487654321,376.0,-4.129067792553191,355.0,-3.975856676056338,380.0,-4.129678078947368,1017.0,-4.473126710914454,1256.0,-4.328291767515924,1384.0,-4.46941287933526,455.0,-4.175803692307692,714.0,-4.331133088235294,930.0,-4.46999038172043,194,2018,191.7610626220703,192.19711,dump_194.lammpstraj
dump_195.csv,170.0,-3.635472000000001,284.0,-3.7098656514084505,379.0,-4.052120329815304,358.0,-3.887275516759777,386.0,-4.05383670984456,220.0,-3.791385659090909,428.0,-4.122742710280374,418.0,-3.961440035885168,437.0,-4.125040652173913,684.0,-4.465458969298246,951.0,-4.309122728706624,989.0,-4.460688018200202,607.0,-4.144646795716639,867.0,-4.311436476355248,934.0,-4.460248527837259,195,1096,185.0087890625,185.48413,dump_195.lammpstraj
dump_196.csv,425.0,-3.5800956,491.0,-3.660931232179226,629.0,-3.999453895071542,613.0,-3.833175538336053,654.0,-4.003071529051988,203.0,-3.764389532019704,397.0,-4.083522166246851,386.0,-3.922042772020725,411.0,-4.0925390145985405,605.0,-4.421493661157025,839.0,-4.263836984505364,904.0,-4.42047371681416,470.0,-4.099272840425532,721.0,-4.270683370319001,914.0,-4.426878933260394,196,829,180.8807678222656,180.70627,dump_196.lammpstraj
dump_197.csv,58.0,-3.660973275862069,167.0,-3.722339670658682,215.0,-4.070130395348837,187.0,-3.913655026737968,216.0,-4.071979398148148,176.0,-3.793796846590909,384.0,-4.125486783854167,353.0,-3.973464688385269,379.0,-4.124891464379948,981.0,-4.472603995922529,1246.0,-4.328548495184591,1359.0,-4.467844043414275,470.0,-4.173071021276596,710.0,-4.327301464788732,938.0,-4.4652344616204696,197,2805,191.6551971435547,191.76111,dump_197.lammpstraj
dump_198.csv,52.0,-3.633866730769231,127.0,-3.720561692913386,201.0,-4.0651540298507465,184.0,-3.907372690217392,201.0,-4.065934825870647,177.0,-3.802936581920904,364.0,-4.132304423076923,334.0,-3.9789975,359.0,-4.134410668523677,1017.0,-4.472760422812192,1289.0,-4.329630446082234,1391.0,-4.468809299065421,478.0,-4.173463232217573,722.0,-4.3318047576177285,940.0,-4.467898404255319,198,3829,192.0167388916016,192.18936,dump_198.lammpstraj
dump_199.csv,79.0,-3.637969620253165,198.0,-3.720392095959596,257.0,-4.060789182879377,238.0,-3.903472773109244,256.0,-4.0654421875,184.0,-3.786470625,408.0,-4.121092720588235,373.0,-3.965691394101877,408.0,-4.121949227941176,965.0,-4.469022808290156,1207.0,-4.320573869096935,1323.0,-4.46381634542706,456.0,-4.164935438596491,713.0,-4.322905357643759,893.0,-4.4619519260918254,199,4381,191.0389709472656,190.6852,dump_199.lammpstraj
dump_200.csv,97.0,-3.643866082474227,214.0,-3.714269813084112,274.0,-4.061197901459854,250.0,-3.89960514,274.0,-4.064201295620438,198.0,-3.7972976010101007,428.0,-4.123699147196262,391.0,-3.966872659846547,418.0,-4.1229114354066985,949.0,-4.46388490516333,1164.0,-4.316765137457044,1289.0,-4.460765442203258,442.0,-4.160497952488687,699.0,-4.318265200286123,909.0,-4.461011584158416,200,3891,190.40737915039065,190.14081,dump_200.lammpstraj
dump_201.csv,339.0,-3.585227241887906,566.0,-3.682465653710248,578.0,-4.020118001730104,586.0,-3.841693532423208,365.0,-4.0320725205479455,668.0,-3.7899426796407183,953.0,-4.120003845750262,951.0,-3.9424653995793904,604.0,-4.133952508278146,716.0,-4.447448310055866,999.0,-4.280548988988989,658.0,-4.45022791793313,772.0,-4.107811930051813,712.0,-4.293051130617977,130.0,-4.461776615384616,201,764,179.85023498535156,179.2871,dump_201.lammpstraj
dump_202.csv,134.0,-3.621344626865672,220.0,-3.7050775454545457,309.0,-4.046187378640776,281.0,-3.884743985765124,306.0,-4.048028022875817,152.0,-3.794395164473684,373.0,-4.121333016085791,345.0,-3.9631718840579713,373.0,-4.119785777479892,909.0,-4.463809191419142,1157.0,-4.314587558340535,1267.0,-4.457713011049724,473.0,-4.154358699788584,724.0,-4.314729744475138,936.0,-4.45703186965812,202,2767,189.771713256836,189.53897,dump_202.lammpstraj
dump_203.csv,205.0,-3.60905043902439,294.0,-3.69492943877551,399.0,-4.03571350877193,370.0,-3.8663696216216215,408.0,-4.039451446078432,208.0,-3.786073677884616,414.0,-4.110535326086957,392.0,-3.9530250892857146,417.0,-4.117897206235012,817.0,-4.44810099755202,1052.0,-4.29893338878327,1139.0,-4.446580346795435,469.0,-4.139462846481877,720.0,-4.303356930555556,922.0,-4.450990146420825,203,4328,186.76144409179688,186.75461,dump_203.lammpstraj
dump_204.csv,94.0,-3.636479414893617,225.0,-3.718240088888889,286.0,-4.062558723776224,267.0,-3.900103558052434,284.0,-4.064256478873239,245.0,-3.795701224489796,467.0,-4.126301241970022,434.0,-3.966662534562212,467.0,-4.128097141327623,883.0,-4.470764620611551,1142.0,-4.317978795971978,1230.0,-4.465698345528455,484.0,-4.159898409090909,747.0,-4.31998530789826,881.0,-4.465082355278093,204,3295,189.33026123046875,189.23936,dump_204.lammpstraj
dump_205.csv,313.0,-3.607922380191693,504.0,-3.68302498015873,537.0,-4.012371927374302,374.0,-3.850803422459893,540.0,-4.023732185185185,490.0,-3.778460897959184,742.0,-4.090376981132076,525.0,-3.937639647619048,746.0,-4.103069718498659,774.0,-4.4118387338501295,758.0,-4.267516266490765,1073.0,-4.417414450139795,193.0,-4.106688652849741,377.0,-4.275610570291778,880.0,-4.427781369318182,205,2194,183.22216796875,184.09175,dump_205.lammpstraj
dump_206.csv,89.0,-3.6581761235955055,236.0,-3.739609724576271,237.0,-4.067043164556962,213.0,-3.903168943661972,219.0,-4.0804927625570775,785.0,-3.833219847133758,1106.0,-4.151509529837251,1031.0,-3.9910889427740064,989.0,-4.164361152679474,893.0,-4.477127586786114,1122.0,-4.324088939393939,1091.0,-4.477949651695693,492.0,-4.159842144308943,664.0,-4.331688057228916,385.0,-4.486733467532468,206,2357,187.9221954345703,187.88985,dump_206.lammpstraj
dump_207.csv,59.0,-3.650193389830509,144.0,-3.7204570486111113,200.0,-4.07028515,186.0,-3.913444784946236,200.0,-4.0676647,172.0,-3.799635203488372,378.0,-4.128951455026455,346.0,-3.974880722543353,372.0,-4.128421491935484,1012.0,-4.475893675889329,1286.0,-4.330013876360809,1384.0,-4.469813190028901,449.0,-4.176510812917595,720.0,-4.329758208333333,925.0,-4.466913010810811,207,3425,192.08848571777344,192.00389,dump_207.lammpstraj
dump_208.csv,578.0,-3.5391432006920414,716.0,-3.631940174581005,844.0,-3.963425704976304,783.0,-3.794346966794381,812.0,-3.9766288115763535,345.0,-3.742049188405797,569.0,-4.062920597539543,527.0,-3.9006022865275134,547.0,-4.076027321755028,734.0,-4.386885531335151,974.0,-4.229796031827515,962.0,-4.394463071725571,461.0,-4.063452863340564,682.0,-4.242143071847507,515.0,-4.408313165048544,208,3979,177.91419982910156,177.62334,dump_208.lammpstraj
dump_209.csv,180.0,-3.6240489166666654,277.0,-3.70132738267148,375.0,-4.04011936,345.0,-3.880268739130434,373.0,-4.042410924932976,191.0,-3.7820849738219895,406.0,-4.112763201970443,381.0,-3.953161745406824,402.0,-4.112957798507463,939.0,-4.453001522896699,1174.0,-4.303825651618399,1285.0,-4.448596389105059,455.0,-4.141945846153846,706.0,-4.303971692634561,856.0,-4.450339573598131,209,911,188.5287933349609,188.6464,dump_209.lammpstraj
dump_210.csv,82.0,-3.6388239634146338,178.0,-3.724250983146068,258.0,-4.062617325581395,239.0,-3.905151924686193,260.0,-4.060885576923077,177.0,-3.7938728531073447,381.0,-4.123818871391076,348.0,-3.971056408045977,381.0,-4.1234563385826775,980.0,-4.466875040816327,1215.0,-4.3210082921810695,1354.0,-4.4613675997045785,472.0,-4.162857372881356,709.0,-4.320715070521862,907.0,-4.460219415656009,210,3145,190.8072967529297,191.06549,dump_210.lammpstraj
dump_211.csv,342.0,-3.587418055555556,467.0,-3.672768929336189,581.0,-4.01374025817556,532.0,-3.84275484962406,587.0,-4.015116311754685,268.0,-3.764887947761194,484.0,-4.0937308574380165,433.0,-3.928129561200924,489.0,-4.096208834355828,758.0,-4.427627915567283,990.0,-4.272769505050505,1058.0,-4.428829054820416,464.0,-4.10640661637931,694.0,-4.274402557636888,777.0,-4.429414839124839,211,999,183.0017242431641,182.77881,dump_211.lammpstraj
dump_212.csv,87.0,-3.6533246551724137,239.0,-3.741572761506277,258.0,-4.073129108527132,252.0,-3.906074305555556,266.0,-4.079066466165414,489.0,-3.8185604601226992,721.0,-4.144212988904299,704.0,-3.984176661931818,726.0,-4.14936632231405,717.0,-4.47406269874477,960.0,-4.3213021875,1021.0,-4.473685249755142,508.0,-4.156724114173229,769.0,-4.3258720156046815,828.0,-4.479456286231884,212,3653,187.0745086669922,186.95688,dump_212.lammpstraj
dump_213.csv,114.0,-3.646507763157895,256.0,-3.72296947265625,297.0,-4.059773131313131,273.0,-3.898031978021978,298.0,-4.065346291946309,328.0,-3.798688506097561,572.0,-4.129303627622377,534.0,-3.968792808988764,572.0,-4.130852482517483,838.0,-4.465555972553699,1096.0,-4.314820926094891,1173.0,-4.463140929241262,462.0,-4.155948095238095,717.0,-4.318751645746165,868.0,-4.466328686635944,213,2483,188.26754760742188,188.20813,dump_213.lammpstraj
dump_214.csv,78.0,-3.647012051282052,205.0,-3.7317446097560976,253.0,-4.071292747035573,235.0,-3.9037115957446806,254.0,-4.072382086614174,307.0,-3.8033385504886,515.0,-4.132729699029127,463.0,-3.97556277537797,510.0,-4.134929245098039,863.0,-4.471089449594438,1107.0,-4.3212766621499545,1207.0,-4.4685679660314825,448.0,-4.1614289285714285,705.0,-4.324935361702128,921.0,-4.466789782844733,214,4076,188.7331695556641,189.21092,dump_214.lammpstraj
dump_215.csv,61.0,-3.640861721311476,136.0,-3.717316139705882,196.0,-4.063059795918368,183.0,-3.905732595628415,199.0,-4.064653668341709,173.0,-3.7906673988439294,374.0,-4.129486564171123,338.0,-3.9739200443786977,372.0,-4.1263653494623656,1009.0,-4.4769609217046575,1269.0,-4.332777344365643,1382.0,-4.469868162083936,467.0,-4.177448779443255,722.0,-4.330952721606648,932.0,-4.464022854077253,215,2370,192.42721557617188,192.23022,dump_215.lammpstraj
dump_216.csv,560.0,-3.5493250535714287,661.0,-3.634754198184569,818.0,-3.96942422982885,779.0,-3.7960385750962775,784.0,-3.9822395982142855,287.0,-3.753418257839721,506.0,-4.066675741106719,477.0,-3.9015697903563935,496.0,-4.077198155241936,740.0,-4.397131587837838,951.0,-4.236700909568875,985.0,-4.399384984771574,499.0,-4.06321129258517,721.0,-4.245193973647711,562.0,-4.4120565836298935,216,4838,178.1846466064453,178.35303,dump_216.lammpstraj
dump_217.csv,53.0,-3.63991641509434,137.0,-3.720827226277372,200.0,-4.06756345,177.0,-3.911039858757062,198.0,-4.068652323232324,160.0,-3.79910890625,370.0,-4.1286608108108105,341.0,-3.97552646627566,366.0,-4.128960218579235,1010.0,-4.473467722772277,1246.0,-4.327408764044944,1391.0,-4.467380948957585,466.0,-4.174433862660944,711.0,-4.327918811533052,937.0,-4.46684568303095,217,33,192.16412353515625,192.56032,dump_217.lammpstraj
dump_218.csv,118.0,-3.630961398305085,211.0,-3.713978696682464,302.0,-4.055897963576159,284.0,-3.891925000000001,303.0,-4.0563536798679865,192.0,-3.7901045572916665,408.0,-4.121964669117647,372.0,-3.961709059139785,407.0,-4.120893771498771,907.0,-4.463691262403528,1153.0,-4.3141263052905465,1264.0,-4.460024454113924,463.0,-4.152441706263499,720.0,-4.315138611111111,923.0,-4.459627654387866,218,3789,189.5409393310547,189.67546,dump_218.lammpstraj
dump_219.csv,82.0,-3.64540512195122,182.0,-3.7201645329670328,260.0,-4.066819307692308,245.0,-3.908609040816327,258.0,-4.069558585271317,218.0,-3.801663944954128,420.0,-4.127202119047619,398.0,-3.9715981909547735,423.0,-4.12911401891253,930.0,-4.468111048387097,1191.0,-4.320410839630562,1293.0,-4.464192629543697,462.0,-4.163554437229437,715.0,-4.321634391608392,929.0,-4.462111324004305,219,1020,189.68359375,190.236,dump_219.lammpstraj
dump_220.csv,178.0,-3.627294859550562,258.0,-3.701875794573643,386.0,-4.0417458031088085,368.0,-3.877519157608696,388.0,-4.045173337628866,159.0,-3.783319025157233,357.0,-4.111239355742297,336.0,-3.950571696428572,358.0,-4.1113695111731845,848.0,-4.452226438679245,1093.0,-4.303667987191217,1195.0,-4.449025518828452,483.0,-4.139127142857143,728.0,-4.302818660714286,942.0,-4.449343402335457,220,1647,187.4363250732422,187.64656,dump_220.lammpstraj
dump_221.csv,98.0,-3.630516071428571,195.0,-3.7184285384615374,254.0,-4.062108011811024,240.0,-3.900376625,254.0,-4.062912854330709,230.0,-3.7974710652173913,445.0,-4.127654337078652,398.0,-3.973279170854272,448.0,-4.127407087053571,930.0,-4.469253569892473,1167.0,-4.321819211653813,1282.0,-4.466278194227769,446.0,-4.162363452914798,698.0,-4.321425028653295,926.0,-4.462604584233261,221,733,190.03952026367188,190.5671,dump_221.lammpstraj
dump_222.csv,52.0,-3.648915,135.0,-3.725492666666667,199.0,-4.070049497487437,177.0,-3.9082003389830495,198.0,-4.073659797979798,175.0,-3.7917226285714287,373.0,-4.128223136729223,338.0,-3.974538624260355,376.0,-4.127112473404256,1003.0,-4.475694506480558,1291.0,-4.330110941130906,1386.0,-4.4689663455988455,459.0,-4.173952505446623,718.0,-4.32941606545961,921.0,-4.465387709011944,222,4582,192.140380859375,192.2768,dump_222.lammpstraj
dump_223.csv,103.0,-3.643066699029126,239.0,-3.7197894351464433,289.0,-4.063841747404844,272.0,-3.900605698529412,288.0,-4.064953142361111,274.0,-3.80499454379562,509.0,-4.13210536345776,474.0,-3.9714811075949368,506.0,-4.132391136363637,883.0,-4.468505588901472,1136.0,-4.318663573943662,1213.0,-4.466499455894477,542.0,-4.160321457564575,800.0,-4.32242118125,813.0,-4.4689640713407135,223,3274,188.6065368652344,188.68166,dump_223.lammpstraj
dump_224.csv,157.0,-3.6348486624203824,337.0,-3.7132781454005936,352.0,-4.050459488636363,316.0,-3.8871534177215192,347.0,-4.063272031700288,510.0,-3.80565,759.0,-4.126686818181819,701.0,-3.9682051069900144,764.0,-4.135637257853404,768.0,-4.461698567708333,999.0,-4.307150860860861,1064.0,-4.462139022556391,451.0,-4.14424100886918,693.0,-4.314175360750361,745.0,-4.467431187919463,224,1620,186.08883666992188,185.7406,dump_224.lammpstraj
dump_225.csv,54.0,-3.676306388888889,199.0,-3.76985135678392,166.0,-4.107906024096386,205.0,-3.922077243902439,199.0,-4.107662738693468,727.0,-3.859628830811554,830.0,-4.1830370722891566,1028.0,-4.005033394941634,1021.0,-4.189343956904994,279.0,-4.506177813620072,503.0,-4.339386083499006,509.0,-4.507260599214145,777.0,-4.162786962676963,1081.0,-4.347000185013877,809.0,-4.512787237330037,225,3135,181.55332946777344,181.90123,dump_225.lammpstraj
dump_226.csv,366.0,-3.5772140300546447,536.0,-3.665107285447761,627.0,-3.998045119617224,575.0,-3.832471443478261,575.0,-4.009542460869565,346.0,-3.766315722543353,593.0,-4.090663229342328,547.0,-3.9294663619744057,546.0,-4.094222097069597,953.0,-4.419515493179434,1189.0,-4.2666276829268295,1212.0,-4.421458873762376,472.0,-4.101471048728813,683.0,-4.2747445314787695,458.0,-4.430572936681223,226,2689,183.4111328125,183.45651,dump_226.lammpstraj
dump_227.csv,58.0,-3.646087844827586,154.0,-3.720060227272728,195.0,-4.065836153846154,180.0,-3.9092625,200.0,-4.066293025,162.0,-3.7924873765432094,387.0,-4.125169509043928,345.0,-3.970657420289855,387.0,-4.125652312661499,1005.0,-4.4748807661691545,1251.0,-4.329654024780176,1383.0,-4.469518546637744,474.0,-4.171601424050633,715.0,-4.329853076923077,925.0,-4.467863854054054,227,2707,192.2041473388672,192.46066,dump_227.lammpstraj
dump_228.csv,601.0,-3.540901023294509,582.0,-3.6250722164948455,868.0,-3.961561013824885,826.0,-3.790276634382567,837.0,-3.970044109916368,142.0,-3.726001795774648,338.0,-4.050442899408284,310.0,-3.888137983870968,324.0,-4.05594537037037,842.0,-4.387336716152019,1074.0,-4.234199650837989,1107.0,-4.389239196025294,474.0,-4.065234820675106,700.0,-4.2392014,562.0,-4.395640026690392,228,297,179.32225036621094,179.35464,dump_228.lammpstraj
dump_229.csv,64.0,-3.65777875,167.0,-3.7201835928143714,232.0,-4.068698405172414,210.0,-3.910756880952381,231.0,-4.07004380952381,159.0,-3.79173820754717,371.0,-4.119588099730459,331.0,-3.9714061933534746,371.0,-4.122959555256065,1011.0,-4.470460786350149,1262.0,-4.325257064183835,1379.0,-4.465761733139956,454.0,-4.168218975770925,712.0,-4.325989648876404,931.0,-4.464492003222342,229,2339,192.06198120117188,191.69458,dump_229.lammpstraj
dump_230.csv,103.0,-3.635960339805825,217.0,-3.719280368663594,275.0,-4.062673127272728,265.0,-3.903424943396226,278.0,-4.063871456834533,226.0,-3.7974768805309735,419.0,-4.129451992840096,390.0,-3.971696025641026,423.0,-4.128845650118203,862.0,-4.474061339907193,1127.0,-4.323047014196983,1191.0,-4.467041603694375,528.0,-4.164273958333333,786.0,-4.323783606870229,939.0,-4.464969419595314,230,653,189.4274444580078,189.23761,dump_230.lammpstraj
dump_231.csv,210.0,-3.619077047619048,318.0,-3.700491022012579,411.0,-4.0372489537712895,384.0,-3.874788984375,414.0,-4.043114263285024,243.0,-3.7864528395061727,460.0,-4.112849989130435,407.0,-3.952191400491401,460.0,-4.11614322826087,807.0,-4.448917701363073,1009.0,-4.297089167492567,1114.0,-4.4472713285457806,462.0,-4.1361420454545454,705.0,-4.301714418439716,903.0,-4.449756760797342,231,3774,186.30859375,186.6019,dump_231.lammpstraj
dump_232.csv,80.0,-3.65193775,172.0,-3.72128113372093,249.0,-4.064606867469879,231.0,-3.905024523809524,250.0,-4.06664322,212.0,-3.79869,414.0,-4.128564057971015,378.0,-3.969999034391534,416.0,-4.129271358173077,943.0,-4.468533828207847,1204.0,-4.320807836378737,1298.0,-4.464386348228043,458.0,-4.164097292576419,713.0,-4.322952482468443,917.0,-4.46424239912759,232,1255,190.71127319335932,190.571,dump_232.lammpstraj
dump_233.csv,87.0,-3.65476040229885,219.0,-3.723030159817352,271.0,-4.06795348708487,255.0,-3.905206078431372,271.0,-4.066236826568266,256.0,-3.79900763671875,488.0,-4.129471372950819,448.0,-3.969832366071429,486.0,-4.127186995884774,885.0,-4.468649564971751,1119.0,-4.31714381590706,1220.0,-4.463723286885246,454.0,-4.156689030837004,704.0,-4.316025873579545,948.0,-4.464031218354431,233,4520,189.2503204345703,189.7789,dump_233.lammpstraj
dump_234.csv,484.0,-3.589809504132232,727.0,-3.669158349381018,720.0,-3.9797844652777776,364.0,-3.8190631868131866,730.0,-4.000188671232877,660.0,-3.767623909090909,918.0,-4.069539150326798,461.0,-3.908268405639913,937.0,-4.086510282817503,627.0,-4.36942168261563,433.0,-4.228883672055427,919.0,-4.382105272034821,68.0,-4.06551455882353,218.0,-4.241394013761468,800.0,-4.40526600625,234,230,178.85301208496094,178.85431,dump_234.lammpstraj
dump_235.csv,101.0,-3.632995693069307,244.0,-3.7230168647540975,291.0,-4.065847886597938,287.0,-3.899751916376307,285.0,-4.06937952631579,361.0,-3.806660692520776,594.0,-4.138525202020202,589.0,-3.977872504244482,577.0,-4.14503033795494,858.0,-4.478495337995338,1169.0,-4.3234887596236105,1151.0,-4.476145099913119,670.0,-4.162041119402986,927.0,-4.3267880097087374,631.0,-4.47953324088748,235,3276,187.67872619628903,187.43115,dump_235.lammpstraj
dump_236.csv,428.0,-3.586491296728972,497.0,-3.6687485513078473,639.0,-4.005165093896713,640.0,-3.829888765625,681.0,-4.008611093979442,197.0,-3.768220685279188,376.0,-4.09080539893617,374.0,-3.920115882352941,409.0,-4.094436589242054,513.0,-4.426347641325536,726.0,-4.26410164600551,771.0,-4.42409490920882,564.0,-4.092082535460992,837.0,-4.267656947431303,903.0,-4.427791572535991,236,3230,178.84523010253906,178.67123,dump_236.lammpstraj
dump_237.csv,98.0,-3.643821581632653,207.0,-3.7146985748792254,271.0,-4.058931974169742,254.0,-3.89855312992126,267.0,-4.060889101123595,207.0,-3.79445154589372,421.0,-4.124575106888361,380.0,-3.9669108947368414,417.0,-4.126069544364508,922.0,-4.468356822125814,1191.0,-4.318244722921914,1293.0,-4.462682981438515,456.0,-4.160507083333333,707.0,-4.319462743988685,912.0,-4.4614334813596495,237,691,190.09396362304688,190.42752,dump_237.lammpstraj
dump_238.csv,83.0,-3.643989759036145,198.0,-3.717770227272728,248.0,-4.073144899193548,241.0,-3.904224958506224,249.0,-4.07348656626506,207.0,-3.800856642512077,423.0,-4.133502635933806,404.0,-3.971696126237624,425.0,-4.132221529411765,824.0,-4.483989314320389,1115.0,-4.327922116591928,1152.0,-4.477358450520834,595.0,-4.164557403361345,863.0,-4.3278156257242175,917.0,-4.474484972737186,238,2754,188.82470703125,189.06483,dump_238.lammpstraj
dump_239.csv,555.0,-3.553694603603604,764.0,-3.641832382198952,802.0,-3.973309993765586,765.0,-3.799658941176472,717.0,-3.987583235704324,469.0,-3.755958891257996,725.0,-4.071037013793103,695.0,-3.904309510791367,658.0,-4.087468837386018,718.0,-4.394459700557103,931.0,-4.236208743286788,890.0,-4.402641247191012,504.0,-4.064143283730159,681.0,-4.249076600587372,379.0,-4.4179455804749335,239,4863,177.18927001953125,177.33284,dump_239.lammpstraj
dump_240.csv,360.0,-3.6073939722222224,599.0,-3.697906661101836,585.0,-4.010248452991453,465.0,-3.84266023655914,545.0,-4.030142275229358,909.0,-3.800383432343234,1243.0,-4.101976130329847,969.0,-3.939475092879257,1176.0,-4.124733971088435,633.0,-4.407269873617693,710.0,-4.257977295774648,851.0,-4.421295381903643,237.0,-4.089706223628692,418.0,-4.274898911483254,425.0,-4.439300623529412,240,969,179.463134765625,179.24039,dump_240.lammpstraj
dump_241.csv,61.0,-3.653991229508197,131.0,-3.7270686259541983,207.0,-4.069049371980676,195.0,-3.9130157692307694,206.0,-4.069520533980582,181.0,-3.8009748066298346,372.0,-4.1300190322580645,339.0,-3.979531519174041,373.0,-4.129700951742628,996.0,-4.475795542168674,1296.0,-4.3295196141975305,1385.0,-4.469013223826715,460.0,-4.17280825,716.0,-4.32828122905028,924.0,-4.466329918831169,241,633,192.13528442382807,192.02185,dump_241.lammpstraj
dump_242.csv,89.0,-3.6445835393258426,203.0,-3.718054408866995,265.0,-4.061342226415095,238.0,-3.901866722689076,261.0,-4.064953180076628,198.0,-3.795936515151515,404.0,-4.122729653465346,374.0,-3.9666347994652407,410.0,-4.125451707317073,957.0,-4.464143396029258,1170.0,-4.319306739316239,1315.0,-4.462702555133079,451.0,-4.160782971175166,700.0,-4.320443142857143,922.0,-4.4622928850325385,242,4092,190.4246368408203,190.57675,dump_242.lammpstraj
dump_243.csv,130.0,-3.635499192307692,239.0,-3.715832907949791,322.0,-4.058995714285714,304.0,-3.893912302631579,325.0,-4.060038584615384,199.0,-3.793036231155779,413.0,-4.127870750605327,396.0,-3.963320202020202,420.0,-4.126469238095238,796.0,-4.46977351758794,1067.0,-4.315300440487348,1131.0,-4.463616609195402,547.0,-4.148567577696527,806.0,-4.31287844292804,937.0,-4.461966787620064,243,4077,187.83624267578125,187.79996,dump_243.lammpstraj
dump_244.csv,72.0,-3.669626666666667,219.0,-3.7578931278538814,208.0,-4.084085024038462,193.0,-3.914343549222798,221.0,-4.094297194570136,778.0,-3.846413284061697,1054.0,-4.160177912713472,963.0,-3.994285804776739,1091.0,-4.169472332722273,570.0,-4.478908456140351,768.0,-4.3223714583333335,859.0,-4.481400686845169,390.0,-4.155434282051282,625.0,-4.329557288,823.0,-4.4888254981774,244,1321,185.84835815429688,185.8294,dump_244.lammpstraj
dump_245.csv,70.0,-3.636542071428571,158.0,-3.715163607594937,228.0,-4.062137478070175,212.0,-3.9039005424528304,229.0,-4.061548296943231,169.0,-3.793384378698225,383.0,-4.125325130548303,332.0,-3.971981144578313,380.0,-4.12663575,996.0,-4.469725050200804,1237.0,-4.325771576394503,1364.0,-4.465962056451613,473.0,-4.167395845665962,711.0,-4.32554082278481,915.0,-4.466177147540984,245,1831,191.6308135986328,191.56233,dump_245.lammpstraj
dump_246.csv,58.0,-3.640753706896552,131.0,-3.72015606870229,199.0,-4.070672688442211,180.0,-3.911828388888889,196.0,-4.071876428571429,167.0,-3.794897215568864,377.0,-4.1255325066313,343.0,-3.97522555393586,375.0,-4.128918266666667,1016.0,-4.472725585629922,1270.0,-4.328569236220472,1381.0,-4.46893783852281,466.0,-4.175801190987125,720.0,-4.33122925,934.0,-4.46823080299786,246,2178,192.55796813964844,192.22682,dump_246.lammpstraj
dump_247.csv,275.0,-3.5914808181818185,363.0,-3.6827608402203857,501.0,-4.024033223552895,489.0,-3.8589483231083848,495.0,-4.025364626262626,194.0,-3.77275,403.0,-4.100802543424318,370.0,-3.940363216216216,392.0,-4.107058290816327,881.0,-4.445598813847901,1194.0,-4.289464011725293,1216.0,-4.441279078947368,608.0,-4.126987467105264,845.0,-4.294141887573964,642.0,-4.445138154205607,247,1417,185.370834350586,185.37398,dump_247.lammpstraj
dump_248.csv,136.0,-3.6348182352941176,250.0,-3.70705538,330.0,-4.053618121212121,308.0,-3.8908616071428574,325.0,-4.057144507692308,200.0,-3.786477,412.0,-4.116863932038835,378.0,-3.957925978835979,411.0,-4.117239914841849,957.0,-4.462818866248694,1185.0,-4.310075046413503,1287.0,-4.456436697746698,454.0,-4.152705385462555,705.0,-4.312148163120567,896.0,-4.454049213169642,248,1782,189.08697509765625,189.2461,dump_248.lammpstraj
dump_249.csv,101.0,-3.6569270792079207,261.0,-3.738768122605364,281.0,-4.07782049822064,276.0,-3.903782880434783,289.0,-4.078514878892734,434.0,-3.818320599078341,656.0,-4.14716650152439,662.0,-3.9774283081571,674.0,-4.148991253709199,612.0,-4.479016895424836,857.0,-4.321852427071178,888.0,-4.478395698198198,589.0,-4.157388735144313,873.0,-4.32517989117984,871.0,-4.479321033295063,249,4715,185.29103088378903,185.28467,dump_249.lammpstraj
dump_250.csv,254.0,-3.641877755905512,475.0,-3.727379736842105,439.0,-4.032580740318906,295.0,-3.870351593220339,465.0,-4.054341978494624,926.0,-3.822768299136069,1192.0,-4.11998322147651,868.0,-3.961703024193549,1293.0,-4.141236883217323,489.0,-4.417162638036809,498.0,-4.273287138554217,746.0,-4.43235177613941,156.0,-4.107382051282052,345.0,-4.284554507246377,769.0,-4.45254044863459,250,4701,180.8328399658203,180.43695,dump_250.lammpstraj
dump_251.csv,116.0,-3.640730431034483,216.0,-3.7172705092592593,301.0,-4.073352441860465,302.0,-3.9009493211920527,302.0,-4.067509668874171,194.0,-3.806133118556701,385.0,-4.14288612987013,394.0,-3.977696687817259,390.0,-4.141121897435897,754.0,-4.492820716180371,1071.0,-4.3341449859943975,1060.0,-4.484084731132076,843.0,-4.166081684460261,1147.0,-4.3324418962510896,726.0,-4.479806026170799,251,4118,186.84664916992188,186.31459,dump_251.lammpstraj
dump_252.csv,119.0,-3.633866386554622,223.0,-3.7088982959641257,292.0,-4.053306164383561,266.0,-3.890091428571429,290.0,-4.056240724137931,234.0,-3.798309572649573,448.0,-4.124492845982143,399.0,-3.968195814536341,446.0,-4.126881098654708,882.0,-4.465984172335601,1133.0,-4.315380732568403,1245.0,-4.46238440562249,483.0,-4.155826097308489,727.0,-4.318740137551582,905.0,-4.462641784530387,252,1652,189.2913818359375,189.49808,dump_252.lammpstraj
dump_253.csv,109.0,-3.632312844036697,222.0,-3.714813310810811,283.0,-4.053715494699647,250.0,-3.89490384,281.0,-4.056906957295373,265.0,-3.793229849056604,473.0,-4.12087567653277,427.0,-3.965651206088993,474.0,-4.125287405063292,935.0,-4.461755780748663,1165.0,-4.313242725321889,1277.0,-4.459396989036805,420.0,-4.16022294047619,659.0,-4.3162109332321705,900.0,-4.461102494444444,253,1483,189.85354614257807,190.14017,dump_253.lammpstraj
dump_254.csv,472.0,-3.5628838877118643,626.0,-3.651874416932908,709.0,-3.982354301833568,661.0,-3.8164860892586994,639.0,-3.996939381846635,389.0,-3.755247095115681,632.0,-4.0817016613924055,586.0,-3.917030819112628,579.0,-4.091279395509499,845.0,-4.409698455621301,1089.0,-4.253553820018365,1073.0,-4.413076043802423,457.0,-4.087834814004376,652.0,-4.263594562883436,448.0,-4.419650401785715,254,2275,181.1996307373047,181.10045,dump_254.lammpstraj
dump_255.csv,55.0,-3.646488909090909,140.0,-3.724470642857143,199.0,-4.071405452261307,180.0,-3.910695694444444,200.0,-4.069382525,180.0,-3.7938312777777776,380.0,-4.126116763157895,350.0,-3.972516928571429,380.0,-4.128182039473684,1013.0,-4.475046850937808,1260.0,-4.330581313492063,1383.0,-4.470065878524945,462.0,-4.175329772727273,720.0,-4.330494819444445,921.0,-4.468346330076004,255,877,192.1970977783203,192.40997,dump_255.lammpstraj
dump_256.csv,104.0,-3.621416586538461,211.0,-3.710058767772512,288.0,-4.063944340277778,285.0,-3.898966315789474,292.0,-4.064919469178082,214.0,-3.801295654205608,412.0,-4.135621759708737,401.0,-3.9700798503740646,410.0,-4.135987585365854,840.0,-4.485277166666666,1125.0,-4.327037897777777,1144.0,-4.478113317307692,710.0,-4.163413929577465,990.0,-4.328536323232323,787.0,-4.47703040660737,256,3525,187.7249298095703,187.796,dump_256.lammpstraj
dump_257.csv,440.0,-3.5697436363636363,642.0,-3.654854711838006,694.0,-3.9889067651296832,660.0,-3.822090848484848,552.0,-4.005082336956521,471.0,-3.763854161358811,742.0,-4.082748221024259,695.0,-3.920381985611511,603.0,-4.097322578772803,907.0,-4.411544421168688,1159.0,-4.253932584124245,1019.0,-4.41639018155054,493.0,-4.087232484787019,621.0,-4.268385209339774,286.0,-4.42997520979021,257,2016,181.2679443359375,181.36859,dump_257.lammpstraj
dump_258.csv,101.0,-3.6481677227722775,207.0,-3.720735917874396,294.0,-4.06292100340136,265.0,-3.904227905660377,295.0,-4.060975762711864,183.0,-3.797653551912568,421.0,-4.123302541567696,389.0,-3.965664318766067,419.0,-4.122443973747017,922.0,-4.467628774403471,1169.0,-4.316601963216424,1261.0,-4.462099000793021,468.0,-4.157824871794872,738.0,-4.318705325203252,897.0,-4.4604962653288736,258,426,189.1877593994141,189.68451,dump_258.lammpstraj
dump_259.csv,278.0,-3.621685665467626,484.0,-3.7107882954545457,437.0,-4.03527114416476,483.0,-3.858949606625259,504.0,-4.046583621031746,532.0,-3.809058026315789,677.0,-4.12366947562777,748.0,-3.9514296122994654,795.0,-4.134205955974843,348.0,-4.4469284482758615,560.0,-4.280234035714286,592.0,-4.449198361486486,520.0,-4.107862894230769,773.0,-4.289367419146184,943.0,-4.457082158006362,259,626,178.91322326660156,178.93044,dump_259.lammpstraj
dump_260.csv,164.0,-3.62382618902439,318.0,-3.7039031603773593,372.0,-4.043899274193548,337.0,-3.887198308605341,373.0,-4.050689986595175,283.0,-3.786899717314488,505.0,-4.116495891089109,462.0,-3.959265292207792,515.0,-4.119390398058252,834.0,-4.4549095383693045,1065.0,-4.306856708920187,1172.0,-4.451965571672355,471.0,-4.146310063694267,712.0,-4.310580505617978,864.0,-4.455916203703704,260,1589,187.22775268554688,187.19308,dump_260.lammpstraj
dump_261.csv,244.0,-3.6093944672131135,337.0,-3.684095356083086,457.0,-4.036116531728665,450.0,-3.865035522222222,433.0,-4.035533302540416,229.0,-3.7850179694323134,439.0,-4.1187065261959,438.0,-3.954441484018265,413.0,-4.1208981113801455,892.0,-4.462832892376682,1211.0,-4.306412848885219,1153.0,-4.460143881179532,791.0,-4.144126864728192,1001.0,-4.3092242257742255,495.0,-4.4607958080808086,261,2223,185.23443603515625,185.16937,dump_261.lammpstraj
dump_262.csv,88.0,-3.6331032386363633,165.0,-3.709006424242424,225.0,-4.054719977777778,206.0,-3.896843349514563,226.0,-4.052738384955752,187.0,-3.798970187165776,387.0,-4.126534018087855,365.0,-3.974659794520548,388.0,-4.126918891752577,989.0,-4.473512214357937,1257.0,-4.328127792362769,1368.0,-4.46717735745614,440.0,-4.171802431818182,703.0,-4.3264924751066856,928.0,-4.46419364762931,262,2217,191.651123046875,191.86143,dump_262.lammpstraj
dump_263.csv,103.0,-3.6322553883495146,240.0,-3.7212522291666654,292.0,-4.058521849315068,271.0,-3.898566162361624,291.0,-4.062906116838488,338.0,-3.8004878106508873,572.0,-4.127065262237762,540.0,-3.9703343240740745,568.0,-4.1328605897887325,923.0,-4.464206484290358,1181.0,-4.314242002540221,1277.0,-4.464311444792482,442.0,-4.158591900452489,717.0,-4.319315083682008,765.0,-4.466309967320261,263,4483,189.32156372070312,188.88579,dump_263.lammpstraj
dump_264.csv,102.0,-3.641003725490197,227.0,-3.73062486784141,274.0,-4.063492445255475,258.0,-3.9030249418604654,274.0,-4.066776989051094,330.0,-3.810537106060606,551.0,-4.132737386569873,502.0,-3.976077460159362,554.0,-4.135749323104693,814.0,-4.470282807125307,1066.0,-4.319059333958724,1143.0,-4.464920454943132,438.0,-4.162499874429224,714.0,-4.322119180672269,920.0,-4.464874418478261,264,1485,188.9021148681641,188.74008,dump_264.lammpstraj
dump_265.csv,382.0,-3.583612670157068,486.0,-3.6684426646090538,604.0,-4.007432880794702,569.0,-3.838040439367311,634.0,-4.01011739747634,199.0,-3.758698140703518,401.0,-4.087332930174563,363.0,-3.9244594903581262,411.0,-4.089679768856448,653.0,-4.4236130474732,864.0,-4.268802280092593,950.0,-4.420734336842105,435.0,-4.101841701149425,692.0,-4.272631481213873,931.0,-4.425777593984963,265,1739,181.6135711669922,181.60823,dump_265.lammpstraj
dump_266.csv,104.0,-3.647269903846154,219.0,-3.716240684931507,301.0,-4.058217375415282,264.0,-3.902696912878788,300.0,-4.059801116666667,193.0,-3.794274896373057,394.0,-4.12114038071066,355.0,-3.968369605633803,390.0,-4.123166769230769,937.0,-4.462317753468517,1198.0,-4.313884378130217,1294.0,-4.4580050309119015,441.0,-4.156895487528344,705.0,-4.314456120567376,921.0,-4.456619994571119,266,2480,189.7774810791016,189.95398,dump_266.lammpstraj
dump_267.csv,111.0,-3.614422207207207,198.0,-3.709930126262626,284.0,-4.053011443661973,265.0,-3.8873403207547175,286.0,-4.0529357167832165,201.0,-3.796779452736318,427.0,-4.1253596604215454,383.0,-3.966740835509138,428.0,-4.126824684579439,915.0,-4.471650535519125,1160.0,-4.318534801724137,1252.0,-4.464891649361023,504.0,-4.15586748015873,759.0,-4.319307417654809,884.0,-4.465450180995475,267,2584,189.4904937744141,189.79163,dump_267.lammpstraj
dump_268.csv,96.0,-3.63266734375,207.0,-3.7121208212560384,268.0,-4.0605995335820895,247.0,-3.9042299797570847,269.0,-4.061660315985129,171.0,-3.790088801169591,381.0,-4.1204643832021,363.0,-3.965008829201102,379.0,-4.119586952506596,980.0,-4.467906418367346,1211.0,-4.320840206440957,1343.0,-4.461281813104989,454.0,-4.162798766519824,711.0,-4.320887812939522,906.0,-4.4588508885209714,268,2893,191.0494537353516,190.75067,dump_268.lammpstraj
dump_269.csv,400.0,-3.5890303125000003,458.0,-3.666227052401747,634.0,-4.0047948028391165,599.0,-3.8365913856427376,646.0,-4.010315139318886,168.0,-3.766492886904762,373.0,-4.085595080428954,363.0,-3.921411336088154,388.0,-4.0887743427835055,641.0,-4.421619945397816,872.0,-4.266551542431193,919.0,-4.421203128400435,543.0,-4.104586003683241,803.0,-4.275776674968866,873.0,-4.428836523482245,269,149,180.75767517089844,180.62927,dump_269.lammpstraj
dump_270.csv,66.0,-3.673220833333333,232.0,-3.765159073275862,204.0,-4.097372058823529,224.0,-3.921446517857144,232.0,-4.103094525862069,681.0,-3.8470710792951537,830.0,-4.17122984939759,953.0,-3.998291909758657,971.0,-4.177987409886715,333.0,-4.502626186186187,555.0,-4.336527423423424,564.0,-4.500571391843971,730.0,-4.161522732876713,1015.0,-4.340447354679803,853.0,-4.5042890973036345,270,676,181.9828186035156,182.05411,dump_270.lammpstraj
dump_271.csv,442.0,-3.565964389140272,522.0,-3.649770890804598,711.0,-3.985416582278481,661.0,-3.8205962027231473,677.0,-3.9931704135893646,194.0,-3.7531422938144328,419.0,-4.072510525059666,380.0,-3.915713842105263,399.0,-4.08051269423559,948.0,-4.405526940928271,1200.0,-4.2519946875,1237.0,-4.406147299919159,441.0,-4.09416746031746,659.0,-4.262078254931715,549.0,-4.413327786885247,271,1261,182.79676818847656,183.1394,dump_271.lammpstraj
dump_272.csv,117.0,-3.633920299145299,213.0,-3.716287629107981,291.0,-4.059558092783504,282.0,-3.891969893617021,295.0,-4.058818830508474,205.0,-3.799381756097561,409.0,-4.133932787286064,400.0,-3.9714408125,406.0,-4.130633633004926,785.0,-4.478823248407643,1081.0,-4.323168612395929,1115.0,-4.470856488789237,600.0,-4.161040175,878.0,-4.322955671981777,915.0,-4.468487846994536,272,4917,188.38221740722656,187.98479,dump_272.lammpstraj
dump_273.csv,133.0,-3.635884398496241,241.0,-3.7170412033195017,323.0,-4.055096780185759,302.0,-3.888426639072848,327.0,-4.055760764525994,189.0,-3.792360343915344,411.0,-4.119419513381995,383.0,-3.96128955613577,409.0,-4.119277885085574,917.0,-4.462653189749182,1168.0,-4.311315616438356,1257.0,-4.455549948289579,477.0,-4.154093857442348,723.0,-4.310907863070539,897.0,-4.456307118171683,273,12,188.96115112304688,188.77948,dump_273.lammpstraj
dump_274.csv,107.0,-3.641974766355141,225.0,-3.713092133333333,301.0,-4.057622259136212,275.0,-3.8983206,300.0,-4.060025783333333,177.0,-3.794769152542373,399.0,-4.117125175438597,374.0,-3.9616469652406416,397.0,-4.120498929471032,934.0,-4.46199607601713,1190.0,-4.31187,1289.0,-4.459484282389449,465.0,-4.156017817204301,716.0,-4.317098889664805,913.0,-4.458845460021906,274,1833,189.7577972412109,189.76175,dump_274.lammpstraj
dump_275.csv,56.0,-3.6590857142857134,144.0,-3.728621076388889,203.0,-4.071984408866995,189.0,-3.9125121957671953,200.0,-4.071835625,225.0,-3.798916911111111,454.0,-4.131620572687225,424.0,-3.978178974056604,451.0,-4.131435277161862,995.0,-4.476434522613065,1290.0,-4.330342034883722,1375.0,-4.471285403636363,462.0,-4.173295476190476,711.0,-4.330024992967651,873.0,-4.46667195303551,275,3248,191.633529663086,191.77295,dump_275.lammpstraj
dump_276.csv,80.0,-3.629632625,185.0,-3.717566486486487,250.0,-4.06134046,236.0,-3.900452754237288,252.0,-4.063274067460317,204.0,-3.794184166666666,414.0,-4.122600809178744,378.0,-3.966345132275132,420.0,-4.123984452380952,952.0,-4.470286580882353,1196.0,-4.32417843645485,1319.0,-4.46409579984837,452.0,-4.164968340707964,707.0,-4.322055183875531,925.0,-4.464074729729729,276,1491,190.56716918945312,190.77756,dump_276.lammpstraj
dump_277.csv,205.0,-3.6136813902439022,336.0,-3.687746413690476,418.0,-4.033363265550239,377.0,-3.867250477453581,410.0,-4.0369313658536585,242.0,-3.777709462809917,468.0,-4.1065583226495725,424.0,-3.952923997641509,450.0,-4.110321233333334,989.0,-4.446018963599595,1247.0,-4.2977699478749,1343.0,-4.443435629188384,437.0,-4.145392963386728,686.0,-4.303228913994169,707.0,-4.446787814710042,277,2727,187.86990356445312,187.99881,dump_277.lammpstraj
dump_278.csv,614.0,-3.533346441368078,650.0,-3.6252233,876.0,-3.9568621461187217,818.0,-3.7854512530562334,855.0,-3.966954239766082,213.0,-3.7422963615023472,425.0,-4.0550978,405.0,-3.892763456790123,417.0,-4.068062002398082,721.0,-4.388525665742025,963.0,-4.226564646936656,986.0,-4.388473007099392,484.0,-4.061986198347108,711.0,-4.236239739803095,597.0,-4.396147420435511,278,3686,177.81980895996094,177.95325,dump_278.lammpstraj
dump_279.csv,129.0,-3.636732868217054,236.0,-3.708284152542373,333.0,-4.05472963963964,305.0,-3.892011491803279,332.0,-4.0561915060240965,191.0,-3.7882927225130887,411.0,-4.116614197080292,376.0,-3.961699694148936,411.0,-4.117290437956204,922.0,-4.458131187635575,1172.0,-4.309756416382252,1286.0,-4.454865163297045,452.0,-4.149437223451328,712.0,-4.31096757022472,879.0,-4.456544658703072,279,1424,189.17079162597656,189.29764,dump_279.lammpstraj
dump_280.csv,435.0,-3.584488206896552,590.0,-3.661434788135593,679.0,-3.9951384241531662,596.0,-3.832510570469799,688.0,-4.005920712209302,321.0,-3.761179875389408,544.0,-4.077694319852942,474.0,-3.914908776371308,552.0,-4.088795751811594,664.0,-4.3997525225903615,835.0,-4.249718065868263,960.0,-4.4043484375,360.0,-4.08060975,585.0,-4.258093350427351,841.0,-4.418713014268728,280,4605,180.6049652099609,180.58286,dump_280.lammpstraj
dump_281.csv,166.0,-3.62630671686747,261.0,-3.703990670498084,358.0,-4.044730474860335,331.0,-3.8829804078549848,353.0,-4.050179135977337,232.0,-3.788952327586207,425.0,-4.117514823529412,397.0,-3.960642556675064,426.0,-4.119035176056338,923.0,-4.457720465872156,1223.0,-4.310284292722812,1282.0,-4.45563496099844,498.0,-4.151031054216867,765.0,-4.312889660130719,788.0,-4.456459016497462,281,4595,188.5891571044922,188.36487,dump_281.lammpstraj
dump_282.csv,115.0,-3.653718565217392,284.0,-3.7323556514084495,289.0,-4.07196839100346,276.0,-3.899775489130435,301.0,-4.072750398671096,554.0,-3.8209612364620935,790.0,-4.143613063291139,758.0,-3.978138430079156,812.0,-4.147624735221675,625.0,-4.470263256,830.0,-4.316212873493976,912.0,-4.4690236074561405,465.0,-4.145755150537634,714.0,-4.319475644257703,869.0,-4.475296985040276,282,731,185.20518493652344,185.25734,dump_282.lammpstraj
dump_283.csv,65.0,-3.643584230769231,130.0,-3.719063730769231,202.0,-4.061832128712871,190.0,-3.90813902631579,202.0,-4.063093762376238,169.0,-3.799847633136095,367.0,-4.130871784741144,338.0,-3.973825103550296,367.0,-4.130421566757493,998.0,-4.474588987975952,1246.0,-4.329914065008026,1377.0,-4.469773137254902,478.0,-4.175602112970712,734.0,-4.331725013623978,914.0,-4.467977598468272,283,1231,192.16964721679688,191.93716,dump_283.lammpstraj
dump_284.csv,155.0,-3.6329894516129033,277.0,-3.713657129963899,369.0,-4.055545230352304,360.0,-3.888283027777778,371.0,-4.055794433962264,193.0,-3.798011943005181,396.0,-4.123173472222223,368.0,-3.9607671875,403.0,-4.1217117617866,789.0,-4.460944581749049,1051.0,-4.305558215984776,1108.0,-4.45700280234657,546.0,-4.147072417582417,809.0,-4.309962954264524,924.0,-4.458316617965368,284,1634,186.90293884277344,186.84607,dump_284.lammpstraj
dump_285.csv,110.0,-3.638420636363637,200.0,-3.715539825,283.0,-4.059427014134275,261.0,-3.8955134674329503,281.0,-4.05927987544484,204.0,-3.798749044117647,419.0,-4.128291026252984,386.0,-3.9708972150259054,417.0,-4.12753293764988,879.0,-4.471816114903299,1155.0,-4.323028922077921,1227.0,-4.464626442542787,513.0,-4.158430955165692,775.0,-4.3196752,916.0,-4.462649017467249,285,3936,189.3994903564453,189.59323,dump_285.lammpstraj
dump_286.csv,87.0,-3.654232586206896,228.0,-3.729437061403509,268.0,-4.068909104477612,249.0,-3.905833574297189,265.0,-4.073723641509434,348.0,-3.8118340373563218,589.0,-4.135266544991511,528.0,-3.972767395833333,592.0,-4.136199831081081,804.0,-4.470904701492537,1028.0,-4.318455564202335,1114.0,-4.468016822262118,445.0,-4.154529078651685,707.0,-4.32069860678925,915.0,-4.469594923497268,286,1210,187.99288940429688,188.39679,dump_286.lammpstraj
dump_287.csv,79.0,-3.651819620253164,189.0,-3.721275185185185,251.0,-4.066809780876494,224.0,-3.905444955357143,250.0,-4.06602974,199.0,-3.7936370100502512,413.0,-4.124940992736077,392.0,-3.972202334183674,421.0,-4.125355534441805,946.0,-4.468952679704017,1200.0,-4.32317385,1300.0,-4.465027638461539,452.0,-4.167166128318584,711.0,-4.324086533052039,920.0,-4.462933092391304,287,3268,190.88873291015625,190.73114,dump_287.lammpstraj
dump_288.csv,326.0,-3.594835720858896,329.0,-3.6780050911854105,565.0,-4.017923876106195,542.0,-3.848035332103321,572.0,-4.019252019230769,109.0,-3.766811559633028,283.0,-4.095402915194347,270.0,-3.9362419629629626,283.0,-4.096660865724382,789.0,-4.437694923954373,1064.0,-4.279581682330827,1092.0,-4.430467161172161,583.0,-4.115379493996569,836.0,-4.282043116028708,826.0,-4.430373020581114,288,1934,184.1941680908203,183.50491,dump_288.lammpstraj
dump_289.csv,76.0,-3.646150592105263,169.0,-3.719241715976331,252.0,-4.065880416666667,228.0,-3.904595109649123,251.0,-4.064989561752988,183.0,-3.7968383879781418,387.0,-4.127026498708011,356.0,-3.9728815168539326,384.0,-4.1259136328125,980.0,-4.46848656632653,1233.0,-4.322163158961882,1357.0,-4.462659380987472,455.0,-4.163325241758242,710.0,-4.321112161971831,913.0,-4.46116,289,553,191.4373321533203,191.20862,dump_289.lammpstraj
dump_290.csv,227.0,-3.62602422907489,369.0,-3.705458360433605,448.0,-4.042810959821429,421.0,-3.871003942992874,458.0,-4.047021058951965,325.0,-3.7896515692307697,541.0,-4.114978789279113,511.0,-3.9515793052837576,554.0,-4.117951931407943,662.0,-4.445465445619336,871.0,-4.293401222732491,955.0,-4.444411513089005,456.0,-4.127516414473684,714.0,-4.29483637254902,937.0,-4.447571632870864,290,491,184.21774291992188,183.83072,dump_290.lammpstraj
dump_291.csv,58.0,-3.6385154310344814,134.0,-3.720479962686567,195.0,-4.066415153846154,183.0,-3.911080081967213,199.0,-4.066958668341709,161.0,-3.791303136645962,376.0,-4.128983577127659,346.0,-3.976842196531792,372.0,-4.1276850000000005,1011.0,-4.47699084569733,1287.0,-4.330517801087801,1391.0,-4.471206689432064,462.0,-4.171624826839827,717.0,-4.32840230125523,946.0,-4.4668977589852,291,2962,192.12657165527344,192.13354,dump_291.lammpstraj
dump_292.csv,69.0,-3.6579618115942014,216.0,-3.7374960416666654,237.0,-4.08101006329114,230.0,-3.910430326086957,237.0,-4.081772848101266,420.0,-3.815386642857143,648.0,-4.147920555555555,644.0,-3.9835277096273294,661.0,-4.149303214826022,722.0,-4.488892811634349,997.0,-4.332609262788365,1021.0,-4.483462375122429,597.0,-4.166816834170854,873.0,-4.33397235395189,827.0,-4.4847365175332525,292,2329,187.5444183349609,187.1345,dump_292.lammpstraj
dump_293.csv,265.0,-3.627158924528302,483.0,-3.714578281573499,433.0,-4.044316512702078,475.0,-3.868502221052632,499.0,-4.05564503006012,584.0,-3.8138298972602738,752.0,-4.128674215425532,820.0,-3.95680618902439,869.0,-4.134629551208286,349.0,-4.4526966618911175,564.0,-4.287716223404255,587.0,-4.454307827938671,569.0,-4.116570456942004,831.0,-4.2940405956678696,830.0,-4.460846668674699,293,2195,178.65626525878906,178.6222,dump_293.lammpstraj
dump_294.csv,91.0,-3.638724725274725,211.0,-3.712548151658768,281.0,-4.0605024199288255,259.0,-3.89917637065637,283.0,-4.063870530035336,158.0,-3.780858670886076,375.0,-4.11766552,349.0,-3.9600369484240687,375.0,-4.11948608,947.0,-4.466891061246041,1184.0,-4.316872166385135,1290.0,-4.462077775193798,445.0,-4.157592393258427,711.0,-4.315716082981716,920.0,-4.459067266304348,294,3064,190.20053100585932,190.0856,dump_294.lammpstraj
dump_295.csv,379.0,-3.599222625329816,613.0,-3.688899371941272,564.0,-4.016034618794326,578.0,-3.834072179930796,578.0,-4.0292540484429065,738.0,-3.794726226287263,975.0,-4.109367158974359,949.0,-3.934455516332982,969.0,-4.121759484004127,530.0,-4.426463820754718,728.0,-4.263015899725275,740.0,-4.431516986486487,459.0,-4.086347037037037,677.0,-4.271586056129985,509.0,-4.441478280943025,295,657,177.9705352783203,177.94781,dump_295.lammpstraj
dump_296.csv,77.0,-3.649016623376624,181.0,-3.721358425414365,227.0,-4.067726035242291,211.0,-3.904650616113744,227.0,-4.071881211453745,222.0,-3.801949121621621,445.0,-4.128673696629213,411.0,-3.973734708029197,442.0,-4.128444038461539,926.0,-4.4725921004319655,1184.0,-4.323486938344595,1290.0,-4.469141360465116,460.0,-4.167589391304348,712.0,-4.3257965168539325,936.0,-4.467570806623932,296,2374,191.1031646728516,190.84903,dump_296.lammpstraj
dump_297.csv,217.0,-3.624033087557604,368.0,-3.710166875,410.0,-4.051091853658536,421.0,-3.8746380166270784,434.0,-4.050817741935484,305.0,-3.800616409836065,510.0,-4.127808941176471,520.0,-3.955407932692308,544.0,-4.1288080698529415,550.0,-4.465426481818183,786.0,-4.303203167938931,825.0,-4.461638290909091,598.0,-4.128732491638797,883.0,-4.302829003397508,941.0,-4.460550175345377,297,2225,182.7120513916016,182.35817,dump_297.lammpstraj
dump_298.csv,56.0,-3.649584464285714,142.0,-3.722580809859155,197.0,-4.067024060913706,180.0,-3.9145474166666654,198.0,-4.069314343434344,164.0,-3.796840243902439,373.0,-4.126531581769437,347.0,-3.9731076801152736,371.0,-4.126582911051213,1006.0,-4.475662470178927,1251.0,-4.330153293365308,1388.0,-4.46896837536023,462.0,-4.176753852813853,714.0,-4.331026029411765,940.0,-4.467200675531915,298,4264,192.6566162109375,192.38428,dump_298.lammpstraj
dump_299.csv,489.0,-3.566613343558282,584.0,-3.6469998373287673,726.0,-3.986236308539945,693.0,-3.8123031385281374,736.0,-3.993350835597826,193.0,-3.74343652849741,404.0,-4.069814764851485,376.0,-3.901249534574468,409.0,-4.07746619804401,664.0,-4.405764246987951,874.0,-4.247332465675058,939.0,-4.405976565495207,448.0,-4.078923805803571,700.0,-4.2505246,828.0,-4.415167445652174,299,1170,179.35794067382812,180.0152,dump_299.lammpstraj
dump_300.csv,76.0,-3.65252677631579,178.0,-3.7240146348314607,257.0,-4.067764883268483,235.0,-3.9039651914893616,258.0,-4.066694244186047,209.0,-3.7965864832535887,425.0,-4.125919517647059,392.0,-3.970050905612245,429.0,-4.12661423076923,935.0,-4.469463347593583,1189.0,-4.319698317914214,1289.0,-4.4634208611326605,434.0,-4.159821405529954,704.0,-4.320662123579545,936.0,-4.461794663461538,300,132,190.3828125,190.31557,dump_300.lammpstraj
dump_301.csv,53.0,-3.639831509433962,143.0,-3.727333531468531,200.0,-4.070767475,185.0,-3.909387513513513,199.0,-4.071499422110553,174.0,-3.795171091954024,376.0,-4.127589920212766,351.0,-3.9754216096866095,379.0,-4.128475514511873,1003.0,-4.477704027916251,1278.0,-4.331826787949922,1380.0,-4.471098858695652,458.0,-4.173585131004367,715.0,-4.32895879020979,931.0,-4.467594382384532,301,471,192.3671722412109,192.3122,dump_301.lammpstraj
dump_302.csv,49.0,-3.632711734693877,129.0,-3.725976046511628,200.0,-4.07073035,185.0,-3.915483945945946,200.0,-4.069911149999999,177.0,-3.792334435028249,367.0,-4.127787125340599,331.0,-3.974304924471299,362.0,-4.127587748618784,1014.0,-4.474628895463511,1273.0,-4.329359320502749,1391.0,-4.470117631200575,473.0,-4.173744545454546,718.0,-4.329021873259053,939.0,-4.466383056443024,302,3225,192.1676177978516,192.28854,dump_302.lammpstraj
dump_303.csv,483.0,-3.558731283643892,632.0,-3.650801882911392,733.0,-3.98265534106412,680.0,-3.812989647058824,714.0,-3.9913023389355744,311.0,-3.762936125401929,547.0,-4.079091882998172,521.0,-3.916069049904032,526.0,-4.08805927756654,739.0,-4.4027367997293645,946.0,-4.2478092970401695,994.0,-4.405427580482898,460.0,-4.084060478260869,702.0,-4.2600058404558405,616.0,-4.416348790584416,303,1405,179.7141571044922,179.3493,dump_303.lammpstraj
dump_304.csv,108.0,-3.643733611111111,249.0,-3.725455923694779,286.0,-4.06523187062937,264.0,-3.902220189393939,289.0,-4.067230449826989,303.0,-3.802510643564356,542.0,-4.130474566420665,500.0,-3.97073285,548.0,-4.13182670620438,793.0,-4.466888915510719,1019.0,-4.3164900392541705,1117.0,-4.465535523724261,463.0,-4.157070950323974,713.0,-4.32006920056101,940.0,-4.465662308510638,304,2876,187.85955810546875,188.17032,dump_304.lammpstraj
dump_305.csv,226.0,-3.5991122345132744,334.0,-3.686296541916168,448.0,-4.023267310267857,405.0,-3.863119888888889,438.0,-4.031234714611872,190.0,-3.777175342105264,406.0,-4.100106243842364,364.0,-3.9489986263736254,401.0,-4.105955847880299,925.0,-4.440848756756757,1153.0,-4.291088577623591,1276.0,-4.439519984326019,451.0,-4.135164600886918,697.0,-4.300497431850789,796.0,-4.4434040452261305,305,4504,187.29364013671875,187.31573,dump_305.lammpstraj
dump_306.csv,214.0,-3.611555490654206,373.0,-3.6987122654155495,430.0,-4.034711965116279,395.0,-3.871555329113924,433.0,-4.04013019630485,336.0,-3.789909970238096,566.0,-4.114460097173145,528.0,-3.956303191287879,571.0,-4.120786558669002,788.0,-4.447241091370558,1012.0,-4.295630415019764,1106.0,-4.444803901446655,455.0,-4.134030263736264,699.0,-4.300690543633762,817.0,-4.448802405140759,306,4692,185.207748413086,185.72873,dump_306.lammpstraj
dump_307.csv,111.0,-3.6421924774774777,257.0,-3.719785603112841,295.0,-4.057465118644068,267.0,-3.89431904494382,294.0,-4.063128673469388,362.0,-3.798908522099448,605.0,-4.128268892561984,549.0,-3.967972149362477,598.0,-4.131148152173913,854.0,-4.465140702576113,1086.0,-4.31520861878453,1202.0,-4.463911805324459,467.0,-4.155026916488223,706.0,-4.320957032577904,814.0,-4.467218556511057,307,2826,188.3013916015625,188.4458,dump_307.lammpstraj
dump_308.csv,92.0,-3.621072608695653,191.0,-3.716112879581152,257.0,-4.061408365758755,235.0,-3.899181829787234,257.0,-4.064117159533074,200.0,-3.796052425,440.0,-4.124561897727273,405.0,-3.970958444444445,441.0,-4.126961757369615,952.0,-4.4684348897058825,1232.0,-4.321103441558441,1324.0,-4.465076423716012,449.0,-4.164184398663697,703.0,-4.323328762446657,897.0,-4.465420072463768,308,287,191.1322326660156,190.95712,dump_308.lammpstraj
dump_309.csv,86.0,-3.622245174418605,165.0,-3.711159151515152,250.0,-4.0562974,230.0,-3.899308913043478,249.0,-4.058159618473896,170.0,-3.793879588235294,385.0,-4.122613207792208,343.0,-3.96803638483965,381.0,-4.1252537139107615,1001.0,-4.466401418581419,1253.0,-4.319311524341581,1375.0,-4.461638010909091,451.0,-4.1620966518847,691.0,-4.319613921852388,913.0,-4.463125421686747,309,1869,190.79412841796875,191.2717,dump_309.lammpstraj
dump_310.csv,562.0,-3.559405222419929,809.0,-3.6458663040791097,810.0,-3.967836216049384,727.0,-3.7998843535075655,468.0,-3.9941167735042735,756.0,-3.75562640873016,1054.0,-4.067918282732448,923.0,-3.901540812567714,632.0,-4.089993900316456,850.0,-4.383340311764706,1038.0,-4.228587731213873,687.0,-4.3922154002911205,374.0,-4.061187459893048,361.0,-4.244947825484765,102.0,-4.406682352941177,310,3114,177.42295837402344,177.3996,dump_310.lammpstraj
dump_311.csv,272.0,-3.619614227941177,449.0,-3.6990052561247215,462.0,-4.042327045454545,501.0,-3.8633068163672655,506.0,-4.045105563241107,374.0,-3.798135360962567,562.0,-4.124379928825623,612.0,-3.951398276143791,623.0,-4.126791404494383,435.0,-4.455959034482759,690.0,-4.293256014492753,701.0,-4.453828109843082,677.0,-4.12209594534712,951.0,-4.299854074658255,836.0,-4.457988211722488,311,3625,179.76971435546875,180.02467,dump_311.lammpstraj
dump_312.csv,129.0,-3.642459108527132,284.0,-3.726297218309859,306.0,-4.059808790849673,293.0,-3.895959795221843,313.0,-4.068170638977636,462.0,-3.813707229437229,699.0,-4.137092782546495,663.0,-3.972928914027149,716.0,-4.142070279329609,674.0,-4.469122396142433,877.0,-4.314526641961232,959.0,-4.466962768508863,459.0,-4.145236557734204,716.0,-4.316249727653631,916.0,-4.469844486899564,312,2312,185.7711181640625,185.50067,dump_312.lammpstraj
dump_313.csv,286.0,-3.602939283216783,373.0,-3.677290469168901,513.0,-4.020157222222222,462.0,-3.857355508658008,500.0,-4.02214676,193.0,-3.771481269430052,403.0,-4.09439746898263,357.0,-3.936164047619048,398.0,-4.097846256281407,945.0,-4.432147312169312,1193.0,-4.283958445096396,1263.0,-4.431662161520189,448.0,-4.129503705357143,705.0,-4.292006432624114,721.0,-4.436786116504854,313,4923,186.1704559326172,185.8547,dump_313.lammpstraj
dump_314.csv,227.0,-3.609138788546256,309.0,-3.697299466019418,443.0,-4.031950485327314,402.0,-3.868483706467662,451.0,-4.039058702882484,183.0,-3.787940601092896,376.0,-4.108759414893617,346.0,-3.9487165751445086,384.0,-4.111756744791667,848.0,-4.443058985849056,1060.0,-4.290480320754717,1170.0,-4.441410508547008,456.0,-4.132641041666666,718.0,-4.294589603064067,904.0,-4.44193299778761,314,1618,186.42860412597656,186.75177,dump_314.lammpstraj
dump_315.csv,176.0,-3.618548125,275.0,-3.6917957636363634,368.0,-4.037449456521739,339.0,-3.878758687315634,360.0,-4.041411486111111,164.0,-3.779591402439024,374.0,-4.105200748663102,343.0,-3.951495728862974,369.0,-4.106839552845528,1030.0,-4.454310184466019,1286.0,-4.305415898133748,1378.0,-4.449677144412192,452.0,-4.14556488938053,705.0,-4.307736957446808,805.0,-4.451268397515528,315,994,189.6685791015625,189.2421,dump_315.lammpstraj
dump_316.csv,88.0,-3.6455173295454544,180.0,-3.724261361111111,258.0,-4.06491976744186,240.0,-3.9051095833333336,260.0,-4.065014807692307,182.0,-3.7956506868131865,389.0,-4.127227095115681,361.0,-3.9718606925207753,393.0,-4.125367582697201,947.0,-4.469455063357973,1227.0,-4.321063537082314,1311.0,-4.462977719298245,457.0,-4.163078577680525,722.0,-4.320424162049862,932.0,-4.45946587446352,316,1803,190.3826446533203,190.45467,dump_316.lammpstraj
dump_317.csv,118.0,-3.6663611016949154,289.0,-3.745599429065744,272.0,-4.067085735294118,246.0,-3.902293333333333,294.0,-4.081891700680273,726.0,-3.834084614325069,949.0,-4.144853682824025,864.0,-3.981981741898148,1013.0,-4.154527255676209,525.0,-4.460124019047619,688.0,-4.308093793604652,811.0,-4.466771226880395,315.0,-4.147143857142857,551.0,-4.317195263157895,937.0,-4.47460151547492,317,2642,184.81964111328125,184.69403,dump_317.lammpstraj
dump_318.csv,197.0,-3.613991827411168,307.0,-3.697062035830619,408.0,-4.038034142156863,377.0,-3.87574550397878,407.0,-4.039690085995086,181.0,-3.780083480662984,384.0,-4.108024947916666,356.0,-3.9465519943820224,391.0,-4.112094884910486,856.0,-4.447296255841121,1109.0,-4.299074075743913,1210.0,-4.446020652892562,439.0,-4.140238189066059,704.0,-4.301069737215909,899.0,-4.449825995550612,318,4802,187.3988494873047,187.64935,dump_318.lammpstraj
dump_319.csv,157.0,-3.630755477707006,300.0,-3.714605233333333,349.0,-4.0515595845272205,322.0,-3.887446972049689,360.0,-4.058895902777778,312.0,-3.798397355769231,542.0,-4.121107084870849,500.0,-3.96331106,549.0,-4.126490819672132,761.0,-4.457713074901445,977.0,-4.307260813715455,1072.0,-4.456671427238806,453.0,-4.14365110375276,708.0,-4.312763064971752,924.0,-4.457357478354979,319,3535,186.5653076171875,186.53085,dump_319.lammpstraj
dump_320.csv,84.0,-3.639042678571428,183.0,-3.72329650273224,240.0,-4.059262708333333,222.0,-3.9037336261261264,242.0,-4.063493780991736,213.0,-3.798585845070423,426.0,-4.128692112676056,389.0,-3.973075642673522,431.0,-4.129689524361949,933.0,-4.469950375133977,1192.0,-4.322776493288591,1316.0,-4.465420573708207,473.0,-4.168263594080338,714.0,-4.32475356442577,917.0,-4.4651183315158125,320,4831,190.9331970214844,190.8688,dump_320.lammpstraj
dump_321.csv,148.0,-3.635367736486486,240.0,-3.701515270833333,344.0,-4.04916324127907,316.0,-3.8875822310126575,349.0,-4.050383954154728,174.0,-3.787935143678161,385.0,-4.114718792207793,353.0,-3.958234603399433,383.0,-4.114639242819843,895.0,-4.456758418994413,1113.0,-4.306886365678347,1232.0,-4.453116030844156,464.0,-4.149825204741379,717.0,-4.3078283891213385,948.0,-4.452807468354431,321,3911,188.75228881835932,188.46875,dump_321.lammpstraj
dump_322.csv,437.0,-3.557679736842105,491.0,-3.644605967413442,695.0,-3.9904843884892087,684.0,-3.818885255847953,626.0,-3.996732819488818,168.0,-3.7551811607142858,380.0,-4.082067236842105,369.0,-3.915624336043361,344.0,-4.088494534883721,920.0,-4.42650777173913,1242.0,-4.263209420289855,1147.0,-4.42339697907585,673.0,-4.098703982169391,871.0,-4.2703079161882895,421.0,-4.431711092636579,322,2107,182.75376892089844,181.85995,dump_322.lammpstraj
dump_323.csv,184.0,-3.615150706521739,262.0,-3.69764929389313,388.0,-4.04138125,349.0,-3.8758412607449855,392.0,-4.042894132653061,172.0,-3.783168895348837,390.0,-4.1111070000000005,348.0,-3.951423721264368,386.0,-4.113658277202072,835.0,-4.45296225748503,1099.0,-4.302734872611465,1169.0,-4.448698738237811,467.0,-4.14535795503212,722.0,-4.303992610803324,932.0,-4.447469179184549,323,3044,187.5712890625,187.39845,dump_323.lammpstraj
dump_324.csv,75.0,-3.652130666666667,174.0,-3.7205578448275856,234.0,-4.071485405982906,210.0,-3.906162452380952,236.0,-4.0686398093220335,197.0,-3.792137233502538,400.0,-4.1229739375,359.0,-3.97053311977716,401.0,-4.125361284289276,989.0,-4.471158473205258,1246.0,-4.324269787319422,1354.0,-4.465319220827179,445.0,-4.172924382022472,699.0,-4.325335035765379,929.0,-4.463859122712594,324,416,191.535873413086,191.28726,dump_324.lammpstraj
dump_325.csv,128.0,-3.6536340625,285.0,-3.735275,284.0,-4.067434595070423,285.0,-3.89903752631579,298.0,-4.076212466442953,603.0,-3.829577396351575,818.0,-4.151373001222494,847.0,-3.9838582644628096,884.0,-4.157140752262444,508.0,-4.475022588582677,727.0,-4.318376348005502,778.0,-4.47597676092545,526.0,-4.148996093155893,773.0,-4.323671843467012,877.0,-4.481819424173319,325,977,184.1318817138672,184.00496,dump_325.lammpstraj
dump_326.csv,436.0,-3.5719952981651377,498.0,-3.656913975903615,658.0,-3.997967659574468,645.0,-3.823810364341085,668.0,-4.00209498502994,191.0,-3.7735143193717273,405.0,-4.093593506172839,402.0,-3.9228455970149256,409.0,-4.094930782396088,618.0,-4.4276225809061485,883.0,-4.265007904869762,893.0,-4.426384568868981,606.0,-4.096799348184819,870.0,-4.271352620689655,771.0,-4.430383761348898,326,2417,179.77500915527344,179.57298,dump_326.lammpstraj
dump_327.csv,226.0,-3.633852256637169,443.0,-3.716912855530474,442.0,-4.040839445701358,405.0,-3.87320262962963,417.0,-4.055184280575539,741.0,-3.8056618083670712,1029.0,-4.122693046647231,915.0,-3.958213726775956,957.0,-4.1327868338558,799.0,-4.443185100125157,1020.0,-4.287623818627451,1024.0,-4.446934111328125,388.0,-4.123982886597938,593.0,-4.297562639123102,447.0,-4.457602583892617,327,505,183.7129669189453,183.43533,dump_327.lammpstraj
dump_328.csv,443.0,-3.582779153498872,672.0,-3.6748107068452383,661.0,-3.994481807866869,604.0,-3.825563667218544,600.0,-4.017199724999999,746.0,-3.787612962466488,1031.0,-4.096822516973812,935.0,-3.928919219251337,948.0,-4.1159341508438825,621.0,-4.404998148148148,814.0,-4.248865239557739,826.0,-4.4148931476997575,386.0,-4.084996541450777,581.0,-4.264895154905336,429.0,-4.430273892773893,328,4152,178.16891479492188,178.16296,dump_328.lammpstraj
dump_329.csv,165.0,-3.629662424242425,274.0,-3.709358649635037,390.0,-4.047882897435898,354.0,-3.886606553672317,391.0,-4.051142966751918,187.0,-3.780861978609626,387.0,-4.112356304909561,360.0,-3.9548781388888887,386.0,-4.114015958549223,854.0,-4.453415169789227,1091.0,-4.302260417048579,1171.0,-4.449157924850555,468.0,-4.142332393162393,717.0,-4.304019149232915,942.0,-4.447487892781316,329,4255,187.51205444335932,187.36893,dump_329.lammpstraj
dump_330.csv,82.0,-3.648483902439025,227.0,-3.732701079295154,253.0,-4.068483083003953,230.0,-3.906342043478261,246.0,-4.072366686991869,458.0,-3.80972980349345,715.0,-4.136661552447553,654.0,-3.981627874617737,699.0,-4.140745379113018,939.0,-4.471137188498402,1189.0,-4.3232513372582,1268.0,-4.470447168769716,452.0,-4.163974623893806,695.0,-4.326156079136691,704.0,-4.473178927556818,330,3941,189.30099487304688,189.17357,dump_330.lammpstraj
dump_331.csv,252.0,-3.615637718253968,409.0,-3.701435061124695,470.0,-4.032991,435.0,-3.868055275862069,476.0,-4.04162875,389.0,-3.796602442159383,623.0,-4.119445658105938,591.0,-3.9549693231810488,625.0,-4.123055864,705.0,-4.446278624113475,970.0,-4.28948237628866,1008.0,-4.4458673412698415,508.0,-4.130355580708661,783.0,-4.298503652618136,717.0,-4.451249121338912,331,414,183.7088623046875,183.73605,dump_331.lammpstraj
dump_332.csv,57.0,-3.6457173684210527,153.0,-3.723298888888889,197.0,-4.071036243654822,174.0,-3.913549396551724,199.0,-4.068408065326633,179.0,-3.796451592178771,378.0,-4.128331018518519,348.0,-3.974591709770115,377.0,-4.126131445623342,995.0,-4.47635420603015,1282.0,-4.333322710608424,1385.0,-4.470020660649819,459.0,-4.177966623093682,711.0,-4.32934782700422,942.0,-4.466669267515924,332,4148,192.29331970214844,192.17673,dump_332.lammpstraj
dump_333.csv,292.0,-3.6013928767123287,375.0,-3.6819940133333335,505.0,-4.022357891089109,466.0,-3.86004482832618,517.0,-4.028739835589942,201.0,-3.778685497512438,412.0,-4.099980327669903,385.0,-3.937261675324676,420.0,-4.102450857142857,724.0,-4.4345536187845305,928.0,-4.28264927262931,1042.0,-4.433902365642994,460.0,-4.121515173913044,712.0,-4.289291762640449,917.0,-4.436159171210469,333,1183,183.91180419921875,184.08142,dump_333.lammpstraj
dump_334.csv,133.0,-3.633736541353384,234.0,-3.702731623931624,319.0,-4.050897648902821,302.0,-3.890994420529801,318.0,-4.052720440251573,168.0,-3.783215773809524,383.0,-4.114635835509138,343.0,-3.958886865889213,381.0,-4.115865433070866,991.0,-4.46018934914228,1247.0,-4.310897898957498,1347.0,-4.454801685226429,442.0,-4.1537744909502266,703.0,-4.310663613086771,861.0,-4.456363443670151,334,485,190.232650756836,190.24644,dump_334.lammpstraj
dump_335.csv,245.0,-3.630326163265306,442.0,-3.707347997737557,448.0,-4.043779352678572,451.0,-3.8707753325942353,469.0,-4.051609115138593,475.0,-3.7982185157894737,703.0,-4.121918143669986,707.0,-3.9545601485148514,742.0,-4.129989905660377,542.0,-4.451133966789668,765.0,-4.291291444444444,809.0,-4.45376043263288,541.0,-4.121386293900184,790.0,-4.298143886075949,813.0,-4.460315947109471,335,893,181.44775390625,181.6818,dump_335.lammpstraj
dump_336.csv,292.0,-3.5901646575342467,430.0,-3.673174488372093,529.0,-4.017942646502836,484.0,-3.854520991735537,527.0,-4.02401275142315,197.0,-3.763517157360406,423.0,-4.093244089834515,400.0,-3.9298638625,423.0,-4.098534125295509,799.0,-4.431138867334168,1025.0,-4.279899692682927,1119.0,-4.432189718498659,451.0,-4.118913281596452,705.0,-4.286535992907801,842.0,-4.437060403800476,336,805,184.3777008056641,184.5321,dump_336.lammpstraj
dump_337.csv,138.0,-3.626546956521739,323.0,-3.716773715170279,344.0,-4.058077340116279,340.0,-3.8894159852941175,322.0,-4.064022717391304,465.0,-3.8009072903225807,717.0,-4.132569044630404,692.0,-3.96861549132948,642.0,-4.137923146417445,942.0,-4.468393535031847,1232.0,-4.314402102272728,1178.0,-4.468193115449916,618.0,-4.150774174757282,817.0,-4.320922270501836,459.0,-4.470103877995643,337,555,186.95523071289065,186.9107,dump_337.lammpstraj
dump_338.csv,424.0,-3.5760212735849053,527.0,-3.660676451612903,673.0,-3.995985364041605,652.0,-3.8263077607361966,655.0,-4.004519633587786,227.0,-3.760233876651984,441.0,-4.085315419501134,433.0,-3.921916801385681,439.0,-4.093726708428246,766.0,-4.418184190600522,1021.0,-4.261389162585701,1014.0,-4.420739561143985,585.0,-4.094900205128205,835.0,-4.2719223233532935,633.0,-4.426692251184834,338,3825,180.80381774902344,180.89166,dump_338.lammpstraj
dump_339.csv,45.0,-3.630536333333333,138.0,-3.72719213768116,198.0,-4.070398131313132,190.0,-3.911968736842105,199.0,-4.069443040201005,175.0,-3.793970257142857,377.0,-4.128425649867374,339.0,-3.973214262536873,378.0,-4.130569206349207,1005.0,-4.47591660199005,1280.0,-4.32825220703125,1383.0,-4.470482845263919,459.0,-4.171734357298475,719.0,-4.328455319888735,934.0,-4.46920568522484,339,1197,192.5003662109375,192.24942,dump_339.lammpstraj
dump_340.csv,202.0,-3.608915024752476,367.0,-3.699692970027248,403.0,-4.036643225806452,379.0,-3.872660963060686,381.0,-4.044505918635171,450.0,-3.797256811111111,702.0,-4.121184252136752,658.0,-3.9641944984802433,654.0,-4.128211712538226,949.0,-4.456534014752371,1215.0,-4.303864423868313,1213.0,-4.455625028854081,562.0,-4.1423456227758,752.0,-4.309400498670213,486.0,-4.46228621399177,340,4253,186.5145568847656,186.4462,dump_340.lammpstraj
dump_341.csv,70.0,-3.664568000000001,220.0,-3.737886295454545,239.0,-4.074742656903766,229.0,-3.912750065502184,243.0,-4.078041728395062,381.0,-3.8161379790026246,619.0,-4.138743424878837,566.0,-3.97858593639576,632.0,-4.144053496835443,782.0,-4.473007851662404,1027.0,-4.320069980525804,1100.0,-4.471337090909091,457.0,-4.156423894967177,704.0,-4.32452265625,933.0,-4.475803327974276,341,4058,188.43734741210932,188.49979,dump_341.lammpstraj
dump_342.csv,52.0,-3.662236538461538,140.0,-3.725384535714286,200.0,-4.073486825,183.0,-3.915998579234973,200.0,-4.0708649,167.0,-3.797036107784432,375.0,-4.129049973333333,342.0,-3.974755467836257,370.0,-4.126627783783784,1014.0,-4.474544467455621,1274.0,-4.329846809262167,1385.0,-4.469625490974729,464.0,-4.175182898706897,715.0,-4.330632839160839,934.0,-4.46773096359743,342,1293,192.3002471923828,192.40744,dump_342.lammpstraj
dump_343.csv,235.0,-3.608990361702128,347.0,-3.684081786743516,459.0,-4.027916492374728,429.0,-3.871509067599068,456.0,-4.036121469298245,196.0,-3.767136096938775,407.0,-4.096623673218674,366.0,-3.9405425956284152,401.0,-4.103302431421446,920.0,-4.439813842391304,1199.0,-4.290553940783987,1276.0,-4.4392458150470215,453.0,-4.131156059602649,704.0,-4.295724403409091,778.0,-4.443157827763496,343,2221,186.638427734375,186.97534,dump_343.lammpstraj
dump_344.csv,337.0,-3.573737077151335,493.0,-3.6625644320486814,579.0,-4.004309352331607,524.0,-3.840084570610687,542.0,-4.011829880073801,300.0,-3.767403366666666,541.0,-4.091599140480592,496.0,-3.931004254032258,523.0,-4.098604674952199,944.0,-4.428964348516949,1200.0,-4.274916475,1243.0,-4.428207063555913,464.0,-4.112750581896552,672.0,-4.279814598214285,571.0,-4.431508082311733,344,3504,184.4729156494141,184.53342,dump_344.lammpstraj
dump_345.csv,103.0,-3.636772038834952,225.0,-3.7141048,290.0,-4.064778534482759,276.0,-3.899281992753623,282.0,-4.065048244680852,213.0,-3.794998051643192,424.0,-4.133343396226415,407.0,-3.9726220270270254,416.0,-4.133274122596154,934.0,-4.482346440042827,1262.0,-4.328744477020602,1264.0,-4.478019750791139,722.0,-4.16847398199446,993.0,-4.330122678751259,658.0,-4.4747730091185405,345,3654,188.9975128173828,188.6728,dump_345.lammpstraj
dump_346.csv,208.0,-3.6143840144230768,307.0,-3.692495439739413,425.0,-4.038438611764706,394.0,-3.8743534517766496,417.0,-4.0398013189448445,198.0,-3.778819898989899,421.0,-4.106928562945368,395.0,-3.9499104683544304,417.0,-4.109154868105516,915.0,-4.45018912568306,1195.0,-4.30026819665272,1265.0,-4.445917541501976,508.0,-4.142222962598425,764.0,-4.303461263089005,737.0,-4.447907245590231,346,4758,187.4082489013672,187.12921,dump_346.lammpstraj
dump_347.csv,92.0,-3.647712880434783,193.0,-3.713801139896373,257.0,-4.060876614785992,238.0,-3.9000534663865545,255.0,-4.059838254901961,193.0,-3.7937082642487048,396.0,-4.122918712121212,371.0,-3.970175067385445,391.0,-4.12430047314578,981.0,-4.469161452599388,1242.0,-4.320379444444444,1334.0,-4.463701611694153,448.0,-4.162160200892857,710.0,-4.319949133802817,900.0,-4.461789933333334,347,3006,190.7242584228516,190.7782,dump_347.lammpstraj
dump_348.csv,131.0,-3.6276823664122135,222.0,-3.7068157207207206,303.0,-4.055232887788779,296.0,-3.889634949324324,308.0,-4.051621866883117,203.0,-3.8010429556650247,408.0,-4.128214730392156,392.0,-3.968322716836735,410.0,-4.125273597560976,855.0,-4.469193,1125.0,-4.318651533333333,1203.0,-4.463471679135495,484.0,-4.151392747933884,768.0,-4.31519728515625,913.0,-4.463263674698795,348,2093,188.53765869140625,188.88951,dump_348.lammpstraj
dump_349.csv,43.0,-3.659118488372093,156.0,-3.725985416666667,200.0,-4.0724354,178.0,-3.916404634831461,198.0,-4.075321590909091,173.0,-3.793177687861272,393.0,-4.127331157760814,357.0,-3.9744478851540617,391.0,-4.127300434782609,1001.0,-4.472913006993006,1259.0,-4.330579686258935,1384.0,-4.46905210982659,476.0,-4.173715346638656,715.0,-4.331463601398601,918.0,-4.470210855119825,349,2187,192.4332733154297,192.10138,dump_349.lammpstraj
dump_350.csv,166.0,-3.6440902710843375,380.0,-3.724402434210526,380.0,-4.047779236842105,305.0,-3.8853695081967214,348.0,-4.0660656178160925,821.0,-3.812383252131547,1142.0,-4.124358274956217,891.0,-3.963547199775533,1073.0,-4.140933243243244,860.0,-4.437084331395349,958.0,-4.293290464509395,1124.0,-4.447932651245552,252.0,-4.125856547619048,428.0,-4.301252955607477,501.0,-4.463219710578842,350,3036,185.5562286376953,185.84903,dump_350.lammpstraj
dump_351.csv,99.0,-3.64878702020202,277.0,-3.732901570397112,284.0,-4.06484559859155,265.0,-3.899454452830189,290.0,-4.071915775862069,441.0,-3.810459988662132,687.0,-4.133079737991267,616.0,-3.9706684821428575,691.0,-4.137578089725036,752.0,-4.466312406914893,950.0,-4.31578995263158,1062.0,-4.464203418079095,392.0,-4.153259464285714,652.0,-4.31761773006135,906.0,-4.468674944812362,351,3918,187.3967742919922,187.30801,dump_351.lammpstraj
dump_352.csv,240.0,-3.607614395833333,347.0,-3.685468227665706,466.0,-4.029818261802575,437.0,-3.8631813157894737,455.0,-4.030864824175824,214.0,-3.777896939252337,417.0,-4.103569424460432,381.0,-3.9457977034120737,410.0,-4.107419975609756,908.0,-4.446606112334802,1168.0,-4.2909376369863015,1248.0,-4.443104194711538,494.0,-4.128776619433198,735.0,-4.293061333333333,757.0,-4.441666875825628,352,1272,186.6711578369141,186.48798,dump_352.lammpstraj
dump_353.csv,75.0,-3.640861266666666,180.0,-3.714560305555556,249.0,-4.063846887550201,220.0,-3.909429522727272,248.0,-4.065108487903226,176.0,-3.789690625,373.0,-4.121632211796247,330.0,-3.966952681818182,374.0,-4.119742994652406,986.0,-4.469062814401623,1227.0,-4.322876943765281,1361.0,-4.4642805143277,461.0,-4.168583297180043,706.0,-4.323870339943342,928.0,-4.460863588362069,353,290,191.22120666503903,190.95375,dump_353.lammpstraj
dump_354.csv,63.0,-3.633748968253968,166.0,-3.719419246987952,202.0,-4.068054579207921,188.0,-3.9128117819148938,203.0,-4.068110221674877,251.0,-3.803341434262948,462.0,-4.135010335497835,414.0,-3.9796970410628014,460.0,-4.134301826086957,935.0,-4.477865834224598,1185.0,-4.329230257383967,1288.0,-4.472662480590063,451.0,-4.174507305986696,716.0,-4.3312910125698325,940.0,-4.470660595744682,354,4827,191.2500762939453,191.41452,dump_354.lammpstraj
dump_355.csv,53.0,-3.6600329245283016,128.0,-3.7288637890625,199.0,-4.073537311557788,181.0,-3.912846574585636,200.0,-4.0740793,168.0,-3.796920446428572,367.0,-4.125226621253407,334.0,-3.974737769461078,366.0,-4.128592663934426,1001.0,-4.474433546453547,1264.0,-4.329528247626582,1387.0,-4.468844329488104,462.0,-4.1764840692640695,715.0,-4.331400258741259,946.0,-4.466197584566595,355,252,192.3925170898437,192.17162,dump_355.lammpstraj
dump_356.csv,330.0,-3.609330742424242,574.0,-3.694212526132404,569.0,-4.018867021089631,527.0,-3.851583586337761,533.0,-4.039602767354597,676.0,-3.79513925295858,948.0,-4.106745084388185,902.0,-3.941050421286031,916.0,-4.123429688864629,679.0,-4.422929359351988,890.0,-4.267587016853933,877.0,-4.430459794754846,425.0,-4.098543341176471,628.0,-4.279445740445859,475.0,-4.446492789473685,356,3245,180.7412567138672,180.12375,dump_356.lammpstraj
dump_357.csv,87.0,-3.626338333333333,184.0,-3.711042717391305,246.0,-4.057150386178861,210.0,-3.899379119047619,243.0,-4.059074259259259,166.0,-3.7949602108433735,388.0,-4.12100905927835,353.0,-3.970746699716714,389.0,-4.122247416452442,987.0,-4.469233839918946,1219.0,-4.324615258408532,1353.0,-4.463678555062823,454.0,-4.169506266519823,704.0,-4.325382933238637,918.0,-4.4614199673202615,357,350,191.1725006103516,191.20667,dump_357.lammpstraj
dump_358.csv,178.0,-3.6219873314606734,293.0,-3.700262866894198,393.0,-4.042849669211195,361.0,-3.882651828254848,389.0,-4.045710411311054,200.0,-3.78258455,415.0,-4.114159132530121,377.0,-3.9506794297082224,410.0,-4.113956304878049,936.0,-4.453962938034188,1205.0,-4.303546634854771,1269.0,-4.450805449172576,516.0,-4.1412385174418604,759.0,-4.304632720685111,758.0,-4.451392381266491,358,1187,187.7650146484375,187.78331,dump_358.lammpstraj
dump_359.csv,155.0,-3.6385111935483874,325.0,-3.713404169230769,367.0,-4.051952942779292,335.0,-3.886817373134329,347.0,-4.058229726224784,410.0,-3.797250719512195,666.0,-4.122493836336337,618.0,-3.965471229773463,637.0,-4.130522849293564,938.0,-4.457030031982942,1193.0,-4.305433344509639,1214.0,-4.4575206054365735,517.0,-4.145460764023211,729.0,-4.31280036351166,610.0,-4.461897573770492,359,1961,187.4315795898437,187.32861,dump_359.lammpstraj
dump_360.csv,74.0,-3.653421081081081,214.0,-3.734982219626168,254.0,-4.069212992125984,232.0,-3.909485646551724,251.0,-4.075356374501992,393.0,-3.804496081424936,622.0,-4.133547789389068,564.0,-3.9756797163120567,608.0,-4.135358832236842,975.0,-4.471725723076923,1228.0,-4.322818802931596,1307.0,-4.468541557000766,444.0,-4.16587652027027,694.0,-4.326065007204611,740.0,-4.469799141891892,360,422,189.77554321289065,190.29935,dump_360.lammpstraj
dump_361.csv,294.0,-3.5998900680272112,406.0,-3.6763252586206896,533.0,-4.01440894934334,494.0,-3.854512115384616,526.0,-4.022164876425856,192.0,-3.7632562760416666,414.0,-4.090830338164251,390.0,-3.929984,405.0,-4.095596493827161,938.0,-4.43318882196162,1194.0,-4.280719744556114,1270.0,-4.430451795275591,450.0,-4.116004577777778,704.0,-4.283069921875001,721.0,-4.4330080651872406,361,90,185.4632110595703,185.58148,dump_361.lammpstraj
dump_362.csv,88.0,-3.648100568181818,217.0,-3.720709078341014,267.0,-4.0681479400749065,243.0,-3.9047190946502055,271.0,-4.068047896678968,234.0,-3.793719615384616,457.0,-4.125466301969365,432.0,-3.966124930555556,464.0,-4.124213642241379,894.0,-4.467065548098434,1131.0,-4.317832577365164,1244.0,-4.462791173633441,454.0,-4.157510660792951,695.0,-4.319180841726618,951.0,-4.463459337539432,362,3729,189.7614898681641,189.82246,dump_362.lammpstraj
dump_363.csv,485.0,-3.5653801134020617,605.0,-3.6519906528925614,727.0,-3.979996918844568,682.0,-3.8088517521994136,735.0,-3.989951455782313,272.0,-3.761727481617647,489.0,-4.080506359918201,464.0,-3.914916476293104,494.0,-4.087674271255061,708.0,-4.406284088983051,928.0,-4.250091045258621,1003.0,-4.406180503489532,428.0,-4.082473446261682,672.0,-4.257312782738095,715.0,-4.412224517482517,363,2236,179.7939910888672,180.16104,dump_363.lammpstraj
dump_364.csv,403.0,-3.5709643052109183,545.0,-3.65475509174312,634.0,-3.994382547318612,577.0,-3.83047863084922,596.0,-4.00392505033557,315.0,-3.763052126984127,558.0,-4.082945510752688,511.0,-3.925252172211352,527.0,-4.09296665085389,912.0,-4.418048859649123,1138.0,-4.2695886950790864,1192.0,-4.419821673657718,457.0,-4.108080459518599,667.0,-4.277364775112444,536.0,-4.429534402985074,364,670,182.7601623535156,183.116,dump_364.lammpstraj
dump_365.csv,282.0,-3.617962960992908,505.0,-3.705317465346535,505.0,-4.026878158415841,403.0,-3.865556935483871,473.0,-4.041728847780127,790.0,-3.803511405063291,1097.0,-4.113667456700091,917.0,-3.952552475463468,1052.0,-4.129995223384031,704.0,-4.42659828125,816.0,-4.277942383578432,960.0,-4.432708286458333,326.0,-4.114477929447853,505.0,-4.287904079207921,515.0,-4.446667126213592,365,3040,181.9315643310547,182.03091,dump_365.lammpstraj
dump_366.csv,77.0,-3.625928246753247,219.0,-3.730044566210046,237.0,-4.070227299578059,229.0,-3.9048839082969433,218.0,-4.076837844036697,444.0,-3.8140590990991,695.0,-4.149024784172662,679.0,-3.9855333431516935,664.0,-4.153584231927711,912.0,-4.492173300438596,1219.0,-4.333836796554553,1177.0,-4.489283954970263,674.0,-4.168473516320474,931.0,-4.337506648764769,546.0,-4.490437673992674,366,26,188.5904235839844,188.27823,dump_366.lammpstraj
dump_367.csv,251.0,-3.603785916334661,351.0,-3.68725896011396,473.0,-4.02743198731501,446.0,-3.864584293721973,474.0,-4.032954894514768,190.0,-3.774165157894737,405.0,-4.105693469135803,389.0,-3.944386298200514,401.0,-4.1058067082294265,891.0,-4.446448698092032,1140.0,-4.293947390350877,1192.0,-4.441438745805369,536.0,-4.131348097014925,797.0,-4.294646900878294,737.0,-4.443831553595658,367,429,186.03677368164065,185.64578,dump_367.lammpstraj
dump_368.csv,97.0,-3.643454020618557,215.0,-3.7186552558139536,275.0,-4.061374436363637,253.0,-3.904282509881423,278.0,-4.064057446043166,228.0,-3.798003947368421,438.0,-4.125613059360731,404.0,-3.97047650990099,439.0,-4.124510318906606,908.0,-4.468077494493392,1157.0,-4.32276165514261,1250.0,-4.463937868,459.0,-4.159953638344226,705.0,-4.322418829787234,935.0,-4.458765427807487,368,683,189.9585723876953,189.79236,dump_368.lammpstraj
dump_369.csv,219.0,-3.608990821917808,329.0,-3.6889200911854094,440.0,-4.035928625,416.0,-3.8710367067307696,431.0,-4.039247482598608,204.0,-3.7800282843137256,411.0,-4.109136265206813,386.0,-3.952608329015544,406.0,-4.110319150246306,942.0,-4.452761173036093,1226.0,-4.299990717781403,1258.0,-4.4498028418124,584.0,-4.142415607876712,829.0,-4.303668021712907,657.0,-4.450544086757991,369,4463,186.73670959472656,186.67117,dump_369.lammpstraj
dump_370.csv,234.0,-3.624673696581196,390.0,-3.702123448717949,424.0,-4.037590495283019,397.0,-3.872474559193954,434.0,-4.042494711981567,386.0,-3.7985247797927455,607.0,-4.123887364085667,564.0,-3.95517094858156,624.0,-4.124996282051282,643.0,-4.44824199066874,829.0,-4.294154077201448,912.0,-4.44712975877193,470.0,-4.126996265957447,708.0,-4.301914300847458,924.0,-4.453467229437229,370,3945,183.83790588378903,183.32758,dump_370.lammpstraj
dump_371.csv,69.0,-3.646707971014493,197.0,-3.7266493401015226,233.0,-4.072864034334764,208.0,-3.913543245192308,227.0,-4.075498678414097,347.0,-3.805057247838617,599.0,-4.132080934891486,554.0,-3.979014918772563,594.0,-4.138453703703704,1006.0,-4.472066143141153,1263.0,-4.32554148456057,1345.0,-4.471405680297398,458.0,-4.168668755458516,710.0,-4.330009718309859,729.0,-4.473442448559671,371,3523,190.9481811523437,190.66043,dump_371.lammpstraj
dump_372.csv,509.0,-3.565123172888016,568.0,-3.6466402816901407,767.0,-3.978603428943938,709.0,-3.810727009873061,747.0,-3.989363005354752,191.0,-3.748859895287958,398.0,-4.068618555276382,364.0,-3.903143722527472,392.0,-4.075159298469388,749.0,-4.402815453938585,971.0,-4.245532595262616,1037.0,-4.401397352941177,457.0,-4.078126641137856,694.0,-4.252243609510087,701.0,-4.4097962624821685,372,1541,180.2577209472656,180.11116,dump_372.lammpstraj
dump_373.csv,329.0,-3.5886875075987845,393.0,-3.669148002544529,562.0,-4.012731886120996,516.0,-3.844786453488372,541.0,-4.019967199630314,190.0,-3.762335894736842,386.0,-4.09325,352.0,-3.9326785227272727,377.0,-4.0980704641909815,888.0,-4.432006756756756,1163.0,-4.277578495270852,1184.0,-4.430922086148649,526.0,-4.119604638783271,769.0,-4.282673550065019,685.0,-4.435713167883211,373,2031,184.60272216796875,184.57803,dump_373.lammpstraj
dump_374.csv,335.0,-3.5887796119402986,528.0,-3.6758092045454553,587.0,-4.021273117546849,589.0,-3.8452176740237687,479.0,-4.028055762004176,349.0,-3.778251604584527,615.0,-4.107774658536585,607.0,-3.93840039538715,479.0,-4.114850709812108,825.0,-4.449105430303031,1137.0,-4.283929665787159,882.0,-4.446487001133787,816.0,-4.112675980392157,927.0,-4.291116801510248,235.0,-4.448245,374,2232,181.6644897460937,181.37347,dump_374.lammpstraj
dump_375.csv,229.0,-3.604779410480349,303.0,-3.6984004620462048,452.0,-4.02975796460177,406.0,-3.8692201477832513,449.0,-4.032057817371938,180.0,-3.778886361111111,367.0,-4.104491321525885,338.0,-3.947851775147929,370.0,-4.1068373108108105,854.0,-4.442440380562061,1094.0,-4.292427801645338,1195.0,-4.439225062761507,442.0,-4.13100100678733,696.0,-4.293559791666667,900.0,-4.439719972222222,375,4120,186.663330078125,186.32181,dump_375.lammpstraj
dump_376.csv,98.0,-3.63312306122449,194.0,-3.7163686597938144,289.0,-4.059105380622837,264.0,-3.9008677083333336,286.0,-4.062644667832168,190.0,-3.792734184210527,405.0,-4.122597111111111,358.0,-3.966733240223464,402.0,-4.1252362189054725,942.0,-4.463495875796179,1189.0,-4.316208805719092,1288.0,-4.460342713509316,459.0,-4.161044989106754,714.0,-4.317907303921569,927.0,-4.460225625674218,376,3235,190.36903381347656,189.89493,dump_376.lammpstraj
dump_377.csv,150.0,-3.6157777333333336,207.0,-3.7006974396135264,310.0,-4.040336838709678,278.0,-3.882627517985611,312.0,-4.039839615384615,188.0,-3.7921064893617022,397.0,-4.121364408060454,364.0,-3.964208942307692,391.0,-4.121710754475704,979.0,-4.461074713993871,1199.0,-4.315366434528774,1343.0,-4.456238153387937,468.0,-4.156689893162393,712.0,-4.314666762640449,849.0,-4.4558782803298,377,254,190.0165252685547,189.93274,dump_377.lammpstraj
dump_378.csv,120.0,-3.6332570416666665,228.0,-3.711750043859649,309.0,-4.055517766990291,286.0,-3.894869667832168,306.0,-4.057466209150327,209.0,-3.79491990430622,431.0,-4.122993805104408,397.0,-3.968252607052897,434.0,-4.123372016129032,942.0,-4.4626098619957535,1179.0,-4.313192561492791,1286.0,-4.456909599533438,453.0,-4.155706258278146,711.0,-4.316642791842476,886.0,-4.459408177200903,378,1029,189.8070831298828,189.45175,dump_378.lammpstraj
dump_379.csv,49.0,-3.6538332653061225,160.0,-3.72756484375,200.0,-4.0719632,182.0,-3.91648401098901,199.0,-4.073203467336684,174.0,-3.794964482758621,380.0,-4.126844315789474,346.0,-3.972227471098266,382.0,-4.126756047120419,1004.0,-4.4758714292828685,1294.0,-4.329670653013911,1394.0,-4.470324447632711,461.0,-4.174793839479393,720.0,-4.329884951388889,933.0,-4.467162979635583,379,4392,192.48648071289065,192.32898,dump_379.lammpstraj
dump_380.csv,60.0,-3.669445416666667,214.0,-3.762811845794392,203.0,-4.094492413793104,208.0,-3.9146836778846152,204.0,-4.101720318627451,789.0,-3.850515785804817,1067.0,-4.172689175257732,1095.0,-3.9992974931506846,1089.0,-4.180711974288338,522.0,-4.499326858237548,778.0,-4.334086670951157,765.0,-4.499694450980392,671.0,-4.161132690014903,924.0,-4.341066179653679,585.0,-4.50413035042735,380,3800,184.4741668701172,184.43408,dump_380.lammpstraj
dump_381.csv,353.0,-3.6045531728045326,551.0,-3.6830069691470055,561.0,-4.010923155080215,473.0,-3.84299521141649,582.0,-4.021811572164949,525.0,-3.7843454285714286,775.0,-4.096763077419355,629.0,-3.932940294117647,787.0,-4.107059942820839,669.0,-4.417374678624813,779.0,-4.264647650834403,961.0,-4.420563225806451,262.0,-4.089889923664122,473.0,-4.268235623678647,822.0,-4.429673035279806,381,4310,181.7048797607422,181.69154,dump_381.lammpstraj
dump_382.csv,117.0,-3.625870512820513,277.0,-3.7309926534296034,279.0,-4.069962365591398,284.0,-3.894597429577465,283.0,-4.076589575971732,585.0,-3.829149717948718,827.0,-4.157223349455864,838.0,-3.986559164677804,835.0,-4.161669239520958,605.0,-4.489869743801653,873.0,-4.327372336769759,867.0,-4.488109129181084,702.0,-4.154036787749288,966.0,-4.329531754658386,629.0,-4.48692120826709,382,2509,184.3219757080078,184.08641,dump_382.lammpstraj
dump_383.csv,94.0,-3.6414481914893617,231.0,-3.725210541125541,262.0,-4.064975896946565,242.0,-3.8974338223140497,265.0,-4.070414716981133,380.0,-3.812649657894736,628.0,-4.136148200636942,566.0,-3.977884028268551,634.0,-4.1398063170347,757.0,-4.473952404227212,997.0,-4.320359819458375,1077.0,-4.470400102135561,459.0,-4.160153333333334,711.0,-4.323830007032349,907.0,-4.47312065600882,383,2292,187.8392791748047,187.97185,dump_383.lammpstraj
dump_384.csv,60.0,-3.6304261666666666,140.0,-3.7198865,200.0,-4.0645504,181.0,-3.906594502762431,197.0,-4.06298616751269,191.0,-3.7971332460732974,377.0,-4.131705968169761,341.0,-3.978227653958944,377.0,-4.131393793103449,1019.0,-4.473962767419039,1255.0,-4.329643928286853,1388.0,-4.467274157060519,468.0,-4.1749583333333335,711.0,-4.330404592123769,927.0,-4.467219590075512,384,1323,192.40802001953125,192.51639,dump_384.lammpstraj
dump_385.csv,497.0,-3.5542282897384307,646.0,-3.640945758513932,742.0,-3.988058989218329,744.0,-3.8115233736559135,565.0,-3.9982015044247774,348.0,-3.75530132183908,579.0,-4.091133246977547,574.0,-3.915559233449477,421.0,-4.093442648456057,790.0,-4.427713841772152,1088.0,-4.26126296875,781.0,-4.42928152368758,804.0,-4.08926743159204,830.0,-4.272029656626506,187.0,-4.43989320855615,385,1550,178.48477172851562,178.73509,dump_385.lammpstraj
dump_386.csv,44.0,-3.658145,141.0,-3.729843971631206,200.0,-4.074356625,181.0,-3.923306408839779,198.0,-4.074054065656566,160.0,-3.79733309375,357.0,-4.1287457563025205,333.0,-3.975198603603604,358.0,-4.128728603351956,1010.0,-4.474732747524753,1276.0,-4.331983048589342,1391.0,-4.468158058950396,469.0,-4.175978923240938,720.0,-4.330550673611112,952.0,-4.466945514705882,386,4647,192.41769409179688,192.34692,dump_386.lammpstraj
dump_387.csv,125.0,-3.6458688,306.0,-3.741923545751634,286.0,-4.074304090909092,312.0,-3.899165416666667,319.0,-4.080391990595611,612.0,-3.835134158496732,819.0,-4.156733534798534,873.0,-3.9808367182130575,897.0,-4.160290713489409,402.0,-4.482106094527363,628.0,-4.32055048566879,647.0,-4.479981190108192,600.0,-4.142900275000001,875.0,-4.322659297142857,869.0,-4.483367721518987,387,315,182.0316619873047,182.16138,dump_387.lammpstraj
dump_388.csv,359.0,-3.594995710306407,523.0,-3.679084674952199,577.0,-4.022580485268631,608.0,-3.842792837171052,585.0,-4.028620495726496,322.0,-3.780332313664596,542.0,-4.108525544280443,551.0,-3.9336274410163337,544.0,-4.111760073529412,586.0,-4.452385187713311,854.0,-4.284024326697892,833.0,-4.446674567827131,737.0,-4.103395848032565,995.0,-4.282028412060302,612.0,-4.449469632352941,388,1242,179.33303833007812,179.58261,dump_388.lammpstraj
dump_389.csv,198.0,-3.6176061111111113,307.0,-3.696071254071661,390.0,-4.043832525641026,375.0,-3.873589893333333,390.0,-4.044534782051282,247.0,-3.789358218623482,475.0,-4.118319957894737,457.0,-3.9596434135667393,471.0,-4.1203365180467095,898.0,-4.462968763919822,1186.0,-4.307700716694772,1215.0,-4.458872773662551,598.0,-4.142670033444816,837.0,-4.307507682198327,704.0,-4.457201960227272,389,2450,186.924545288086,186.56865,dump_389.lammpstraj
dump_390.csv,97.0,-3.638509175257732,201.0,-3.719986616915423,279.0,-4.058839157706093,254.0,-3.901543838582677,281.0,-4.0610814412811385,186.0,-3.792541129032258,402.0,-4.119112288557214,366.0,-3.9623556420765023,405.0,-4.120798913580247,947.0,-4.465958004223865,1171.0,-4.316967502134927,1291.0,-4.460787122385748,446.0,-4.158147488789238,698.0,-4.318239892550143,934.0,-4.459075776231264,390,1578,189.84408569335932,190.14929,dump_390.lammpstraj
dump_391.csv,97.0,-3.643275206185567,226.0,-3.7144476327433615,296.0,-4.059615185810811,263.0,-3.905179429657795,295.0,-4.061920033898305,200.0,-3.783061425,416.0,-4.116600444711539,379.0,-3.9632721635883903,415.0,-4.119696060240964,943.0,-4.463524607635208,1168.0,-4.316161395547945,1290.0,-4.459707624031007,461.0,-4.161323882863341,703.0,-4.31769527027027,927.0,-4.458006003236246,391,4625,189.8102264404297,189.83432,dump_391.lammpstraj
dump_392.csv,46.0,-3.659378695652174,139.0,-3.724452517985611,199.0,-4.069926457286432,178.0,-3.919345,198.0,-4.072608939393939,172.0,-3.799391715116279,385.0,-4.127829571428571,353.0,-3.9771259773371104,387.0,-4.128750775193798,1010.0,-4.472742391089109,1271.0,-4.328704335169157,1377.0,-4.4683695679012345,465.0,-4.176691741935484,717.0,-4.331673040446304,911.0,-4.467524538968167,392,3116,192.5077362060547,192.20287,dump_392.lammpstraj
dump_393.csv,315.0,-3.590295888888889,405.0,-3.671649197530865,564.0,-4.0138010372340425,520.0,-3.8516411442307694,541.0,-4.018340831792976,193.0,-3.7622407772020727,398.0,-4.087831344221105,370.0,-3.929870851351352,386.0,-4.096799106217617,943.0,-4.428633303287381,1200.0,-4.2772049375,1258.0,-4.428138096184419,486.0,-4.118291203703704,729.0,-4.283029437585734,644.0,-4.434658043478261,393,69,185.4890899658203,185.11383,dump_393.lammpstraj
dump_394.csv,73.0,-3.638757534246576,160.0,-3.71888471875,234.0,-4.0622651923076925,220.0,-3.903675340909091,235.0,-4.064969148936171,158.0,-3.796331455696203,370.0,-4.126820837837838,339.0,-3.974502713864307,365.0,-4.124601287671233,999.0,-4.471720265265265,1285.0,-4.325947513618678,1384.0,-4.465946271676301,472.0,-4.167234576271186,717.0,-4.325086220362622,902.0,-4.463679939024391,394,859,191.7412109375,191.66652,dump_394.lammpstraj
dump_395.csv,82.0,-3.651324024390244,200.0,-3.720560975,248.0,-4.067967379032258,238.0,-3.904137268907563,248.0,-4.067585806451612,239.0,-3.7931003974895394,474.0,-4.124947932489452,441.0,-3.969764092970521,467.0,-4.1290148608137045,930.0,-4.4717258010752685,1204.0,-4.321702230066445,1297.0,-4.466131033153431,441.0,-4.164618299319728,707.0,-4.323781838755304,890.0,-4.46535756741573,395,2753,190.2501373291016,190.45334,dump_395.lammpstraj
dump_396.csv,46.0,-3.660113695652174,134.0,-3.731162276119403,197.0,-4.0768461928934006,183.0,-3.915109617486338,197.0,-4.075558807106599,176.0,-3.799119034090909,382.0,-4.1277114528795815,355.0,-3.973026436619719,384.0,-4.128106484375,998.0,-4.473466793587175,1272.0,-4.328087472484277,1386.0,-4.469444101731602,452.0,-4.174119623893805,713.0,-4.328543597475456,927.0,-4.467851882416397,396,1632,192.1353759765625,192.3481,dump_396.lammpstraj
dump_397.csv,407.0,-3.5931175307125307,650.0,-3.6813067692307695,638.0,-3.9991681661442007,520.0,-3.830135875,573.0,-4.0205147033158815,842.0,-3.788573640142518,1147.0,-4.092699071490846,925.0,-3.928653464864865,1025.0,-4.112810092682927,771.0,-4.401138287937743,822.0,-4.247769945255475,900.0,-4.41137485,231.0,-4.083245194805195,400.0,-4.2622988125,379.0,-4.429012704485488,397,1650,179.63812255859375,179.27405,dump_397.lammpstraj
dump_398.csv,107.0,-3.645538738317757,211.0,-3.728353578199052,283.0,-4.077164399293286,291.0,-3.899946443298969,295.0,-4.070881050847458,201.0,-3.817859179104477,397.0,-4.1448171788413095,417.0,-3.9785237290167865,423.0,-4.143229645390071,617.0,-4.491615599675851,885.0,-4.330970598870056,905.0,-4.484871917127072,770.0,-4.158496038961038,1074.0,-4.327445283985102,919.0,-4.481891289445048,398,3860,185.3877716064453,185.54121,dump_398.lammpstraj
dump_399.csv,57.0,-3.6608746491228072,134.0,-3.725734141791045,197.0,-4.068034365482234,184.0,-3.907903614130434,196.0,-4.070654081632653,182.0,-3.79955989010989,383.0,-4.130766540469974,341.0,-3.975257815249267,381.0,-4.133307979002625,1010.0,-4.472306064356435,1263.0,-4.326431579572446,1387.0,-4.468696301369863,463.0,-4.171112051835853,704.0,-4.3279905113636365,939.0,-4.466982103301384,399,3106,192.03289794921875,192.20102,dump_399.lammpstraj
dump_400.csv,134.0,-3.6332355597014927,245.0,-3.703362408163265,328.0,-4.054482789634147,308.0,-3.890734967532468,324.0,-4.05609,197.0,-3.796082588832488,417.0,-4.120199040767386,394.0,-3.964556852791878,410.0,-4.122360463414634,911.0,-4.467646180021954,1225.0,-4.316441093877551,1276.0,-4.462191159874608,553.0,-4.1561974141048825,806.0,-4.316288629032258,789.0,-4.4610567997465145,400,1074,188.87594604492188,188.83755,dump_400.lammpstraj
dump_401.csv,175.0,-3.616057371428571,277.0,-3.692279566787004,375.0,-4.043466373333334,346.0,-3.877545621387283,375.0,-4.043396413333333,186.0,-3.783435537634409,407.0,-4.112971756756757,369.0,-3.9550836449864497,404.0,-4.114490544554455,890.0,-4.455709219101124,1159.0,-4.303323084555651,1254.0,-4.453200195374801,479.0,-4.145078162839249,742.0,-4.306616320754717,839.0,-4.452093849821216,401,4001,187.96359252929688,188.28017,dump_401.lammpstraj
dump_402.csv,261.0,-3.607455785440613,410.0,-3.683170402439024,493.0,-4.026393164300202,453.0,-3.863441335540839,488.0,-4.031231434426229,281.0,-3.771413309608541,516.0,-4.101786279069768,484.0,-3.938517324380165,499.0,-4.106544048096192,901.0,-4.438770754716981,1136.0,-4.288002253521126,1187.0,-4.438482603201348,479.0,-4.125044572025052,724.0,-4.291732569060773,666.0,-4.445001366366366,402,787,185.25131225585932,185.30812,dump_402.lammpstraj
dump_403.csv,68.0,-3.645593382352941,119.0,-3.723810672268908,217.0,-4.081635737327189,218.0,-3.909246399082569,218.0,-4.076635412844037,81.0,-3.7978522839506175,240.0,-4.138889958333333,239.0,-3.9767665271966526,240.0,-4.134069291666667,887.0,-4.50019408680947,1230.0,-4.34326549593496,1224.0,-4.48941381127451,820.0,-4.181658396341463,1124.0,-4.340114457295374,806.0,-4.482981867245658,403,2605,190.19825744628903,189.90782,dump_403.lammpstraj
dump_404.csv,60.0,-3.64893925,134.0,-3.716385597014925,199.0,-4.066097462311558,180.0,-3.909425861111111,196.0,-4.064404846938776,178.0,-3.797652837078652,373.0,-4.130524021447721,342.0,-3.976062558479532,373.0,-4.129545710455764,1017.0,-4.47562273844641,1274.0,-4.330237943485086,1390.0,-4.470952482014389,477.0,-4.17400679245283,720.0,-4.329086118055556,932.0,-4.4684134710300425,404,3630,192.25498962402344,192.07431,dump_404.lammpstraj
dump_405.csv,269.0,-3.604810185873606,359.0,-3.689798495821728,490.0,-4.022251887755102,449.0,-3.860476525612472,504.0,-4.027081974206349,205.0,-3.778388121951219,400.0,-4.102880925,383.0,-3.941355509138381,411.0,-4.106123114355231,752.0,-4.4381761635638295,965.0,-4.285486383419689,1069.0,-4.432070898035547,453.0,-4.124128675496689,707.0,-4.290412729844413,935.0,-4.436084411764705,405,2121,184.5471954345703,184.93494,dump_405.lammpstraj
dump_406.csv,110.0,-3.6432313181818174,230.0,-3.727973391304348,283.0,-4.061127844522968,264.0,-3.8973889015151513,288.0,-4.062965260416666,339.0,-3.8111262389380527,564.0,-4.135983590425531,523.0,-3.977052734225621,572.0,-4.137232465034965,806.0,-4.468725657568238,1019.0,-4.317714661432777,1118.0,-4.465016484794275,467.0,-4.15607017130621,711.0,-4.318350780590717,926.0,-4.465568747300216,406,1874,187.8854522705078,188.02121,dump_406.lammpstraj
dump_407.csv,238.0,-3.6068207563025214,336.0,-3.685499345238096,454.0,-4.024802841409692,420.0,-3.8605633214285713,457.0,-4.031134551422319,209.0,-3.781774401913876,420.0,-4.104347023809524,379.0,-3.9453189050131927,421.0,-4.108493004750594,837.0,-4.442536983273596,1037.0,-4.291606716489874,1139.0,-4.441856611062335,448.0,-4.126179520089286,692.0,-4.292715888728324,901.0,-4.444862419533851,407,811,186.1290283203125,185.99104,dump_407.lammpstraj
dump_408.csv,93.0,-3.648175053763441,239.0,-3.721628535564853,273.0,-4.066330293040293,247.0,-3.90755056680162,270.0,-4.071616851851852,374.0,-3.8000763903743313,608.0,-4.12822806743421,546.0,-3.972815631868132,596.0,-4.1328430285234905,969.0,-4.4682051083591325,1218.0,-4.320769926108374,1302.0,-4.464515798771122,452.0,-4.162036073008849,687.0,-4.320564330422125,729.0,-4.465412242798354,408,387,189.57015991210932,189.68698,dump_408.lammpstraj
dump_409.csv,60.0,-3.61868175,135.0,-3.71846562962963,196.0,-4.063524923469387,185.0,-3.902808486486487,200.0,-4.063197975,164.0,-3.801291158536585,374.0,-4.127903863636364,335.0,-3.9768988208955225,375.0,-4.129210226666666,1021.0,-4.474930200783545,1276.0,-4.329136148119122,1389.0,-4.470276576673866,457.0,-4.172933096280088,714.0,-4.330090973389356,919.0,-4.468069102285092,409,2882,192.02052307128903,192.2254,dump_409.lammpstraj
dump_410.csv,269.0,-3.5925816728624533,398.0,-3.68703364321608,479.0,-4.023224603340292,466.0,-3.86095089055794,441.0,-4.03240253968254,329.0,-3.7828181762917934,570.0,-4.1187553333333335,552.0,-3.952011186594203,528.0,-4.12407831439394,902.0,-4.457378536585366,1210.0,-4.296725351239669,1144.0,-4.453840930944056,683.0,-4.134499846266471,913.0,-4.305393729463308,428.0,-4.45877,410,1175,185.0128326416016,184.60193,dump_410.lammpstraj
dump_411.csv,160.0,-3.6284574375,271.0,-3.703882749077491,376.0,-4.045604308510638,342.0,-3.885654736842105,373.0,-4.049198056300268,212.0,-3.785203797169812,429.0,-4.109395244755245,391.0,-3.953598759590793,424.0,-4.112621591981132,942.0,-4.452276836518047,1189.0,-4.3030009377628256,1293.0,-4.44875096287703,458.0,-4.14295096069869,710.0,-4.304679204225352,828.0,-4.4508137318840575,411,3197,187.96609497070312,188.35287,dump_411.lammpstraj
dump_412.csv,61.0,-3.643557459016393,151.0,-3.725828940397352,214.0,-4.064272336448598,191.0,-3.9102383246073296,213.0,-4.067668427230047,163.0,-3.796049447852761,364.0,-4.128244038461538,333.0,-3.972436186186186,361.0,-4.125072548476455,1002.0,-4.472941032934132,1260.0,-4.328171218253969,1371.0,-4.467361280087527,450.0,-4.172155377777778,723.0,-4.329625013831259,933.0,-4.466688177920686,412,2623,191.98963928222656,192.0798,dump_412.lammpstraj
dump_413.csv,94.0,-3.641295159574468,203.0,-3.714656551724138,262.0,-4.0608994274809165,234.0,-3.9011065384615375,263.0,-4.062644182509506,211.0,-3.788176398104265,420.0,-4.121989607142857,379.0,-3.9654254353562006,427.0,-4.123067693208431,933.0,-4.466943001071812,1168.0,-4.321245342465754,1297.0,-4.462694818812644,444.0,-4.163204403153153,699.0,-4.323314284692418,950.0,-4.464865684210526,413,1351,190.3346710205078,190.54843,dump_413.lammpstraj
dump_414.csv,54.0,-3.652560092592593,136.0,-3.7257685294117646,199.0,-4.069156608040201,182.0,-3.9131782417582417,198.0,-4.072332752525252,164.0,-3.797887804878049,353.0,-4.125776388101984,319.0,-3.97674197492163,355.0,-4.128236408450704,1005.0,-4.475759427860696,1279.0,-4.330469741985927,1392.0,-4.469532230603448,480.0,-4.17462815625,730.0,-4.328179061643835,944.0,-4.466091366525424,414,410,192.60528564453125,192.32841,dump_414.lammpstraj
dump_415.csv,299.0,-3.5970363545150503,411.0,-3.674059464720195,530.0,-4.023597141509434,525.0,-3.856719038095238,495.0,-4.028711727272727,203.0,-3.773172167487685,413.0,-4.10179995157385,400.0,-3.93604135,387.0,-4.1058500129198965,943.0,-4.445223748674443,1249.0,-4.289748122497999,1208.0,-4.443681912251655,667.0,-4.125719227886057,890.0,-4.292295011235955,506.0,-4.443038833992095,415,4212,185.2458038330078,184.94354,dump_415.lammpstraj
dump_416.csv,52.0,-3.6520232692307695,125.0,-3.718823,201.0,-4.066707139303483,185.0,-3.911874216216216,199.0,-4.0695417085427135,172.0,-3.798688459302326,378.0,-4.131021111111111,349.0,-3.974894226361031,377.0,-4.128529575596818,1008.0,-4.474145188492064,1250.0,-4.32684114,1390.0,-4.470245068345324,466.0,-4.169685847639485,716.0,-4.327554867318436,934.0,-4.4679893629550325,416,109,192.37294006347656,192.3768,dump_416.lammpstraj
dump_417.csv,339.0,-3.594658274336283,360.0,-3.656732569444445,570.0,-4.001641982456141,471.0,-3.839219437367304,568.0,-4.008549533450704,114.0,-3.7500669736842105,285.0,-4.072268070175438,237.0,-3.915606582278481,286.0,-4.079487972027971,959.0,-4.41301515641293,1077.0,-4.266353152274837,1314.0,-4.411429151445967,278.0,-4.104818219424461,518.0,-4.267887451737452,929.0,-4.41777122174381,417,4995,186.452392578125,186.5916,dump_417.lammpstraj
dump_418.csv,55.0,-3.640067545454545,146.0,-3.720441267123288,203.0,-4.064902512315271,187.0,-3.906775481283422,202.0,-4.065489059405941,158.0,-3.796562215189873,365.0,-4.12661005479452,333.0,-3.974365540540541,363.0,-4.126105633608815,1007.0,-4.474513892750745,1275.0,-4.328836478431373,1387.0,-4.468895969718818,456.0,-4.175995274122807,713.0,-4.330567903225806,941.0,-4.466687252922424,418,3429,192.3896942138672,192.02975,dump_418.lammpstraj
dump_419.csv,94.0,-3.6375081382978727,187.0,-3.7163417914438495,258.0,-4.057511259689923,240.0,-3.8992661666666666,258.0,-4.059752325581395,193.0,-3.794219533678756,413.0,-4.12381725181598,380.0,-3.971463197368421,412.0,-4.12567963592233,928.0,-4.468411961206897,1182.0,-4.323119285109983,1296.0,-4.46368875,454.0,-4.166239790748898,713.0,-4.323475673211782,934.0,-4.463531611349036,419,2809,190.591552734375,190.5258,dump_419.lammpstraj
dump_420.csv,78.0,-3.637875576923077,186.0,-3.72653252688172,244.0,-4.063312418032787,227.0,-3.906569911894273,239.0,-4.068099832635983,217.0,-3.7982429723502302,420.0,-4.12880761904762,396.0,-3.972562563131313,429.0,-4.129847843822844,937.0,-4.470646366061899,1218.0,-4.323134757799672,1304.0,-4.46596657208589,461.0,-4.167902288503254,719.0,-4.326491008344924,929.0,-4.467687545748117,420,2594,190.6943359375,190.61139,dump_420.lammpstraj
dump_421.csv,126.0,-3.630212817460317,219.0,-3.709517808219178,295.0,-4.050012372881357,277.0,-3.8911105054151625,295.0,-4.052265830508475,212.0,-3.793682405660377,426.0,-4.123007382629108,400.0,-3.96874395,430.0,-4.122510406976744,928.0,-4.464970474137931,1177.0,-4.315239821580288,1271.0,-4.459467301337529,460.0,-4.157406739130435,720.0,-4.319163055555555,911.0,-4.460160406147091,421,2836,189.9264068603516,189.73004,dump_421.lammpstraj
dump_422.csv,340.0,-3.596263529411765,473.0,-3.678558308668076,558.0,-4.022953879928315,551.0,-3.8481298275862073,555.0,-4.0291060000000005,291.0,-3.7767833676975946,502.0,-4.111242171314741,519.0,-3.9400166666666654,509.0,-4.1146487131630645,623.0,-4.4511779454253615,880.0,-4.287525767045454,875.0,-4.4486048857142855,723.0,-4.11736479944675,1009.0,-4.2931994301288405,645.0,-4.452563852713179,422,2372,180.4036407470703,180.57059,dump_422.lammpstraj
dump_423.csv,242.0,-3.6128028719008265,426.0,-3.694175187793428,460.0,-4.030435684782609,414.0,-3.869258019323672,432.0,-4.042238599537037,505.0,-3.789347247524753,776.0,-4.111400193298969,716.0,-3.952910991620112,724.0,-4.121552251381216,918.0,-4.440164477124183,1142.0,-4.290561011383538,1159.0,-4.442858364969802,463.0,-4.127661760259179,672.0,-4.300430037202381,493.0,-4.453241186612576,423,1235,184.9716033935547,185.03033,dump_423.lammpstraj
dump_424.csv,217.0,-3.610734631336405,339.0,-3.696465,422.0,-4.03659539099526,396.0,-3.870300782828283,431.0,-4.038041693735499,259.0,-3.789366158301158,467.0,-4.112977591006424,435.0,-3.952712804597701,468.0,-4.116408472222222,781.0,-4.451181209987197,1018.0,-4.298100628683693,1096.0,-4.448714416058395,458.0,-4.134446746724891,721.0,-4.297899140083218,894.0,-4.448774636465324,424,2146,186.11997985839844,185.69907,dump_424.lammpstraj
dump_425.csv,106.0,-3.6476394811320754,277.0,-3.733619350180505,291.0,-4.073797835051546,284.0,-3.900615334507042,291.0,-4.079119192439863,491.0,-3.817363085539714,724.0,-4.144295607734807,716.0,-3.979440104748603,739.0,-4.148333883626522,706.0,-4.480122584985836,963.0,-4.323739366562824,983.0,-4.479985142421159,603.0,-4.1540992039801,877.0,-4.326837867730901,733.0,-4.480436930422919,425,4975,185.90577697753903,185.38654,dump_425.lammpstraj
dump_426.csv,394.0,-3.607843236040609,599.0,-3.6886421035058414,613.0,-4.009129355628058,457.0,-3.841448577680525,635.0,-4.021848228346457,582.0,-3.782645120274914,812.0,-4.086935905172414,638.0,-3.9280757680250784,838.0,-4.102659761336516,611.0,-4.398217725040916,639.0,-4.250208544600939,897.0,-4.404718115942029,206.0,-4.087622257281554,412.0,-4.260951735436893,855.0,-4.420741064327485,426,599,180.245834350586,180.20816,dump_426.lammpstraj
dump_427.csv,50.0,-3.665113,181.0,-3.737172983425415,222.0,-4.084900157657658,208.0,-3.923767836538462,219.0,-4.082908493150685,287.0,-3.804515923344948,515.0,-4.138870776699029,485.0,-3.98053312371134,507.0,-4.138227682445759,887.0,-4.483881939120631,1159.0,-4.334145940465919,1238.0,-4.475460105008077,571.0,-4.174550796847636,820.0,-4.334942463414634,832.0,-4.474001706730769,427,1434,189.652099609375,189.67758,dump_427.lammpstraj
dump_428.csv,93.0,-3.647948655913978,186.0,-3.7158270430107527,267.0,-4.0616584082397,245.0,-3.902381857142857,268.0,-4.061076100746268,202.0,-3.799840123762377,416.0,-4.1288170673076925,375.0,-3.9706437333333335,414.0,-4.126040507246377,937.0,-4.471157924226255,1210.0,-4.319065400826446,1298.0,-4.463777172573189,462.0,-4.160343344155844,719.0,-4.317915034770515,903.0,-4.461838510520487,428,4996,190.5406646728516,190.26888,dump_428.lammpstraj
dump_429.csv,131.0,-3.626328244274809,211.0,-3.709410734597156,305.0,-4.046909737704918,273.0,-3.890104102564102,307.0,-4.047807882736157,171.0,-3.790562573099415,368.0,-4.114309850543479,338.0,-3.961986923076923,366.0,-4.1173575,930.0,-4.463180177419355,1190.0,-4.314108592436975,1298.0,-4.456837353620955,457.0,-4.159531487964989,696.0,-4.316156336206896,935.0,-4.45431577540107,429,538,190.3333282470703,189.71597,dump_429.lammpstraj
dump_430.csv,72.0,-3.643670972222224,178.0,-3.724610028089888,233.0,-4.069741630901288,203.0,-3.910000689655172,229.0,-4.070714344978166,244.0,-3.797208463114754,475.0,-4.129114,433.0,-3.973456501154735,471.0,-4.130792218683652,953.0,-4.472348961175236,1236.0,-4.325905707928802,1322.0,-4.468468483358548,436.0,-4.170788876146789,697.0,-4.327573120516499,885.0,-4.465076389830508,430,721,190.97393798828125,190.8551,dump_430.lammpstraj
dump_431.csv,239.0,-3.619630418410042,353.0,-3.696899419263457,452.0,-4.044507588495575,457.0,-3.8730019037199126,470.0,-4.045560031914894,190.0,-3.786877710526316,381.0,-4.118591220472441,400.0,-3.9465839125,408.0,-4.116692365196078,594.0,-4.458156548821549,852.0,-4.296367981220658,878.0,-4.456756953302961,668.0,-4.127834625748503,949.0,-4.298485727081138,910.0,-4.457537373626374,431,4410,182.633529663086,182.79303,dump_431.lammpstraj
dump_432.csv,443.0,-3.5831141422121897,490.0,-3.665240091836736,682.0,-3.99574603372434,650.0,-3.826860846153846,699.0,-4.002564992846924,192.0,-3.7539990625,390.0,-4.0775947948717945,367.0,-3.913497261580381,396.0,-4.085203080808081,690.0,-4.410042181159421,902.0,-4.25621461751663,975.0,-4.411032994871794,451.0,-4.086454345898004,709.0,-4.259326311706629,840.0,-4.418124357142857,432,1872,180.4710235595703,180.72748,dump_432.lammpstraj
dump_433.csv,52.0,-3.6325854807692304,130.0,-3.719845230769231,199.0,-4.0675410050251255,178.0,-3.910279073033708,198.0,-4.0696565151515145,150.0,-3.7993827,357.0,-4.126894033613445,330.0,-3.976555878787879,358.0,-4.128772011173185,998.0,-4.47442876753507,1261.0,-4.32952726407613,1382.0,-4.469754214905933,470.0,-4.174241212765957,727.0,-4.329436423658873,928.0,-4.468515188577586,433,2845,191.9449615478516,192.3017,dump_433.lammpstraj
dump_434.csv,110.0,-3.634394545454546,232.0,-3.710834418103449,292.0,-4.057463972602739,261.0,-3.894671398467433,294.0,-4.058480204081633,213.0,-3.798931924882629,436.0,-4.123340424311927,392.0,-3.969410918367347,433.0,-4.125009572748268,901.0,-4.464280976692564,1114.0,-4.318053258527828,1245.0,-4.461128694779116,475.0,-4.157472252631579,714.0,-4.316254201680672,911.0,-4.459960082327113,434,2053,189.38514709472656,189.69592,dump_434.lammpstraj
dump_435.csv,460.0,-3.573267195652174,681.0,-3.664244441997063,692.0,-3.989323511560694,633.0,-3.817905939968405,688.0,-4.004024927325582,568.0,-3.771073107394366,823.0,-4.084036160388822,748.0,-3.919899525401069,815.0,-4.098734975460123,589.0,-4.403668455008489,761.0,-4.249756885676741,855.0,-4.40809885380117,359.0,-4.081819777158774,583.0,-4.261228687821612,623.0,-4.424844253611557,435,2907,178.18711853027344,178.26877,dump_435.lammpstraj
dump_436.csv,227.0,-3.614833502202643,333.0,-3.695906546546546,451.0,-4.033235875831486,407.0,-3.873821044226044,445.0,-4.038156741573034,221.0,-3.780887307692308,430.0,-4.110779662790698,396.0,-3.949358333333333,420.0,-4.112266083333334,914.0,-4.449134721006565,1180.0,-4.2971061355932205,1236.0,-4.442662411003236,562.0,-4.134480551601423,784.0,-4.298012110969387,708.0,-4.445103898305085,436,2254,185.8632659912109,186.61856,dump_436.lammpstraj
dump_437.csv,150.0,-3.6305566,285.0,-3.713306421052632,351.0,-4.049999259259259,328.0,-3.887784009146341,355.0,-4.05247061971831,251.0,-3.791235019920319,478.0,-4.118250836820083,449.0,-3.957302928730512,484.0,-4.118993801652893,828.0,-4.45790172705314,1041.0,-4.308197377521614,1158.0,-4.455942176165803,460.0,-4.144216163043478,709.0,-4.308738046544429,920.0,-4.455556804347826,437,3912,187.5447998046875,187.20448,dump_437.lammpstraj
dump_438.csv,208.0,-3.616260264423077,322.0,-3.7054165372670806,431.0,-4.049250092807425,434.0,-3.877922119815669,444.0,-4.052241813063064,210.0,-3.7919222142857145,394.0,-4.126855748730964,413.0,-3.955636598062954,416.0,-4.127015,609.0,-4.4658729556650245,872.0,-4.303164174311926,892.0,-4.461298206278027,728.0,-4.134189093406594,1008.0,-4.307561473214285,862.0,-4.46238241299304,438,177,182.8971099853516,182.82623,dump_438.lammpstraj
dump_439.csv,83.0,-3.644255662650602,191.0,-3.720756151832461,254.0,-4.060699527559056,242.0,-3.901278367768595,257.0,-4.066072879377432,218.0,-3.7928963990825686,422.0,-4.125800296208531,383.0,-3.9651034203655353,425.0,-4.126006835294118,932.0,-4.468567977467811,1178.0,-4.320483586587437,1295.0,-4.46389128957529,446.0,-4.160585560538117,711.0,-4.320576976090014,930.0,-4.464750220430108,439,2890,190.2001342773437,189.96948,dump_439.lammpstraj
dump_440.csv,90.0,-3.638134166666666,191.0,-3.714099528795812,248.0,-4.059115141129032,227.0,-3.9015897577092513,252.0,-4.061358234126984,181.0,-3.788389198895028,380.0,-4.119100802631579,342.0,-3.967974122807018,378.0,-4.121031997354498,1000.0,-4.466538415,1240.0,-4.323710443548388,1375.0,-4.464019363636364,454.0,-4.164011233480176,709.0,-4.321029252468265,922.0,-4.462353242950108,440,3673,191.14108276367188,191.13347,dump_440.lammpstraj
dump_441.csv,90.0,-3.6373959444444446,191.0,-3.718481020942408,262.0,-4.063055858778626,241.0,-3.901673257261411,259.0,-4.061488590733591,206.0,-3.7982351699029127,419.0,-4.125728937947494,382.0,-3.96998302356021,417.0,-4.127023069544364,949.0,-4.468732376185458,1213.0,-4.32146016075845,1319.0,-4.463082562547385,452.0,-4.162765265486725,705.0,-4.31989960283688,900.0,-4.460774122222222,441,80,190.6322631835937,190.63649,dump_441.lammpstraj
dump_442.csv,191.0,-3.6197615445026177,267.0,-3.697851891385768,391.0,-4.037232890025575,366.0,-3.8736805874316937,389.0,-4.0383198971722365,157.0,-3.785157229299363,374.0,-4.111716136363636,349.0,-3.952897664756447,374.0,-4.112441818181818,903.0,-4.452552679955703,1121.0,-4.301380967885816,1221.0,-4.4484726085176085,444.0,-4.141027545045045,705.0,-4.302775645390071,918.0,-4.448491399782135,442,2561,187.8404693603516,187.74228,dump_442.lammpstraj
dump_443.csv,104.0,-3.6279978365384618,190.0,-3.708211052631579,274.0,-4.050352317518248,248.0,-3.893994576612903,270.0,-4.0557372962962965,165.0,-3.791359909090909,374.0,-4.120941243315508,346.0,-3.967532037572256,374.0,-4.122639077540107,971.0,-4.464241853759011,1216.0,-4.319002035361842,1346.0,-4.459677778603269,470.0,-4.165692223404255,710.0,-4.320335,909.0,-4.458806221122112,443,1723,190.509017944336,190.65515,dump_443.lammpstraj
dump_444.csv,61.0,-3.644125,145.0,-3.717045862068965,200.0,-4.06276795,186.0,-3.9059920698924735,198.0,-4.064558232323232,166.0,-3.7955662951807225,367.0,-4.127312316076294,336.0,-3.975605,365.0,-4.127618246575342,1002.0,-4.47241878243513,1276.0,-4.327226308777429,1385.0,-4.469614581227437,467.0,-4.17591187366167,723.0,-4.332233326417704,927.0,-4.469172491909385,444,1617,192.27700805664065,192.2196,dump_444.lammpstraj
dump_445.csv,113.0,-3.648919867256637,276.0,-3.735336231884058,290.0,-4.067541120689655,277.0,-3.902472310469314,298.0,-4.077745838926174,535.0,-3.81755038317757,773.0,-4.140784928848642,736.0,-3.9767731453804345,801.0,-4.1477318601747815,655.0,-4.471000954198473,865.0,-4.314787369942197,936.0,-4.469321639957265,444.0,-4.149069515765766,702.0,-4.319473126780627,897.0,-4.473777508361204,445,1654,185.3838653564453,185.83792,dump_445.lammpstraj
dump_446.csv,367.0,-3.5766254087193463,449.0,-3.6666073719376393,603.0,-4.002584709784411,557.0,-3.836215825852783,577.0,-4.010937512998267,215.0,-3.7686034883720927,439.0,-4.086986321184511,406.0,-3.928450172413793,426.0,-4.094266701877935,946.0,-4.421156030655391,1204.0,-4.268090739202658,1253.0,-4.422477498004788,463.0,-4.1024816522678185,705.0,-4.275559170212766,615.0,-4.428214382113821,446,2328,184.63243103027344,184.60289,dump_446.lammpstraj
dump_447.csv,90.0,-3.6331620555555553,200.0,-3.71893635,263.0,-4.062814714828897,239.0,-3.9023885146443513,265.0,-4.060854679245283,226.0,-3.7979997787610618,433.0,-4.12596915704388,405.0,-3.971997888888889,432.0,-4.126704363425926,934.0,-4.466580776231263,1158.0,-4.320969378238342,1287.0,-4.461990831390831,446.0,-4.161296502242152,695.0,-4.319489884892087,917.0,-4.460876341330425,447,4613,190.25851440429688,190.51216,dump_447.lammpstraj
dump_448.csv,181.0,-3.6408794751381217,269.0,-3.714718921933086,377.0,-4.052804907161804,366.0,-3.88384599726776,386.0,-4.054808950777202,198.0,-3.796277449494949,406.0,-4.125017844827586,401.0,-3.958644002493765,413.0,-4.125588123486683,717.0,-4.467702224546723,979.0,-4.310036200204291,1023.0,-4.460571158357771,607.0,-4.1421157907743,888.0,-4.308407004504504,903.0,-4.462014479512735,448,221,185.7407989501953,185.82335,dump_448.lammpstraj
dump_449.csv,82.0,-3.645081768292683,222.0,-3.724952837837838,255.0,-4.068044529411765,244.0,-3.906075430327869,249.0,-4.068360602409639,358.0,-3.806940670391061,602.0,-4.135956370431893,572.0,-3.976185201048951,586.0,-4.139456331058021,936.0,-4.47281952457265,1202.0,-4.3226385274542425,1284.0,-4.470450299844237,498.0,-4.160035451807229,746.0,-4.323864021447721,733.0,-4.473173560709413,449,93,189.7835693359375,189.73927,dump_449.lammpstraj
dump_450.csv,113.0,-3.642211017699114,212.0,-3.7167978301886793,284.0,-4.060970140845071,277.0,-3.8937587003610106,288.0,-4.061197013888889,193.0,-3.793383937823834,411.0,-4.127731228710462,380.0,-3.966985513157895,414.0,-4.124269094202898,875.0,-4.473078188571429,1151.0,-4.320186490008688,1209.0,-4.467704251447477,542.0,-4.159544741697417,793.0,-4.319812717528373,894.0,-4.464878640939597,450,2609,188.69618225097656,189.44354,dump_450.lammpstraj
dump_451.csv,237.0,-3.6219285864978894,427.0,-3.707984742388759,418.0,-4.0555560645933015,466.0,-3.871645933476395,456.0,-4.0591000109649125,456.0,-3.8059638596491214,644.0,-4.139426242236025,708.0,-3.96039281779661,696.0,-4.13929831178161,402.0,-4.476696803482588,661.0,-4.308076807866868,649.0,-4.473449899845917,870.0,-4.129862660919541,1142.0,-4.308912797723292,651.0,-4.477869170506913,451,3382,178.56845092773438,179.2344,dump_451.lammpstraj
dump_452.csv,405.0,-3.583101172839506,484.0,-3.6553800516528927,666.0,-3.997159234234234,626.0,-3.83505161341853,637.0,-4.006097182103611,166.0,-3.746894487951807,369.0,-4.07172620596206,344.0,-3.912668372093024,357.0,-4.079981610644258,911.0,-4.4136436278814495,1144.0,-4.258714571678322,1172.0,-4.414076130546075,516.0,-4.097229321705426,752.0,-4.27040883643617,607.0,-4.422173962108731,452,4415,182.6607208251953,182.9159,dump_452.lammpstraj
dump_453.csv,62.0,-3.6530608870967742,202.0,-3.738033712871287,215.0,-4.082781093023256,207.0,-3.913758502415459,201.0,-4.088454477611941,481.0,-3.821148284823285,740.0,-4.1526665067567565,731.0,-3.9901771272229833,690.0,-4.157230275362319,898.0,-4.493531314031181,1222.0,-4.336937659574469,1178.0,-4.490584325127335,699.0,-4.171919170243204,932.0,-4.341595,491.0,-4.492272535641548,453,1397,188.93411254882807,188.55682,dump_453.lammpstraj
dump_454.csv,339.0,-3.5946308259587023,547.0,-3.6848038848263256,561.0,-4.019567549019608,559.0,-3.8421527906976745,563.0,-4.028499769094139,521.0,-3.791520431861804,764.0,-4.112962126963351,749.0,-3.941011755674233,750.0,-4.11920122,580.0,-4.442383801724138,833.0,-4.2775487454982,837.0,-4.441892299880526,594.0,-4.109071700336701,837.0,-4.286063566308243,586.0,-4.450865938566553,454,4686,179.6954803466797,179.54784,dump_454.lammpstraj
dump_455.csv,91.0,-3.6209365384615375,190.0,-3.709507657894737,277.0,-4.055732725631769,246.0,-3.903279918699187,277.0,-4.058504277978339,158.0,-3.7861812974683535,360.0,-4.1196270833333335,324.0,-3.965651358024692,358.0,-4.119216815642458,980.0,-4.462905219387755,1205.0,-4.319737755186722,1349.0,-4.4589056671608605,460.0,-4.16333975,715.0,-4.319675244755245,913.0,-4.456952124863089,455,1292,190.55821228027344,190.55624,dump_455.lammpstraj
dump_456.csv,93.0,-3.6320432258064512,195.0,-3.723379128205128,258.0,-4.065301569767442,247.0,-3.895048927125506,258.0,-4.06831019379845,215.0,-3.804320627906977,425.0,-4.137467517647059,412.0,-3.976711953883495,432.0,-4.13695224537037,802.0,-4.481778061097256,1083.0,-4.32759972299169,1129.0,-4.475295079716563,587.0,-4.167526754684838,865.0,-4.327482687861272,916.0,-4.473992876637555,456,2164,189.0697631835937,188.70592,dump_456.lammpstraj
dump_457.csv,398.0,-3.5835565452261307,625.0,-3.666863656,654.0,-3.9915471941896015,517.0,-3.834237949709865,615.0,-4.007740024390244,545.0,-3.7661773944954127,810.0,-4.077912543209877,625.0,-3.921329736,748.0,-4.096228743315508,902.0,-4.396358891352549,949.0,-4.252093667017914,1141.0,-4.407958295354952,231.0,-4.091911017316018,434.0,-4.2640788940092165,541.0,-4.423758826247689,457,2939,182.10617065429688,182.0314,dump_457.lammpstraj
dump_458.csv,130.0,-3.636848307692308,239.0,-3.710933912133891,331.0,-4.05279667673716,306.0,-3.8880173202614383,327.0,-4.056313929663609,218.0,-3.795614724770642,420.0,-4.120369785714286,373.0,-3.9643641554959785,421.0,-4.122093159144893,886.0,-4.457775846501129,1108.0,-4.310443898916968,1221.0,-4.456290315315315,454.0,-4.148402422907489,712.0,-4.313028125,927.0,-4.459437108953614,458,3668,188.42739868164065,188.81938,dump_458.lammpstraj
dump_459.csv,477.0,-3.56154927672956,587.0,-3.642100579216354,744.0,-3.978411008064516,699.0,-3.8095292918454935,708.0,-3.991839371468927,185.0,-3.742876918918919,405.0,-4.067695567901235,379.0,-3.902005910290237,400.0,-4.0747762875,828.0,-4.403108230676328,1060.0,-4.247992556603774,1120.0,-4.407879379464286,509.0,-4.07993532416503,748.0,-4.256953589572193,605.0,-4.417058008264463,459,812,180.51055908203125,180.97736,dump_459.lammpstraj
dump_460.csv,108.0,-3.6341428240740736,280.0,-3.73480275,289.0,-4.072100467128028,289.0,-3.8985051038062286,236.0,-4.08391906779661,698.0,-3.831495845272207,985.0,-4.158389355329949,987.0,-3.9858256788247215,864.0,-4.167578252314815,763.0,-4.484985629095675,1060.0,-4.323383023584905,923.0,-4.489022269772481,719.0,-4.151718324061196,869.0,-4.330452698504027,350.0,-4.497562157142857,460,1258,185.58164978027344,185.35538,dump_460.lammpstraj
dump_461.csv,253.0,-3.63371128458498,449.0,-3.716448474387528,434.0,-4.046728847926268,432.0,-3.866764930555556,470.0,-4.055587414893617,663.0,-3.809634577677225,863.0,-4.129172520278099,869.0,-3.956625138089758,942.0,-4.136641035031847,443.0,-4.449112009029345,642.0,-4.286751300623053,699.0,-4.449857603719599,424.0,-4.1108893867924525,661.0,-4.292029621785174,845.0,-4.457665325443787,461,889,180.1957550048828,180.37158,dump_461.lammpstraj
dump_462.csv,394.0,-3.607335139593909,571.0,-3.683705166374781,553.0,-4.018799213381556,583.0,-3.841859879931389,631.0,-4.024543763866878,410.0,-3.786527219512195,586.0,-4.1064022098976105,632.0,-3.933329612341772,675.0,-4.109903111111112,354.0,-4.43340720338983,569.0,-4.268972829525484,606.0,-4.43521293729373,513.0,-4.098894814814815,778.0,-4.275530160668381,925.0,-4.4399891621621626,462,1451,177.4154510498047,177.30077,dump_462.lammpstraj
dump_463.csv,108.0,-3.628162453703704,195.0,-3.70666417948718,267.0,-4.0529404681647945,239.0,-3.895068117154812,266.0,-4.054425131578947,181.0,-3.7983300276243095,414.0,-4.125978937198068,389.0,-3.969075758354756,417.0,-4.126017398081535,943.0,-4.46735742311771,1195.0,-4.321540129707113,1300.0,-4.4649881269230765,447.0,-4.164837192393736,714.0,-4.3238908823529405,908.0,-4.463457692731278,463,3316,190.6529998779297,190.3706,dump_463.lammpstraj
dump_464.csv,95.0,-3.6423698947368415,190.0,-3.719040789473684,257.0,-4.060931906614786,246.0,-3.8965281097560975,251.0,-4.06272922310757,199.0,-3.793091256281407,420.0,-4.124930202380952,380.0,-3.967838118421053,424.0,-4.125969575471698,945.0,-4.46927146031746,1171.0,-4.320959158838599,1300.0,-4.464402726923077,459.0,-4.163172069716776,716.0,-4.320416536312849,919.0,-4.465011838955387,464,2559,189.83740234375,190.76334,dump_464.lammpstraj
dump_465.csv,107.0,-3.646371168224299,283.0,-3.730419664310954,287.0,-4.0667593728223,267.0,-3.901091573033708,279.0,-4.075821971326165,574.0,-3.815319398954704,838.0,-4.140445256563246,791.0,-3.978333489254109,832.0,-4.145257554086538,846.0,-4.467478622931442,1103.0,-4.315304093381687,1133.0,-4.469175754633716,448.0,-4.152216462053572,683.0,-4.321728448023426,662.0,-4.47559910876133,465,3574,187.4992828369141,187.31781,dump_465.lammpstraj
dump_466.csv,305.0,-3.602778786885246,504.0,-3.683126349206349,547.0,-4.01757966179159,502.0,-3.8569491633466138,502.0,-4.030794960159363,444.0,-3.7760281981981993,686.0,-4.099591844023323,629.0,-3.936128259141494,625.0,-4.1076943120000005,911.0,-4.430106712403951,1159.0,-4.278131945642795,1166.0,-4.432151822469983,485.0,-4.110907082474227,662.0,-4.283054871601209,484.0,-4.437263305785124,466,2680,184.01193237304688,183.88437,dump_466.lammpstraj
dump_467.csv,48.0,-3.6503580208333335,149.0,-3.727073154362416,200.0,-4.072401675,179.0,-3.9131786033519553,198.0,-4.074206313131313,160.0,-3.7920705,381.0,-4.125495774278215,349.0,-3.973864555873925,384.0,-4.1272817447916665,1001.0,-4.4735485014985015,1245.0,-4.329148269076305,1385.0,-4.4698540758122745,469.0,-4.173788400852878,719.0,-4.331950076495132,914.0,-4.469137138949672,467,4651,192.0540771484375,192.43192,dump_467.lammpstraj
dump_468.csv,91.0,-3.654497912087912,269.0,-3.745047156133829,275.0,-4.073289563636363,246.0,-3.9081785975609753,270.0,-4.082631925925925,658.0,-3.829759840425532,927.0,-4.148943781014024,873.0,-3.985898665521191,933.0,-4.1556805680600215,751.0,-4.47159689747004,956.0,-4.319121872384937,1026.0,-4.471862397660819,479.0,-4.152583110647182,691.0,-4.325648625180897,668.0,-4.47806744011976,468,4811,186.3762359619141,186.31696,dump_468.lammpstraj
dump_469.csv,45.0,-3.656628,136.0,-3.725392536764706,198.0,-4.076436691919192,185.0,-3.917059189189189,200.0,-4.07345445,158.0,-3.798836740506329,375.0,-4.127737613333333,350.0,-3.9769689,374.0,-4.126353609625668,993.0,-4.474775100704935,1254.0,-4.330847527910686,1389.0,-4.467682361411088,457.0,-4.1748902297593,712.0,-4.329837605337079,935.0,-4.465532368983957,469,4679,192.4071807861328,192.36072,dump_469.lammpstraj
dump_470.csv,55.0,-3.6552748181818178,143.0,-3.72507006993007,197.0,-4.0682230964467,186.0,-3.9127665322580647,200.0,-4.0702321,165.0,-3.799573757575757,364.0,-4.128886840659341,335.0,-3.974206447761194,362.0,-4.1264702486187845,1018.0,-4.47719336935167,1295.0,-4.329942637065637,1385.0,-4.469192555956679,462.0,-4.173823971861472,720.0,-4.328651263888888,937.0,-4.467399855923159,470,2964,192.4906463623047,192.43512,dump_470.lammpstraj
dump_471.csv,350.0,-3.6001168714285714,558.0,-3.6951870340501793,542.0,-4.012174686346864,524.0,-3.836668139312977,549.0,-4.024610400728597,741.0,-3.805072834008097,1021.0,-4.118536057786484,967.0,-3.945332843846949,999.0,-4.127846241241241,591.0,-4.425514500846023,774.0,-4.269082758397933,835.0,-4.433277011976048,407.0,-4.094975343980344,628.0,-4.276855883757962,519.0,-4.4461112138728325,471,2672,179.43421936035156,179.69995,dump_471.lammpstraj
dump_472.csv,137.0,-3.6371788686131374,282.0,-3.722802996453901,311.0,-4.056321061093247,293.0,-3.889999129692833,317.0,-4.062917776025237,446.0,-3.816777724215248,666.0,-4.135393048048048,640.0,-3.972230203125,684.0,-4.143331761695906,681.0,-4.464888656387665,881.0,-4.30961984676504,971.0,-4.465874804325438,459.0,-4.146243660130719,706.0,-4.315427018413597,925.0,-4.468412345945946,472,561,185.9814910888672,185.94638,dump_472.lammpstraj
dump_473.csv,295.0,-3.611121949152542,489.0,-3.696222065439673,501.0,-4.027007894211577,474.0,-3.853992995780591,480.0,-4.034812020833333,636.0,-3.802378246855346,905.0,-4.120204215469613,863.0,-3.9529223812282734,869.0,-4.129156070195627,699.0,-4.442729341917024,944.0,-4.284665662076272,973.0,-4.4442062641315525,481.0,-4.1136365696465695,692.0,-4.291009255780347,495.0,-4.4479738181818185,473,2778,181.84230041503903,181.98172,dump_473.lammpstraj
dump_474.csv,419.0,-3.577395823389021,613.0,-3.6629341353996736,669.0,-3.990121382660688,572.0,-3.829922062937063,642.0,-4.004719665109034,434.0,-3.760850230414747,679.0,-4.082336362297497,609.0,-3.921597126436781,645.0,-4.093291263565892,870.0,-4.4032385,1051.0,-4.255615742150333,1124.0,-4.410331663701068,370.0,-4.0984943108108105,577.0,-4.2676152253032935,508.0,-4.422517007874016,474,2948,181.41976928710932,181.85461,dump_474.lammpstraj
dump_475.csv,315.0,-3.6135918571428576,493.0,-3.698719553752536,511.0,-4.025803933463797,510.0,-3.8543734215686274,557.0,-4.034665511669659,397.0,-3.7914207682619647,600.0,-4.108253683333333,581.0,-3.9424848278829607,646.0,-4.11448355263158,504.0,-4.436844940476191,703.0,-4.278759594594595,779.0,-4.436153356867779,459.0,-4.10947274509804,710.0,-4.282269732394366,927.0,-4.441520145631068,475,2817,180.4238739013672,180.44147,dump_475.lammpstraj
dump_476.csv,272.0,-3.6337878125,494.0,-3.7142931680161935,493.0,-4.027179361054767,358.0,-3.867364567039106,495.0,-4.043831747474748,755.0,-3.807776311258278,1027.0,-4.11286935248296,741.0,-3.9490260728744944,1051.0,-4.125358349191246,645.0,-4.418362403100775,662.0,-4.274159078549848,923.0,-4.42562929035753,164.0,-4.108136402439024,367.0,-4.280011021798365,767.0,-4.441321284224251,476,2758,181.976806640625,182.4953,dump_476.lammpstraj
dump_477.csv,89.0,-3.633806853932585,190.0,-3.715799736842105,262.0,-4.060636030534351,242.0,-3.903691756198347,265.0,-4.060357660377359,192.0,-3.790309973958333,399.0,-4.118913909774436,361.0,-3.965903559556786,396.0,-4.122285896464646,998.0,-4.466442855711423,1238.0,-4.319547180936995,1357.0,-4.459656639646279,446.0,-4.1641114349775785,701.0,-4.3199263623395145,908.0,-4.460409190528634,477,1756,191.17803955078125,190.91142,dump_477.lammpstraj
dump_478.csv,393.0,-3.582333155216285,572.0,-3.6766941258741257,609.0,-4.017770410509032,649.0,-3.8350685516178737,636.0,-4.020976493710692,384.0,-3.779452291666667,599.0,-4.108185684474123,645.0,-3.931135635658914,623.0,-4.11085341894061,539.0,-4.43857504638219,786.0,-4.273127277353689,753.0,-4.438785869853918,733.0,-4.095540402455662,988.0,-4.278093512145748,555.0,-4.443575495495495,478,724,177.65402221679688,177.75497,dump_478.lammpstraj
dump_479.csv,147.0,-3.634672619047619,261.0,-3.7160479118773946,351.0,-4.057340655270655,349.0,-3.887522263610315,361.0,-4.058464667590028,192.0,-3.797486354166667,402.0,-4.131044042288557,395.0,-3.963780291139241,412.0,-4.128845655339806,690.0,-4.471334920289855,966.0,-4.315803685300207,999.0,-4.4677298648648645,650.0,-4.146929176923077,940.0,-4.315320984042553,903.0,-4.467732868217055,479,219,185.83151245117188,185.80888,dump_479.lammpstraj
dump_480.csv,90.0,-3.625010888888889,182.0,-3.718034752747253,256.0,-4.0578790625,231.0,-3.900303008658009,249.0,-4.064697871485944,180.0,-3.799612333333333,380.0,-4.122382263157895,332.0,-3.9704755120481927,378.0,-4.126665992063492,1007.0,-4.465095819265144,1227.0,-4.320839315403423,1351.0,-4.461676591413768,469.0,-4.165992345415778,710.0,-4.323687549295775,922.0,-4.463201968546638,480,4139,191.3152008056641,190.91425,dump_480.lammpstraj
dump_481.csv,53.0,-3.646989528301887,152.0,-3.722706809210527,199.0,-4.071863115577889,180.0,-3.912324055555556,199.0,-4.070618366834171,182.0,-3.7951244780219775,373.0,-4.126024798927614,342.0,-3.972504839181288,373.0,-4.125568217158177,1020.0,-4.474367431372548,1271.0,-4.329868347757671,1389.0,-4.468539654427646,463.0,-4.170612861771058,714.0,-4.327643389355742,945.0,-4.4659938994709,481,3957,192.31268310546875,192.07843,dump_481.lammpstraj
dump_482.csv,275.0,-3.5953318545454547,333.0,-3.6789595195195193,499.0,-4.016461733466934,453.0,-3.859222626931568,483.0,-4.023050848861284,152.0,-3.7692754276315785,353.0,-4.097742563739376,315.0,-3.9412838095238096,352.0,-4.100262159090909,937.0,-4.432963655282818,1194.0,-4.284321536850921,1292.0,-4.433659984520124,478.0,-4.129547060669456,723.0,-4.289957130013831,764.0,-4.438373736910995,482,1588,185.9853515625,186.56744,dump_482.lammpstraj
dump_483.csv,404.0,-3.576386670792079,537.0,-3.662889394785848,660.0,-3.998120159090909,635.0,-3.826217118110236,641.0,-4.009886287051482,258.0,-3.769418585271318,471.0,-4.087394416135881,464.0,-3.9234155603448273,470.0,-4.096251361702128,735.0,-4.414139482993197,981.0,-4.257136146788992,1018.0,-4.419137077603144,538.0,-4.093141431226766,791.0,-4.268972364096081,669.0,-4.431858333333333,483,3347,180.81480407714844,180.90869,dump_483.lammpstraj
dump_484.csv,104.0,-3.638199759615385,219.0,-3.71402299086758,293.0,-4.057404744027304,263.0,-3.899229353612167,293.0,-4.058975204778157,180.0,-3.788587138888889,386.0,-4.119702629533679,352.0,-3.963989857954545,388.0,-4.1184681185567005,931.0,-4.464941385606874,1169.0,-4.317756599657828,1269.0,-4.458207100078803,462.0,-4.158069512987013,713.0,-4.319084523141656,942.0,-4.457304607218683,484,3970,190.026611328125,189.99463,dump_484.lammpstraj
dump_485.csv,108.0,-3.634224212962963,229.0,-3.719514323144105,280.0,-4.064297517857143,275.0,-3.895750163636364,280.0,-4.064802589285715,264.0,-3.801456079545454,494.0,-4.133424170040486,478.0,-3.9753094874476975,485.0,-4.133852340206185,913.0,-4.477169715224535,1200.0,-4.324260958333333,1240.0,-4.472763745967741,603.0,-4.164404892205639,873.0,-4.325975607101947,740.0,-4.471351898648648,485,4707,189.21780395507807,188.91916,dump_485.lammpstraj
dump_486.csv,104.0,-3.640484134615384,217.0,-3.725344953917051,272.0,-4.061137297794118,258.0,-3.900836434108527,278.0,-4.067236708633093,308.0,-3.8081440909090913,529.0,-4.133716143667296,492.0,-3.973873963414634,535.0,-4.134754514018692,810.0,-4.469488018518518,1047.0,-4.317712048710602,1149.0,-4.467266553524804,465.0,-4.153404129032258,718.0,-4.319662889972145,931.0,-4.466652588614393,486,43,188.6713104248047,188.65393,dump_486.lammpstraj
dump_487.csv,196.0,-3.61578556122449,298.0,-3.697707802013423,393.0,-4.041617073791349,366.0,-3.8778003961748633,395.0,-4.041667594936708,195.0,-3.779955564102564,404.0,-4.108920123762376,385.0,-3.950416597402597,403.0,-4.1115431513647644,841.0,-4.451656076099881,1084.0,-4.301463759225093,1166.0,-4.448177457118353,454.0,-4.1372510022026425,705.0,-4.300963042553192,930.0,-4.448295327956989,487,3001,187.3231201171875,187.26553,dump_487.lammpstraj
dump_488.csv,56.0,-3.655490803571429,146.0,-3.7252541095890415,204.0,-4.06798406862745,191.0,-3.911473036649215,202.0,-4.07115448019802,168.0,-3.8008035416666655,371.0,-4.129773814016173,334.0,-3.973965583832336,367.0,-4.1279468801089925,1021.0,-4.474377433888344,1248.0,-4.329153982371794,1388.0,-4.468398699567723,466.0,-4.169790472103005,710.0,-4.327078014084507,937.0,-4.464655693703309,488,210,192.0269012451172,192.15324,dump_488.lammpstraj
dump_489.csv,60.0,-3.641199583333333,156.0,-3.724729775641026,202.0,-4.0697584900990105,183.0,-3.913833770491803,202.0,-4.072229777227723,260.0,-3.807188269230769,481.0,-4.137078773388773,443.0,-3.9801625846501127,479.0,-4.139665198329854,927.0,-4.476215097087379,1184.0,-4.3287185472972975,1278.0,-4.471848564162754,461.0,-4.173565704989154,719.0,-4.330702517385258,947.0,-4.473290306230201,489,677,191.08355712890625,191.05695,dump_489.lammpstraj
dump_490.csv,168.0,-3.633055863095238,284.0,-3.710896338028169,383.0,-4.055963315926893,371.0,-3.889324770889488,386.0,-4.057128873056995,199.0,-3.7888524874371856,410.0,-4.123046158536585,399.0,-3.957195250626566,414.0,-4.122355434782609,711.0,-4.465852932489452,982.0,-4.308247545824847,1024.0,-4.460970825195313,620.0,-4.146445137096775,883.0,-4.311549915062288,900.0,-4.460281961111111,490,354,185.4388427734375,185.47675,dump_490.lammpstraj
dump_491.csv,296.0,-3.605605304054054,398.0,-3.6910851005025127,537.0,-4.023988277467411,511.0,-3.8554520352250488,545.0,-4.028845559633028,204.0,-3.776059215686274,395.0,-4.0991176455696205,370.0,-3.933344851351351,406.0,-4.100337586206896,721.0,-4.432783980582524,949.0,-4.277533387776606,1026.0,-4.43082142300195,469.0,-4.106091098081024,714.0,-4.2778567857142855,914.0,-4.435882746170679,491,1433,183.2045288085937,183.39651,dump_491.lammpstraj
dump_492.csv,110.0,-3.6307898181818175,197.0,-3.7220329187817263,292.0,-4.056840719178083,272.0,-3.893832720588235,297.0,-4.058203282828282,208.0,-3.798900745192308,405.0,-4.124955777777778,368.0,-3.966325557065218,405.0,-4.125431209876543,926.0,-4.463616252699784,1149.0,-4.316676605744125,1280.0,-4.45815365234375,447.0,-4.157418422818792,696.0,-4.315150043103449,921.0,-4.457300081433225,492,949,189.84869384765625,189.89984,dump_492.lammpstraj
dump_493.csv,426.0,-3.5618201291079816,496.0,-3.6536021875,685.0,-3.984769240875913,648.0,-3.819479799382716,638.0,-3.9956102821316617,214.0,-3.757064228971963,429.0,-4.084045874125874,411.0,-3.923353905109489,397.0,-4.090296234256927,928.0,-4.417493081896551,1193.0,-4.264100146689019,1193.0,-4.415901223805532,560.0,-4.099644741071429,767.0,-4.270709237288136,485.0,-4.421667412371134,493,2843,182.82012939453125,182.82703,dump_493.lammpstraj
dump_494.csv,94.0,-3.654073297872341,203.0,-3.719806600985221,269.0,-4.067886096654275,252.0,-3.9073325,270.0,-4.064826425925926,202.0,-3.795879059405941,409.0,-4.1324280684596575,373.0,-3.9711932841823057,404.0,-4.1295078960396046,884.0,-4.472130486425339,1150.0,-4.321727617391304,1238.0,-4.466852338449112,539.0,-4.1624176345083495,789.0,-4.322655088719898,905.0,-4.4663719558011055,494,577,189.2765045166016,189.74728,dump_494.lammpstraj
dump_495.csv,88.0,-3.649201306818182,197.0,-3.7172161167512687,259.0,-4.062267084942086,235.0,-3.903033489361702,257.0,-4.063981887159533,192.0,-3.794488255208333,405.0,-4.122585185185185,373.0,-3.971739142091153,400.0,-4.1252933,952.0,-4.469488167016807,1220.0,-4.322530143442624,1317.0,-4.464200083523159,463.0,-4.165506166306695,714.0,-4.322499663865546,908.0,-4.462276971365639,495,3928,190.86605834960932,190.71695,dump_495.lammpstraj
dump_496.csv,275.0,-3.6096595454545457,430.0,-3.7013245697674417,451.0,-4.032606829268293,454.0,-3.854335077092511,483.0,-4.04017384057971,421.0,-3.803870558194775,644.0,-4.125009161490683,640.0,-3.956303203125001,680.0,-4.130212125,501.0,-4.447111526946108,712.0,-4.288825751404494,772.0,-4.449054384715026,520.0,-4.114721,779.0,-4.293577657252888,893.0,-4.457064132138858,496,544,181.3530731201172,181.56741,dump_496.lammpstraj
dump_497.csv,82.0,-3.642691646341464,183.0,-3.7198095355191256,246.0,-4.063097276422765,230.0,-3.9087218695652175,243.0,-4.066364855967079,182.0,-3.7955164285714287,400.0,-4.1245115625,367.0,-3.97056878746594,404.0,-4.1254258539603965,970.0,-4.469781525773196,1228.0,-4.324478705211726,1341.0,-4.464845376584639,472.0,-4.16661498940678,709.0,-4.323126939351199,912.0,-4.4630738103070176,497,367,191.18862915039065,191.22264,dump_497.lammpstraj
dump_498.csv,53.0,-3.639959528301887,137.0,-3.721002810218978,199.0,-4.0698201507537695,177.0,-3.9090185875706216,200.0,-4.06921105,157.0,-3.799292579617834,372.0,-4.128390430107527,330.0,-3.975599227272727,371.0,-4.127316954177898,1009.0,-4.4752830624380575,1271.0,-4.328465247836349,1387.0,-4.467792263878875,453.0,-4.1712230353200885,702.0,-4.328737165242165,946.0,-4.466015533826639,498,1612,192.4540557861328,192.27246,dump_498.lammpstraj
dump_499.csv,498.0,-3.55679609437751,666.0,-3.645088445945946,751.0,-3.991168122503329,755.0,-3.811591165562914,538.0,-4.003228949814127,346.0,-3.753207572254335,596.0,-4.0855868959731545,596.0,-3.908750595637584,420.0,-4.092131464285714,772.0,-4.4232928367875655,1061.0,-4.2567116446748345,750.0,-4.42697856,831.0,-4.081832015643803,788.0,-4.267837423857868,165.0,-4.433097393939394,499,3550,178.15403747558594,178.1015,dump_499.lammpstraj
