File,Pair,Count,Mean_Energy
dump_0.csv,1-1,115,-3.6365983478260873
dump_0.csv,1-2,256,-3.71968171875
dump_0.csv,1-3,295,-4.060598966101694
dump_0.csv,1-4,271,-3.896939409594096
dump_0.csv,1-5,293,-4.062248634812287
dump_0.csv,2-2,319,-3.802201394984326
dump_0.csv,2-3,558,-4.130033163082437
dump_0.csv,2-4,523,-3.97084206500956
dump_0.csv,2-5,571,-4.133676269702277
dump_0.csv,3-3,784,-4.4649891772959185
dump_0.csv,3-4,1028,-4.314748706225681
dump_0.csv,3-5,1115,-4.465737390134529
dump_0.csv,4-4,470,-4.155228138297873
dump_0.csv,4-5,716,-4.318593770949721
dump_0.csv,5-5,937,-4.469616147278548
dump_1.csv,1-1,169,-3.6319987278106507
dump_1.csv,1-2,314,-3.7088628343949046
dump_1.csv,1-3,384,-4.048692018229167
dump_1.csv,1-4,350,-3.887098914285714
dump_1.csv,1-5,379,-4.052530329815303
dump_1.csv,2-2,288,-3.78594359375
dump_1.csv,2-3,519,-4.115682148362235
dump_1.csv,2-4,474,-3.9557417827004215
dump_1.csv,2-5,510,-4.118775656862745
dump_1.csv,3-3,934,-4.450934668094218
dump_1.csv,3-4,1201,-4.302287477102415
dump_1.csv,3-5,1284,-4.450891725077882
dump_1.csv,4-4,456,-4.145886107456141
dump_1.csv,4-5,702,-4.305910769230769
dump_1.csv,5-5,734,-4.451195653950954
dump_2.csv,1-1,54,-3.646440740740741
dump_2.csv,1-2,111,-3.7294584684684686
dump_2.csv,1-3,199,-4.067502889447236
dump_2.csv,1-4,184,-3.9140769565217393
dump_2.csv,1-5,198,-4.069736767676767
dump_2.csv,2-2,149,-3.80240788590604
dump_2.csv,2-3,360,-4.129718388888889
dump_2.csv,2-4,333,-3.976011051051051
dump_2.csv,2-5,359,-4.12800573816156
dump_2.csv,3-3,999,-4.473985085085085
dump_2.csv,3-4,1251,-4.327983229416467
dump_2.csv,3-5,1382,-4.46904252170767
dump_2.csv,4-4,480,-4.174174895833334
dump_2.csv,4-5,727,-4.330670068775791
dump_2.csv,5-5,939,-4.466276506922258
dump_3.csv,1-1,99,-3.6305585353535355
dump_3.csv,1-2,175,-3.714203142857143
dump_3.csv,1-3,261,-4.056843850574713
dump_3.csv,1-4,238,-3.9013577731092437
dump_3.csv,1-5,261,-4.053782471264368
dump_3.csv,2-2,179,-3.7934143296089387
dump_3.csv,2-3,367,-4.126725899182562
dump_3.csv,2-4,337,-3.972984347181009
dump_3.csv,2-5,366,-4.126453633879781
dump_3.csv,3-3,943,-4.4705547242842
dump_3.csv,3-4,1191,-4.32305279177162
dump_3.csv,3-5,1304,-4.464469946319018
dump_3.csv,4-4,504,-4.16595628968254
dump_3.csv,4-5,742,-4.322387264150944
dump_3.csv,5-5,938,-4.461315410447761
dump_4.csv,1-1,534,-3.551509756554307
dump_4.csv,1-2,540,-3.632478805555556
dump_4.csv,1-3,804,-3.972017618159204
dump_4.csv,1-4,771,-3.8044838780804153
dump_4.csv,1-5,771,-3.978914928664073
dump_4.csv,2-2,145,-3.7453297586206897
dump_4.csv,2-3,339,-4.064356460176991
dump_4.csv,2-4,322,-3.89704950310559
dump_4.csv,2-5,324,-4.0741965895061725
dump_4.csv,3-3,812,-4.401473195812808
dump_4.csv,3-4,1078,-4.244506530612245
dump_4.csv,3-5,1075,-4.4044033767441855
dump_4.csv,4-4,595,-4.074907705882353
dump_4.csv,4-5,822,-4.2511884610705595
dump_4.csv,5-5,554,-4.412300469314079
dump_5.csv,1-1,337,-3.588897818991098
dump_5.csv,1-2,422,-3.6666845260663505
dump_5.csv,1-3,554,-4.010645315884476
dump_5.csv,1-4,506,-3.8473910079051383
dump_5.csv,1-5,550,-4.012239963636364
dump_5.csv,2-2,180,-3.765113722222222
dump_5.csv,2-3,381,-4.086085879265092
dump_5.csv,2-4,357,-3.93185175070028
dump_5.csv,2-5,377,-4.090683541114059
dump_5.csv,3-3,935,-4.427025668449198
dump_5.csv,3-4,1169,-4.277346976047904
dump_5.csv,3-5,1252,-4.425997244408945
dump_5.csv,4-4,452,-4.120157732300885
dump_5.csv,4-5,686,-4.283546326530613
dump_5.csv,5-5,735,-4.4304019387755105
dump_6.csv,1-1,288,-3.6129592187500004
dump_6.csv,1-2,499,-3.6973580861723447
dump_6.csv,1-3,497,-4.025689225352113
dump_6.csv,1-4,465,-3.858344688172043
dump_6.csv,1-5,492,-4.039215274390243
dump_6.csv,2-2,625,-3.799851704
dump_6.csv,2-3,889,-4.118371546681665
dump_6.csv,2-4,862,-3.9520212587006958
dump_6.csv,2-5,893,-4.128869714445689
dump_6.csv,3-3,635,-4.439672803149606
dump_6.csv,3-4,849,-4.284033568904594
dump_6.csv,3-5,881,-4.443999040862656
dump_6.csv,4-4,476,-4.116253834033613
dump_6.csv,4-5,693,-4.293807005772006
dump_6.csv,5-5,599,-4.456912337228714
dump_7.csv,1-1,244,-3.613617274590164
dump_7.csv,1-2,370,-3.6978765945945944
dump_7.csv,1-3,424,-4.039795117924529
dump_7.csv,1-4,427,-3.8635060187353627
dump_7.csv,1-5,447,-4.042122762863534
dump_7.csv,2-2,320,-3.8038165156250003
dump_7.csv,2-3,531,-4.128817052730697
dump_7.csv,2-4,533,-3.960293142589118
dump_7.csv,2-5,559,-4.129832316636851
dump_7.csv,3-3,516,-4.4604346802325585
dump_7.csv,3-4,761,-4.301006708278581
dump_7.csv,3-5,798,-4.458285808270676
dump_7.csv,4-4,625,-4.129859368
dump_7.csv,4-5,889,-4.30307766591676
dump_7.csv,5-5,907,-4.463660815876516
dump_8.csv,1-1,127,-3.6307199212598427
dump_8.csv,1-2,262,-3.7117563931297712
dump_8.csv,1-3,333,-4.054209294294295
dump_8.csv,1-4,294,-3.89061018707483
dump_8.csv,1-5,332,-4.058108780120482
dump_8.csv,2-2,251,-3.7952897410358566
dump_8.csv,2-3,470,-4.123558319148936
dump_8.csv,2-4,442,-3.9643834841628958
dump_8.csv,2-5,476,-4.125534380252101
dump_8.csv,3-3,872,-4.457742786697247
dump_8.csv,3-4,1120,-4.309924133928571
dump_8.csv,3-5,1216,-4.455556299342105
dump_8.csv,4-4,449,-4.154166536748329
dump_8.csv,4-5,713,-4.313540596072931
dump_8.csv,5-5,884,-4.456190345022624
dump_9.csv,1-1,110,-3.6339324545454548
dump_9.csv,1-2,215,-3.7146480697674416
dump_9.csv,1-3,295,-4.056268898305085
dump_9.csv,1-4,267,-3.8993555617977527
dump_9.csv,1-5,295,-4.055853372881356
dump_9.csv,2-2,184,-3.794940489130435
dump_9.csv,2-3,408,-4.122018333333333
dump_9.csv,2-4,370,-3.968393608108108
dump_9.csv,2-5,408,-4.122213394607843
dump_9.csv,3-3,952,-4.461206302521009
dump_9.csv,3-4,1182,-4.313233705583756
dump_9.csv,3-5,1282,-4.456198985959438
dump_9.csv,4-4,445,-4.156997325842696
dump_9.csv,4-5,700,-4.318734121428572
dump_9.csv,5-5,939,-4.45934719914803
dump_10.csv,1-1,126,-3.6341260714285712
dump_10.csv,1-2,245,-3.705960448979592
dump_10.csv,1-3,314,-4.056862117834394
dump_10.csv,1-4,286,-3.891751555944056
dump_10.csv,1-5,316,-4.058608892405063
dump_10.csv,2-2,196,-3.791935025510204
dump_10.csv,2-3,414,-4.121153369565217
dump_10.csv,2-4,393,-3.9615072519083974
dump_10.csv,2-5,417,-4.120253393285371
dump_10.csv,3-3,870,-4.465216959770115
dump_10.csv,3-4,1099,-4.316027561419473
dump_10.csv,3-5,1197,-4.460817969924812
dump_10.csv,4-4,498,-4.15254422690763
dump_10.csv,4-5,749,-4.3140533177570095
dump_10.csv,5-5,930,-4.459244946236559
dump_11.csv,1-1,115,-3.6285594347826087
dump_11.csv,1-2,209,-3.709005023923445
dump_11.csv,1-3,295,-4.056556322033899
dump_11.csv,1-4,272,-3.8986088786764705
dump_11.csv,1-5,293,-4.0604264846416385
dump_11.csv,2-2,197,-3.788742614213198
dump_11.csv,2-3,412,-4.121012075242718
dump_11.csv,2-4,383,-3.9678048041775456
dump_11.csv,2-5,411,-4.123857834549878
dump_11.csv,3-3,921,-4.462022491856677
dump_11.csv,3-4,1170,-4.317168854700855
dump_11.csv,3-5,1283,-4.458610565081839
dump_11.csv,4-4,461,-4.163065672451193
dump_11.csv,4-5,719,-4.318121731571628
dump_11.csv,5-5,905,-4.460131337016575
dump_12.csv,1-1,51,-3.6577347058823526
dump_12.csv,1-2,163,-3.7327717791411046
dump_12.csv,1-3,200,-4.07399175
dump_12.csv,1-4,188,-3.9166877393617026
dump_12.csv,1-5,201,-4.076295
dump_12.csv,2-2,291,-3.806874243986254
dump_12.csv,2-3,531,-4.134932956685499
dump_12.csv,2-4,491,-3.9814962525458246
dump_12.csv,2-5,528,-4.137508996212121
dump_12.csv,3-3,989,-4.476709337714864
dump_12.csv,3-4,1265,-4.329232557312253
dump_12.csv,3-5,1366,-4.47309418374817
dump_12.csv,4-4,471,-4.171934479830149
dump_12.csv,4-5,721,-4.331785665742025
dump_12.csv,5-5,804,-4.473363451492538
dump_13.csv,1-1,80,-3.6414391875
dump_13.csv,1-2,180,-3.723507888888889
dump_13.csv,1-3,262,-4.067002748091603
dump_13.csv,1-4,234,-3.9037783119658123
dump_13.csv,1-5,261,-4.066854559386973
dump_13.csv,2-2,160,-3.7930932499999996
dump_13.csv,2-3,364,-4.122758228021978
dump_13.csv,2-4,333,-3.9691192342342343
dump_13.csv,2-5,366,-4.122560983606558
dump_13.csv,3-3,942,-4.468111926751592
dump_13.csv,3-4,1194,-4.321061302345059
dump_13.csv,3-5,1302,-4.463465702764977
dump_13.csv,4-4,487,-4.1626659342915815
dump_13.csv,4-5,746,-4.3205628351206435
dump_13.csv,5-5,942,-4.463796884288747
dump_14.csv,1-1,123,-3.6371746747967477
dump_14.csv,1-2,224,-3.7123532142857143
dump_14.csv,1-3,311,-4.051447620578778
dump_14.csv,1-4,287,-3.888977648083624
dump_14.csv,1-5,312,-4.054069326923076
dump_14.csv,2-2,190,-3.788343368421053
dump_14.csv,2-3,402,-4.118769054726368
dump_14.csv,2-4,356,-3.9619993398876403
dump_14.csv,2-5,395,-4.119390898734178
dump_14.csv,3-3,990,-4.459192787878788
dump_14.csv,3-4,1235,-4.312185623481781
dump_14.csv,3-5,1343,-4.4563719583023085
dump_14.csv,4-4,472,-4.155704375
dump_14.csv,4-5,707,-4.313689561527581
dump_14.csv,5-5,847,-4.4583265643447465
dump_15.csv,1-1,186,-3.616373172043011
dump_15.csv,1-2,314,-3.6993839490445857
dump_15.csv,1-3,408,-4.037036642156862
dump_15.csv,1-4,367,-3.8726313896457767
dump_15.csv,1-5,402,-4.041516517412935
dump_15.csv,2-2,236,-3.7823221822033894
dump_15.csv,2-3,453,-4.105424735099338
dump_15.csv,2-4,399,-3.9499365413533836
dump_15.csv,2-5,447,-4.110315391498881
dump_15.csv,3-3,940,-4.44240729787234
dump_15.csv,3-4,1147,-4.294416233653008
dump_15.csv,3-5,1282,-4.4416924843993755
dump_15.csv,4-4,407,-4.134561609336609
dump_15.csv,4-5,634,-4.297106624605679
dump_15.csv,5-5,831,-4.4462074789410355
dump_16.csv,1-1,170,-3.6215970588235296
dump_16.csv,1-2,259,-3.703354749034749
dump_16.csv,1-3,361,-4.041549764542936
dump_16.csv,1-4,321,-3.8791337383177567
dump_16.csv,1-5,365,-4.045499520547945
dump_16.csv,2-2,207,-3.7907739371980678
dump_16.csv,2-3,411,-4.117212238442822
dump_16.csv,2-4,375,-3.9638966933333335
dump_16.csv,2-5,413,-4.118003365617434
dump_16.csv,3-3,885,-4.45428127118644
dump_16.csv,3-4,1076,-4.307546212825279
dump_16.csv,3-5,1195,-4.452914054393306
dump_16.csv,4-4,460,-4.148717141304348
dump_16.csv,4-5,713,-4.3104179523141655
dump_16.csv,5-5,918,-4.451444940087145
dump_17.csv,1-1,99,-3.6599410606060605
dump_17.csv,1-2,249,-3.731141987951807
dump_17.csv,1-3,274,-4.069746003649635
dump_17.csv,1-4,260,-3.8992849038461537
dump_17.csv,1-5,278,-4.0740422482014385
dump_17.csv,2-2,411,-3.8139359245742095
dump_17.csv,2-3,666,-4.138243250750751
dump_17.csv,2-4,630,-3.9747519920634917
dump_17.csv,2-5,673,-4.142942927191679
dump_17.csv,3-3,723,-4.468473561549101
dump_17.csv,3-4,927,-4.317373176914779
dump_17.csv,3-5,1030,-4.469738121359223
dump_17.csv,4-4,454,-4.152559240088106
dump_17.csv,4-5,714,-4.320268144257703
dump_17.csv,5-5,925,-4.472730848648649
dump_18.csv,1-1,356,-3.5910239887640447
dump_18.csv,1-2,426,-3.6741163028169015
dump_18.csv,1-3,574,-4.009612195121951
dump_18.csv,1-4,498,-3.8442804116465865
dump_18.csv,1-5,586,-4.013211518771331
dump_18.csv,2-2,225,-3.7670680888888888
dump_18.csv,2-3,424,-4.085890849056604
dump_18.csv,2-4,360,-3.9278378055555554
dump_18.csv,2-5,427,-4.0922036182669785
dump_18.csv,3-3,780,-4.415018974358975
dump_18.csv,3-4,937,-4.267819397011739
dump_18.csv,3-5,1083,-4.417176782086796
dump_18.csv,4-4,336,-4.106640148809523
dump_18.csv,4-5,587,-4.273664045996592
dump_18.csv,5-5,929,-4.425405888051669
dump_19.csv,1-1,118,-3.64813843220339
dump_19.csv,1-2,273,-3.7196196886446886
dump_19.csv,1-3,288,-4.062588802083333
dump_19.csv,1-4,266,-3.900048157894737
dump_19.csv,1-5,289,-4.066079636678201
dump_19.csv,2-2,397,-3.8063789294710326
dump_19.csv,2-3,635,-4.135773543307087
dump_19.csv,2-4,601,-3.973326514143095
dump_19.csv,2-5,635,-4.137570102362205
dump_19.csv,3-3,787,-4.472774243964422
dump_19.csv,3-4,1042,-4.320018862763916
dump_19.csv,3-5,1089,-4.468321707988981
dump_19.csv,4-4,528,-4.160290871212122
dump_19.csv,4-5,785,-4.3258650764331215
dump_19.csv,5-5,818,-4.472087622249389
dump_20.csv,1-1,84,-3.635114345238095
dump_20.csv,1-2,174,-3.71960025862069
dump_20.csv,1-3,242,-4.06127597107438
dump_20.csv,1-4,223,-3.8985187668161436
dump_20.csv,1-5,240,-4.0633137291666666
dump_20.csv,2-2,203,-3.8035714285714284
dump_20.csv,2-3,420,-4.130286535714285
dump_20.csv,2-4,392,-3.9722198724489797
dump_20.csv,2-5,419,-4.131752255369928
dump_20.csv,3-3,934,-4.471228377944326
dump_20.csv,3-4,1196,-4.322775643812709
dump_20.csv,3-5,1290,-4.466887879844961
dump_20.csv,4-4,457,-4.167669507658643
dump_20.csv,4-5,724,-4.326100013812155
dump_20.csv,5-5,928,-4.464920167025863
dump_21.csv,1-1,57,-3.633720350877193
dump_21.csv,1-2,140,-3.723622571428571
dump_21.csv,1-3,199,-4.067635979899498
dump_21.csv,1-4,182,-3.910678818681319
dump_21.csv,1-5,199,-4.068921834170855
dump_21.csv,2-2,166,-3.7993118072289156
dump_21.csv,2-3,376,-4.127292194148937
dump_21.csv,2-4,341,-3.9732031231671554
dump_21.csv,2-5,375,-4.12882804
dump_21.csv,3-3,1020,-4.473675240196079
dump_21.csv,3-4,1257,-4.3283529832935566
dump_21.csv,3-5,1377,-4.469483816267248
dump_21.csv,4-4,464,-4.175065129310345
dump_21.csv,4-5,710,-4.329516133802817
dump_21.csv,5-5,917,-4.469036543075245
dump_22.csv,1-1,287,-3.597487142857143
dump_22.csv,1-2,475,-3.6851530421052634
dump_22.csv,1-3,527,-4.020447115749525
dump_22.csv,1-4,494,-3.853784170040486
dump_22.csv,1-5,498,-4.027548112449799
dump_22.csv,2-2,411,-3.7751633576642334
dump_22.csv,2-3,661,-4.101662397881997
dump_22.csv,2-4,618,-3.939658964401295
dump_22.csv,2-5,624,-4.110469174679487
dump_22.csv,3-3,917,-4.43354858778626
dump_22.csv,3-4,1171,-4.279286648163962
dump_22.csv,3-5,1191,-4.436540176322418
dump_22.csv,4-4,462,-4.1146318181818184
dump_22.csv,4-5,676,-4.286668402366864
dump_22.csv,5-5,504,-4.442378591269842
dump_23.csv,1-1,109,-3.632044036697248
dump_23.csv,1-2,190,-3.7129271315789474
dump_23.csv,1-3,262,-4.057260248091604
dump_23.csv,1-4,244,-3.893211618852459
dump_23.csv,1-5,267,-4.05620670411985
dump_23.csv,2-2,201,-3.7967869154228855
dump_23.csv,2-3,404,-4.127123391089109
dump_23.csv,2-4,369,-3.9675963821138214
dump_23.csv,2-5,403,-4.126546191066998
dump_23.csv,3-3,952,-4.468271244747899
dump_23.csv,3-4,1177,-4.3200621367884455
dump_23.csv,3-5,1289,-4.462582754072924
dump_23.csv,4-4,475,-4.162211105263158
dump_23.csv,4-5,726,-4.319739049586777
dump_23.csv,5-5,919,-4.4634107072905325
dump_24.csv,1-1,188,-3.623260797872341
dump_24.csv,1-2,293,-3.7014542832764503
dump_24.csv,1-3,399,-4.041789949874687
dump_24.csv,1-4,364,-3.879721662087912
dump_24.csv,1-5,402,-4.0435817039801
dump_24.csv,2-2,192,-3.7793586197916667
dump_24.csv,2-3,407,-4.110207063882064
dump_24.csv,2-4,377,-3.9510010212201596
dump_24.csv,2-5,413,-4.110467469733656
dump_24.csv,3-3,861,-4.452441957026713
dump_24.csv,3-4,1086,-4.302758554327808
dump_24.csv,3-5,1191,-4.447612262804366
dump_24.csv,4-4,458,-4.13803653930131
dump_24.csv,4-5,704,-4.302165731534091
dump_24.csv,5-5,904,-4.448069292035398
dump_25.csv,1-1,167,-3.6125513173652695
dump_25.csv,1-2,251,-3.693111533864542
dump_25.csv,1-3,365,-4.037230876712329
dump_25.csv,1-4,330,-3.8757243636363636
dump_25.csv,1-5,357,-4.038058067226891
dump_25.csv,2-2,190,-3.7875626052631577
dump_25.csv,2-3,391,-4.112481457800512
dump_25.csv,2-4,361,-3.959470152354571
dump_25.csv,2-5,385,-4.116227753246753
dump_25.csv,3-3,986,-4.449890512170386
dump_25.csv,3-4,1214,-4.304609505766063
dump_25.csv,3-5,1349,-4.448740092661231
dump_25.csv,4-4,468,-4.148055021367521
dump_25.csv,4-5,702,-4.308760356125356
dump_25.csv,5-5,812,-4.452437204433497
dump_26.csv,1-1,97,-3.63960030927835
dump_26.csv,1-2,236,-3.7268099152542375
dump_26.csv,1-3,279,-4.070401164874552
dump_26.csv,1-4,275,-3.904015890909091
dump_26.csv,1-5,276,-4.0720186775362315
dump_26.csv,2-2,317,-3.8038819873817036
dump_26.csv,2-3,562,-4.136379110320284
dump_26.csv,2-4,551,-3.9735425317604354
dump_26.csv,2-5,546,-4.139633003663003
dump_26.csv,3-3,901,-4.480454350721421
dump_26.csv,3-4,1198,-4.323656047579299
dump_26.csv,3-5,1196,-4.477635844481606
dump_26.csv,4-4,638,-4.161498142633229
dump_26.csv,4-5,893,-4.327483460246361
dump_26.csv,5-5,678,-4.475674166666667
dump_27.csv,1-1,109,-3.6544730733944952
dump_27.csv,1-2,269,-3.7216636059479553
dump_27.csv,1-3,285,-4.064198789473685
dump_27.csv,1-4,266,-3.8968623120300747
dump_27.csv,1-5,279,-4.071165949820788
dump_27.csv,2-2,381,-3.802023635170604
dump_27.csv,2-3,634,-4.128356332807571
dump_27.csv,2-4,574,-3.9701511585365856
dump_27.csv,2-5,619,-4.133489571890145
dump_27.csv,3-3,927,-4.468016418554476
dump_27.csv,3-4,1173,-4.31733873827792
dump_27.csv,3-5,1267,-4.464897501973165
dump_27.csv,4-4,468,-4.156035961538461
dump_27.csv,4-5,702,-4.320669002849003
dump_27.csv,5-5,733,-4.4667532810368344
dump_28.csv,1-1,70,-3.6571712857142855
dump_28.csv,1-2,218,-3.7333005504587153
dump_28.csv,1-3,251,-4.074742171314741
dump_28.csv,1-4,231,-3.91090341991342
dump_28.csv,1-5,251,-4.080134940239043
dump_28.csv,2-2,377,-3.8036637002652522
dump_28.csv,2-3,616,-4.134706931818181
dump_28.csv,2-4,560,-3.9743518124999997
dump_28.csv,2-5,618,-4.137669045307444
dump_28.csv,3-3,823,-4.471274520048603
dump_28.csv,3-4,1069,-4.321849527595884
dump_28.csv,3-5,1149,-4.471173681462141
dump_28.csv,4-4,445,-4.1578438764044945
dump_28.csv,4-5,698,-4.3233710888252155
dump_28.csv,5-5,875,-4.473894674285714
dump_29.csv,1-1,104,-3.6418619711538462
dump_29.csv,1-2,275,-3.7307192363636363
dump_29.csv,1-3,282,-4.064151489361702
dump_29.csv,1-4,259,-3.8971776254826254
dump_29.csv,1-5,254,-4.075475374015747
dump_29.csv,2-2,710,-3.8219037957746482
dump_29.csv,2-3,1000,-4.144406515
dump_29.csv,2-4,944,-3.9824418538135595
dump_29.csv,2-5,911,-4.15572565312843
dump_29.csv,3-3,933,-4.473329330117899
dump_29.csv,3-4,1175,-4.3197132340425535
dump_29.csv,3-5,1136,-4.4727935123239435
dump_29.csv,4-4,493,-4.157136673427991
dump_29.csv,4-5,674,-4.324883338278932
dump_29.csv,5-5,403,-4.4805350868486356
dump_30.csv,1-1,86,-3.641480174418605
dump_30.csv,1-2,192,-3.7224883593749998
dump_30.csv,1-3,249,-4.065323795180723
dump_30.csv,1-4,234,-3.9044678632478633
dump_30.csv,1-5,249,-4.065178052208835
dump_30.csv,2-2,253,-3.801731837944664
dump_30.csv,2-3,484,-4.131174617768595
dump_30.csv,2-4,443,-3.9729515801354403
dump_30.csv,2-5,481,-4.131405925155925
dump_30.csv,3-3,898,-4.468895150334076
dump_30.csv,3-4,1117,-4.323217833482542
dump_30.csv,3-5,1253,-4.465420901835595
dump_30.csv,4-4,462,-4.163239512987013
dump_30.csv,4-5,708,-4.323159830508475
dump_30.csv,5-5,914,-4.466536602844639
dump_31.csv,1-1,349,-3.6059658309455584
dump_31.csv,1-2,566,-3.694421899293286
dump_31.csv,1-3,556,-4.017503543165467
dump_31.csv,1-4,491,-3.8468195417515276
dump_31.csv,1-5,508,-4.03101000984252
dump_31.csv,2-2,822,-3.7992812652068126
dump_31.csv,2-3,1132,-4.1074028577738515
dump_31.csv,2-4,980,-3.9463915765306123
dump_31.csv,2-5,1042,-4.124447365642994
dump_31.csv,3-3,723,-4.418693084370678
dump_31.csv,3-4,883,-4.267028505096262
dump_31.csv,3-5,924,-4.427073874458874
dump_31.csv,4-4,326,-4.100979831288344
dump_31.csv,4-5,489,-4.279595040899795
dump_31.csv,5-5,370,-4.4376545
dump_32.csv,1-1,83,-3.650812168674699
dump_32.csv,1-2,190,-3.715441315789474
dump_32.csv,1-3,278,-4.061865791366906
dump_32.csv,1-4,245,-3.906264693877551
dump_32.csv,1-5,277,-4.063914584837545
dump_32.csv,2-2,169,-3.7881584319526627
dump_32.csv,2-3,381,-4.118302480314961
dump_32.csv,2-4,346,-3.96592524566474
dump_32.csv,2-5,379,-4.120467559366754
dump_32.csv,3-3,1009,-4.460290971258671
dump_32.csv,3-4,1217,-4.315897271980279
dump_32.csv,3-5,1352,-4.457248180473372
dump_32.csv,4-4,442,-4.160667149321267
dump_32.csv,4-5,689,-4.319348214804064
dump_32.csv,5-5,911,-4.458996926454446
dump_33.csv,1-1,47,-3.6501775531914893
dump_33.csv,1-2,141,-3.7256779787234042
dump_33.csv,1-3,199,-4.073518768844221
dump_33.csv,1-4,183,-3.9134548907103825
dump_33.csv,1-5,198,-4.073924343434343
dump_33.csv,2-2,168,-3.7991699404761903
dump_33.csv,2-3,376,-4.128907579787234
dump_33.csv,2-4,344,-3.9754983575581395
dump_33.csv,2-5,379,-4.128651543535621
dump_33.csv,3-3,1002,-4.47392505988024
dump_33.csv,3-4,1277,-4.329622047768207
dump_33.csv,3-5,1390,-4.469289676258993
dump_33.csv,4-4,461,-4.171792852494577
dump_33.csv,4-5,717,-4.328518061366807
dump_33.csv,5-5,941,-4.468082056323061
dump_34.csv,1-1,59,-3.6482762711864405
dump_34.csv,1-2,138,-3.71969231884058
dump_34.csv,1-3,199,-4.066763944723618
dump_34.csv,1-4,178,-3.910523567415731
dump_34.csv,1-5,198,-4.067880808080808
dump_34.csv,2-2,173,-3.7975157803468207
dump_34.csv,2-3,378,-4.126504854497354
dump_34.csv,2-4,347,-3.9753615561959657
dump_34.csv,2-5,379,-4.127063957783641
dump_34.csv,3-3,1006,-4.473283802186878
dump_34.csv,3-4,1249,-4.32950709367494
dump_34.csv,3-5,1383,-4.468066160520608
dump_34.csv,4-4,454,-4.178780154185022
dump_34.csv,4-5,711,-4.330420021097047
dump_34.csv,5-5,931,-4.467159017185821
dump_35.csv,1-1,86,-3.6283976744186046
dump_35.csv,1-2,176,-3.7153953977272725
dump_35.csv,1-3,250,-4.0548813
dump_35.csv,1-4,230,-3.8995569347826087
dump_35.csv,1-5,251,-4.062119123505976
dump_35.csv,2-2,217,-3.8001901612903226
dump_35.csv,2-3,427,-4.127105690866511
dump_35.csv,2-4,392,-3.972733941326531
dump_35.csv,2-5,421,-4.129751128266033
dump_35.csv,3-3,938,-4.469186807036248
dump_35.csv,3-4,1194,-4.3200438525963145
dump_35.csv,3-5,1303,-4.4643679700690715
dump_35.csv,4-4,465,-4.165129010752689
dump_35.csv,4-5,715,-4.324013825174825
dump_35.csv,5-5,912,-4.46598100877193
dump_36.csv,1-1,84,-3.6483971428571427
dump_36.csv,1-2,248,-3.7408686693548385
dump_36.csv,1-3,252,-4.081156587301587
dump_36.csv,1-4,254,-3.9020582677165354
dump_36.csv,1-5,236,-4.085134406779661
dump_36.csv,2-2,591,-3.829441666666667
dump_36.csv,2-3,846,-4.1617939834515365
dump_36.csv,2-4,860,-3.9887904709302324
dump_36.csv,2-5,798,-4.165751622807018
dump_36.csv,3-3,714,-4.501562226890756
dump_36.csv,3-4,1018,-4.337480555009823
dump_36.csv,3-5,936,-4.4982272329059825
dump_36.csv,4-4,790,-4.163617170886075
dump_36.csv,4-5,1016,-4.337261820866142
dump_36.csv,5-5,465,-4.496466043010753
dump_37.csv,1-1,464,-3.59317724137931
dump_37.csv,1-2,699,-3.677083054363376
dump_37.csv,1-3,670,-3.9860234552238802
dump_37.csv,1-4,493,-3.8179971196754563
dump_37.csv,1-5,713,-4.005419600280505
dump_37.csv,2-2,661,-3.777019084720121
dump_37.csv,2-3,875,-4.081395245714286
dump_37.csv,2-4,658,-3.917771474164134
dump_37.csv,2-5,949,-4.098587744994731
dump_37.csv,3-3,493,-4.391746734279919
dump_37.csv,3-4,530,-4.237962226415094
dump_37.csv,3-5,748,-4.3995974933155075
dump_37.csv,4-4,150,-4.063936166666666
dump_37.csv,4-5,350,-4.249756414285715
dump_37.csv,5-5,859,-4.4144962048894065
dump_38.csv,1-1,74,-3.6561378378378375
dump_38.csv,1-2,202,-3.7364705445544555
dump_38.csv,1-3,224,-4.082842477678572
dump_38.csv,1-4,227,-3.9109805947136564
dump_38.csv,1-5,228,-4.082185482456141
dump_38.csv,2-2,321,-3.816749439252337
dump_38.csv,2-3,546,-4.147416456043956
dump_38.csv,2-4,542,-3.9831431734317344
dump_38.csv,2-5,555,-4.150473378378378
dump_38.csv,3-3,716,-4.497076815642458
dump_38.csv,3-4,980,-4.337156326530613
dump_38.csv,3-5,1018,-4.49010003438114
dump_38.csv,4-4,698,-4.16696467765043
dump_38.csv,4-5,980,-4.337309984693878
dump_38.csv,5-5,842,-4.486812701900238
dump_39.csv,1-1,442,-3.581788212669683
dump_39.csv,1-2,692,-3.6730880057803468
dump_39.csv,1-3,684,-3.999928684210526
dump_39.csv,1-4,663,-3.8245242835595774
dump_39.csv,1-5,327,-4.024778685015291
dump_39.csv,2-2,869,-3.785474562715765
dump_39.csv,2-3,1188,-4.098982676767677
dump_39.csv,2-4,1179,-3.9272293214588636
dump_39.csv,2-5,547,-4.123566407678245
dump_39.csv,3-3,692,-4.407607391618497
dump_39.csv,3-4,935,-4.246028101604278
dump_39.csv,3-5,459,-4.425657603485839
dump_39.csv,4-4,580,-4.073753353448276
dump_39.csv,4-5,432,-4.2746294212962965
dump_39.csv,5-5,45,-4.449256777777777
dump_40.csv,1-1,54,-3.6520471296296297
dump_40.csv,1-2,140,-3.723321892857143
dump_40.csv,1-3,201,-4.069469129353234
dump_40.csv,1-4,192,-3.91225203125
dump_40.csv,1-5,198,-4.068917196969697
dump_40.csv,2-2,146,-3.8040352397260273
dump_40.csv,2-3,355,-4.129764183098591
dump_40.csv,2-4,334,-3.972275119760479
dump_40.csv,2-5,353,-4.129672691218131
dump_40.csv,3-3,1009,-4.475051912784935
dump_40.csv,3-4,1284,-4.3284175000000005
dump_40.csv,3-5,1384,-4.469887969653179
dump_40.csv,4-4,473,-4.1687547885835095
dump_40.csv,4-5,724,-4.327344205801105
dump_40.csv,5-5,938,-4.4678101652452025
dump_41.csv,1-1,58,-3.644931810344828
dump_41.csv,1-2,141,-3.722559929078014
dump_41.csv,1-3,200,-4.06945755
dump_41.csv,1-4,185,-3.9113658378378378
dump_41.csv,1-5,195,-4.070853769230769
dump_41.csv,2-2,162,-3.7990412037037036
dump_41.csv,2-3,373,-4.129718914209115
dump_41.csv,2-4,338,-3.9748496005917158
dump_41.csv,2-5,371,-4.127410741239892
dump_41.csv,3-3,1012,-4.47579158596838
dump_41.csv,3-4,1283,-4.329981079501169
dump_41.csv,3-5,1385,-4.469001267148014
dump_41.csv,4-4,468,-4.1741926282051285
dump_41.csv,4-5,726,-4.330225578512397
dump_41.csv,5-5,946,-4.468561178646935
dump_42.csv,1-1,102,-3.6363590686274514
dump_42.csv,1-2,229,-3.71934692139738
dump_42.csv,1-3,285,-4.059837298245615
dump_42.csv,1-4,258,-3.9000894186046513
dump_42.csv,1-5,284,-4.062473926056338
dump_42.csv,2-2,231,-3.7982186796536794
dump_42.csv,2-3,458,-4.127569279475982
dump_42.csv,2-4,428,-3.970201121495327
dump_42.csv,2-5,459,-4.1298213943355115
dump_42.csv,3-3,838,-4.469969826968974
dump_42.csv,3-4,1093,-4.319529364135407
dump_42.csv,3-5,1171,-4.464324970111016
dump_42.csv,4-4,496,-4.162469949596774
dump_42.csv,4-5,743,-4.319822308209959
dump_42.csv,5-5,947,-4.463649250263992
dump_43.csv,1-1,215,-3.5996637906976745
dump_43.csv,1-2,311,-3.6908252572347267
dump_43.csv,1-3,417,-4.029140335731414
dump_43.csv,1-4,388,-3.8688071262886594
dump_43.csv,1-5,408,-4.035669595588235
dump_43.csv,2-2,207,-3.7766272946859902
dump_43.csv,2-3,421,-4.105190249406176
dump_43.csv,2-4,385,-3.945982142857143
dump_43.csv,2-5,415,-4.108957397590362
dump_43.csv,3-3,932,-4.446833358369099
dump_43.csv,3-4,1171,-4.297444970111017
dump_43.csv,3-5,1277,-4.445680833985905
dump_43.csv,4-4,457,-4.136548610503282
dump_43.csv,4-5,706,-4.299765368271954
dump_43.csv,5-5,804,-4.448203389303482
dump_44.csv,1-1,88,-3.648761875
dump_44.csv,1-2,207,-3.7253605555555556
dump_44.csv,1-3,250,-4.06795314
dump_44.csv,1-4,215,-3.9058013023255818
dump_44.csv,1-5,249,-4.072215481927711
dump_44.csv,2-2,298,-3.8043440100671138
dump_44.csv,2-3,537,-4.1325767970204845
dump_44.csv,2-4,492,-3.9746773780487805
dump_44.csv,2-5,533,-4.131619821763603
dump_44.csv,3-3,841,-4.475507990487515
dump_44.csv,3-4,1063,-4.326150418626529
dump_44.csv,3-5,1174,-4.470145591993186
dump_44.csv,4-4,473,-4.163221416490486
dump_44.csv,4-5,716,-4.3255306215083795
dump_44.csv,5-5,941,-4.46868954303932
dump_45.csv,1-1,315,-3.596367063492063
dump_45.csv,1-2,509,-3.6784991944990177
dump_45.csv,1-3,541,-4.016206377079483
dump_45.csv,1-4,502,-3.84988515936255
dump_45.csv,1-5,478,-4.029627489539749
dump_45.csv,2-2,515,-3.7776623495145634
dump_45.csv,2-3,784,-4.1019539413265305
dump_45.csv,2-4,731,-3.940456142270862
dump_45.csv,2-5,693,-4.114247186147186
dump_45.csv,3-3,940,-4.431516569148936
dump_45.csv,3-4,1188,-4.278889225589225
dump_45.csv,3-5,1115,-4.435794174887892
dump_45.csv,4-4,459,-4.1104360457516345
dump_45.csv,4-5,649,-4.289540909090909
dump_45.csv,5-5,371,-4.443906630727763
dump_46.csv,1-1,103,-3.6366916019417475
dump_46.csv,1-2,210,-3.7234689761904765
dump_46.csv,1-3,288,-4.065375416666666
dump_46.csv,1-4,285,-3.8995650526315795
dump_46.csv,1-5,284,-4.069547570422535
dump_46.csv,2-2,205,-3.803252317073171
dump_46.csv,2-3,403,-4.136736017369727
dump_46.csv,2-4,399,-3.974969060150376
dump_46.csv,2-5,400,-4.1372108
dump_46.csv,3-3,824,-4.485573046116505
dump_46.csv,3-4,1120,-4.327581374999999
dump_46.csv,3-5,1145,-4.478456480349345
dump_46.csv,4-4,738,-4.1624801016260164
dump_46.csv,4-5,1005,-4.326978512437811
dump_46.csv,5-5,773,-4.476459728331178
dump_47.csv,1-1,316,-3.5998619620253165
dump_47.csv,1-2,468,-3.6914988354700853
dump_47.csv,1-3,516,-4.02253078488372
dump_47.csv,1-4,483,-3.8539703105590064
dump_47.csv,1-5,534,-4.028198586142323
dump_47.csv,2-2,412,-3.7990698907766993
dump_47.csv,2-3,606,-4.115497301980198
dump_47.csv,2-4,608,-3.9494437171052628
dump_47.csv,2-5,651,-4.121772496159754
dump_47.csv,3-3,519,-4.434169344894027
dump_47.csv,3-4,714,-4.280445819327731
dump_47.csv,3-5,799,-4.4379691864831035
dump_47.csv,4-4,468,-4.115302286324786
dump_47.csv,4-5,715,-4.290016461538461
dump_47.csv,5-5,927,-4.442989250269687
dump_48.csv,1-1,115,-3.6349520869565217
dump_48.csv,1-2,234,-3.7122688675213675
dump_48.csv,1-3,303,-4.057129818481848
dump_48.csv,1-4,276,-3.8950242753623185
dump_48.csv,1-5,304,-4.056741759868421
dump_48.csv,2-2,201,-3.7929275621890546
dump_48.csv,2-3,413,-4.122205181598063
dump_48.csv,2-4,394,-3.9645169416243653
dump_48.csv,2-5,417,-4.123786582733813
dump_48.csv,3-3,874,-4.466769685354691
dump_48.csv,3-4,1126,-4.31495938277087
dump_48.csv,3-5,1202,-4.462902104825291
dump_48.csv,4-4,521,-4.159920355086372
dump_48.csv,4-5,761,-4.320979796320631
dump_48.csv,5-5,928,-4.4645927424568965
dump_49.csv,1-1,174,-3.6237666666666666
dump_49.csv,1-2,306,-3.7032291503267976
dump_49.csv,1-3,379,-4.047279340369393
dump_49.csv,1-4,357,-3.8801010784313728
dump_49.csv,1-5,382,-4.049768730366492
dump_49.csv,2-2,279,-3.792321308243728
dump_49.csv,2-3,495,-4.119448858585859
dump_49.csv,2-4,443,-3.9560331151241535
dump_49.csv,2-5,499,-4.122456262525049
dump_49.csv,3-3,789,-4.4572732256020275
dump_49.csv,3-4,1041,-4.300826368876081
dump_49.csv,3-5,1117,-4.453338800358102
dump_49.csv,4-4,451,-4.137236784922395
dump_49.csv,4-5,711,-4.305045654008438
dump_49.csv,5-5,909,-4.455555500550055
dump_50.csv,1-1,91,-3.6559978571428573
dump_50.csv,1-2,263,-3.7366026425855514
dump_50.csv,1-3,269,-4.073714405204461
dump_50.csv,1-4,257,-3.903573424124514
dump_50.csv,1-5,278,-4.076958021582734
dump_50.csv,2-2,477,-3.8126660587002097
dump_50.csv,2-3,734,-4.140087036784741
dump_50.csv,2-4,679,-3.9774809499263624
dump_50.csv,2-5,742,-4.144897297843666
dump_50.csv,3-3,672,-4.470851741071429
dump_50.csv,3-4,867,-4.318351337946943
dump_50.csv,3-5,962,-4.4722344802494804
dump_50.csv,4-4,459,-4.15396220043573
dump_50.csv,4-5,719,-4.323820764951321
dump_50.csv,5-5,895,-4.473757592178771
dump_51.csv,1-1,65,-3.6420853846153847
dump_51.csv,1-2,160,-3.72405890625
dump_51.csv,1-3,216,-4.066519444444444
dump_51.csv,1-4,194,-3.9048763659793817
dump_51.csv,1-5,215,-4.0675467906976746
dump_51.csv,2-2,182,-3.7959460989010987
dump_51.csv,2-3,399,-4.12833328320802
dump_51.csv,2-4,371,-3.973906307277628
dump_51.csv,2-5,398,-4.126827123115578
dump_51.csv,3-3,1000,-4.47417664
dump_51.csv,3-4,1248,-4.325395913461539
dump_51.csv,3-5,1347,-4.470729131403118
dump_51.csv,4-4,452,-4.170462245575221
dump_51.csv,4-5,716,-4.325588708100558
dump_51.csv,5-5,936,-4.468081971153846
dump_52.csv,1-1,214,-3.6153322196261684
dump_52.csv,1-2,300,-3.6992373166666668
dump_52.csv,1-3,426,-4.034277899061033
dump_52.csv,1-4,387,-3.869676124031008
dump_52.csv,1-5,424,-4.039101922169811
dump_52.csv,2-2,217,-3.7863438479262674
dump_52.csv,2-3,401,-4.109046122194514
dump_52.csv,2-4,363,-3.946488994490358
dump_52.csv,2-5,408,-4.113522977941177
dump_52.csv,3-3,843,-4.444520913404508
dump_52.csv,3-4,1043,-4.294188576222435
dump_52.csv,3-5,1177,-4.442779749362787
dump_52.csv,4-4,462,-4.1309249891774895
dump_52.csv,4-5,710,-4.297764373239437
dump_52.csv,5-5,889,-4.447702975253093
dump_53.csv,1-1,167,-3.6208046107784426
dump_53.csv,1-2,292,-3.7034647260273976
dump_53.csv,1-3,364,-4.042731112637362
dump_53.csv,1-4,337,-3.8784066172106826
dump_53.csv,1-5,363,-4.04623173553719
dump_53.csv,2-2,177,-3.7797951694915253
dump_53.csv,2-3,407,-4.112029238329239
dump_53.csv,2-4,374,-3.951227887700535
dump_53.csv,2-5,404,-4.111528589108911
dump_53.csv,3-3,942,-4.454505483014862
dump_53.csv,3-4,1203,-4.304815889443059
dump_53.csv,3-5,1293,-4.451766411446249
dump_53.csv,4-4,454,-4.1465179845814975
dump_53.csv,4-5,702,-4.3062211965811965
dump_53.csv,5-5,851,-4.451415552291421
dump_54.csv,1-1,222,-3.6198066441441443
dump_54.csv,1-2,389,-3.706059768637532
dump_54.csv,1-3,429,-4.04170317016317
dump_54.csv,1-4,398,-3.8696193467336686
dump_54.csv,1-5,440,-4.0457063522727275
dump_54.csv,2-2,395,-3.8007261265822785
dump_54.csv,2-3,606,-4.122621146864686
dump_54.csv,2-4,578,-3.958779091695502
dump_54.csv,2-5,637,-4.127284474097332
dump_54.csv,3-3,584,-4.453432037671233
dump_54.csv,3-4,805,-4.293308155279503
dump_54.csv,3-5,882,-4.45190712585034
dump_54.csv,4-4,490,-4.132242306122449
dump_54.csv,4-5,739,-4.2999271380243576
dump_54.csv,5-5,930,-4.4588642849462365
dump_55.csv,1-1,169,-3.6269332840236688
dump_55.csv,1-2,313,-3.709846261980831
dump_55.csv,1-3,358,-4.054631648044692
dump_55.csv,1-4,356,-3.882443216292135
dump_55.csv,1-5,369,-4.055929783197832
dump_55.csv,2-2,250,-3.8001850800000003
dump_55.csv,2-3,466,-4.126973969957081
dump_55.csv,2-4,466,-3.962250954935622
dump_55.csv,2-5,481,-4.12704632016632
dump_55.csv,3-3,694,-4.4683265273775215
dump_55.csv,3-4,962,-4.310241387733888
dump_55.csv,3-5,992,-4.46429392641129
dump_55.csv,4-4,591,-4.143029813874788
dump_55.csv,4-5,854,-4.310271779859485
dump_55.csv,5-5,915,-4.463890153005464
dump_56.csv,1-1,367,-3.58182257493188
dump_56.csv,1-2,472,-3.6654022881355934
dump_56.csv,1-3,599,-3.999362704507513
dump_56.csv,1-4,535,-3.837860168224299
dump_56.csv,1-5,598,-4.006212391304348
dump_56.csv,2-2,228,-3.7697649780701754
dump_56.csv,2-3,467,-4.090739785867237
dump_56.csv,2-4,433,-3.9315193071593537
dump_56.csv,2-5,465,-4.097164279569893
dump_56.csv,3-3,823,-4.422598329283111
dump_56.csv,3-4,1024,-4.272088774414063
dump_56.csv,3-5,1122,-4.422518435828876
dump_56.csv,4-4,465,-4.111062462365592
dump_56.csv,4-5,699,-4.27847208869814
dump_56.csv,5-5,751,-4.429501810918775
dump_57.csv,1-1,119,-3.633975462184874
dump_57.csv,1-2,266,-3.712322969924812
dump_57.csv,1-3,302,-4.058965910596027
dump_57.csv,1-4,284,-3.8918071830985914
dump_57.csv,1-5,301,-4.06158096345515
dump_57.csv,2-2,398,-3.799764861809045
dump_57.csv,2-3,640,-4.128302453125
dump_57.csv,2-4,598,-3.969215643812709
dump_57.csv,2-5,623,-4.131053555377207
dump_57.csv,3-3,942,-4.465274670912951
dump_57.csv,3-4,1200,-4.314286295833333
dump_57.csv,3-5,1284,-4.462372176791277
dump_57.csv,4-4,454,-4.151149988986784
dump_57.csv,4-5,691,-4.314871092619392
dump_57.csv,5-5,716,-4.463397248603352
dump_58.csv,1-1,57,-3.6431462280701754
dump_58.csv,1-2,133,-3.7208025187969924
dump_58.csv,1-3,200,-4.068218325
dump_58.csv,1-4,185,-3.9058338648648645
dump_58.csv,1-5,199,-4.067627864321608
dump_58.csv,2-2,159,-3.7952605974842766
dump_58.csv,2-3,374,-4.12682513368984
dump_58.csv,2-4,348,-3.9722897988505745
dump_58.csv,2-5,375,-4.1286448133333336
dump_58.csv,3-3,1012,-4.474330780632411
dump_58.csv,3-4,1268,-4.327686577287066
dump_58.csv,3-5,1388,-4.470971066282421
dump_58.csv,4-4,470,-4.173150021276595
dump_58.csv,4-5,713,-4.329627945301542
dump_58.csv,5-5,928,-4.4690910560344825
dump_59.csv,1-1,63,-3.6370107936507936
dump_59.csv,1-2,138,-3.7173724637681156
dump_59.csv,1-3,198,-4.0664162121212115
dump_59.csv,1-4,186,-3.907310053763441
dump_59.csv,1-5,195,-4.066501615384615
dump_59.csv,2-2,171,-3.795092923976608
dump_59.csv,2-3,380,-4.12687925
dump_59.csv,2-4,359,-3.975575668523677
dump_59.csv,2-5,380,-4.125803486842106
dump_59.csv,3-3,1015,-4.473493379310344
dump_59.csv,3-4,1278,-4.3294131064162755
dump_59.csv,3-5,1380,-4.46874025
dump_59.csv,4-4,460,-4.175292521739131
dump_59.csv,4-5,707,-4.330324667609618
dump_59.csv,5-5,955,-4.467574476439791
dump_60.csv,1-1,474,-3.568117647679325
dump_60.csv,1-2,565,-3.6489277345132742
dump_60.csv,1-3,706,-3.9919022025495754
dump_60.csv,1-4,718,-3.812633057103064
dump_60.csv,1-5,747,-3.9985769812583665
dump_60.csv,2-2,182,-3.755611428571429
dump_60.csv,2-3,375,-4.07627004
dump_60.csv,2-4,377,-3.909404694960212
dump_60.csv,2-5,398,-4.081945603015075
dump_60.csv,3-3,550,-4.411066436363636
dump_60.csv,3-4,786,-4.250683517811705
dump_60.csv,3-5,822,-4.411838649635037
dump_60.csv,4-4,532,-4.077273317669174
dump_60.csv,4-5,804,-4.2568159639303484
dump_60.csv,5-5,856,-4.42036949182243
dump_61.csv,1-1,404,-3.585247784653465
dump_61.csv,1-2,530,-3.665806566037736
dump_61.csv,1-3,619,-4.004829394184168
dump_61.csv,1-4,616,-3.830763538961039
dump_61.csv,1-5,648,-4.010711203703704
dump_61.csv,2-2,257,-3.764526031128405
dump_61.csv,2-3,463,-4.093520788336933
dump_61.csv,2-4,458,-3.9177584825327507
dump_61.csv,2-5,487,-4.09639704312115
dump_61.csv,3-3,565,-4.425248230088496
dump_61.csv,3-4,781,-4.26435481434059
dump_61.csv,3-5,836,-4.424677422248804
dump_61.csv,4-4,498,-4.092803202811245
dump_61.csv,4-5,778,-4.271689170951157
dump_61.csv,5-5,853,-4.4301356271981245
dump_62.csv,1-1,221,-3.609714321266968
dump_62.csv,1-2,327,-3.6869010550458716
dump_62.csv,1-3,440,-4.033123477272727
dump_62.csv,1-4,420,-3.861464119047619
dump_62.csv,1-5,449,-4.035458440979956
dump_62.csv,2-2,154,-3.767818246753247
dump_62.csv,2-3,361,-4.100010138504155
dump_62.csv,2-4,350,-3.9413090285714283
dump_62.csv,2-5,372,-4.100830255376344
dump_62.csv,3-3,856,-4.442731471962617
dump_62.csv,3-4,1066,-4.293226191369606
dump_62.csv,3-5,1194,-4.439932784757119
dump_62.csv,4-4,449,-4.127426436525612
dump_62.csv,4-5,693,-4.2928148484848485
dump_62.csv,5-5,902,-4.441925831485587
dump_63.csv,1-1,65,-3.6529926923076923
dump_63.csv,1-2,140,-3.722491321428571
dump_63.csv,1-3,197,-4.065738705583756
dump_63.csv,1-4,178,-3.905228707865169
dump_63.csv,1-5,200,-4.066014075
dump_63.csv,2-2,159,-3.8018485849056605
dump_63.csv,2-3,363,-4.126893980716254
dump_63.csv,2-4,337,-3.977823649851632
dump_63.csv,2-5,360,-4.1290582916666665
dump_63.csv,3-3,1005,-4.47544484079602
dump_63.csv,3-4,1281,-4.331949594067135
dump_63.csv,3-5,1382,-4.470861468885673
dump_63.csv,4-4,470,-4.179676957446809
dump_63.csv,4-5,726,-4.330471907713499
dump_63.csv,5-5,938,-4.4659433528784644
dump_64.csv,1-1,133,-3.630103571428571
dump_64.csv,1-2,285,-3.7120919649122808
dump_64.csv,1-3,308,-4.054498944805195
dump_64.csv,1-4,298,-3.8863129194630868
dump_64.csv,1-5,280,-4.065059785714286
dump_64.csv,2-2,468,-3.8077883333333333
dump_64.csv,2-3,739,-4.137851265223275
dump_64.csv,2-4,714,-3.9741850630252102
dump_64.csv,2-5,690,-4.144033971014493
dump_64.csv,3-3,943,-4.47471025980912
dump_64.csv,3-4,1256,-4.321511934713375
dump_64.csv,3-5,1179,-4.474364122137405
dump_64.csv,4-4,617,-4.159441474878444
dump_64.csv,4-5,816,-4.327602530637255
dump_64.csv,5-5,454,-4.47861859030837
dump_65.csv,1-1,377,-3.586183872679045
dump_65.csv,1-2,485,-3.67535893814433
dump_65.csv,1-3,598,-4.004519030100335
dump_65.csv,1-4,545,-3.8391364495412845
dump_65.csv,1-5,601,-4.014071455906822
dump_65.csv,2-2,284,-3.7727796302816903
dump_65.csv,2-3,498,-4.093332771084337
dump_65.csv,2-4,449,-3.929475111358575
dump_65.csv,2-5,498,-4.0986249899598395
dump_65.csv,3-3,744,-4.420387795698925
dump_65.csv,3-4,939,-4.267133285410011
dump_65.csv,3-5,1035,-4.423830289855072
dump_65.csv,4-4,467,-4.1050310492505355
dump_65.csv,4-5,696,-4.275920201149425
dump_65.csv,5-5,766,-4.433542114882506
dump_66.csv,1-1,78,-3.6451021794871794
dump_66.csv,1-2,161,-3.713692204968944
dump_66.csv,1-3,237,-4.0635956962025315
dump_66.csv,1-4,218,-3.9023065366972474
dump_66.csv,1-5,238,-4.062092878151261
dump_66.csv,2-2,172,-3.7994075872093025
dump_66.csv,2-3,387,-4.127889250645995
dump_66.csv,2-4,353,-3.9710235694050993
dump_66.csv,2-5,384,-4.124594596354167
dump_66.csv,3-3,993,-4.470114174219536
dump_66.csv,3-4,1227,-4.321405460472698
dump_66.csv,3-5,1359,-4.4637167402501845
dump_66.csv,4-4,461,-4.162575368763558
dump_66.csv,4-5,714,-4.3228212955182075
dump_66.csv,5-5,934,-4.462378940042827
dump_67.csv,1-1,173,-3.6193453757225433
dump_67.csv,1-2,332,-3.7006742620481927
dump_67.csv,1-3,374,-4.045320481283422
dump_67.csv,1-4,353,-3.8789665014164307
dump_67.csv,1-5,352,-4.052287642045455
dump_67.csv,2-2,417,-3.793541103117506
dump_67.csv,2-3,672,-4.122951592261905
dump_67.csv,2-4,635,-3.963060811023622
dump_67.csv,2-5,637,-4.130621428571429
dump_67.csv,3-3,946,-4.461707426004229
dump_67.csv,3-4,1226,-4.307016676182708
dump_67.csv,3-5,1225,-4.460076812244898
dump_67.csv,4-4,508,-4.144350452755906
dump_67.csv,4-5,732,-4.313507780054644
dump_67.csv,5-5,576,-4.462405017361111
dump_68.csv,1-1,76,-3.6544883552631577
dump_68.csv,1-2,194,-3.72665131443299
dump_68.csv,1-3,257,-4.069252684824902
dump_68.csv,1-4,232,-3.9078822629310346
dump_68.csv,1-5,256,-4.0666929296875
dump_68.csv,2-2,241,-3.796731037344398
dump_68.csv,2-3,468,-4.127380480769231
dump_68.csv,2-4,432,-3.9721204745370366
dump_68.csv,2-5,467,-4.131754293361884
dump_68.csv,3-3,915,-4.470548912568306
dump_68.csv,3-4,1179,-4.32085179389313
dump_68.csv,3-5,1261,-4.465979623314829
dump_68.csv,4-4,461,-4.15983259219089
dump_68.csv,4-5,716,-4.321986054469273
dump_68.csv,5-5,920,-4.465597048913044
dump_69.csv,1-1,166,-3.6282309939759037
dump_69.csv,1-2,237,-3.7057864135021097
dump_69.csv,1-3,349,-4.0450969627507165
dump_69.csv,1-4,316,-3.8824574841772153
dump_69.csv,1-5,351,-4.04637150997151
dump_69.csv,2-2,190,-3.787442315789474
dump_69.csv,2-3,402,-4.116930174129354
dump_69.csv,2-4,366,-3.9624490437158473
dump_69.csv,2-5,400,-4.1182606
dump_69.csv,3-3,945,-4.455624476190476
dump_69.csv,3-4,1193,-4.30901588432523
dump_69.csv,3-5,1275,-4.452517501960784
dump_69.csv,4-4,458,-4.15377730349345
dump_69.csv,4-5,703,-4.309679644381224
dump_69.csv,5-5,873,-4.451514696449026
dump_70.csv,1-1,99,-3.640943585858586
dump_70.csv,1-2,181,-3.7136308839779004
dump_70.csv,1-3,274,-4.057756459854015
dump_70.csv,1-4,250,-3.8973151600000002
dump_70.csv,1-5,272,-4.060013216911765
dump_70.csv,2-2,167,-3.801856407185629
dump_70.csv,2-3,366,-4.125187076502732
dump_70.csv,2-4,329,-3.969584179331307
dump_70.csv,2-5,369,-4.123825284552845
dump_70.csv,3-3,965,-4.464819031088083
dump_70.csv,3-4,1221,-4.318168104013104
dump_70.csv,3-5,1308,-4.460641162079511
dump_70.csv,4-4,472,-4.162908209745763
dump_70.csv,4-5,728,-4.321105872252747
dump_70.csv,5-5,934,-4.460874421841543
dump_71.csv,1-1,112,-3.6425226785714284
dump_71.csv,1-2,250,-3.72586658
dump_71.csv,1-3,270,-4.059130388888889
dump_71.csv,1-4,251,-3.9010336454183268
dump_71.csv,1-5,271,-4.070456605166052
dump_71.csv,2-2,469,-3.8155646268656715
dump_71.csv,2-3,710,-4.140439964788732
dump_71.csv,2-4,668,-3.9807906811377243
dump_71.csv,2-5,717,-4.145001631799164
dump_71.csv,3-3,684,-4.475741125730995
dump_71.csv,3-4,919,-4.320736175190425
dump_71.csv,3-5,979,-4.471105352400408
dump_71.csv,4-4,471,-4.156084511677283
dump_71.csv,4-5,721,-4.3241842926490985
dump_71.csv,5-5,912,-4.477183355263158
dump_72.csv,1-1,162,-3.6264758333333336
dump_72.csv,1-2,247,-3.6948459716599187
dump_72.csv,1-3,361,-4.045078559556787
dump_72.csv,1-4,342,-3.8782727923976608
dump_72.csv,1-5,361,-4.047910623268698
dump_72.csv,2-2,163,-3.782857791411043
dump_72.csv,2-3,369,-4.114056829268293
dump_72.csv,2-4,340,-3.9545581617647056
dump_72.csv,2-5,364,-4.114309546703296
dump_72.csv,3-3,879,-4.457164328782707
dump_72.csv,3-4,1127,-4.306897999112688
dump_72.csv,3-5,1221,-4.4531714250614245
dump_72.csv,4-4,462,-4.149296731601732
dump_72.csv,4-5,723,-4.307173727524205
dump_72.csv,5-5,940,-4.4529841382978725
dump_73.csv,1-1,371,-3.582344986522911
dump_73.csv,1-2,439,-3.6698405694760816
dump_73.csv,1-3,583,-4.0098566552315615
dump_73.csv,1-4,568,-3.8403753873239435
dump_73.csv,1-5,614,-4.011588379478828
dump_73.csv,2-2,215,-3.773992976744186
dump_73.csv,2-3,395,-4.101023151898734
dump_73.csv,2-4,370,-3.933040891891892
dump_73.csv,2-5,412,-4.10101302184466
dump_73.csv,3-3,622,-4.428554228295821
dump_73.csv,3-4,858,-4.272986998834498
dump_73.csv,3-5,918,-4.428473447712419
dump_73.csv,4-4,515,-4.108523194174757
dump_73.csv,4-5,763,-4.277139010484928
dump_73.csv,5-5,905,-4.431654502762431
dump_74.csv,1-1,117,-3.633011153846154
dump_74.csv,1-2,199,-3.717780904522613
dump_74.csv,1-3,282,-4.061477322695035
dump_74.csv,1-4,269,-3.8969119144981414
dump_74.csv,1-5,287,-4.0573000174216025
dump_74.csv,2-2,187,-3.801025962566845
dump_74.csv,2-3,400,-4.13164595
dump_74.csv,2-4,370,-3.9728784324324327
dump_74.csv,2-5,405,-4.12774262962963
dump_74.csv,3-3,828,-4.478434070048309
dump_74.csv,3-4,1095,-4.32562593607306
dump_74.csv,3-5,1156,-4.472803083910035
dump_74.csv,4-4,591,-4.162412258883249
dump_74.csv,4-5,859,-4.323388754365541
dump_74.csv,5-5,928,-4.467584795258621
dump_75.csv,1-1,105,-3.6418272380952383
dump_75.csv,1-2,235,-3.728562914893617
dump_75.csv,1-3,275,-4.062923181818182
dump_75.csv,1-4,261,-3.8957295210727967
dump_75.csv,1-5,282,-4.067731063829787
dump_75.csv,2-2,384,-3.810444557291667
dump_75.csv,2-3,623,-4.136954983948636
dump_75.csv,2-4,573,-3.9744217190226876
dump_75.csv,2-5,629,-4.139177655007949
dump_75.csv,3-3,754,-4.467792400530504
dump_75.csv,3-4,970,-4.316562902061856
dump_75.csv,3-5,1062,-4.467358564030132
dump_75.csv,4-4,461,-4.154125043383948
dump_75.csv,4-5,706,-4.320475474504249
dump_75.csv,5-5,929,-4.4711131270183
dump_76.csv,1-1,83,-3.6451790963855424
dump_76.csv,1-2,182,-3.7184884615384615
dump_76.csv,1-3,262,-4.062896278625954
dump_76.csv,1-4,229,-3.9039767248908297
dump_76.csv,1-5,261,-4.06355745210728
dump_76.csv,2-2,175,-3.791986285714286
dump_76.csv,2-3,379,-4.122743047493404
dump_76.csv,2-4,350,-3.9680153285714286
dump_76.csv,2-5,378,-4.125130277777777
dump_76.csv,3-3,976,-4.465305824795083
dump_76.csv,3-4,1226,-4.320313168841762
dump_76.csv,3-5,1343,-4.461310889798958
dump_76.csv,4-4,458,-4.163102871179039
dump_76.csv,4-5,715,-4.319755433566433
dump_76.csv,5-5,924,-4.460123154761905
dump_77.csv,1-1,110,-3.6473311363636367
dump_77.csv,1-2,214,-3.7124567990654205
dump_77.csv,1-3,288,-4.056487430555555
dump_77.csv,1-4,261,-3.8994249616858236
dump_77.csv,1-5,290,-4.057588913793103
dump_77.csv,2-2,181,-3.7913215745856355
dump_77.csv,2-3,407,-4.120749324324324
dump_77.csv,2-4,382,-3.9662894633507855
dump_77.csv,2-5,405,-4.12267262962963
dump_77.csv,3-3,934,-4.4616370770877944
dump_77.csv,3-4,1179,-4.315858032230705
dump_77.csv,3-5,1294,-4.4585193585780525
dump_77.csv,4-4,455,-4.158478263736264
dump_77.csv,4-5,710,-4.318928253521127
dump_77.csv,5-5,926,-4.4606387634989195
dump_78.csv,1-1,213,-3.615565352112676
dump_78.csv,1-2,332,-3.6901150602409643
dump_78.csv,1-3,433,-4.035224930715935
dump_78.csv,1-4,413,-3.87598495157385
dump_78.csv,1-5,427,-4.038973992974239
dump_78.csv,2-2,196,-3.774880994897959
dump_78.csv,2-3,416,-4.106702764423077
dump_78.csv,2-4,392,-3.9487796683673473
dump_78.csv,2-5,397,-4.107385088161209
dump_78.csv,3-3,933,-4.449615096463023
dump_78.csv,3-4,1234,-4.296934448946516
dump_78.csv,3-5,1256,-4.445558097133758
dump_78.csv,4-4,534,-4.140230786516854
dump_78.csv,4-5,764,-4.299547329842932
dump_78.csv,5-5,735,-4.447988489795919
dump_79.csv,1-1,396,-3.5948777777777776
dump_79.csv,1-2,633,-3.6844146208530804
dump_79.csv,1-3,628,-3.999750015923567
dump_79.csv,1-4,568,-3.834467051056338
dump_79.csv,1-5,587,-4.024748764906303
dump_79.csv,2-2,748,-3.789897393048128
dump_79.csv,2-3,1016,-4.09728592027559
dump_79.csv,2-4,912,-3.9333809539473683
dump_79.csv,2-5,979,-4.116143094994893
dump_79.csv,3-3,658,-4.406597743161094
dump_79.csv,3-4,812,-4.252190233990148
dump_79.csv,3-5,855,-4.418741128654971
dump_79.csv,4-4,354,-4.089904279661017
dump_79.csv,4-5,558,-4.272537365591398
dump_79.csv,5-5,453,-4.434134370860927
dump_80.csv,1-1,161,-3.6319842857142857
dump_80.csv,1-2,338,-3.7085230621301775
dump_80.csv,1-3,369,-4.049835921409214
dump_80.csv,1-4,350,-3.8868057
dump_80.csv,1-5,361,-4.055181786703601
dump_80.csv,2-2,388,-3.7876850257731958
dump_80.csv,2-3,628,-4.117270294585987
dump_80.csv,2-4,569,-3.9591200966608087
dump_80.csv,2-5,606,-4.1217253795379545
dump_80.csv,3-3,962,-4.459228513513514
dump_80.csv,3-4,1227,-4.305388174409128
dump_80.csv,3-5,1298,-4.453933362865947
dump_80.csv,4-4,447,-4.140826610738255
dump_80.csv,4-5,677,-4.305666262924667
dump_80.csv,5-5,645,-4.452847868217054
dump_81.csv,1-1,266,-3.604907932330827
dump_81.csv,1-2,366,-3.679219849726776
dump_81.csv,1-3,478,-4.025964288702929
dump_81.csv,1-4,435,-3.8580683448275863
dump_81.csv,1-5,477,-4.0258528825995805
dump_81.csv,2-2,192,-3.7732464843750004
dump_81.csv,2-3,414,-4.10001154589372
dump_81.csv,2-4,381,-3.9383648031496064
dump_81.csv,2-5,413,-4.1030077481840195
dump_81.csv,3-3,873,-4.442488682703322
dump_81.csv,3-4,1109,-4.289857335437331
dump_81.csv,3-5,1211,-4.43783813790256
dump_81.csv,4-4,444,-4.129292094594595
dump_81.csv,4-5,702,-4.292023112535613
dump_81.csv,5-5,831,-4.439228158844765
dump_82.csv,1-1,452,-3.58605235619469
dump_82.csv,1-2,547,-3.66214592321755
dump_82.csv,1-3,659,-4.001274696509864
dump_82.csv,1-4,674,-3.8277544584569734
dump_82.csv,1-5,707,-4.004734710042433
dump_82.csv,2-2,214,-3.764263831775701
dump_82.csv,2-3,397,-4.091603979848867
dump_82.csv,2-4,404,-3.9202360148514854
dump_82.csv,2-5,420,-4.094930452380952
dump_82.csv,3-3,465,-4.4249325053763435
dump_82.csv,3-4,712,-4.26080279494382
dump_82.csv,3-5,732,-4.421621523224044
dump_82.csv,4-4,583,-4.088782658662093
dump_82.csv,4-5,856,-4.262980461448598
dump_82.csv,5-5,889,-4.427217795275591
dump_83.csv,1-1,51,-3.653713039215686
dump_83.csv,1-2,137,-3.71783401459854
dump_83.csv,1-3,198,-4.071436313131313
dump_83.csv,1-4,182,-3.9147514010989006
dump_83.csv,1-5,200,-4.072245925
dump_83.csv,2-2,151,-3.795616622516556
dump_83.csv,2-3,372,-4.12677997311828
dump_83.csv,2-4,343,-3.974969271137026
dump_83.csv,2-5,371,-4.127617735849056
dump_83.csv,3-3,1022,-4.475089491193738
dump_83.csv,3-4,1274,-4.329566499215071
dump_83.csv,3-5,1389,-4.468397937365011
dump_83.csv,4-4,466,-4.175916469957081
dump_83.csv,4-5,715,-4.330264167832167
dump_83.csv,5-5,944,-4.4682584798728815
dump_84.csv,1-1,94,-3.634007606382979
dump_84.csv,1-2,184,-3.715173152173913
dump_84.csv,1-3,267,-4.05971031835206
dump_84.csv,1-4,248,-3.8992208064516127
dump_84.csv,1-5,265,-4.060837226415095
dump_84.csv,2-2,169,-3.7975767751479292
dump_84.csv,2-3,379,-4.123417744063325
dump_84.csv,2-4,349,-3.9693929512893984
dump_84.csv,2-5,380,-4.126324947368421
dump_84.csv,3-3,919,-4.46734057671382
dump_84.csv,3-4,1171,-4.319955879590094
dump_84.csv,3-5,1273,-4.463789709347997
dump_84.csv,4-4,481,-4.164656216216216
dump_84.csv,4-5,725,-4.321900586206897
dump_84.csv,5-5,957,-4.462699529780565
dump_85.csv,1-1,536,-3.558719869402985
dump_85.csv,1-2,757,-3.6450712351387056
dump_85.csv,1-3,807,-3.9732418029739778
dump_85.csv,1-4,768,-3.7988562434895834
dump_85.csv,1-5,727,-3.990740233837689
dump_85.csv,2-2,478,-3.753051820083682
dump_85.csv,2-3,728,-4.0715775686813185
dump_85.csv,2-4,692,-3.9041509465317916
dump_85.csv,2-5,663,-4.087354864253394
dump_85.csv,3-3,712,-4.393186867977528
dump_85.csv,3-4,940,-4.232819255319149
dump_85.csv,3-5,895,-4.40151305027933
dump_85.csv,4-4,501,-4.06609628742515
dump_85.csv,4-5,682,-4.249595982404692
dump_85.csv,5-5,371,-4.414276805929919
dump_86.csv,1-1,147,-3.6198223469387756
dump_86.csv,1-2,235,-3.7035983617021273
dump_86.csv,1-3,336,-4.043541101190476
dump_86.csv,1-4,319,-3.882466786833856
dump_86.csv,1-5,337,-4.0469215430267065
dump_86.csv,2-2,160,-3.7816326562500002
dump_86.csv,2-3,368,-4.114162513586956
dump_86.csv,2-4,343,-3.958301690962099
dump_86.csv,2-5,366,-4.117732486338798
dump_86.csv,3-3,898,-4.461376770601336
dump_86.csv,3-4,1155,-4.306716406926407
dump_86.csv,3-5,1250,-4.455543344
dump_86.csv,4-4,459,-4.148512418300654
dump_86.csv,4-5,725,-4.308067503448275
dump_86.csv,5-5,945,-4.455363883597884
dump_87.csv,1-1,149,-3.620483255033557
dump_87.csv,1-2,220,-3.7065935454545453
dump_87.csv,1-3,327,-4.0440700000000005
dump_87.csv,1-4,305,-3.8823151967213114
dump_87.csv,1-5,328,-4.046319344512195
dump_87.csv,2-2,162,-3.790722530864197
dump_87.csv,2-3,375,-4.11747844
dump_87.csv,2-4,339,-3.961392772861357
dump_87.csv,2-5,375,-4.117080893333333
dump_87.csv,3-3,926,-4.45900606911447
dump_87.csv,3-4,1147,-4.3110716739319965
dump_87.csv,3-5,1264,-4.45394227056962
dump_87.csv,4-4,449,-4.1533224387527845
dump_87.csv,4-5,708,-4.313709583333333
dump_87.csv,5-5,939,-4.4536852928647495
dump_88.csv,1-1,204,-3.629840980392157
dump_88.csv,1-2,397,-3.70766758186398
dump_88.csv,1-3,409,-4.043886246943765
dump_88.csv,1-4,389,-3.8749125192802056
dump_88.csv,1-5,402,-4.05349789800995
dump_88.csv,2-2,550,-3.801355581818182
dump_88.csv,2-3,809,-4.123561582200247
dump_88.csv,2-4,755,-3.9597988940397353
dump_88.csv,2-5,797,-4.132410414052698
dump_88.csv,3-3,771,-4.452866848249027
dump_88.csv,3-4,1021,-4.298803031341822
dump_88.csv,3-5,1058,-4.456879905482041
dump_88.csv,4-4,475,-4.132920568421053
dump_88.csv,4-5,720,-4.305165013888889
dump_88.csv,5-5,601,-4.463234991680532
dump_89.csv,1-1,192,-3.6116739322916662
dump_89.csv,1-2,352,-3.6974217187500003
dump_89.csv,1-3,406,-4.039793275862069
dump_89.csv,1-4,374,-3.8765848930481286
dump_89.csv,1-5,402,-4.042165708955224
dump_89.csv,2-2,294,-3.7871753231292518
dump_89.csv,2-3,542,-4.1127713653136535
dump_89.csv,2-4,498,-3.9553702409638554
dump_89.csv,2-5,531,-4.116077429378531
dump_89.csv,3-3,940,-4.448102515957447
dump_89.csv,3-4,1190,-4.300970336134454
dump_89.csv,3-5,1265,-4.448479027667984
dump_89.csv,4-4,476,-4.143787542016807
dump_89.csv,4-5,708,-4.30497395480226
dump_89.csv,5-5,696,-4.450988987068966
dump_90.csv,1-1,415,-3.5757578192771087
dump_90.csv,1-2,576,-3.6566126475694443
dump_90.csv,1-3,654,-3.9954159480122327
dump_90.csv,1-4,607,-3.826412116968698
dump_90.csv,1-5,587,-4.008290579216355
dump_90.csv,2-2,333,-3.759186711711712
dump_90.csv,2-3,589,-4.081083022071307
dump_90.csv,2-4,540,-3.922740222222222
dump_90.csv,2-5,538,-4.090992741635688
dump_90.csv,3-3,953,-4.414167471143757
dump_90.csv,3-4,1185,-4.262491848101266
dump_90.csv,3-5,1185,-4.418124843881857
dump_90.csv,4-4,467,-4.0953898501070665
dump_90.csv,4-5,642,-4.270442523364486
dump_90.csv,5-5,468,-4.424047254273504
dump_91.csv,1-1,56,-3.6382517857142855
dump_91.csv,1-2,138,-3.7169297463768114
dump_91.csv,1-3,200,-4.0692451
dump_91.csv,1-4,186,-3.911780752688172
dump_91.csv,1-5,195,-4.073492794871795
dump_91.csv,2-2,178,-3.7960031741573035
dump_91.csv,2-3,371,-4.125471630727763
dump_91.csv,2-4,342,-3.9750738304093565
dump_91.csv,2-5,370,-4.127773608108108
dump_91.csv,3-3,1015,-4.474327034482759
dump_91.csv,3-4,1235,-4.32826420242915
dump_91.csv,3-5,1387,-4.469270248738284
dump_91.csv,4-4,479,-4.174698830897704
dump_91.csv,4-5,713,-4.328961122019636
dump_91.csv,5-5,926,-4.465984892008639
dump_92.csv,1-1,119,-3.623237731092437
dump_92.csv,1-2,210,-3.7098099047619044
dump_92.csv,1-3,301,-4.054886162790698
dump_92.csv,1-4,277,-3.890093772563177
dump_92.csv,1-5,299,-4.056469180602007
dump_92.csv,2-2,201,-3.7887623880597014
dump_92.csv,2-3,410,-4.120905573170732
dump_92.csv,2-4,372,-3.9647786155913978
dump_92.csv,2-5,408,-4.12241368872549
dump_92.csv,3-3,936,-4.460690667735043
dump_92.csv,3-4,1165,-4.313584381974249
dump_92.csv,3-5,1284,-4.457867095015576
dump_92.csv,4-4,462,-4.1585644696969695
dump_92.csv,4-5,717,-4.317720808926081
dump_92.csv,5-5,892,-4.459952998878924
dump_93.csv,1-1,177,-3.627250338983051
dump_93.csv,1-2,383,-3.713049856396867
dump_93.csv,1-3,394,-4.04955576142132
dump_93.csv,1-4,355,-3.8830438732394366
dump_93.csv,1-5,342,-4.059397485380117
dump_93.csv,2-2,635,-3.800823811023622
dump_93.csv,2-3,910,-4.123855082417583
dump_93.csv,2-4,836,-3.964147990430622
dump_93.csv,2-5,777,-4.136706872586872
dump_93.csv,3-3,955,-4.455712513089006
dump_93.csv,3-4,1207,-4.301888657829329
dump_93.csv,3-5,1151,-4.45844003475239
dump_93.csv,4-4,500,-4.13886391
dump_93.csv,4-5,675,-4.312849970370371
dump_93.csv,5-5,353,-4.465866855524079
dump_94.csv,1-1,54,-3.645781388888889
dump_94.csv,1-2,142,-3.721568943661972
dump_94.csv,1-3,205,-4.067958707317073
dump_94.csv,1-4,194,-3.910451649484536
dump_94.csv,1-5,205,-4.070609536585366
dump_94.csv,2-2,152,-3.789673815789474
dump_94.csv,2-3,369,-4.127189200542006
dump_94.csv,2-4,348,-3.9711068965517247
dump_94.csv,2-5,366,-4.12704381147541
dump_94.csv,3-3,1011,-4.47596737388724
dump_94.csv,3-4,1285,-4.328095856031129
dump_94.csv,3-5,1387,-4.469820569574622
dump_94.csv,4-4,465,-4.173329623655914
dump_94.csv,4-5,718,-4.328605550139276
dump_94.csv,5-5,932,-4.4661807135193134
dump_95.csv,1-1,227,-3.606778810572687
dump_95.csv,1-2,374,-3.6869104812834226
dump_95.csv,1-3,444,-4.032060157657657
dump_95.csv,1-4,405,-3.863037827160494
dump_95.csv,1-5,442,-4.034997251131222
dump_95.csv,2-2,262,-3.7829840648854964
dump_95.csv,2-3,505,-4.106006544554456
dump_95.csv,2-4,464,-3.945050118534483
dump_95.csv,2-5,491,-4.108573900203666
dump_95.csv,3-3,945,-4.4421737830687835
dump_95.csv,3-4,1151,-4.293758748913988
dump_95.csv,3-5,1260,-4.440847003968254
dump_95.csv,4-4,467,-4.129136852248394
dump_95.csv,4-5,689,-4.296789782293178
dump_95.csv,5-5,721,-4.447088134535368
dump_96.csv,1-1,65,-3.6444156153846152
dump_96.csv,1-2,147,-3.7215704761904767
dump_96.csv,1-3,212,-4.064248183962264
dump_96.csv,1-4,190,-3.911439447368421
dump_96.csv,1-5,211,-4.06644682464455
dump_96.csv,2-2,162,-3.7934412962962964
dump_96.csv,2-3,364,-4.125770412087912
dump_96.csv,2-4,337,-3.972989495548961
dump_96.csv,2-5,362,-4.12633111878453
dump_96.csv,3-3,1004,-4.474048650398406
dump_96.csv,3-4,1280,-4.3287245546875
dump_96.csv,3-5,1381,-4.467632986965967
dump_96.csv,4-4,459,-4.1754573529411765
dump_96.csv,4-5,709,-4.326738124118477
dump_96.csv,5-5,930,-4.464336327956989
dump_97.csv,1-1,108,-3.6440041203703704
dump_97.csv,1-2,199,-3.728955150753769
dump_97.csv,1-3,283,-4.072035671378092
dump_97.csv,1-4,284,-3.900735950704225
dump_97.csv,1-5,291,-4.072469673539519
dump_97.csv,2-2,183,-3.8118634153005466
dump_97.csv,2-3,385,-4.143829792207792
dump_97.csv,2-4,395,-3.9774299620253166
dump_97.csv,2-5,399,-4.1400978320802
dump_97.csv,3-3,657,-4.487846841704719
dump_97.csv,3-4,944,-4.330369507415254
dump_97.csv,3-5,959,-4.481954885297185
dump_97.csv,4-4,743,-4.163689024226111
dump_97.csv,4-5,1046,-4.329989082217973
dump_97.csv,5-5,931,-4.478855891514501
dump_98.csv,1-1,481,-3.5673287733887737
dump_98.csv,1-2,469,-3.655242228144989
dump_98.csv,1-3,731,-3.9951558207934337
dump_98.csv,1-4,735,-3.819926401360544
dump_98.csv,1-5,709,-3.9986465585331454
dump_98.csv,2-2,130,-3.754003576923077
dump_98.csv,2-3,313,-4.081195974440894
dump_98.csv,2-4,310,-3.9062753548387095
dump_98.csv,2-5,298,-4.0875508557046984
dump_98.csv,3-3,712,-4.422966846910112
dump_98.csv,3-4,995,-4.256394165829145
dump_98.csv,3-5,973,-4.418444830421377
dump_98.csv,4-4,725,-4.086094448275862
dump_98.csv,4-5,979,-4.262612645556691
dump_98.csv,5-5,601,-4.421503818635607
dump_99.csv,1-1,673,-3.526262325408618
dump_99.csv,1-2,546,-3.6036551556776555
dump_99.csv,1-3,944,-3.951253215042373
dump_99.csv,1-4,895,-3.780176245810056
dump_99.csv,1-5,890,-3.9586313651685394
dump_99.csv,2-2,88,-3.721878863636363
dump_99.csv,2-3,261,-4.043868199233716
dump_99.csv,2-4,247,-3.8752253846153843
dump_99.csv,2-5,252,-4.04930123015873
dump_99.csv,3-3,772,-4.383775161917098
dump_99.csv,3-4,1052,-4.223981074144487
dump_99.csv,3-5,1050,-4.383062457142858
dump_99.csv,4-4,542,-4.06161352398524
dump_99.csv,4-5,786,-4.233539141221374
dump_99.csv,5-5,549,-4.391763797814208
dump_100.csv,1-1,161,-3.616887298136646
dump_100.csv,1-2,240,-3.6950673125
dump_100.csv,1-3,361,-4.039666939058171
dump_100.csv,1-4,325,-3.8839815538461537
dump_100.csv,1-5,356,-4.043553370786517
dump_100.csv,2-2,170,-3.7818075588235294
dump_100.csv,2-3,372,-4.108671008064516
dump_100.csv,2-4,333,-3.957722252252252
dump_100.csv,2-5,370,-4.109919054054054
dump_100.csv,3-3,1017,-4.451986229105212
dump_100.csv,3-4,1242,-4.307474935587761
dump_100.csv,3-5,1376,-4.449619629360465
dump_100.csv,4-4,450,-4.1500147
dump_100.csv,4-5,697,-4.3077921664275465
dump_100.csv,5-5,800,-4.44916748125
dump_101.csv,1-1,554,-3.548717833935018
dump_101.csv,1-2,594,-3.6394538047138045
dump_101.csv,1-3,807,-3.984191734820322
dump_101.csv,1-4,816,-3.802756593137255
dump_101.csv,1-5,709,-3.989666269393512
dump_101.csv,2-2,229,-3.747168187772926
dump_101.csv,2-3,417,-4.077856258992806
dump_101.csv,2-4,424,-3.903578136792453
dump_101.csv,2-5,375,-4.08758228
dump_101.csv,3-3,684,-4.418376220760234
dump_101.csv,3-4,971,-4.249841894953656
dump_101.csv,3-5,852,-4.4174913791079815
dump_101.csv,4-4,800,-4.073973656250001
dump_101.csv,4-5,964,-4.2559181379668045
dump_101.csv,5-5,353,-4.4182757082152975
dump_102.csv,1-1,97,-3.6508045360824743
dump_102.csv,1-2,250,-3.72857338
dump_102.csv,1-3,274,-4.066879616788321
dump_102.csv,1-4,259,-3.9029993243243246
dump_102.csv,1-5,264,-4.073067462121212
dump_102.csv,2-2,507,-3.8140946055226825
dump_102.csv,2-3,771,-4.136263216601816
dump_102.csv,2-4,707,-3.977226909476662
dump_102.csv,2-5,751,-4.143160885486019
dump_102.csv,3-3,937,-4.4670924119530415
dump_102.csv,3-4,1178,-4.317997822580645
dump_102.csv,3-5,1255,-4.46788741434263
dump_102.csv,4-4,447,-4.158192203579419
dump_102.csv,4-5,688,-4.322706606104651
dump_102.csv,5-5,612,-4.47158556372549
dump_103.csv,1-1,223,-3.614066255605381
dump_103.csv,1-2,342,-3.6922541520467833
dump_103.csv,1-3,444,-4.037837083333334
dump_103.csv,1-4,412,-3.868343483009709
dump_103.csv,1-5,432,-4.039114027777778
dump_103.csv,2-2,240,-3.7843729791666667
dump_103.csv,2-3,466,-4.10726775751073
dump_103.csv,2-4,433,-3.9451837182448037
dump_103.csv,2-5,458,-4.112835229257642
dump_103.csv,3-3,885,-4.44975193220339
dump_103.csv,3-4,1141,-4.297588816827345
dump_103.csv,3-5,1210,-4.447454909090909
dump_103.csv,4-4,529,-4.130206030245747
dump_103.csv,4-5,771,-4.301414727626459
dump_103.csv,5-5,733,-4.4478003956343795
dump_104.csv,1-1,118,-3.6326787288135596
dump_104.csv,1-2,214,-3.7184767523364486
dump_104.csv,1-3,285,-4.062868438596491
dump_104.csv,1-4,281,-3.892508434163701
dump_104.csv,1-5,292,-4.0621607363013705
dump_104.csv,2-2,196,-3.8034822959183674
dump_104.csv,2-3,402,-4.1356374004975125
dump_104.csv,2-4,392,-3.9749461224489795
dump_104.csv,2-5,409,-4.13302
dump_104.csv,3-3,795,-4.4775962327044025
dump_104.csv,3-4,1095,-4.3230089497716895
dump_104.csv,3-5,1132,-4.47246308745583
dump_104.csv,4-4,619,-4.1602109531502425
dump_104.csv,4-5,887,-4.324686195039459
dump_104.csv,5-5,892,-4.470723710762332
dump_105.csv,1-1,59,-3.643676186440678
dump_105.csv,1-2,136,-3.7222764705882354
dump_105.csv,1-3,200,-4.063479275000001
dump_105.csv,1-4,187,-3.904765
dump_105.csv,1-5,200,-4.065501875
dump_105.csv,2-2,172,-3.7953945639534883
dump_105.csv,2-3,375,-4.129348386666667
dump_105.csv,2-4,352,-3.9735247159090905
dump_105.csv,2-5,372,-4.129266142473119
dump_105.csv,3-3,1002,-4.473374046906187
dump_105.csv,3-4,1286,-4.328996625194401
dump_105.csv,3-5,1383,-4.4693719016630515
dump_105.csv,4-4,455,-4.17013134065934
dump_105.csv,4-5,713,-4.329185525946704
dump_105.csv,5-5,946,-4.468058144820296
dump_106.csv,1-1,149,-3.6367302348993285
dump_106.csv,1-2,321,-3.730866557632399
dump_106.csv,1-3,318,-4.068015990566038
dump_106.csv,1-4,331,-3.891095256797583
dump_106.csv,1-5,333,-4.071050315315315
dump_106.csv,2-2,544,-3.821292674632353
dump_106.csv,2-3,740,-4.152378189189189
dump_106.csv,2-4,801,-3.979013451935081
dump_106.csv,2-5,790,-4.156714348101265
dump_106.csv,3-3,490,-4.4837470306122444
dump_106.csv,3-4,761,-4.322158863337713
dump_106.csv,3-5,754,-4.484653222811671
dump_106.csv,4-4,749,-4.14802844459279
dump_106.csv,4-5,1013,-4.325078129318855
dump_106.csv,5-5,721,-4.485818696255201
dump_107.csv,1-1,463,-3.5684835853131753
dump_107.csv,1-2,459,-3.6500610021786493
dump_107.csv,1-3,706,-3.987077542492918
dump_107.csv,1-4,649,-3.8197840061633284
dump_107.csv,1-5,710,-3.9935381408450703
dump_107.csv,2-2,98,-3.7449326530612246
dump_107.csv,2-3,285,-4.071575368421052
dump_107.csv,2-4,264,-3.9100392803030304
dump_107.csv,2-5,291,-4.075607491408935
dump_107.csv,3-3,754,-4.407866027851458
dump_107.csv,3-4,966,-4.253798157349896
dump_107.csv,3-5,1067,-4.409073284910965
dump_107.csv,4-4,460,-4.089064065217391
dump_107.csv,4-5,716,-4.257096941340782
dump_107.csv,5-5,833,-4.41300518607443
dump_108.csv,1-1,155,-3.650608548387097
dump_108.csv,1-2,359,-3.740799080779944
dump_108.csv,1-3,305,-4.065723016393442
dump_108.csv,1-4,345,-3.8868778985507246
dump_108.csv,1-5,360,-4.077767402777778
dump_108.csv,2-2,824,-3.8437535376213594
dump_108.csv,2-3,967,-4.158826799379525
dump_108.csv,2-4,1107,-3.9830384507678414
dump_108.csv,2-5,1140,-4.169577842105263
dump_108.csv,3-3,296,-4.470060118243244
dump_108.csv,3-4,511,-4.304625176125245
dump_108.csv,3-5,531,-4.47730693032015
dump_108.csv,4-4,572,-4.131364694055944
dump_108.csv,4-5,837,-4.316982945041816
dump_108.csv,5-5,744,-4.484931619623656
dump_109.csv,1-1,589,-3.5436288539898135
dump_109.csv,1-2,661,-3.6265217624810893
dump_109.csv,1-3,877,-3.959416818700114
dump_109.csv,1-4,809,-3.7897014462299135
dump_109.csv,1-5,815,-3.9715738343558282
dump_109.csv,2-2,210,-3.7277111666666665
dump_109.csv,2-3,430,-4.051643
dump_109.csv,2-4,387,-3.8836687467700255
dump_109.csv,2-5,395,-4.062081962025316
dump_109.csv,3-3,859,-4.3796764377182775
dump_109.csv,3-4,1094,-4.226118409506398
dump_109.csv,3-5,1134,-4.3857528130511465
dump_109.csv,4-4,441,-4.054674319727891
dump_109.csv,4-5,647,-4.233425285935085
dump_109.csv,5-5,499,-4.399056933867736
dump_110.csv,1-1,528,-3.552159460227273
dump_110.csv,1-2,491,-3.6406757841140527
dump_110.csv,1-3,773,-3.9880244954721866
dump_110.csv,1-4,782,-3.808345287723785
dump_110.csv,1-5,756,-3.989130224867725
dump_110.csv,2-2,103,-3.7461970388349513
dump_110.csv,2-3,278,-4.080881942446043
dump_110.csv,2-4,283,-3.9021218374558306
dump_110.csv,2-5,270,-4.078055888888889
dump_110.csv,3-3,687,-4.422285283842795
dump_110.csv,3-4,965,-4.253284051813472
dump_110.csv,3-5,950,-4.418070284210526
dump_110.csv,4-4,775,-4.080260922580645
dump_110.csv,4-5,1005,-4.254822189054726
dump_110.csv,5-5,560,-4.421341169642857
dump_111.csv,1-1,361,-3.5941554986149584
dump_111.csv,1-2,578,-3.682353771626297
dump_111.csv,1-3,583,-4.0193769296741
dump_111.csv,1-4,579,-3.84261079447323
dump_111.csv,1-5,381,-4.031605839895013
dump_111.csv,2-2,670,-3.787821014925373
dump_111.csv,2-3,949,-4.114041412012645
dump_111.csv,2-4,954,-3.9416785849056604
dump_111.csv,2-5,624,-4.124265360576923
dump_111.csv,3-3,725,-4.4447315172413795
dump_111.csv,3-4,997,-4.276968530591776
dump_111.csv,3-5,649,-4.446518181818182
dump_111.csv,4-4,757,-4.108212655217965
dump_111.csv,4-5,672,-4.288655595238096
dump_111.csv,5-5,144,-4.448599375
dump_112.csv,1-1,313,-3.5980209584664538
dump_112.csv,1-2,531,-3.6891856308851225
dump_112.csv,1-3,541,-4.024483345656192
dump_112.csv,1-4,543,-3.848687449355433
dump_112.csv,1-5,392,-4.0378254209183675
dump_112.csv,2-2,629,-3.7945707710651826
dump_112.csv,2-3,916,-4.1189967030567685
dump_112.csv,2-4,905,-3.9486107900552487
dump_112.csv,2-5,678,-4.13233959439528
dump_112.csv,3-3,776,-4.447438634020618
dump_112.csv,3-4,1071,-4.282116451914098
dump_112.csv,3-5,777,-4.451294395109395
dump_112.csv,4-4,719,-4.114901550764952
dump_112.csv,4-5,735,-4.2956447346938775
dump_112.csv,5-5,186,-4.461679462365591
dump_113.csv,1-1,113,-3.627729867256637
dump_113.csv,1-2,234,-3.7127126923076923
dump_113.csv,1-3,300,-4.05797485
dump_113.csv,1-4,278,-3.892428111510792
dump_113.csv,1-5,299,-4.057558394648829
dump_113.csv,2-2,254,-3.7951248031496063
dump_113.csv,2-3,485,-4.126248680412371
dump_113.csv,2-4,461,-3.9665878308026032
dump_113.csv,2-5,482,-4.12677117219917
dump_113.csv,3-3,891,-4.467151060606061
dump_113.csv,3-4,1149,-4.3166539512619675
dump_113.csv,3-5,1234,-4.462035417341977
dump_113.csv,4-4,474,-4.156738238396624
dump_113.csv,4-5,720,-4.317046652777777
dump_113.csv,5-5,876,-4.461141558219178
dump_114.csv,1-1,53,-3.657723867924528
dump_114.csv,1-2,134,-3.7214162313432837
dump_114.csv,1-3,200,-4.068131825
dump_114.csv,1-4,179,-3.916262458100559
dump_114.csv,1-5,198,-4.070113914141414
dump_114.csv,2-2,173,-3.801247774566474
dump_114.csv,2-3,370,-4.131312878378378
dump_114.csv,2-4,333,-3.9755831531531527
dump_114.csv,2-5,374,-4.132369318181818
dump_114.csv,3-3,1007,-4.472375283018868
dump_114.csv,3-4,1271,-4.327983446105429
dump_114.csv,3-5,1385,-4.4681406823104695
dump_114.csv,4-4,450,-4.174871477777778
dump_114.csv,4-5,709,-4.33059802538787
dump_114.csv,5-5,939,-4.468587949946752
dump_115.csv,1-1,56,-3.6445375892857146
dump_115.csv,1-2,131,-3.720015076335878
dump_115.csv,1-3,199,-4.068782211055276
dump_115.csv,1-4,184,-3.9059415760869567
dump_115.csv,1-5,197,-4.067674949238579
dump_115.csv,2-2,180,-3.7980816388888887
dump_115.csv,2-3,383,-4.129958577023499
dump_115.csv,2-4,361,-3.9754531440443213
dump_115.csv,2-5,379,-4.127875831134565
dump_115.csv,3-3,1011,-4.476572235410484
dump_115.csv,3-4,1269,-4.330648305752561
dump_115.csv,3-5,1392,-4.470355093390805
dump_115.csv,4-4,459,-4.1713978649237475
dump_115.csv,4-5,716,-4.3274728421787705
dump_115.csv,5-5,920,-4.465651211956522
dump_116.csv,1-1,92,-3.637400543478261
dump_116.csv,1-2,209,-3.714317870813397
dump_116.csv,1-3,276,-4.058510851449276
dump_116.csv,1-4,259,-3.9018493822393823
dump_116.csv,1-5,279,-4.064395698924732
dump_116.csv,2-2,209,-3.7906006459330146
dump_116.csv,2-3,412,-4.123613373786408
dump_116.csv,2-4,369,-3.9641770460704606
dump_116.csv,2-5,412,-4.1220418203883495
dump_116.csv,3-3,937,-4.4646483564567765
dump_116.csv,3-4,1152,-4.3166296137152775
dump_116.csv,3-5,1292,-4.460343564241486
dump_116.csv,4-4,449,-4.1613462917594655
dump_116.csv,4-5,694,-4.317884567723343
dump_116.csv,5-5,932,-4.459128964592274
dump_117.csv,1-1,184,-3.6147185597826086
dump_117.csv,1-2,295,-3.693382847457627
dump_117.csv,1-3,388,-4.037191675257732
dump_117.csv,1-4,353,-3.8763183144475923
dump_117.csv,1-5,390,-4.039335858974359
dump_117.csv,2-2,168,-3.7847777976190478
dump_117.csv,2-3,387,-4.111973217054263
dump_117.csv,2-4,343,-3.955311180758017
dump_117.csv,2-5,381,-4.112624619422572
dump_117.csv,3-3,918,-4.452976960784313
dump_117.csv,3-4,1192,-4.302763901006712
dump_117.csv,3-5,1265,-4.447709193675889
dump_117.csv,4-4,455,-4.1463388241758246
dump_117.csv,4-5,712,-4.304211369382022
dump_117.csv,5-5,858,-4.446629242424242
dump_118.csv,1-1,303,-3.5982465016501655
dump_118.csv,1-2,460,-3.6769897934782607
dump_118.csv,1-3,527,-4.0134404459203035
dump_118.csv,1-4,489,-3.8497322392638034
dump_118.csv,1-5,510,-4.02075574509804
dump_118.csv,2-2,341,-3.776522991202346
dump_118.csv,2-3,599,-4.101622529215359
dump_118.csv,2-4,553,-3.9400930289330924
dump_118.csv,2-5,567,-4.106430044091711
dump_118.csv,3-3,953,-4.434264795383001
dump_118.csv,3-4,1192,-4.282697512583892
dump_118.csv,3-5,1241,-4.433473106365834
dump_118.csv,4-4,469,-4.119257420042644
dump_118.csv,4-5,692,-4.289054132947976
dump_118.csv,5-5,557,-4.438770197486535
dump_119.csv,1-1,481,-3.5763801351351354
dump_119.csv,1-2,643,-3.6597073716951787
dump_119.csv,1-3,702,-3.9942920726495728
dump_119.csv,1-4,661,-3.817476944024206
dump_119.csv,1-5,707,-4.002845183875531
dump_119.csv,2-2,369,-3.759329105691057
dump_119.csv,2-3,605,-4.079755049586777
dump_119.csv,2-4,562,-3.9161061654804272
dump_119.csv,2-5,604,-4.089253211920529
dump_119.csv,3-3,639,-4.408390704225352
dump_119.csv,3-4,853,-4.251249923798359
dump_119.csv,3-5,900,-4.414860761111111
dump_119.csv,4-4,456,-4.076265997807018
dump_119.csv,4-5,692,-4.259464747109827
dump_119.csv,5-5,692,-4.422018706647399
dump_120.csv,1-1,311,-3.595928006430868
dump_120.csv,1-2,402,-3.6695825497512433
dump_120.csv,1-3,522,-4.016439319923371
dump_120.csv,1-4,505,-3.8478724455445543
dump_120.csv,1-5,509,-4.022886984282907
dump_120.csv,2-2,231,-3.772959675324675
dump_120.csv,2-3,448,-4.0987196316964285
dump_120.csv,2-4,416,-3.9386155528846154
dump_120.csv,2-5,430,-4.1030379186046515
dump_120.csv,3-3,925,-4.437156545945946
dump_120.csv,3-4,1213,-4.282220490519373
dump_120.csv,3-5,1248,-4.43672874198718
dump_120.csv,4-4,510,-4.120320872549019
dump_120.csv,4-5,749,-4.286096488651536
dump_120.csv,5-5,636,-4.441426077044025
dump_121.csv,1-1,83,-3.6521449397590366
dump_121.csv,1-2,201,-3.7186900497512436
dump_121.csv,1-3,253,-4.067481600790513
dump_121.csv,1-4,236,-3.9022422457627117
dump_121.csv,1-5,253,-4.067133498023715
dump_121.csv,2-2,203,-3.7921068719211823
dump_121.csv,2-3,419,-4.123621109785203
dump_121.csv,2-4,374,-3.9678893315508024
dump_121.csv,2-5,416,-4.125249399038461
dump_121.csv,3-3,942,-4.469881088110403
dump_121.csv,3-4,1186,-4.321408600337268
dump_121.csv,3-5,1300,-4.465801803846154
dump_121.csv,4-4,477,-4.162314371069183
dump_121.csv,4-5,720,-4.320932465277778
dump_121.csv,5-5,929,-4.463377454251884
dump_122.csv,1-1,59,-3.649198474576271
dump_122.csv,1-2,141,-3.718397517730496
dump_122.csv,1-3,201,-4.069986368159205
dump_122.csv,1-4,189,-3.909504312169312
dump_122.csv,1-5,200,-4.067732975
dump_122.csv,2-2,156,-3.791003525641026
dump_122.csv,2-3,372,-4.127769260752688
dump_122.csv,2-4,342,-3.9698944883040936
dump_122.csv,2-5,370,-4.12678672972973
dump_122.csv,3-3,1009,-4.475647685827552
dump_122.csv,3-4,1289,-4.329610349107836
dump_122.csv,3-5,1384,-4.470758316473988
dump_122.csv,4-4,469,-4.17288079957356
dump_122.csv,4-5,719,-4.328248859527121
dump_122.csv,5-5,933,-4.4671899356913185
dump_123.csv,1-1,106,-3.642835377358491
dump_123.csv,1-2,220,-3.7163705227272725
dump_123.csv,1-3,293,-4.061339232081911
dump_123.csv,1-4,271,-3.9014330258302583
dump_123.csv,1-5,292,-4.0636614383561644
dump_123.csv,2-2,209,-3.7937133492822963
dump_123.csv,2-3,416,-4.123642560096154
dump_123.csv,2-4,388,-3.965753672680412
dump_123.csv,2-5,417,-4.1239716306954435
dump_123.csv,3-3,889,-4.4655661923509555
dump_123.csv,3-4,1152,-4.3159364756944445
dump_123.csv,3-5,1254,-4.461425195374801
dump_123.csv,4-4,478,-4.1594833054393305
dump_123.csv,4-5,740,-4.317671236486487
dump_123.csv,5-5,900,-4.462108694444445
dump_124.csv,1-1,126,-3.6240940079365083
dump_124.csv,1-2,208,-3.7086035096153847
dump_124.csv,1-3,295,-4.049088406779661
dump_124.csv,1-4,268,-3.8914050746268654
dump_124.csv,1-5,296,-4.048843817567567
dump_124.csv,2-2,186,-3.794723817204301
dump_124.csv,2-3,407,-4.123384054054054
dump_124.csv,2-4,367,-3.9679923841961853
dump_124.csv,2-5,405,-4.122842320987655
dump_124.csv,3-3,913,-4.463399446878422
dump_124.csv,3-4,1159,-4.317799430543571
dump_124.csv,3-5,1278,-4.459498990610329
dump_124.csv,4-4,478,-4.158639738493724
dump_124.csv,4-5,725,-4.320240848275862
dump_124.csv,5-5,913,-4.462168028477547
dump_125.csv,1-1,120,-3.6279874583333336
dump_125.csv,1-2,244,-3.7155275
dump_125.csv,1-3,312,-4.0633067147435895
dump_125.csv,1-4,303,-3.8960311386138615
dump_125.csv,1-5,295,-4.064364491525423
dump_125.csv,2-2,261,-3.8031141379310345
dump_125.csv,2-3,478,-4.135552928870293
dump_125.csv,2-4,471,-3.9728791188959662
dump_125.csv,2-5,454,-4.140285385462555
dump_125.csv,3-3,918,-4.484058387799564
dump_125.csv,3-4,1236,-4.32797394012945
dump_125.csv,3-5,1196,-4.478837107023412
dump_125.csv,4-4,770,-4.1640837012987015
dump_125.csv,4-5,1031,-4.328038583899127
dump_125.csv,5-5,567,-4.478026816578483
dump_126.csv,1-1,309,-3.6059296925566344
dump_126.csv,1-2,497,-3.6877130583501008
dump_126.csv,1-3,509,-4.022282927308448
dump_126.csv,1-4,492,-3.848945457317073
dump_126.csv,1-5,546,-4.031335412087913
dump_126.csv,2-2,417,-3.7843840167865705
dump_126.csv,2-3,646,-4.105743715170279
dump_126.csv,2-4,589,-3.9415847368421053
dump_126.csv,2-5,674,-4.110752403560831
dump_126.csv,3-3,583,-4.4309594854202405
dump_126.csv,3-4,758,-4.277706715039578
dump_126.csv,3-5,873,-4.431966683848797
dump_126.csv,4-4,377,-4.111116830238727
dump_126.csv,4-5,613,-4.280005611745514
dump_126.csv,5-5,894,-4.439294625279642
dump_127.csv,1-1,93,-3.6265028494623657
dump_127.csv,1-2,229,-3.7244935152838425
dump_127.csv,1-3,291,-4.06659470790378
dump_127.csv,1-4,276,-3.9039706159420287
dump_127.csv,1-5,282,-4.067997375886525
dump_127.csv,2-2,246,-3.7999218902439025
dump_127.csv,2-3,463,-4.131570377969762
dump_127.csv,2-4,441,-3.971644433106576
dump_127.csv,2-5,449,-4.132033084632517
dump_127.csv,3-3,936,-4.475304925213675
dump_127.csv,3-4,1243,-4.322174106999196
dump_127.csv,3-5,1260,-4.469949559523809
dump_127.csv,4-4,605,-4.162720347107438
dump_127.csv,4-5,862,-4.324502569605569
dump_127.csv,5-5,731,-4.466946744186046
dump_128.csv,1-1,78,-3.653768397435898
dump_128.csv,1-2,197,-3.7239560406091368
dump_128.csv,1-3,245,-4.065221285714285
dump_128.csv,1-4,235,-3.9052111702127656
dump_128.csv,1-5,248,-4.069325141129032
dump_128.csv,2-2,219,-3.796182511415525
dump_128.csv,2-3,427,-4.127331920374708
dump_128.csv,2-4,400,-3.9711503625
dump_128.csv,2-5,423,-4.12786048463357
dump_128.csv,3-3,927,-4.470861693635383
dump_128.csv,3-4,1182,-4.32368967428088
dump_128.csv,3-5,1277,-4.467272079091621
dump_128.csv,4-4,469,-4.162539562899787
dump_128.csv,4-5,722,-4.322966405817175
dump_128.csv,5-5,949,-4.464222602739726
dump_129.csv,1-1,213,-3.622235305164319
dump_129.csv,1-2,385,-3.698476142857143
dump_129.csv,1-3,432,-4.035384363425926
dump_129.csv,1-4,398,-3.8770036432160806
dump_129.csv,1-5,405,-4.049658839506173
dump_129.csv,2-2,421,-3.7903171021377675
dump_129.csv,2-3,691,-4.112369196816209
dump_129.csv,2-4,636,-3.9520073349056606
dump_129.csv,2-5,658,-4.124187234042553
dump_129.csv,3-3,945,-4.442111074074074
dump_129.csv,3-4,1185,-4.29112353164557
dump_129.csv,3-5,1242,-4.447826827697263
dump_129.csv,4-4,439,-4.129900831435079
dump_129.csv,4-5,682,-4.30156125366569
dump_129.csv,5-5,552,-4.45784268115942
dump_130.csv,1-1,325,-3.6103033384615384
dump_130.csv,1-2,392,-3.6859570663265306
dump_130.csv,1-3,548,-4.017586076642336
dump_130.csv,1-4,525,-3.8510267904761903
dump_130.csv,1-5,560,-4.023258428571428
dump_130.csv,2-2,192,-3.770586927083333
dump_130.csv,2-3,391,-4.0971030562659845
dump_130.csv,2-4,372,-3.9309843951612904
dump_130.csv,2-5,396,-4.099098762626262
dump_130.csv,3-3,723,-4.430602821576763
dump_130.csv,3-4,951,-4.274707960042061
dump_130.csv,3-5,1028,-4.428335802529183
dump_130.csv,4-4,449,-4.106681414253898
dump_130.csv,4-5,699,-4.276586452074391
dump_130.csv,5-5,911,-4.432545241492865
dump_131.csv,1-1,92,-3.6411885869565217
dump_131.csv,1-2,186,-3.7198540322580644
dump_131.csv,1-3,263,-4.057108022813688
dump_131.csv,1-4,234,-3.8999214316239312
dump_131.csv,1-5,261,-4.06003775862069
dump_131.csv,2-2,182,-3.7940822802197802
dump_131.csv,2-3,386,-4.122649663212435
dump_131.csv,2-4,334,-3.969272380239521
dump_131.csv,2-5,384,-4.12548609375
dump_131.csv,3-3,969,-4.466279984520124
dump_131.csv,3-4,1211,-4.322685726672172
dump_131.csv,3-5,1339,-4.460524484690067
dump_131.csv,4-4,484,-4.162688295454545
dump_131.csv,4-5,719,-4.321794687065369
dump_131.csv,5-5,901,-4.460745732519423
dump_132.csv,1-1,100,-3.6423144
dump_132.csv,1-2,198,-3.7137838636363636
dump_132.csv,1-3,261,-4.059343984674329
dump_132.csv,1-4,233,-3.904871094420601
dump_132.csv,1-5,262,-4.0621920419847335
dump_132.csv,2-2,203,-3.7920640886699504
dump_132.csv,2-3,431,-4.124497389791183
dump_132.csv,2-4,402,-3.97023696517413
dump_132.csv,2-5,432,-4.126251099537037
dump_132.csv,3-3,935,-4.466682967914439
dump_132.csv,3-4,1155,-4.322425852813852
dump_132.csv,3-5,1284,-4.463146203271028
dump_132.csv,4-4,452,-4.164708661504425
dump_132.csv,4-5,712,-4.323467886235955
dump_132.csv,5-5,930,-4.462168462365591
dump_133.csv,1-1,79,-3.658025696202532
dump_133.csv,1-2,209,-3.7243542822966504
dump_133.csv,1-3,252,-4.070444384920635
dump_133.csv,1-4,238,-3.907647457983193
dump_133.csv,1-5,251,-4.071721752988048
dump_133.csv,2-2,261,-3.8023850383141764
dump_133.csv,2-3,494,-4.128921599190283
dump_133.csv,2-4,457,-3.971889113785558
dump_133.csv,2-5,493,-4.129777880324544
dump_133.csv,3-3,880,-4.471277778409091
dump_133.csv,3-4,1109,-4.321885184851217
dump_133.csv,3-5,1212,-4.468703948019802
dump_133.csv,4-4,462,-4.165472662337662
dump_133.csv,4-5,719,-4.323064645340751
dump_133.csv,5-5,931,-4.4683249248120305
dump_134.csv,1-1,175,-3.615990028571429
dump_134.csv,1-2,291,-3.6914960481099652
dump_134.csv,1-3,379,-4.0360905408970975
dump_134.csv,1-4,352,-3.8786632386363635
dump_134.csv,1-5,382,-4.043168128272251
dump_134.csv,2-2,183,-3.7823021038251365
dump_134.csv,2-3,406,-4.115056527093596
dump_134.csv,2-4,384,-3.954489505208333
dump_134.csv,2-5,408,-4.114643664215686
dump_134.csv,3-3,922,-4.45429363340564
dump_134.csv,3-4,1195,-4.302947623430962
dump_134.csv,3-5,1275,-4.450573105882353
dump_134.csv,4-4,497,-4.145639869215292
dump_134.csv,4-5,749,-4.306669299065421
dump_134.csv,5-5,818,-4.454153655256724
dump_135.csv,1-1,414,-3.572436231884058
dump_135.csv,1-2,511,-3.664044129158513
dump_135.csv,1-3,648,-3.9984627391975307
dump_135.csv,1-4,604,-3.829263774834437
dump_135.csv,1-5,642,-4.004898380062306
dump_135.csv,2-2,233,-3.7581970171673817
dump_135.csv,2-3,452,-4.083863196902655
dump_135.csv,2-4,414,-3.919860809178744
dump_135.csv,2-5,453,-4.088647395143488
dump_135.csv,3-3,747,-4.421527202141901
dump_135.csv,3-4,965,-4.265583284974094
dump_135.csv,3-5,1042,-4.419796564299425
dump_135.csv,4-4,472,-4.094769375
dump_135.csv,4-5,715,-4.267850041958042
dump_135.csv,5-5,742,-4.423879548517521
dump_136.csv,1-1,56,-3.652233125
dump_136.csv,1-2,141,-3.7259832269503548
dump_136.csv,1-3,199,-4.069735376884422
dump_136.csv,1-4,179,-3.909494944134078
dump_136.csv,1-5,199,-4.068413944723618
dump_136.csv,2-2,159,-3.7909119811320755
dump_136.csv,2-3,378,-4.1268553571428575
dump_136.csv,2-4,351,-3.9731203703703706
dump_136.csv,2-5,377,-4.1262085809018565
dump_136.csv,3-3,1014,-4.473235596646942
dump_136.csv,3-4,1273,-4.329353955223881
dump_136.csv,3-5,1379,-4.468890783176215
dump_136.csv,4-4,474,-4.175317668776371
dump_136.csv,4-5,719,-4.331727489568846
dump_136.csv,5-5,930,-4.468511865591398
dump_137.csv,1-1,202,-3.6225752722772278
dump_137.csv,1-2,283,-3.6935791696113074
dump_137.csv,1-3,424,-4.036208384433962
dump_137.csv,1-4,390,-3.87649417948718
dump_137.csv,1-5,430,-4.03910161627907
dump_137.csv,2-2,175,-3.7858115714285714
dump_137.csv,2-3,387,-4.108885762273902
dump_137.csv,2-4,359,-3.948310988857939
dump_137.csv,2-5,385,-4.109840168831169
dump_137.csv,3-3,858,-4.446008636363636
dump_137.csv,3-4,1080,-4.295063680555556
dump_137.csv,3-5,1170,-4.442887982905983
dump_137.csv,4-4,457,-4.136672396061269
dump_137.csv,4-5,705,-4.299302063829788
dump_137.csv,5-5,937,-4.443762193169691
dump_138.csv,1-1,53,-3.6518953773584903
dump_138.csv,1-2,147,-3.720391734693878
dump_138.csv,1-3,199,-4.071109170854271
dump_138.csv,1-4,187,-3.9104442513368984
dump_138.csv,1-5,195,-4.070747076923077
dump_138.csv,2-2,158,-3.798572943037975
dump_138.csv,2-3,368,-4.124771793478261
dump_138.csv,2-4,333,-3.9677945645645645
dump_138.csv,2-5,369,-4.124531327913279
dump_138.csv,3-3,996,-4.474763067269077
dump_138.csv,3-4,1259,-4.3292914614773625
dump_138.csv,3-5,1382,-4.469280104920405
dump_138.csv,4-4,458,-4.173408417030568
dump_138.csv,4-5,706,-4.329318484419264
dump_138.csv,5-5,954,-4.4672121278826
dump_139.csv,1-1,482,-3.58656531120332
dump_139.csv,1-2,707,-3.6708098939179634
dump_139.csv,1-3,679,-3.989017452135493
dump_139.csv,1-4,588,-3.817306819727891
dump_139.csv,1-5,735,-4.004021156462585
dump_139.csv,2-2,591,-3.77350872250423
dump_139.csv,2-3,802,-4.079819819201995
dump_139.csv,2-4,664,-3.912820286144578
dump_139.csv,2-5,869,-4.095511432681243
dump_139.csv,3-3,453,-4.3927936203090505
dump_139.csv,3-4,539,-4.235627597402598
dump_139.csv,3-5,709,-4.400920811001411
dump_139.csv,4-4,234,-4.067031581196581
dump_139.csv,4-5,450,-4.245486288888889
dump_139.csv,5-5,848,-4.415177211084906
dump_140.csv,1-1,245,-3.607769693877551
dump_140.csv,1-2,411,-3.6892900973236014
dump_140.csv,1-3,473,-4.02792221987315
dump_140.csv,1-4,437,-3.861898295194508
dump_140.csv,1-5,445,-4.032881808988765
dump_140.csv,2-2,365,-3.7827092328767122
dump_140.csv,2-3,605,-4.10654341322314
dump_140.csv,2-4,560,-3.9479595178571425
dump_140.csv,2-5,580,-4.113805646551724
dump_140.csv,3-3,945,-4.439047677248677
dump_140.csv,3-4,1192,-4.290554714765101
dump_140.csv,3-5,1244,-4.439765888263666
dump_140.csv,4-4,460,-4.131880358695652
dump_140.csv,4-5,691,-4.29637490593343
dump_140.csv,5-5,595,-4.445687327731092
dump_141.csv,1-1,91,-3.632041098901099
dump_141.csv,1-2,199,-3.7147855778894474
dump_141.csv,1-3,259,-4.058598764478764
dump_141.csv,1-4,236,-3.896758686440678
dump_141.csv,1-5,256,-4.06320419921875
dump_141.csv,2-2,206,-3.7953398543689323
dump_141.csv,2-3,421,-4.122670950118764
dump_141.csv,2-4,377,-3.968522957559682
dump_141.csv,2-5,419,-4.126169212410502
dump_141.csv,3-3,940,-4.466156622340425
dump_141.csv,3-4,1179,-4.3189578922815945
dump_141.csv,3-5,1297,-4.461886765612953
dump_141.csv,4-4,439,-4.16179742596811
dump_141.csv,4-5,697,-4.322270028694405
dump_141.csv,5-5,928,-4.465732483836207
dump_142.csv,1-1,120,-3.6389688333333337
dump_142.csv,1-2,263,-3.717184486692015
dump_142.csv,1-3,304,-4.059098733552632
dump_142.csv,1-4,268,-3.894634832089552
dump_142.csv,1-5,297,-4.063679646464647
dump_142.csv,2-2,361,-3.8087890304709138
dump_142.csv,2-3,619,-4.129957342487884
dump_142.csv,2-4,577,-3.973852097053726
dump_142.csv,2-5,616,-4.133526842532468
dump_142.csv,3-3,856,-4.4628791822429905
dump_142.csv,3-4,1098,-4.315098483606557
dump_142.csv,3-5,1173,-4.46267305200341
dump_142.csv,4-4,421,-4.154975296912114
dump_142.csv,4-5,680,-4.318562632352941
dump_142.csv,5-5,833,-4.46638206482593
dump_143.csv,1-1,111,-3.625664189189189
dump_143.csv,1-2,192,-3.705971875
dump_143.csv,1-3,278,-4.051836618705036
dump_143.csv,1-4,247,-3.8957127125506075
dump_143.csv,1-5,274,-4.054925766423358
dump_143.csv,2-2,153,-3.786632908496732
dump_143.csv,2-3,348,-4.118076709770115
dump_143.csv,2-4,304,-3.963775822368421
dump_143.csv,2-5,351,-4.1202915527065525
dump_143.csv,3-3,956,-4.4648167730125525
dump_143.csv,3-4,1209,-4.316853093465674
dump_143.csv,3-5,1330,-4.4591402293233084
dump_143.csv,4-4,470,-4.163029180851064
dump_143.csv,4-5,720,-4.320366833333333
dump_143.csv,5-5,928,-4.459981212284483
dump_144.csv,1-1,90,-3.6339111111111113
dump_144.csv,1-2,193,-3.716344663212435
dump_144.csv,1-3,264,-4.0560672916666665
dump_144.csv,1-4,245,-3.895537020408163
dump_144.csv,1-5,264,-4.062596761363636
dump_144.csv,2-2,192,-3.794126953125
dump_144.csv,2-3,399,-4.121478295739348
dump_144.csv,2-4,358,-3.96720625698324
dump_144.csv,2-5,398,-4.124452826633165
dump_144.csv,3-3,978,-4.467717351738241
dump_144.csv,3-4,1224,-4.321253472222222
dump_144.csv,3-5,1348,-4.462785077893175
dump_144.csv,4-4,457,-4.163575525164114
dump_144.csv,4-5,714,-4.32152918767507
dump_144.csv,5-5,890,-4.462487157303371
dump_145.csv,1-1,109,-3.6363899082568807
dump_145.csv,1-2,270,-3.727772185185185
dump_145.csv,1-3,293,-4.06173337883959
dump_145.csv,1-4,287,-3.8973097212543557
dump_145.csv,1-5,266,-4.073138721804511
dump_145.csv,2-2,530,-3.8117012735849056
dump_145.csv,2-3,789,-4.139199980988593
dump_145.csv,2-4,755,-3.9781100794701985
dump_145.csv,2-5,741,-4.14825697705803
dump_145.csv,3-3,896,-4.472130524553571
dump_145.csv,3-4,1192,-4.318252378355704
dump_145.csv,3-5,1179,-4.472663095843936
dump_145.csv,4-4,541,-4.154192134935306
dump_145.csv,4-5,776,-4.326003298969072
dump_145.csv,5-5,539,-4.480588497217069
dump_146.csv,1-1,423,-3.580944976359338
dump_146.csv,1-2,633,-3.6661858293838865
dump_146.csv,1-3,675,-3.9994212222222223
dump_146.csv,1-4,655,-3.8280145038167936
dump_146.csv,1-5,586,-4.016204752559727
dump_146.csv,2-2,499,-3.766392715430862
dump_146.csv,2-3,735,-4.089075537414966
dump_146.csv,2-4,706,-3.921438852691218
dump_146.csv,2-5,649,-4.10275312788906
dump_146.csv,3-3,793,-4.417859596469105
dump_146.csv,3-4,1043,-4.25846307286673
dump_146.csv,3-5,945,-4.424304391534391
dump_146.csv,4-4,553,-4.088848037974683
dump_146.csv,4-5,710,-4.271226549295775
dump_146.csv,5-5,386,-4.435802163212435
dump_147.csv,1-1,142,-3.6327682042253517
dump_147.csv,1-2,241,-3.7124995850622406
dump_147.csv,1-3,343,-4.0494272886297376
dump_147.csv,1-4,311,-3.888378167202572
dump_147.csv,1-5,338,-4.052693905325444
dump_147.csv,2-2,197,-3.796982233502538
dump_147.csv,2-3,397,-4.117445944584383
dump_147.csv,2-4,355,-3.9602688450704226
dump_147.csv,2-5,398,-4.121413768844221
dump_147.csv,3-3,929,-4.456288175457481
dump_147.csv,3-4,1149,-4.308411727589208
dump_147.csv,3-5,1272,-4.4532626493710685
dump_147.csv,4-4,461,-4.14559514099783
dump_147.csv,4-5,718,-4.30990819637883
dump_147.csv,5-5,891,-4.454199601571268
dump_148.csv,1-1,344,-3.6030783430232556
dump_148.csv,1-2,564,-3.6885775354609933
dump_148.csv,1-3,570,-4.01749852631579
dump_148.csv,1-4,529,-3.8411625425330813
dump_148.csv,1-5,537,-4.031551219739293
dump_148.csv,2-2,680,-3.795293551470588
dump_148.csv,2-3,977,-4.110474252814739
dump_148.csv,2-4,916,-3.9408780294759826
dump_148.csv,2-5,927,-4.122576688241639
dump_148.csv,3-3,662,-4.42822078549849
dump_148.csv,3-4,889,-4.269279904386951
dump_148.csv,3-5,873,-4.433483997709049
dump_148.csv,4-4,431,-4.099975034802784
dump_148.csv,4-5,628,-4.278409355095541
dump_148.csv,5-5,477,-4.4417832914046125
dump_149.csv,1-1,145,-3.634182517241379
dump_149.csv,1-2,268,-3.7248051679104477
dump_149.csv,1-3,328,-4.073549908536585
dump_149.csv,1-4,349,-3.8954899713467053
dump_149.csv,1-5,358,-4.069974469273743
dump_149.csv,2-2,197,-3.8118025888324873
dump_149.csv,2-3,390,-4.143203730769231
dump_149.csv,2-4,422,-3.9703513981042655
dump_149.csv,2-5,425,-4.139381223529412
dump_149.csv,3-3,524,-4.485251965648855
dump_149.csv,3-4,772,-4.323859663212435
dump_149.csv,3-5,778,-4.479631953727506
dump_149.csv,4-4,810,-4.15172925925926
dump_149.csv,4-5,1129,-4.322819672276351
dump_149.csv,5-5,919,-4.4781198748639826
dump_150.csv,1-1,257,-3.6000835408560308
dump_150.csv,1-2,360,-3.6918520277777778
dump_150.csv,1-3,451,-4.03891177383592
dump_150.csv,1-4,483,-3.862889420289855
dump_150.csv,1-5,492,-4.039712276422764
dump_150.csv,2-2,189,-3.7918258730158727
dump_150.csv,2-3,390,-4.1240402948717945
dump_150.csv,2-4,400,-3.948987525
dump_150.csv,2-5,408,-4.120380968137255
dump_150.csv,3-3,528,-4.464615909090909
dump_150.csv,3-4,765,-4.298029653594772
dump_150.csv,3-5,779,-4.461031803594352
dump_150.csv,4-4,718,-4.124617653203343
dump_150.csv,4-5,1004,-4.299505806772909
dump_150.csv,5-5,936,-4.458230496794871
dump_151.csv,1-1,195,-3.612774846153846
dump_151.csv,1-2,313,-3.6959742492012784
dump_151.csv,1-3,414,-4.037981896135266
dump_151.csv,1-4,368,-3.879163980978261
dump_151.csv,1-5,406,-4.040425960591133
dump_151.csv,2-2,201,-3.7801303233830845
dump_151.csv,2-3,427,-4.1106689461358314
dump_151.csv,2-4,404,-3.9520630074257426
dump_151.csv,2-5,419,-4.11222621718377
dump_151.csv,3-3,928,-4.449031880387931
dump_151.csv,3-4,1170,-4.301143145299146
dump_151.csv,3-5,1267,-4.447827442778216
dump_151.csv,4-4,508,-4.138554931102362
dump_151.csv,4-5,771,-4.303218482490272
dump_151.csv,5-5,760,-4.449499625
dump_152.csv,1-1,101,-3.6349270297029705
dump_152.csv,1-2,256,-3.71910748046875
dump_152.csv,1-3,279,-4.059357598566309
dump_152.csv,1-4,261,-3.896462394636015
dump_152.csv,1-5,273,-4.066283498168499
dump_152.csv,2-2,437,-3.8056810755148742
dump_152.csv,2-3,694,-4.133736952449567
dump_152.csv,2-4,641,-3.970935522620905
dump_152.csv,2-5,674,-4.140396980712166
dump_152.csv,3-3,948,-4.469999103375527
dump_152.csv,3-4,1211,-4.317681300578035
dump_152.csv,3-5,1251,-4.469910767386091
dump_152.csv,4-4,462,-4.1542830627705625
dump_152.csv,4-5,696,-4.322603189655172
dump_152.csv,5-5,670,-4.472960432835821
dump_153.csv,1-1,119,-3.6374790336134453
dump_153.csv,1-2,271,-3.7254250184501845
dump_153.csv,1-3,308,-4.073119025974026
dump_153.csv,1-4,321,-3.8981159345794394
dump_153.csv,1-5,318,-4.073671933962264
dump_153.csv,2-2,338,-3.811958180473373
dump_153.csv,2-3,548,-4.145843248175182
dump_153.csv,2-4,563,-3.974694786856128
dump_153.csv,2-5,574,-4.14537236933798
dump_153.csv,3-3,583,-4.488840034305317
dump_153.csv,3-4,862,-4.325138503480279
dump_153.csv,3-5,861,-4.482735638792103
dump_153.csv,4-4,734,-4.153934945504087
dump_153.csv,4-5,1026,-4.326100662768031
dump_153.csv,5-5,824,-4.479691626213592
dump_154.csv,1-1,163,-3.6098852760736193
dump_154.csv,1-2,250,-3.6999799199999996
dump_154.csv,1-3,358,-4.040132290502793
dump_154.csv,1-4,319,-3.879113213166144
dump_154.csv,1-5,360,-4.039959694444444
dump_154.csv,2-2,159,-3.7862958490566037
dump_154.csv,2-3,360,-4.110359319444444
dump_154.csv,2-4,329,-3.9529189817629176
dump_154.csv,2-5,356,-4.11216191011236
dump_154.csv,3-3,909,-4.457116793179318
dump_154.csv,3-4,1149,-4.309079708442124
dump_154.csv,3-5,1257,-4.450833512330947
dump_154.csv,4-4,471,-4.149356114649682
dump_154.csv,4-5,716,-4.3095470810055865
dump_154.csv,5-5,923,-4.45015198808234
dump_155.csv,1-1,81,-3.638991481481481
dump_155.csv,1-2,201,-3.725824950248756
dump_155.csv,1-3,260,-4.063992730769231
dump_155.csv,1-4,239,-3.902152907949791
dump_155.csv,1-5,262,-4.068220515267176
dump_155.csv,2-2,215,-3.796707046511628
dump_155.csv,2-3,447,-4.1236242617449665
dump_155.csv,2-4,405,-3.9698601604938273
dump_155.csv,2-5,448,-4.127029765625
dump_155.csv,3-3,925,-4.466550081081081
dump_155.csv,3-4,1157,-4.318829736387208
dump_155.csv,3-5,1274,-4.463536534536892
dump_155.csv,4-4,445,-4.162069561797753
dump_155.csv,4-5,701,-4.322266519258203
dump_155.csv,5-5,928,-4.4630920204741376
dump_156.csv,1-1,211,-3.633574502369668
dump_156.csv,1-2,397,-3.7227947481108314
dump_156.csv,1-3,381,-4.05757750656168
dump_156.csv,1-4,413,-3.8772883414043586
dump_156.csv,1-5,407,-4.062140626535626
dump_156.csv,2-2,621,-3.823392777777778
dump_156.csv,2-3,802,-4.149866103491272
dump_156.csv,2-4,887,-3.97361420518602
dump_156.csv,2-5,872,-4.153864862385321
dump_156.csv,3-3,418,-4.472544354066986
dump_156.csv,3-4,673,-4.309493172362555
dump_156.csv,3-5,666,-4.473625975975977
dump_156.csv,4-4,732,-4.131831188524591
dump_156.csv,4-5,994,-4.313006076458752
dump_156.csv,5-5,644,-4.4783479813664595
dump_157.csv,1-1,294,-3.603020986394558
dump_157.csv,1-2,417,-3.6830611510791362
dump_157.csv,1-3,530,-4.018760990566038
dump_157.csv,1-4,476,-3.8585409768907564
dump_157.csv,1-5,530,-4.026942896226415
dump_157.csv,2-2,207,-3.7713459178743958
dump_157.csv,2-3,427,-4.096427341920375
dump_157.csv,2-4,393,-3.9356318193384223
dump_157.csv,2-5,425,-4.1004864588235295
dump_157.csv,3-3,816,-4.431928192401961
dump_157.csv,3-4,1012,-4.282558008893281
dump_157.csv,3-5,1120,-4.433233508928571
dump_157.csv,4-4,443,-4.114601659142212
dump_157.csv,4-5,703,-4.2854954694167855
dump_157.csv,5-5,835,-4.436499209580838
dump_158.csv,1-1,171,-3.6194287134502927
dump_158.csv,1-2,308,-3.7073277435064935
dump_158.csv,1-3,374,-4.040272593582888
dump_158.csv,1-4,344,-3.881673677325581
dump_158.csv,1-5,369,-4.0478018021680215
dump_158.csv,2-2,297,-3.7940303367003367
dump_158.csv,2-3,507,-4.117439437869822
dump_158.csv,2-4,463,-3.9607404427645787
dump_158.csv,2-5,515,-4.122127310679612
dump_158.csv,3-3,837,-4.455274928315412
dump_158.csv,3-4,1082,-4.304817476894639
dump_158.csv,3-5,1166,-4.452700355917667
dump_158.csv,4-4,448,-4.14305328125
dump_158.csv,4-5,706,-4.308946678470255
dump_158.csv,5-5,880,-4.455632840909091
dump_159.csv,1-1,89,-3.6396283707865167
dump_159.csv,1-2,223,-3.724875089686099
dump_159.csv,1-3,260,-4.064051596153846
dump_159.csv,1-4,239,-3.90168679916318
dump_159.csv,1-5,255,-4.069306
dump_159.csv,2-2,353,-3.8040528045325774
dump_159.csv,2-3,590,-4.130153355932204
dump_159.csv,2-4,537,-3.9723791899441343
dump_159.csv,2-5,579,-4.134800405872193
dump_159.csv,3-3,965,-4.46836450777202
dump_159.csv,3-4,1249,-4.319940240192153
dump_159.csv,3-5,1321,-4.466326101438304
dump_159.csv,4-4,447,-4.161164194630873
dump_159.csv,4-5,697,-4.322438428981348
dump_159.csv,5-5,742,-4.469310795148248
dump_160.csv,1-1,62,-3.642023709677419
dump_160.csv,1-2,135,-3.721648185185185
dump_160.csv,1-3,200,-4.06708515
dump_160.csv,1-4,190,-3.9106614736842102
dump_160.csv,1-5,199,-4.067059221105528
dump_160.csv,2-2,177,-3.79381709039548
dump_160.csv,2-3,381,-4.12862501312336
dump_160.csv,2-4,348,-3.976434683908046
dump_160.csv,2-5,381,-4.129537834645669
dump_160.csv,3-3,1009,-4.474056595639247
dump_160.csv,3-4,1271,-4.328042844217152
dump_160.csv,3-5,1382,-4.468412301013025
dump_160.csv,4-4,453,-4.171125220750552
dump_160.csv,4-5,706,-4.327701791784703
dump_160.csv,5-5,925,-4.466167427027027
dump_161.csv,1-1,100,-3.65305235
dump_161.csv,1-2,273,-3.7502348351648354
dump_161.csv,1-3,267,-4.072822172284645
dump_161.csv,1-4,236,-3.903347521186441
dump_161.csv,1-5,279,-4.082412652329749
dump_161.csv,2-2,694,-3.836251606628242
dump_161.csv,2-3,942,-4.146163370488323
dump_161.csv,2-4,844,-3.9853730805687206
dump_161.csv,2-5,991,-4.157774873864783
dump_161.csv,3-3,561,-4.459480766488413
dump_161.csv,3-4,686,-4.31402083090379
dump_161.csv,3-5,828,-4.465644933574879
dump_161.csv,4-4,340,-4.147409176470588
dump_161.csv,4-5,576,-4.321188559027778
dump_161.csv,5-5,925,-4.475134178378378
dump_162.csv,1-1,71,-3.6472071126760564
dump_162.csv,1-2,182,-3.722355824175824
dump_162.csv,1-3,240,-4.0635585625
dump_162.csv,1-4,208,-3.908858028846154
dump_162.csv,1-5,240,-4.06793225
dump_162.csv,2-2,154,-3.7933466233766233
dump_162.csv,2-3,383,-4.119622519582245
dump_162.csv,2-4,350,-3.968221628571429
dump_162.csv,2-5,382,-4.121163468586388
dump_162.csv,3-3,1011,-4.467857759643917
dump_162.csv,3-4,1258,-4.324118493640699
dump_162.csv,3-5,1384,-4.462359100433526
dump_162.csv,4-4,441,-4.168817346938776
dump_162.csv,4-5,688,-4.3253240479651165
dump_162.csv,5-5,914,-4.460299496717725
dump_163.csv,1-1,229,-3.621111004366812
dump_163.csv,1-2,386,-3.701562616580311
dump_163.csv,1-3,435,-4.045392724137931
dump_163.csv,1-4,429,-3.873997797202797
dump_163.csv,1-5,428,-4.048742441588785
dump_163.csv,2-2,372,-3.7905435752688175
dump_163.csv,2-3,615,-4.120560951219512
dump_163.csv,2-4,601,-3.952355316139767
dump_163.csv,2-5,602,-4.123442832225914
dump_163.csv,3-3,789,-4.4582802408111535
dump_163.csv,3-4,1085,-4.299633548387097
dump_163.csv,3-5,1088,-4.457931204044118
dump_163.csv,4-4,628,-4.1330966003184715
dump_163.csv,4-5,868,-4.30829392281106
dump_163.csv,5-5,574,-4.462929033101045
dump_164.csv,1-1,410,-3.5716610853658537
dump_164.csv,1-2,477,-3.6521308385744233
dump_164.csv,1-3,657,-3.995407412480974
dump_164.csv,1-4,628,-3.8266417515923563
dump_164.csv,1-5,655,-4.0027816412213735
dump_164.csv,2-2,193,-3.760692901554404
dump_164.csv,2-3,391,-4.084133337595908
dump_164.csv,2-4,369,-3.9183326829268292
dump_164.csv,2-5,385,-4.0856954805194805
dump_164.csv,3-3,760,-4.417078361842105
dump_164.csv,3-4,997,-4.260604317953861
dump_164.csv,3-5,1061,-4.416996343072573
dump_164.csv,4-4,452,-4.093249646017699
dump_164.csv,4-5,713,-4.263503758765778
dump_164.csv,5-5,797,-4.422414786700125
dump_165.csv,1-1,176,-3.6357524147727274
dump_165.csv,1-2,377,-3.715634602122016
dump_165.csv,1-3,392,-4.04943411989796
dump_165.csv,1-4,373,-3.884834410187668
dump_165.csv,1-5,346,-4.056272601156069
dump_165.csv,2-2,618,-3.8029762297734626
dump_165.csv,2-3,911,-4.125915762897915
dump_165.csv,2-4,857,-3.9611753092182034
dump_165.csv,2-5,787,-4.134871181702668
dump_165.csv,3-3,941,-4.453771376195537
dump_165.csv,3-4,1196,-4.299370037625418
dump_165.csv,3-5,1127,-4.455086943212067
dump_165.csv,4-4,494,-4.137190718623482
dump_165.csv,4-5,668,-4.309660958083833
dump_165.csv,5-5,347,-4.460696714697407
dump_166.csv,1-1,128,-3.623207421875
dump_166.csv,1-2,214,-3.7086191588785047
dump_166.csv,1-3,309,-4.047487233009709
dump_166.csv,1-4,284,-3.8916341725352113
dump_166.csv,1-5,303,-4.049508630363037
dump_166.csv,2-2,178,-3.792669241573034
dump_166.csv,2-3,386,-4.118115582901554
dump_166.csv,2-4,366,-3.963823442622951
dump_166.csv,2-5,385,-4.119634337662338
dump_166.csv,3-3,991,-4.4595725075681125
dump_166.csv,3-4,1223,-4.311801602616517
dump_166.csv,3-5,1343,-4.457522501861504
dump_166.csv,4-4,454,-4.1557612224669604
dump_166.csv,4-5,697,-4.315837338593974
dump_166.csv,5-5,874,-4.457197763157895
dump_167.csv,1-1,112,-3.641985267857143
dump_167.csv,1-2,284,-3.7261274295774647
dump_167.csv,1-3,308,-4.066237678571429
dump_167.csv,1-4,300,-3.9009077166666666
dump_167.csv,1-5,311,-4.073819726688103
dump_167.csv,2-2,384,-3.8040171614583334
dump_167.csv,2-3,611,-4.132059779050737
dump_167.csv,2-4,594,-3.971331481481481
dump_167.csv,2-5,618,-4.137657443365695
dump_167.csv,3-3,779,-4.470549467265725
dump_167.csv,3-4,1028,-4.317430321011673
dump_167.csv,3-5,1070,-4.470722158878504
dump_167.csv,4-4,592,-4.154278023648649
dump_167.csv,4-5,853,-4.32173560961313
dump_167.csv,5-5,772,-4.472863257772021
dump_168.csv,1-1,354,-3.6011956920903954
dump_168.csv,1-2,541,-3.6908550184842883
dump_168.csv,1-3,521,-4.022225911708253
dump_168.csv,1-4,561,-3.8424311229946526
dump_168.csv,1-5,576,-4.030157638888889
dump_168.csv,2-2,519,-3.7967907514450867
dump_168.csv,2-3,696,-4.116759295977012
dump_168.csv,2-4,750,-3.9410267266666668
dump_168.csv,2-5,773,-4.1240847347994825
dump_168.csv,3-3,379,-4.438616134564644
dump_168.csv,3-4,587,-4.274816805792164
dump_168.csv,3-5,622,-4.44148459807074
dump_168.csv,4-4,581,-4.103173425129088
dump_168.csv,4-5,849,-4.283986219081272
dump_168.csv,5-5,820,-4.451267457317073
dump_169.csv,1-1,78,-3.640389102564103
dump_169.csv,1-2,162,-3.719572283950617
dump_169.csv,1-3,237,-4.062631434599156
dump_169.csv,1-4,226,-3.8998180088495578
dump_169.csv,1-5,239,-4.060835878661088
dump_169.csv,2-2,164,-3.7949043597560976
dump_169.csv,2-3,379,-4.1252048284960425
dump_169.csv,2-4,338,-3.9702615088757396
dump_169.csv,2-5,379,-4.124836899736148
dump_169.csv,3-3,988,-4.471735344129555
dump_169.csv,3-4,1250,-4.323322148
dump_169.csv,3-5,1354,-4.466161381093057
dump_169.csv,4-4,470,-4.163530297872341
dump_169.csv,4-5,716,-4.32181157122905
dump_169.csv,5-5,907,-4.462026179713341
dump_170.csv,1-1,222,-3.6337333333333333
dump_170.csv,1-2,422,-3.7154055331753555
dump_170.csv,1-3,435,-4.037891494252873
dump_170.csv,1-4,379,-3.872691147757256
dump_170.csv,1-5,398,-4.056170540201005
dump_170.csv,2-2,755,-3.808488556291391
dump_170.csv,2-3,1037,-4.1235987463837995
dump_170.csv,2-4,900,-3.958491038888889
dump_170.csv,2-5,953,-4.134955435466947
dump_170.csv,3-3,831,-4.442180601684718
dump_170.csv,3-4,1022,-4.289493742661448
dump_170.csv,3-5,1057,-4.446819006622516
dump_170.csv,4-4,343,-4.1283395481049565
dump_170.csv,4-5,544,-4.296240275735293
dump_170.csv,5-5,481,-4.456207463617464
dump_171.csv,1-1,102,-3.6297888235294113
dump_171.csv,1-2,178,-3.709570280898876
dump_171.csv,1-3,267,-4.050944812734082
dump_171.csv,1-4,255,-3.8941730588235295
dump_171.csv,1-5,265,-4.055597811320755
dump_171.csv,2-2,175,-3.795806457142857
dump_171.csv,2-3,375,-4.123852706666667
dump_171.csv,2-4,344,-3.9704996656976745
dump_171.csv,2-5,377,-4.125425026525199
dump_171.csv,3-3,1004,-4.467858396414343
dump_171.csv,3-4,1247,-4.320187754611067
dump_171.csv,3-5,1348,-4.462280608308606
dump_171.csv,4-4,452,-4.16292610619469
dump_171.csv,4-5,717,-4.318651910739191
dump_171.csv,5-5,886,-4.460495637697517
dump_172.csv,1-1,46,-3.6306810869565216
dump_172.csv,1-2,130,-3.7293265
dump_172.csv,1-3,199,-4.071344422110553
dump_172.csv,1-4,180,-3.9161178888888886
dump_172.csv,1-5,200,-4.071952575
dump_172.csv,2-2,171,-3.7972869590643272
dump_172.csv,2-3,371,-4.127689797843666
dump_172.csv,2-4,339,-3.9769805457227134
dump_172.csv,2-5,369,-4.127914105691057
dump_172.csv,3-3,992,-4.475659319556452
dump_172.csv,3-4,1278,-4.330140140845071
dump_172.csv,3-5,1376,-4.468970250726744
dump_172.csv,4-4,472,-4.1788538559322035
dump_172.csv,4-5,711,-4.329660407876231
dump_172.csv,5-5,954,-4.465119454926625
dump_173.csv,1-1,93,-3.63738311827957
dump_173.csv,1-2,189,-3.713697989417989
dump_173.csv,1-3,255,-4.058916607843138
dump_173.csv,1-4,234,-3.8969122863247865
dump_173.csv,1-5,255,-4.059466215686275
dump_173.csv,2-2,194,-3.793927474226804
dump_173.csv,2-3,409,-4.122954511002445
dump_173.csv,2-4,365,-3.967593410958904
dump_173.csv,2-5,405,-4.125046814814815
dump_173.csv,3-3,959,-4.467720964546402
dump_173.csv,3-4,1196,-4.321322336956522
dump_173.csv,3-5,1313,-4.464082479055598
dump_173.csv,4-4,466,-4.165874184549356
dump_173.csv,4-5,698,-4.322653302292263
dump_173.csv,5-5,925,-4.463695362162162
dump_174.csv,1-1,144,-3.6305788194444446
dump_174.csv,1-2,222,-3.7048105855855855
dump_174.csv,1-3,315,-4.045328619047619
dump_174.csv,1-4,287,-3.887671829268293
dump_174.csv,1-5,319,-4.048095047021944
dump_174.csv,2-2,180,-3.7904852499999997
dump_174.csv,2-3,368,-4.119811793478261
dump_174.csv,2-4,325,-3.966177046153846
dump_174.csv,2-5,369,-4.118965338753387
dump_174.csv,3-3,961,-4.460872866805412
dump_174.csv,3-4,1208,-4.314573149834437
dump_174.csv,3-5,1314,-4.456150087519026
dump_174.csv,4-4,460,-4.160778108695652
dump_174.csv,4-5,715,-4.314334671328671
dump_174.csv,5-5,886,-4.4548033352144465
dump_175.csv,1-1,241,-3.6246135684647305
dump_175.csv,1-2,404,-3.7044542202970296
dump_175.csv,1-3,444,-4.043189808558559
dump_175.csv,1-4,429,-3.8733484615384617
dump_175.csv,1-5,469,-4.044899434968017
dump_175.csv,2-2,346,-3.7978461849710983
dump_175.csv,2-3,559,-4.11669572450805
dump_175.csv,2-4,529,-3.9477470226843097
dump_175.csv,2-5,583,-4.119650883361921
dump_175.csv,3-3,629,-4.445439785373609
dump_175.csv,3-4,853,-4.287670785463071
dump_175.csv,3-5,923,-4.444068808234019
dump_175.csv,4-4,456,-4.120782434210526
dump_175.csv,4-5,706,-4.290943696883852
dump_175.csv,5-5,945,-4.4482721322751315
dump_176.csv,1-1,87,-3.6456303448275866
dump_176.csv,1-2,206,-3.7206536165048547
dump_176.csv,1-3,264,-4.064319318181818
dump_176.csv,1-4,237,-3.907210358649789
dump_176.csv,1-5,265,-4.064196641509434
dump_176.csv,2-2,185,-3.7933777027027022
dump_176.csv,2-3,404,-4.120230915841584
dump_176.csv,2-4,374,-3.968454064171123
dump_176.csv,2-5,400,-4.12164045
dump_176.csv,3-3,981,-4.466118583078491
dump_176.csv,3-4,1237,-4.319572364591754
dump_176.csv,3-5,1337,-4.461233175018698
dump_176.csv,4-4,448,-4.162453917410714
dump_176.csv,4-5,705,-4.320913673758865
dump_176.csv,5-5,897,-4.460378467112597
dump_177.csv,1-1,171,-3.6324459356725143
dump_177.csv,1-2,283,-3.708211378091873
dump_177.csv,1-3,372,-4.046887043010753
dump_177.csv,1-4,344,-3.883519418604651
dump_177.csv,1-5,375,-4.0496787733333335
dump_177.csv,2-2,193,-3.77950329015544
dump_177.csv,2-3,411,-4.10885897810219
dump_177.csv,2-4,387,-3.9532949483204134
dump_177.csv,2-5,409,-4.113122628361858
dump_177.csv,3-3,876,-4.45174776826484
dump_177.csv,3-4,1059,-4.30268305476865
dump_177.csv,3-5,1201,-4.450103276436303
dump_177.csv,4-4,446,-4.141897522421524
dump_177.csv,4-5,699,-4.304179549356223
dump_177.csv,5-5,907,-4.451306212789415
dump_178.csv,1-1,105,-3.632345761904762
dump_178.csv,1-2,226,-3.7110900221238943
dump_178.csv,1-3,292,-4.0577643835616435
dump_178.csv,1-4,269,-3.892230353159851
dump_178.csv,1-5,288,-4.057712934027778
dump_178.csv,2-2,207,-3.79157038647343
dump_178.csv,2-3,434,-4.1211685944700465
dump_178.csv,2-4,408,-3.9671407720588237
dump_178.csv,2-5,431,-4.123279953596287
dump_178.csv,3-3,930,-4.467164639784945
dump_178.csv,3-4,1193,-4.31808833612741
dump_178.csv,3-5,1274,-4.462734941130298
dump_178.csv,4-4,501,-4.159386986027944
dump_178.csv,4-5,751,-4.320970053262317
dump_178.csv,5-5,855,-4.463311116959065
dump_179.csv,1-1,54,-3.655998055555555
dump_179.csv,1-2,155,-3.726029741935484
dump_179.csv,1-3,211,-4.071379549763034
dump_179.csv,1-4,197,-3.911221421319797
dump_179.csv,1-5,209,-4.0735111244019135
dump_179.csv,2-2,168,-3.7993855059523813
dump_179.csv,2-3,384,-4.128810872395833
dump_179.csv,2-4,351,-3.9719400854700853
dump_179.csv,2-5,385,-4.126755402597403
dump_179.csv,3-3,969,-4.474796367389061
dump_179.csv,3-4,1245,-4.328345947791165
dump_179.csv,3-5,1359,-4.468561077998529
dump_179.csv,4-4,468,-4.1707837606837606
dump_179.csv,4-5,720,-4.3286806250000005
dump_179.csv,5-5,939,-4.465320564430245
dump_180.csv,1-1,376,-3.606963324468085
dump_180.csv,1-2,557,-3.683916606822262
dump_180.csv,1-3,539,-4.018641001855288
dump_180.csv,1-4,569,-3.8411344112478036
dump_180.csv,1-5,609,-4.028928908045978
dump_180.csv,2-2,405,-3.7911789382716052
dump_180.csv,2-3,574,-4.102304294425087
dump_180.csv,2-4,603,-3.9334937479270313
dump_180.csv,2-5,661,-4.113540325264751
dump_180.csv,3-3,416,-4.429428064903846
dump_180.csv,3-4,624,-4.266666145833334
dump_180.csv,3-5,663,-4.431085814479638
dump_180.csv,4-4,502,-4.0959040239043825
dump_180.csv,4-5,764,-4.273953606020942
dump_180.csv,5-5,916,-4.442293760917031
dump_181.csv,1-1,488,-3.5571224897540983
dump_181.csv,1-2,557,-3.638318671454219
dump_181.csv,1-3,767,-3.9776771056062583
dump_181.csv,1-4,712,-3.8139475561797753
dump_181.csv,1-5,721,-3.9863876629680997
dump_181.csv,2-2,192,-3.7392253645833335
dump_181.csv,2-3,402,-4.065262263681592
dump_181.csv,2-4,357,-3.905385476190476
dump_181.csv,2-5,376,-4.0731470611702125
dump_181.csv,3-3,913,-4.399960388828039
dump_181.csv,3-4,1168,-4.245824233732876
dump_181.csv,3-5,1187,-4.402483732097726
dump_181.csv,4-4,496,-4.087123427419355
dump_181.csv,4-5,726,-4.257546797520662
dump_181.csv,5-5,490,-4.410974387755102
dump_182.csv,1-1,94,-3.6380986170212766
dump_182.csv,1-2,202,-3.7183745297029707
dump_182.csv,1-3,276,-4.061662971014493
dump_182.csv,1-4,251,-3.8987448804780875
dump_182.csv,1-5,276,-4.061725923913043
dump_182.csv,2-2,206,-3.7927703640776698
dump_182.csv,2-3,422,-4.121489028436019
dump_182.csv,2-4,384,-3.9661416536458334
dump_182.csv,2-5,424,-4.123538525943396
dump_182.csv,3-3,930,-4.461387048387097
dump_182.csv,3-4,1155,-4.316923138528138
dump_182.csv,3-5,1289,-4.460303479441428
dump_182.csv,4-4,443,-4.160636952595937
dump_182.csv,4-5,690,-4.319699644927536
dump_182.csv,5-5,929,-4.463144553283101
dump_183.csv,1-1,250,-3.6245279999999998
dump_183.csv,1-2,463,-3.708720593952484
dump_183.csv,1-3,456,-4.030767587719298
dump_183.csv,1-4,399,-3.866012744360902
dump_183.csv,1-5,436,-4.044095160550459
dump_183.csv,2-2,758,-3.8059282981530345
dump_183.csv,2-3,1045,-4.119525344497608
dump_183.csv,2-4,925,-3.957484021621622
dump_183.csv,2-5,974,-4.133815631416838
dump_183.csv,3-3,828,-4.434790857487923
dump_183.csv,3-4,996,-4.283443584337349
dump_183.csv,3-5,1053,-4.440045284900285
dump_183.csv,4-4,339,-4.117632536873156
dump_183.csv,4-5,526,-4.2927358650190115
dump_183.csv,5-5,450,-4.450962466666667
dump_184.csv,1-1,55,-3.6490719090909094
dump_184.csv,1-2,125,-3.72877128
dump_184.csv,1-3,200,-4.067178525
dump_184.csv,1-4,184,-3.911291929347826
dump_184.csv,1-5,197,-4.070800812182741
dump_184.csv,2-2,176,-3.798158693181818
dump_184.csv,2-3,374,-4.1307372593582885
dump_184.csv,2-4,348,-3.975965344827586
dump_184.csv,2-5,373,-4.132142855227882
dump_184.csv,3-3,997,-4.475307477432297
dump_184.csv,3-4,1269,-4.328941319936958
dump_184.csv,3-5,1379,-4.46995224075417
dump_184.csv,4-4,465,-4.174346666666667
dump_184.csv,4-5,720,-4.328887215277778
dump_184.csv,5-5,933,-4.466853981779207
dump_185.csv,1-1,74,-3.6513606081081083
dump_185.csv,1-2,219,-3.74223801369863
dump_185.csv,1-3,224,-4.077792299107143
dump_185.csv,1-4,216,-3.9116612268518516
dump_185.csv,1-5,223,-4.085727982062781
dump_185.csv,2-2,648,-3.8320584259259256
dump_185.csv,2-3,913,-4.154835859802848
dump_185.csv,2-4,857,-3.990617619603267
dump_185.csv,2-5,905,-4.160653729281768
dump_185.csv,3-3,742,-4.48325525606469
dump_185.csv,3-4,980,-4.326815540816327
dump_185.csv,3-5,1023,-4.483768010752688
dump_185.csv,4-4,512,-4.164442666015625
dump_185.csv,4-5,747,-4.333097898259705
dump_185.csv,5-5,687,-4.490082409024746
dump_186.csv,1-1,113,-3.623968230088496
dump_186.csv,1-2,280,-3.7208235178571427
dump_186.csv,1-3,303,-4.055643861386138
dump_186.csv,1-4,272,-3.8930805514705877
dump_186.csv,1-5,299,-4.065838110367893
dump_186.csv,2-2,449,-3.8106928285077952
dump_186.csv,2-3,709,-4.133112912552892
dump_186.csv,2-4,645,-3.97128319379845
dump_186.csv,2-5,695,-4.139577122302159
dump_186.csv,3-3,881,-4.463338183881953
dump_186.csv,3-4,1114,-4.3117998114901255
dump_186.csv,3-5,1208,-4.464176887417219
dump_186.csv,4-4,450,-4.153527377777778
dump_186.csv,4-5,699,-4.318933068669528
dump_186.csv,5-5,710,-4.470110352112676
dump_187.csv,1-1,300,-3.6063120166666667
dump_187.csv,1-2,458,-3.6946550218340612
dump_187.csv,1-3,512,-4.029374033203125
dump_187.csv,1-4,507,-3.8557939151873764
dump_187.csv,1-5,520,-4.036732182692307
dump_187.csv,2-2,447,-3.7929245861297542
dump_187.csv,2-3,662,-4.115364010574018
dump_187.csv,2-4,642,-3.9465908021806855
dump_187.csv,2-5,672,-4.123547150297619
dump_187.csv,3-3,646,-4.448640479876161
dump_187.csv,3-4,912,-4.284716513157894
dump_187.csv,3-5,929,-4.446851496232508
dump_187.csv,4-4,560,-4.112862964285714
dump_187.csv,4-5,818,-4.288790556234718
dump_187.csv,5-5,662,-4.452339735649547
dump_188.csv,1-1,458,-3.562405862445415
dump_188.csv,1-2,499,-3.6377014128256513
dump_188.csv,1-3,711,-3.9821645780590718
dump_188.csv,1-4,639,-3.8150127073552422
dump_188.csv,1-5,693,-3.9911237518037517
dump_188.csv,2-2,136,-3.739294338235294
dump_188.csv,2-3,335,-4.0610125671641795
dump_188.csv,2-4,295,-3.902748322033898
dump_188.csv,2-5,329,-4.06850613981763
dump_188.csv,3-3,883,-4.401711857304643
dump_188.csv,3-4,1080,-4.248762893518518
dump_188.csv,3-5,1216,-4.40181337993421
dump_188.csv,4-4,360,-4.089326805555556
dump_188.csv,4-5,604,-4.255582450331126
dump_188.csv,5-5,765,-4.40772183006536
dump_189.csv,1-1,152,-3.6186937500000003
dump_189.csv,1-2,238,-3.7043438865546214
dump_189.csv,1-3,325,-4.0486520769230765
dump_189.csv,1-4,308,-3.882392272727273
dump_189.csv,1-5,326,-4.051557883435583
dump_189.csv,2-2,195,-3.791826384615385
dump_189.csv,2-3,416,-4.1235501201923075
dump_189.csv,2-4,398,-3.966429246231156
dump_189.csv,2-5,411,-4.123522104622872
dump_189.csv,3-3,936,-4.466689043803419
dump_189.csv,3-4,1215,-4.31620953909465
dump_189.csv,3-5,1269,-4.463661252955083
dump_189.csv,4-4,579,-4.157519360967185
dump_189.csv,4-5,840,-4.3188996488095235
dump_189.csv,5-5,775,-4.463992922580646
dump_190.csv,1-1,57,-3.6514521052631577
dump_190.csv,1-2,162,-3.7236614197530864
dump_190.csv,1-3,206,-4.071766650485436
dump_190.csv,1-4,200,-3.910095975
dump_190.csv,1-5,211,-4.0709164218009475
dump_190.csv,2-2,164,-3.789821920731707
dump_190.csv,2-3,375,-4.1251656
dump_190.csv,2-4,344,-3.968977776162791
dump_190.csv,2-5,373,-4.125393109919571
dump_190.csv,3-3,1004,-4.474148102589641
dump_190.csv,3-4,1253,-4.327040622505986
dump_190.csv,3-5,1375,-4.468427778181819
dump_190.csv,4-4,462,-4.169849653679654
dump_190.csv,4-5,713,-4.325695175315568
dump_190.csv,5-5,937,-4.464398596584846
dump_191.csv,1-1,55,-3.6468412727272725
dump_191.csv,1-2,143,-3.721304090909091
dump_191.csv,1-3,200,-4.066587875
dump_191.csv,1-4,173,-3.913820578034682
dump_191.csv,1-5,200,-4.069367
dump_191.csv,2-2,178,-3.799673651685393
dump_191.csv,2-3,373,-4.1303271313672925
dump_191.csv,2-4,328,-3.973735914634146
dump_191.csv,2-5,370,-4.129388783783783
dump_191.csv,3-3,1014,-4.477272889546351
dump_191.csv,3-4,1267,-4.3314589265982635
dump_191.csv,3-5,1384,-4.470896018786127
dump_191.csv,4-4,447,-4.177124731543624
dump_191.csv,4-5,719,-4.331442197496523
dump_191.csv,5-5,933,-4.466545696677384
dump_192.csv,1-1,228,-3.634486337719298
dump_192.csv,1-2,417,-3.7133624940047962
dump_192.csv,1-3,426,-4.046845023474178
dump_192.csv,1-4,432,-3.8731382175925924
dump_192.csv,1-5,449,-4.05727859688196
dump_192.csv,2-2,459,-3.804165762527233
dump_192.csv,2-3,702,-4.124394943019943
dump_192.csv,2-4,698,-3.956521138968481
dump_192.csv,2-5,732,-4.13156200136612
dump_192.csv,3-3,548,-4.447674854014599
dump_192.csv,3-4,778,-4.291598991002571
dump_192.csv,3-5,834,-4.450910305755396
dump_192.csv,4-4,517,-4.123700609284333
dump_192.csv,4-5,777,-4.298898166023166
dump_192.csv,5-5,829,-4.4628529613992765
dump_193.csv,1-1,58,-3.6460704310344827
dump_193.csv,1-2,143,-3.726323461538461
dump_193.csv,1-3,199,-4.066254346733668
dump_193.csv,1-4,178,-3.9152921067415734
dump_193.csv,1-5,199,-4.067909422110553
dump_193.csv,2-2,183,-3.795564262295082
dump_193.csv,2-3,365,-4.127113808219178
dump_193.csv,2-4,335,-3.975960462686567
dump_193.csv,2-5,364,-4.127824024725275
dump_193.csv,3-3,1005,-4.474691412935323
dump_193.csv,3-4,1281,-4.329616010928962
dump_193.csv,3-5,1378,-4.4693979535558785
dump_193.csv,4-4,472,-4.178551419491526
dump_193.csv,4-5,719,-4.331122983310153
dump_193.csv,5-5,945,-4.466631566137567
dump_194.csv,1-1,57,-3.6293118421052633
dump_194.csv,1-2,138,-3.716132572463768
dump_194.csv,1-3,201,-4.065916592039801
dump_194.csv,1-4,181,-3.9054277624309393
dump_194.csv,1-5,199,-4.064974547738694
dump_194.csv,2-2,162,-3.800878487654321
dump_194.csv,2-3,376,-4.129067792553191
dump_194.csv,2-4,355,-3.975856676056338
dump_194.csv,2-5,380,-4.129678078947368
dump_194.csv,3-3,1017,-4.473126710914454
dump_194.csv,3-4,1256,-4.328291767515924
dump_194.csv,3-5,1384,-4.46941287933526
dump_194.csv,4-4,455,-4.175803692307692
dump_194.csv,4-5,714,-4.331133088235294
dump_194.csv,5-5,930,-4.46999038172043
dump_195.csv,1-1,170,-3.6354720000000005
dump_195.csv,1-2,284,-3.7098656514084505
dump_195.csv,1-3,379,-4.0521203298153035
dump_195.csv,1-4,358,-3.887275516759777
dump_195.csv,1-5,386,-4.05383670984456
dump_195.csv,2-2,220,-3.791385659090909
dump_195.csv,2-3,428,-4.122742710280374
dump_195.csv,2-4,418,-3.9614400358851674
dump_195.csv,2-5,437,-4.125040652173913
dump_195.csv,3-3,684,-4.465458969298246
dump_195.csv,3-4,951,-4.309122728706624
dump_195.csv,3-5,989,-4.460688018200202
dump_195.csv,4-4,607,-4.144646795716639
dump_195.csv,4-5,867,-4.311436476355248
dump_195.csv,5-5,934,-4.460248527837259
dump_196.csv,1-1,425,-3.5800956
dump_196.csv,1-2,491,-3.6609312321792262
dump_196.csv,1-3,629,-3.999453895071542
dump_196.csv,1-4,613,-3.8331755383360524
dump_196.csv,1-5,654,-4.003071529051988
dump_196.csv,2-2,203,-3.7643895320197043
dump_196.csv,2-3,397,-4.083522166246851
dump_196.csv,2-4,386,-3.9220427720207254
dump_196.csv,2-5,411,-4.0925390145985405
dump_196.csv,3-3,605,-4.421493661157025
dump_196.csv,3-4,839,-4.263836984505364
dump_196.csv,3-5,904,-4.4204737168141595
dump_196.csv,4-4,470,-4.099272840425532
dump_196.csv,4-5,721,-4.270683370319001
dump_196.csv,5-5,914,-4.426878933260394
dump_197.csv,1-1,58,-3.660973275862069
dump_197.csv,1-2,167,-3.7223396706586827
dump_197.csv,1-3,215,-4.070130395348837
dump_197.csv,1-4,187,-3.9136550267379677
dump_197.csv,1-5,216,-4.071979398148148
dump_197.csv,2-2,176,-3.7937968465909093
dump_197.csv,2-3,384,-4.125486783854167
dump_197.csv,2-4,353,-3.973464688385269
dump_197.csv,2-5,379,-4.124891464379948
dump_197.csv,3-3,981,-4.472603995922529
dump_197.csv,3-4,1246,-4.328548495184591
dump_197.csv,3-5,1359,-4.467844043414275
dump_197.csv,4-4,470,-4.173071021276596
dump_197.csv,4-5,710,-4.327301464788732
dump_197.csv,5-5,938,-4.4652344616204696
dump_198.csv,1-1,52,-3.6338667307692307
dump_198.csv,1-2,127,-3.720561692913386
dump_198.csv,1-3,201,-4.0651540298507465
dump_198.csv,1-4,184,-3.9073726902173918
dump_198.csv,1-5,201,-4.065934825870647
dump_198.csv,2-2,177,-3.802936581920904
dump_198.csv,2-3,364,-4.132304423076923
dump_198.csv,2-4,334,-3.9789975
dump_198.csv,2-5,359,-4.134410668523677
dump_198.csv,3-3,1017,-4.472760422812192
dump_198.csv,3-4,1289,-4.329630446082234
dump_198.csv,3-5,1391,-4.468809299065421
dump_198.csv,4-4,478,-4.173463232217573
dump_198.csv,4-5,722,-4.3318047576177285
dump_198.csv,5-5,940,-4.467898404255319
dump_199.csv,1-1,79,-3.637969620253165
dump_199.csv,1-2,198,-3.720392095959596
dump_199.csv,1-3,257,-4.060789182879377
dump_199.csv,1-4,238,-3.9034727731092436
dump_199.csv,1-5,256,-4.0654421875
dump_199.csv,2-2,184,-3.786470625
dump_199.csv,2-3,408,-4.121092720588235
dump_199.csv,2-4,373,-3.9656913941018765
dump_199.csv,2-5,408,-4.121949227941176
dump_199.csv,3-3,965,-4.4690228082901555
dump_199.csv,3-4,1207,-4.320573869096935
dump_199.csv,3-5,1323,-4.46381634542706
dump_199.csv,4-4,456,-4.164935438596491
dump_199.csv,4-5,713,-4.322905357643759
dump_199.csv,5-5,893,-4.4619519260918254
dump_200.csv,1-1,97,-3.643866082474227
dump_200.csv,1-2,214,-3.7142698130841123
dump_200.csv,1-3,274,-4.061197901459854
dump_200.csv,1-4,250,-3.8996051400000002
dump_200.csv,1-5,274,-4.064201295620438
dump_200.csv,2-2,198,-3.7972976010101007
dump_200.csv,2-3,428,-4.123699147196262
dump_200.csv,2-4,391,-3.966872659846547
dump_200.csv,2-5,418,-4.1229114354066985
dump_200.csv,3-3,949,-4.46388490516333
dump_200.csv,3-4,1164,-4.316765137457044
dump_200.csv,3-5,1289,-4.460765442203258
dump_200.csv,4-4,442,-4.160497952488687
dump_200.csv,4-5,699,-4.318265200286123
dump_200.csv,5-5,909,-4.461011584158416
dump_201.csv,1-1,339,-3.585227241887906
dump_201.csv,1-2,566,-3.6824656537102474
dump_201.csv,1-3,578,-4.020118001730104
dump_201.csv,1-4,586,-3.8416935324232084
dump_201.csv,1-5,365,-4.0320725205479455
dump_201.csv,2-2,668,-3.7899426796407183
dump_201.csv,2-3,953,-4.120003845750262
dump_201.csv,2-4,951,-3.9424653995793904
dump_201.csv,2-5,604,-4.133952508278146
dump_201.csv,3-3,716,-4.447448310055866
dump_201.csv,3-4,999,-4.280548988988989
dump_201.csv,3-5,658,-4.45022791793313
dump_201.csv,4-4,772,-4.107811930051813
dump_201.csv,4-5,712,-4.293051130617977
dump_201.csv,5-5,130,-4.461776615384616
dump_202.csv,1-1,134,-3.6213446268656715
dump_202.csv,1-2,220,-3.7050775454545457
dump_202.csv,1-3,309,-4.046187378640776
dump_202.csv,1-4,281,-3.884743985765124
dump_202.csv,1-5,306,-4.048028022875817
dump_202.csv,2-2,152,-3.794395164473684
dump_202.csv,2-3,373,-4.121333016085791
dump_202.csv,2-4,345,-3.9631718840579713
dump_202.csv,2-5,373,-4.119785777479892
dump_202.csv,3-3,909,-4.463809191419142
dump_202.csv,3-4,1157,-4.314587558340535
dump_202.csv,3-5,1267,-4.457713011049724
dump_202.csv,4-4,473,-4.154358699788584
dump_202.csv,4-5,724,-4.314729744475138
dump_202.csv,5-5,936,-4.4570318696581195
dump_203.csv,1-1,205,-3.60905043902439
dump_203.csv,1-2,294,-3.69492943877551
dump_203.csv,1-3,399,-4.03571350877193
dump_203.csv,1-4,370,-3.8663696216216215
dump_203.csv,1-5,408,-4.039451446078432
dump_203.csv,2-2,208,-3.7860736778846156
dump_203.csv,2-3,414,-4.110535326086957
dump_203.csv,2-4,392,-3.9530250892857146
dump_203.csv,2-5,417,-4.117897206235012
dump_203.csv,3-3,817,-4.44810099755202
dump_203.csv,3-4,1052,-4.29893338878327
dump_203.csv,3-5,1139,-4.446580346795435
dump_203.csv,4-4,469,-4.139462846481877
dump_203.csv,4-5,720,-4.303356930555556
dump_203.csv,5-5,922,-4.450990146420825
dump_204.csv,1-1,94,-3.6364794148936173
dump_204.csv,1-2,225,-3.718240088888889
dump_204.csv,1-3,286,-4.062558723776224
dump_204.csv,1-4,267,-3.900103558052434
dump_204.csv,1-5,284,-4.064256478873239
dump_204.csv,2-2,245,-3.7957012244897963
dump_204.csv,2-3,467,-4.126301241970022
dump_204.csv,2-4,434,-3.9666625345622117
dump_204.csv,2-5,467,-4.128097141327623
dump_204.csv,3-3,883,-4.470764620611551
dump_204.csv,3-4,1142,-4.317978795971978
dump_204.csv,3-5,1230,-4.465698345528455
dump_204.csv,4-4,484,-4.159898409090909
dump_204.csv,4-5,747,-4.31998530789826
dump_204.csv,5-5,881,-4.465082355278093
dump_205.csv,1-1,313,-3.607922380191693
dump_205.csv,1-2,504,-3.6830249801587303
dump_205.csv,1-3,537,-4.012371927374302
dump_205.csv,1-4,374,-3.850803422459893
dump_205.csv,1-5,540,-4.023732185185185
dump_205.csv,2-2,490,-3.778460897959184
dump_205.csv,2-3,742,-4.090376981132076
dump_205.csv,2-4,525,-3.9376396476190476
dump_205.csv,2-5,746,-4.103069718498659
dump_205.csv,3-3,774,-4.4118387338501295
dump_205.csv,3-4,758,-4.267516266490765
dump_205.csv,3-5,1073,-4.417414450139795
dump_205.csv,4-4,193,-4.106688652849741
dump_205.csv,4-5,377,-4.275610570291778
dump_205.csv,5-5,880,-4.427781369318182
dump_206.csv,1-1,89,-3.6581761235955055
dump_206.csv,1-2,236,-3.739609724576271
dump_206.csv,1-3,237,-4.067043164556962
dump_206.csv,1-4,213,-3.903168943661972
dump_206.csv,1-5,219,-4.0804927625570775
dump_206.csv,2-2,785,-3.833219847133758
dump_206.csv,2-3,1106,-4.151509529837251
dump_206.csv,2-4,1031,-3.9910889427740064
dump_206.csv,2-5,989,-4.164361152679474
dump_206.csv,3-3,893,-4.477127586786114
dump_206.csv,3-4,1122,-4.324088939393939
dump_206.csv,3-5,1091,-4.477949651695693
dump_206.csv,4-4,492,-4.159842144308943
dump_206.csv,4-5,664,-4.331688057228916
dump_206.csv,5-5,385,-4.486733467532468
dump_207.csv,1-1,59,-3.6501933898305086
dump_207.csv,1-2,144,-3.7204570486111113
dump_207.csv,1-3,200,-4.07028515
dump_207.csv,1-4,186,-3.913444784946236
dump_207.csv,1-5,200,-4.0676647
dump_207.csv,2-2,172,-3.799635203488372
dump_207.csv,2-3,378,-4.128951455026455
dump_207.csv,2-4,346,-3.9748807225433525
dump_207.csv,2-5,372,-4.128421491935484
dump_207.csv,3-3,1012,-4.475893675889329
dump_207.csv,3-4,1286,-4.330013876360809
dump_207.csv,3-5,1384,-4.469813190028901
dump_207.csv,4-4,449,-4.176510812917595
dump_207.csv,4-5,720,-4.329758208333333
dump_207.csv,5-5,925,-4.466913010810811
dump_208.csv,1-1,578,-3.5391432006920414
dump_208.csv,1-2,716,-3.6319401745810054
dump_208.csv,1-3,844,-3.9634257049763035
dump_208.csv,1-4,783,-3.794346966794381
dump_208.csv,1-5,812,-3.9766288115763544
dump_208.csv,2-2,345,-3.742049188405797
dump_208.csv,2-3,569,-4.062920597539543
dump_208.csv,2-4,527,-3.9006022865275143
dump_208.csv,2-5,547,-4.076027321755028
dump_208.csv,3-3,734,-4.3868855313351505
dump_208.csv,3-4,974,-4.229796031827515
dump_208.csv,3-5,962,-4.394463071725571
dump_208.csv,4-4,461,-4.063452863340564
dump_208.csv,4-5,682,-4.242143071847507
dump_208.csv,5-5,515,-4.408313165048544
dump_209.csv,1-1,180,-3.6240489166666667
dump_209.csv,1-2,277,-3.7013273826714803
dump_209.csv,1-3,375,-4.04011936
dump_209.csv,1-4,345,-3.8802687391304347
dump_209.csv,1-5,373,-4.042410924932976
dump_209.csv,2-2,191,-3.7820849738219895
dump_209.csv,2-3,406,-4.112763201970443
dump_209.csv,2-4,381,-3.953161745406824
dump_209.csv,2-5,402,-4.112957798507463
dump_209.csv,3-3,939,-4.453001522896699
dump_209.csv,3-4,1174,-4.303825651618399
dump_209.csv,3-5,1285,-4.448596389105059
dump_209.csv,4-4,455,-4.141945846153846
dump_209.csv,4-5,706,-4.303971692634561
dump_209.csv,5-5,856,-4.450339573598131
dump_210.csv,1-1,82,-3.6388239634146338
dump_210.csv,1-2,178,-3.7242509831460677
dump_210.csv,1-3,258,-4.062617325581395
dump_210.csv,1-4,239,-3.9051519246861925
dump_210.csv,1-5,260,-4.060885576923077
dump_210.csv,2-2,177,-3.7938728531073447
dump_210.csv,2-3,381,-4.123818871391076
dump_210.csv,2-4,348,-3.971056408045977
dump_210.csv,2-5,381,-4.1234563385826775
dump_210.csv,3-3,980,-4.466875040816327
dump_210.csv,3-4,1215,-4.3210082921810695
dump_210.csv,3-5,1354,-4.4613675997045785
dump_210.csv,4-4,472,-4.162857372881356
dump_210.csv,4-5,709,-4.320715070521862
dump_210.csv,5-5,907,-4.460219415656009
dump_211.csv,1-1,342,-3.5874180555555557
dump_211.csv,1-2,467,-3.6727689293361885
dump_211.csv,1-3,581,-4.0137402581755595
dump_211.csv,1-4,532,-3.84275484962406
dump_211.csv,1-5,587,-4.015116311754685
dump_211.csv,2-2,268,-3.764887947761194
dump_211.csv,2-3,484,-4.0937308574380165
dump_211.csv,2-4,433,-3.928129561200924
dump_211.csv,2-5,489,-4.096208834355828
dump_211.csv,3-3,758,-4.427627915567283
dump_211.csv,3-4,990,-4.272769505050505
dump_211.csv,3-5,1058,-4.428829054820416
dump_211.csv,4-4,464,-4.10640661637931
dump_211.csv,4-5,694,-4.274402557636888
dump_211.csv,5-5,777,-4.429414839124839
dump_212.csv,1-1,87,-3.6533246551724137
dump_212.csv,1-2,239,-3.7415727615062764
dump_212.csv,1-3,258,-4.073129108527132
dump_212.csv,1-4,252,-3.906074305555556
dump_212.csv,1-5,266,-4.079066466165414
dump_212.csv,2-2,489,-3.8185604601226992
dump_212.csv,2-3,721,-4.144212988904299
dump_212.csv,2-4,704,-3.984176661931818
dump_212.csv,2-5,726,-4.14936632231405
dump_212.csv,3-3,717,-4.47406269874477
dump_212.csv,3-4,960,-4.3213021875
dump_212.csv,3-5,1021,-4.473685249755142
dump_212.csv,4-4,508,-4.156724114173229
dump_212.csv,4-5,769,-4.3258720156046815
dump_212.csv,5-5,828,-4.479456286231884
dump_213.csv,1-1,114,-3.646507763157895
dump_213.csv,1-2,256,-3.72296947265625
dump_213.csv,1-3,297,-4.059773131313131
dump_213.csv,1-4,273,-3.898031978021978
dump_213.csv,1-5,298,-4.065346291946309
dump_213.csv,2-2,328,-3.798688506097561
dump_213.csv,2-3,572,-4.129303627622377
dump_213.csv,2-4,534,-3.968792808988764
dump_213.csv,2-5,572,-4.130852482517483
dump_213.csv,3-3,838,-4.465555972553699
dump_213.csv,3-4,1096,-4.314820926094891
dump_213.csv,3-5,1173,-4.463140929241262
dump_213.csv,4-4,462,-4.155948095238095
dump_213.csv,4-5,717,-4.318751645746165
dump_213.csv,5-5,868,-4.466328686635944
dump_214.csv,1-1,78,-3.6470120512820516
dump_214.csv,1-2,205,-3.7317446097560976
dump_214.csv,1-3,253,-4.071292747035573
dump_214.csv,1-4,235,-3.9037115957446806
dump_214.csv,1-5,254,-4.072382086614174
dump_214.csv,2-2,307,-3.8033385504885997
dump_214.csv,2-3,515,-4.1327296990291265
dump_214.csv,2-4,463,-3.97556277537797
dump_214.csv,2-5,510,-4.134929245098039
dump_214.csv,3-3,863,-4.471089449594438
dump_214.csv,3-4,1107,-4.3212766621499545
dump_214.csv,3-5,1207,-4.4685679660314825
dump_214.csv,4-4,448,-4.1614289285714285
dump_214.csv,4-5,705,-4.324935361702128
dump_214.csv,5-5,921,-4.466789782844733
dump_215.csv,1-1,61,-3.6408617213114756
dump_215.csv,1-2,136,-3.7173161397058827
dump_215.csv,1-3,196,-4.063059795918368
dump_215.csv,1-4,183,-3.905732595628415
dump_215.csv,1-5,199,-4.064653668341709
dump_215.csv,2-2,173,-3.7906673988439303
dump_215.csv,2-3,374,-4.129486564171123
dump_215.csv,2-4,338,-3.9739200443786977
dump_215.csv,2-5,372,-4.1263653494623656
dump_215.csv,3-3,1009,-4.4769609217046575
dump_215.csv,3-4,1269,-4.332777344365643
dump_215.csv,3-5,1382,-4.4698681620839364
dump_215.csv,4-4,467,-4.177448779443255
dump_215.csv,4-5,722,-4.330952721606648
dump_215.csv,5-5,932,-4.464022854077253
dump_216.csv,1-1,560,-3.5493250535714287
dump_216.csv,1-2,661,-3.634754198184569
dump_216.csv,1-3,818,-3.9694242298288507
dump_216.csv,1-4,779,-3.7960385750962775
dump_216.csv,1-5,784,-3.9822395982142855
dump_216.csv,2-2,287,-3.753418257839721
dump_216.csv,2-3,506,-4.066675741106719
dump_216.csv,2-4,477,-3.9015697903563944
dump_216.csv,2-5,496,-4.077198155241936
dump_216.csv,3-3,740,-4.397131587837838
dump_216.csv,3-4,951,-4.236700909568875
dump_216.csv,3-5,985,-4.399384984771574
dump_216.csv,4-4,499,-4.06321129258517
dump_216.csv,4-5,721,-4.245193973647711
dump_216.csv,5-5,562,-4.4120565836298935
dump_217.csv,1-1,53,-3.6399164150943397
dump_217.csv,1-2,137,-3.7208272262773723
dump_217.csv,1-3,200,-4.06756345
dump_217.csv,1-4,177,-3.911039858757062
dump_217.csv,1-5,198,-4.068652323232324
dump_217.csv,2-2,160,-3.7991089062500003
dump_217.csv,2-3,370,-4.1286608108108105
dump_217.csv,2-4,341,-3.9755264662756598
dump_217.csv,2-5,366,-4.128960218579235
dump_217.csv,3-3,1010,-4.473467722772277
dump_217.csv,3-4,1246,-4.327408764044944
dump_217.csv,3-5,1391,-4.467380948957585
dump_217.csv,4-4,466,-4.174433862660944
dump_217.csv,4-5,711,-4.327918811533052
dump_217.csv,5-5,937,-4.46684568303095
dump_218.csv,1-1,118,-3.6309613983050846
dump_218.csv,1-2,211,-3.713978696682464
dump_218.csv,1-3,302,-4.055897963576159
dump_218.csv,1-4,284,-3.8919250000000005
dump_218.csv,1-5,303,-4.0563536798679865
dump_218.csv,2-2,192,-3.7901045572916665
dump_218.csv,2-3,408,-4.121964669117647
dump_218.csv,2-4,372,-3.961709059139785
dump_218.csv,2-5,407,-4.120893771498771
dump_218.csv,3-3,907,-4.463691262403528
dump_218.csv,3-4,1153,-4.3141263052905465
dump_218.csv,3-5,1264,-4.460024454113924
dump_218.csv,4-4,463,-4.152441706263499
dump_218.csv,4-5,720,-4.315138611111111
dump_218.csv,5-5,923,-4.459627654387866
dump_219.csv,1-1,82,-3.6454051219512196
dump_219.csv,1-2,182,-3.7201645329670328
dump_219.csv,1-3,260,-4.066819307692308
dump_219.csv,1-4,245,-3.9086090408163265
dump_219.csv,1-5,258,-4.069558585271317
dump_219.csv,2-2,218,-3.8016639449541283
dump_219.csv,2-3,420,-4.127202119047619
dump_219.csv,2-4,398,-3.9715981909547735
dump_219.csv,2-5,423,-4.12911401891253
dump_219.csv,3-3,930,-4.468111048387097
dump_219.csv,3-4,1191,-4.320410839630562
dump_219.csv,3-5,1293,-4.464192629543697
dump_219.csv,4-4,462,-4.163554437229437
dump_219.csv,4-5,715,-4.3216343916083915
dump_219.csv,5-5,929,-4.462111324004305
dump_220.csv,1-1,178,-3.627294859550562
dump_220.csv,1-2,258,-3.701875794573643
dump_220.csv,1-3,386,-4.0417458031088085
dump_220.csv,1-4,368,-3.877519157608696
dump_220.csv,1-5,388,-4.045173337628866
dump_220.csv,2-2,159,-3.783319025157233
dump_220.csv,2-3,357,-4.111239355742297
dump_220.csv,2-4,336,-3.9505716964285718
dump_220.csv,2-5,358,-4.1113695111731845
dump_220.csv,3-3,848,-4.452226438679245
dump_220.csv,3-4,1093,-4.303667987191217
dump_220.csv,3-5,1195,-4.449025518828452
dump_220.csv,4-4,483,-4.139127142857143
dump_220.csv,4-5,728,-4.302818660714286
dump_220.csv,5-5,942,-4.449343402335457
dump_221.csv,1-1,98,-3.630516071428571
dump_221.csv,1-2,195,-3.7184285384615383
dump_221.csv,1-3,254,-4.0621080118110235
dump_221.csv,1-4,240,-3.900376625
dump_221.csv,1-5,254,-4.062912854330709
dump_221.csv,2-2,230,-3.7974710652173913
dump_221.csv,2-3,445,-4.127654337078652
dump_221.csv,2-4,398,-3.9732791708542714
dump_221.csv,2-5,448,-4.127407087053571
dump_221.csv,3-3,930,-4.469253569892473
dump_221.csv,3-4,1167,-4.321819211653813
dump_221.csv,3-5,1282,-4.466278194227769
dump_221.csv,4-4,446,-4.162363452914798
dump_221.csv,4-5,698,-4.321425028653295
dump_221.csv,5-5,926,-4.462604584233261
dump_222.csv,1-1,52,-3.648915
dump_222.csv,1-2,135,-3.725492666666667
dump_222.csv,1-3,199,-4.070049497487437
dump_222.csv,1-4,177,-3.9082003389830504
dump_222.csv,1-5,198,-4.073659797979798
dump_222.csv,2-2,175,-3.7917226285714287
dump_222.csv,2-3,373,-4.128223136729223
dump_222.csv,2-4,338,-3.974538624260355
dump_222.csv,2-5,376,-4.127112473404256
dump_222.csv,3-3,1003,-4.475694506480558
dump_222.csv,3-4,1291,-4.330110941130906
dump_222.csv,3-5,1386,-4.4689663455988455
dump_222.csv,4-4,459,-4.173952505446623
dump_222.csv,4-5,718,-4.32941606545961
dump_222.csv,5-5,921,-4.465387709011944
dump_223.csv,1-1,103,-3.643066699029126
dump_223.csv,1-2,239,-3.7197894351464433
dump_223.csv,1-3,289,-4.063841747404844
dump_223.csv,1-4,272,-3.900605698529412
dump_223.csv,1-5,288,-4.064953142361111
dump_223.csv,2-2,274,-3.8049945437956203
dump_223.csv,2-3,509,-4.13210536345776
dump_223.csv,2-4,474,-3.9714811075949368
dump_223.csv,2-5,506,-4.132391136363637
dump_223.csv,3-3,883,-4.468505588901472
dump_223.csv,3-4,1136,-4.318663573943662
dump_223.csv,3-5,1213,-4.466499455894477
dump_223.csv,4-4,542,-4.160321457564575
dump_223.csv,4-5,800,-4.32242118125
dump_223.csv,5-5,813,-4.4689640713407135
dump_224.csv,1-1,157,-3.6348486624203824
dump_224.csv,1-2,337,-3.7132781454005936
dump_224.csv,1-3,352,-4.050459488636363
dump_224.csv,1-4,316,-3.8871534177215192
dump_224.csv,1-5,347,-4.063272031700288
dump_224.csv,2-2,510,-3.80565
dump_224.csv,2-3,759,-4.126686818181819
dump_224.csv,2-4,701,-3.9682051069900144
dump_224.csv,2-5,764,-4.1356372578534035
dump_224.csv,3-3,768,-4.461698567708333
dump_224.csv,3-4,999,-4.307150860860861
dump_224.csv,3-5,1064,-4.462139022556391
dump_224.csv,4-4,451,-4.14424100886918
dump_224.csv,4-5,693,-4.314175360750361
dump_224.csv,5-5,745,-4.467431187919463
dump_225.csv,1-1,54,-3.676306388888889
dump_225.csv,1-2,199,-3.76985135678392
dump_225.csv,1-3,166,-4.107906024096386
dump_225.csv,1-4,205,-3.922077243902439
dump_225.csv,1-5,199,-4.107662738693468
dump_225.csv,2-2,727,-3.859628830811554
dump_225.csv,2-3,830,-4.1830370722891566
dump_225.csv,2-4,1028,-4.005033394941634
dump_225.csv,2-5,1021,-4.189343956904994
dump_225.csv,3-3,279,-4.506177813620072
dump_225.csv,3-4,503,-4.339386083499006
dump_225.csv,3-5,509,-4.507260599214145
dump_225.csv,4-4,777,-4.162786962676963
dump_225.csv,4-5,1081,-4.347000185013877
dump_225.csv,5-5,809,-4.512787237330037
dump_226.csv,1-1,366,-3.5772140300546447
dump_226.csv,1-2,536,-3.6651072854477613
dump_226.csv,1-3,627,-3.9980451196172244
dump_226.csv,1-4,575,-3.832471443478261
dump_226.csv,1-5,575,-4.009542460869565
dump_226.csv,2-2,346,-3.766315722543353
dump_226.csv,2-3,593,-4.0906632293423275
dump_226.csv,2-4,547,-3.9294663619744057
dump_226.csv,2-5,546,-4.094222097069597
dump_226.csv,3-3,953,-4.419515493179434
dump_226.csv,3-4,1189,-4.2666276829268295
dump_226.csv,3-5,1212,-4.421458873762376
dump_226.csv,4-4,472,-4.101471048728813
dump_226.csv,4-5,683,-4.2747445314787695
dump_226.csv,5-5,458,-4.430572936681223
dump_227.csv,1-1,58,-3.646087844827586
dump_227.csv,1-2,154,-3.7200602272727274
dump_227.csv,1-3,195,-4.065836153846154
dump_227.csv,1-4,180,-3.9092624999999996
dump_227.csv,1-5,200,-4.066293025
dump_227.csv,2-2,162,-3.7924873765432103
dump_227.csv,2-3,387,-4.1251695090439275
dump_227.csv,2-4,345,-3.970657420289855
dump_227.csv,2-5,387,-4.125652312661499
dump_227.csv,3-3,1005,-4.4748807661691545
dump_227.csv,3-4,1251,-4.329654024780176
dump_227.csv,3-5,1383,-4.469518546637744
dump_227.csv,4-4,474,-4.171601424050633
dump_227.csv,4-5,715,-4.329853076923077
dump_227.csv,5-5,925,-4.467863854054054
dump_228.csv,1-1,601,-3.540901023294509
dump_228.csv,1-2,582,-3.6250722164948455
dump_228.csv,1-3,868,-3.9615610138248845
dump_228.csv,1-4,826,-3.790276634382567
dump_228.csv,1-5,837,-3.9700441099163677
dump_228.csv,2-2,142,-3.726001795774648
dump_228.csv,2-3,338,-4.050442899408284
dump_228.csv,2-4,310,-3.888137983870968
dump_228.csv,2-5,324,-4.05594537037037
dump_228.csv,3-3,842,-4.387336716152019
dump_228.csv,3-4,1074,-4.234199650837989
dump_228.csv,3-5,1107,-4.389239196025294
dump_228.csv,4-4,474,-4.065234820675106
dump_228.csv,4-5,700,-4.2392014
dump_228.csv,5-5,562,-4.3956400266903914
dump_229.csv,1-1,64,-3.65777875
dump_229.csv,1-2,167,-3.7201835928143714
dump_229.csv,1-3,232,-4.068698405172414
dump_229.csv,1-4,210,-3.910756880952381
dump_229.csv,1-5,231,-4.07004380952381
dump_229.csv,2-2,159,-3.79173820754717
dump_229.csv,2-3,371,-4.119588099730459
dump_229.csv,2-4,331,-3.9714061933534746
dump_229.csv,2-5,371,-4.122959555256065
dump_229.csv,3-3,1011,-4.470460786350149
dump_229.csv,3-4,1262,-4.325257064183835
dump_229.csv,3-5,1379,-4.465761733139956
dump_229.csv,4-4,454,-4.168218975770925
dump_229.csv,4-5,712,-4.325989648876404
dump_229.csv,5-5,931,-4.464492003222342
dump_230.csv,1-1,103,-3.635960339805825
dump_230.csv,1-2,217,-3.7192803686635947
dump_230.csv,1-3,275,-4.062673127272728
dump_230.csv,1-4,265,-3.9034249433962263
dump_230.csv,1-5,278,-4.063871456834533
dump_230.csv,2-2,226,-3.7974768805309735
dump_230.csv,2-3,419,-4.129451992840096
dump_230.csv,2-4,390,-3.971696025641026
dump_230.csv,2-5,423,-4.128845650118203
dump_230.csv,3-3,862,-4.474061339907193
dump_230.csv,3-4,1127,-4.323047014196983
dump_230.csv,3-5,1191,-4.4670416036943745
dump_230.csv,4-4,528,-4.164273958333333
dump_230.csv,4-5,786,-4.323783606870229
dump_230.csv,5-5,939,-4.464969419595314
dump_231.csv,1-1,210,-3.6190770476190477
dump_231.csv,1-2,318,-3.700491022012579
dump_231.csv,1-3,411,-4.0372489537712895
dump_231.csv,1-4,384,-3.874788984375
dump_231.csv,1-5,414,-4.043114263285024
dump_231.csv,2-2,243,-3.7864528395061727
dump_231.csv,2-3,460,-4.112849989130435
dump_231.csv,2-4,407,-3.9521914004914005
dump_231.csv,2-5,460,-4.11614322826087
dump_231.csv,3-3,807,-4.448917701363073
dump_231.csv,3-4,1009,-4.297089167492567
dump_231.csv,3-5,1114,-4.4472713285457806
dump_231.csv,4-4,462,-4.1361420454545454
dump_231.csv,4-5,705,-4.301714418439716
dump_231.csv,5-5,903,-4.449756760797342
dump_232.csv,1-1,80,-3.6519377499999996
dump_232.csv,1-2,172,-3.72128113372093
dump_232.csv,1-3,249,-4.064606867469879
dump_232.csv,1-4,231,-3.905024523809524
dump_232.csv,1-5,250,-4.06664322
dump_232.csv,2-2,212,-3.7986899999999997
dump_232.csv,2-3,414,-4.1285640579710146
dump_232.csv,2-4,378,-3.969999034391534
dump_232.csv,2-5,416,-4.129271358173077
dump_232.csv,3-3,943,-4.468533828207847
dump_232.csv,3-4,1204,-4.320807836378737
dump_232.csv,3-5,1298,-4.464386348228043
dump_232.csv,4-4,458,-4.164097292576419
dump_232.csv,4-5,713,-4.322952482468443
dump_232.csv,5-5,917,-4.46424239912759
dump_233.csv,1-1,87,-3.6547604022988507
dump_233.csv,1-2,219,-3.723030159817352
dump_233.csv,1-3,271,-4.06795348708487
dump_233.csv,1-4,255,-3.9052060784313722
dump_233.csv,1-5,271,-4.066236826568266
dump_233.csv,2-2,256,-3.79900763671875
dump_233.csv,2-3,488,-4.129471372950819
dump_233.csv,2-4,448,-3.9698323660714285
dump_233.csv,2-5,486,-4.127186995884774
dump_233.csv,3-3,885,-4.468649564971751
dump_233.csv,3-4,1119,-4.31714381590706
dump_233.csv,3-5,1220,-4.463723286885246
dump_233.csv,4-4,454,-4.156689030837004
dump_233.csv,4-5,704,-4.316025873579545
dump_233.csv,5-5,948,-4.464031218354431
dump_234.csv,1-1,484,-3.5898095041322313
dump_234.csv,1-2,727,-3.6691583493810183
dump_234.csv,1-3,720,-3.9797844652777776
dump_234.csv,1-4,364,-3.8190631868131866
dump_234.csv,1-5,730,-4.000188671232877
dump_234.csv,2-2,660,-3.767623909090909
dump_234.csv,2-3,918,-4.069539150326798
dump_234.csv,2-4,461,-3.9082684056399133
dump_234.csv,2-5,937,-4.086510282817503
dump_234.csv,3-3,627,-4.36942168261563
dump_234.csv,3-4,433,-4.228883672055427
dump_234.csv,3-5,919,-4.382105272034821
dump_234.csv,4-4,68,-4.06551455882353
dump_234.csv,4-5,218,-4.241394013761468
dump_234.csv,5-5,800,-4.40526600625
dump_235.csv,1-1,101,-3.632995693069307
dump_235.csv,1-2,244,-3.7230168647540984
dump_235.csv,1-3,291,-4.065847886597938
dump_235.csv,1-4,287,-3.899751916376307
dump_235.csv,1-5,285,-4.06937952631579
dump_235.csv,2-2,361,-3.8066606925207758
dump_235.csv,2-3,594,-4.138525202020202
dump_235.csv,2-4,589,-3.9778725042444827
dump_235.csv,2-5,577,-4.14503033795494
dump_235.csv,3-3,858,-4.478495337995338
dump_235.csv,3-4,1169,-4.3234887596236105
dump_235.csv,3-5,1151,-4.476145099913119
dump_235.csv,4-4,670,-4.162041119402986
dump_235.csv,4-5,927,-4.3267880097087374
dump_235.csv,5-5,631,-4.47953324088748
dump_236.csv,1-1,428,-3.5864912967289717
dump_236.csv,1-2,497,-3.6687485513078473
dump_236.csv,1-3,639,-4.005165093896713
dump_236.csv,1-4,640,-3.8298887656250002
dump_236.csv,1-5,681,-4.008611093979442
dump_236.csv,2-2,197,-3.768220685279188
dump_236.csv,2-3,376,-4.09080539893617
dump_236.csv,2-4,374,-3.9201158823529414
dump_236.csv,2-5,409,-4.094436589242054
dump_236.csv,3-3,513,-4.426347641325536
dump_236.csv,3-4,726,-4.26410164600551
dump_236.csv,3-5,771,-4.4240949092088195
dump_236.csv,4-4,564,-4.092082535460992
dump_236.csv,4-5,837,-4.267656947431303
dump_236.csv,5-5,903,-4.427791572535991
dump_237.csv,1-1,98,-3.643821581632653
dump_237.csv,1-2,207,-3.7146985748792267
dump_237.csv,1-3,271,-4.058931974169742
dump_237.csv,1-4,254,-3.8985531299212597
dump_237.csv,1-5,267,-4.060889101123595
dump_237.csv,2-2,207,-3.7944515458937196
dump_237.csv,2-3,421,-4.124575106888361
dump_237.csv,2-4,380,-3.9669108947368423
dump_237.csv,2-5,417,-4.126069544364508
dump_237.csv,3-3,922,-4.468356822125814
dump_237.csv,3-4,1191,-4.318244722921914
dump_237.csv,3-5,1293,-4.462682981438515
dump_237.csv,4-4,456,-4.160507083333333
dump_237.csv,4-5,707,-4.319462743988685
dump_237.csv,5-5,912,-4.4614334813596495
dump_238.csv,1-1,83,-3.6439897590361445
dump_238.csv,1-2,198,-3.7177702272727275
dump_238.csv,1-3,248,-4.073144899193548
dump_238.csv,1-4,241,-3.9042249585062243
dump_238.csv,1-5,249,-4.07348656626506
dump_238.csv,2-2,207,-3.8008566425120773
dump_238.csv,2-3,423,-4.133502635933806
dump_238.csv,2-4,404,-3.971696126237624
dump_238.csv,2-5,425,-4.132221529411765
dump_238.csv,3-3,824,-4.483989314320389
dump_238.csv,3-4,1115,-4.327922116591928
dump_238.csv,3-5,1152,-4.477358450520834
dump_238.csv,4-4,595,-4.164557403361345
dump_238.csv,4-5,863,-4.3278156257242175
dump_238.csv,5-5,917,-4.474484972737186
dump_239.csv,1-1,555,-3.5536946036036037
dump_239.csv,1-2,764,-3.6418323821989524
dump_239.csv,1-3,802,-3.973309993765586
dump_239.csv,1-4,765,-3.7996589411764705
dump_239.csv,1-5,717,-3.987583235704324
dump_239.csv,2-2,469,-3.755958891257996
dump_239.csv,2-3,725,-4.071037013793103
dump_239.csv,2-4,695,-3.9043095107913666
dump_239.csv,2-5,658,-4.087468837386018
dump_239.csv,3-3,718,-4.394459700557103
dump_239.csv,3-4,931,-4.236208743286788
dump_239.csv,3-5,890,-4.402641247191012
dump_239.csv,4-4,504,-4.064143283730159
dump_239.csv,4-5,681,-4.2490766005873715
dump_239.csv,5-5,379,-4.4179455804749335
dump_240.csv,1-1,360,-3.6073939722222224
dump_240.csv,1-2,599,-3.697906661101836
dump_240.csv,1-3,585,-4.010248452991453
dump_240.csv,1-4,465,-3.84266023655914
dump_240.csv,1-5,545,-4.030142275229358
dump_240.csv,2-2,909,-3.800383432343234
dump_240.csv,2-3,1243,-4.101976130329847
dump_240.csv,2-4,969,-3.939475092879257
dump_240.csv,2-5,1176,-4.124733971088435
dump_240.csv,3-3,633,-4.407269873617693
dump_240.csv,3-4,710,-4.257977295774648
dump_240.csv,3-5,851,-4.421295381903643
dump_240.csv,4-4,237,-4.089706223628692
dump_240.csv,4-5,418,-4.274898911483254
dump_240.csv,5-5,425,-4.4393006235294115
dump_241.csv,1-1,61,-3.6539912295081964
dump_241.csv,1-2,131,-3.7270686259541983
dump_241.csv,1-3,207,-4.069049371980676
dump_241.csv,1-4,195,-3.9130157692307694
dump_241.csv,1-5,206,-4.069520533980582
dump_241.csv,2-2,181,-3.8009748066298346
dump_241.csv,2-3,372,-4.1300190322580645
dump_241.csv,2-4,339,-3.9795315191740412
dump_241.csv,2-5,373,-4.1297009517426275
dump_241.csv,3-3,996,-4.475795542168674
dump_241.csv,3-4,1296,-4.3295196141975305
dump_241.csv,3-5,1385,-4.469013223826715
dump_241.csv,4-4,460,-4.17280825
dump_241.csv,4-5,716,-4.32828122905028
dump_241.csv,5-5,924,-4.466329918831169
dump_242.csv,1-1,89,-3.6445835393258426
dump_242.csv,1-2,203,-3.718054408866995
dump_242.csv,1-3,265,-4.0613422264150945
dump_242.csv,1-4,238,-3.9018667226890758
dump_242.csv,1-5,261,-4.064953180076628
dump_242.csv,2-2,198,-3.795936515151515
dump_242.csv,2-3,404,-4.122729653465346
dump_242.csv,2-4,374,-3.9666347994652407
dump_242.csv,2-5,410,-4.125451707317073
dump_242.csv,3-3,957,-4.464143396029258
dump_242.csv,3-4,1170,-4.319306739316239
dump_242.csv,3-5,1315,-4.462702555133079
dump_242.csv,4-4,451,-4.160782971175166
dump_242.csv,4-5,700,-4.320443142857143
dump_242.csv,5-5,922,-4.4622928850325385
dump_243.csv,1-1,130,-3.6354991923076923
dump_243.csv,1-2,239,-3.7158329079497907
dump_243.csv,1-3,322,-4.058995714285714
dump_243.csv,1-4,304,-3.893912302631579
dump_243.csv,1-5,325,-4.060038584615384
dump_243.csv,2-2,199,-3.793036231155779
dump_243.csv,2-3,413,-4.127870750605327
dump_243.csv,2-4,396,-3.963320202020202
dump_243.csv,2-5,420,-4.126469238095238
dump_243.csv,3-3,796,-4.46977351758794
dump_243.csv,3-4,1067,-4.315300440487348
dump_243.csv,3-5,1131,-4.463616609195402
dump_243.csv,4-4,547,-4.148567577696527
dump_243.csv,4-5,806,-4.31287844292804
dump_243.csv,5-5,937,-4.461966787620064
dump_244.csv,1-1,72,-3.669626666666667
dump_244.csv,1-2,219,-3.7578931278538814
dump_244.csv,1-3,208,-4.084085024038462
dump_244.csv,1-4,193,-3.914343549222798
dump_244.csv,1-5,221,-4.094297194570136
dump_244.csv,2-2,778,-3.846413284061697
dump_244.csv,2-3,1054,-4.160177912713472
dump_244.csv,2-4,963,-3.994285804776739
dump_244.csv,2-5,1091,-4.169472332722273
dump_244.csv,3-3,570,-4.478908456140351
dump_244.csv,3-4,768,-4.3223714583333335
dump_244.csv,3-5,859,-4.481400686845169
dump_244.csv,4-4,390,-4.155434282051282
dump_244.csv,4-5,625,-4.329557288
dump_244.csv,5-5,823,-4.4888254981774
dump_245.csv,1-1,70,-3.6365420714285714
dump_245.csv,1-2,158,-3.715163607594937
dump_245.csv,1-3,228,-4.062137478070175
dump_245.csv,1-4,212,-3.9039005424528304
dump_245.csv,1-5,229,-4.061548296943231
dump_245.csv,2-2,169,-3.793384378698225
dump_245.csv,2-3,383,-4.125325130548303
dump_245.csv,2-4,332,-3.9719811445783133
dump_245.csv,2-5,380,-4.12663575
dump_245.csv,3-3,996,-4.469725050200804
dump_245.csv,3-4,1237,-4.325771576394503
dump_245.csv,3-5,1364,-4.465962056451613
dump_245.csv,4-4,473,-4.167395845665962
dump_245.csv,4-5,711,-4.32554082278481
dump_245.csv,5-5,915,-4.466177147540984
dump_246.csv,1-1,58,-3.6407537068965516
dump_246.csv,1-2,131,-3.72015606870229
dump_246.csv,1-3,199,-4.070672688442211
dump_246.csv,1-4,180,-3.9118283888888885
dump_246.csv,1-5,196,-4.071876428571429
dump_246.csv,2-2,167,-3.7948972155688625
dump_246.csv,2-3,377,-4.1255325066313
dump_246.csv,2-4,343,-3.9752255539358603
dump_246.csv,2-5,375,-4.128918266666667
dump_246.csv,3-3,1016,-4.472725585629922
dump_246.csv,3-4,1270,-4.328569236220472
dump_246.csv,3-5,1381,-4.46893783852281
dump_246.csv,4-4,466,-4.175801190987125
dump_246.csv,4-5,720,-4.33122925
dump_246.csv,5-5,934,-4.4682308029978595
dump_247.csv,1-1,275,-3.5914808181818185
dump_247.csv,1-2,363,-3.6827608402203857
dump_247.csv,1-3,501,-4.024033223552895
dump_247.csv,1-4,489,-3.8589483231083848
dump_247.csv,1-5,495,-4.025364626262626
dump_247.csv,2-2,194,-3.77275
dump_247.csv,2-3,403,-4.100802543424318
dump_247.csv,2-4,370,-3.940363216216216
dump_247.csv,2-5,392,-4.107058290816327
dump_247.csv,3-3,881,-4.445598813847901
dump_247.csv,3-4,1194,-4.289464011725293
dump_247.csv,3-5,1216,-4.441279078947368
dump_247.csv,4-4,608,-4.1269874671052635
dump_247.csv,4-5,845,-4.294141887573964
dump_247.csv,5-5,642,-4.445138154205607
dump_248.csv,1-1,136,-3.6348182352941176
dump_248.csv,1-2,250,-3.70705538
dump_248.csv,1-3,330,-4.053618121212121
dump_248.csv,1-4,308,-3.8908616071428574
dump_248.csv,1-5,325,-4.057144507692308
dump_248.csv,2-2,200,-3.7864769999999996
dump_248.csv,2-3,412,-4.116863932038835
dump_248.csv,2-4,378,-3.957925978835979
dump_248.csv,2-5,411,-4.117239914841849
dump_248.csv,3-3,957,-4.462818866248694
dump_248.csv,3-4,1185,-4.310075046413503
dump_248.csv,3-5,1287,-4.456436697746698
dump_248.csv,4-4,454,-4.152705385462555
dump_248.csv,4-5,705,-4.312148163120567
dump_248.csv,5-5,896,-4.454049213169642
dump_249.csv,1-1,101,-3.6569270792079207
dump_249.csv,1-2,261,-3.738768122605364
dump_249.csv,1-3,281,-4.07782049822064
dump_249.csv,1-4,276,-3.903782880434783
dump_249.csv,1-5,289,-4.078514878892734
dump_249.csv,2-2,434,-3.818320599078341
dump_249.csv,2-3,656,-4.14716650152439
dump_249.csv,2-4,662,-3.9774283081570996
dump_249.csv,2-5,674,-4.148991253709199
dump_249.csv,3-3,612,-4.479016895424836
dump_249.csv,3-4,857,-4.321852427071178
dump_249.csv,3-5,888,-4.478395698198198
dump_249.csv,4-4,589,-4.157388735144313
dump_249.csv,4-5,873,-4.32517989117984
dump_249.csv,5-5,871,-4.479321033295063
dump_250.csv,1-1,254,-3.641877755905512
dump_250.csv,1-2,475,-3.727379736842105
dump_250.csv,1-3,439,-4.032580740318906
dump_250.csv,1-4,295,-3.870351593220339
dump_250.csv,1-5,465,-4.054341978494624
dump_250.csv,2-2,926,-3.822768299136069
dump_250.csv,2-3,1192,-4.11998322147651
dump_250.csv,2-4,868,-3.9617030241935485
dump_250.csv,2-5,1293,-4.141236883217323
dump_250.csv,3-3,489,-4.417162638036809
dump_250.csv,3-4,498,-4.273287138554217
dump_250.csv,3-5,746,-4.43235177613941
dump_250.csv,4-4,156,-4.107382051282052
dump_250.csv,4-5,345,-4.284554507246377
dump_250.csv,5-5,769,-4.45254044863459
dump_251.csv,1-1,116,-3.640730431034483
dump_251.csv,1-2,216,-3.7172705092592593
dump_251.csv,1-3,301,-4.073352441860465
dump_251.csv,1-4,302,-3.9009493211920527
dump_251.csv,1-5,302,-4.067509668874171
dump_251.csv,2-2,194,-3.806133118556701
dump_251.csv,2-3,385,-4.14288612987013
dump_251.csv,2-4,394,-3.977696687817259
dump_251.csv,2-5,390,-4.141121897435897
dump_251.csv,3-3,754,-4.492820716180371
dump_251.csv,3-4,1071,-4.3341449859943975
dump_251.csv,3-5,1060,-4.484084731132076
dump_251.csv,4-4,843,-4.166081684460261
dump_251.csv,4-5,1147,-4.3324418962510896
dump_251.csv,5-5,726,-4.479806026170799
dump_252.csv,1-1,119,-3.633866386554622
dump_252.csv,1-2,223,-3.7088982959641257
dump_252.csv,1-3,292,-4.053306164383561
dump_252.csv,1-4,266,-3.8900914285714285
dump_252.csv,1-5,290,-4.056240724137931
dump_252.csv,2-2,234,-3.798309572649573
dump_252.csv,2-3,448,-4.124492845982143
dump_252.csv,2-4,399,-3.968195814536341
dump_252.csv,2-5,446,-4.126881098654708
dump_252.csv,3-3,882,-4.465984172335601
dump_252.csv,3-4,1133,-4.315380732568403
dump_252.csv,3-5,1245,-4.46238440562249
dump_252.csv,4-4,483,-4.155826097308489
dump_252.csv,4-5,727,-4.318740137551582
dump_252.csv,5-5,905,-4.462641784530387
dump_253.csv,1-1,109,-3.632312844036697
dump_253.csv,1-2,222,-3.714813310810811
dump_253.csv,1-3,283,-4.053715494699647
dump_253.csv,1-4,250,-3.89490384
dump_253.csv,1-5,281,-4.056906957295373
dump_253.csv,2-2,265,-3.793229849056604
dump_253.csv,2-3,473,-4.12087567653277
dump_253.csv,2-4,427,-3.9656512060889932
dump_253.csv,2-5,474,-4.1252874050632915
dump_253.csv,3-3,935,-4.461755780748663
dump_253.csv,3-4,1165,-4.313242725321889
dump_253.csv,3-5,1277,-4.459396989036805
dump_253.csv,4-4,420,-4.16022294047619
dump_253.csv,4-5,659,-4.3162109332321705
dump_253.csv,5-5,900,-4.461102494444444
dump_254.csv,1-1,472,-3.5628838877118643
dump_254.csv,1-2,626,-3.6518744169329076
dump_254.csv,1-3,709,-3.9823543018335683
dump_254.csv,1-4,661,-3.8164860892586994
dump_254.csv,1-5,639,-3.9969393818466354
dump_254.csv,2-2,389,-3.7552470951156813
dump_254.csv,2-3,632,-4.0817016613924055
dump_254.csv,2-4,586,-3.917030819112628
dump_254.csv,2-5,579,-4.091279395509499
dump_254.csv,3-3,845,-4.409698455621301
dump_254.csv,3-4,1089,-4.253553820018365
dump_254.csv,3-5,1073,-4.413076043802423
dump_254.csv,4-4,457,-4.087834814004376
dump_254.csv,4-5,652,-4.263594562883436
dump_254.csv,5-5,448,-4.419650401785715
dump_255.csv,1-1,55,-3.6464889090909094
dump_255.csv,1-2,140,-3.724470642857143
dump_255.csv,1-3,199,-4.071405452261307
dump_255.csv,1-4,180,-3.910695694444444
dump_255.csv,1-5,200,-4.069382525
dump_255.csv,2-2,180,-3.7938312777777776
dump_255.csv,2-3,380,-4.126116763157895
dump_255.csv,2-4,350,-3.9725169285714284
dump_255.csv,2-5,380,-4.128182039473684
dump_255.csv,3-3,1013,-4.475046850937808
dump_255.csv,3-4,1260,-4.330581313492063
dump_255.csv,3-5,1383,-4.470065878524945
dump_255.csv,4-4,462,-4.175329772727273
dump_255.csv,4-5,720,-4.330494819444445
dump_255.csv,5-5,921,-4.468346330076004
dump_256.csv,1-1,104,-3.6214165865384613
dump_256.csv,1-2,211,-3.710058767772512
dump_256.csv,1-3,288,-4.063944340277778
dump_256.csv,1-4,285,-3.898966315789474
dump_256.csv,1-5,292,-4.064919469178082
dump_256.csv,2-2,214,-3.8012956542056076
dump_256.csv,2-3,412,-4.135621759708737
dump_256.csv,2-4,401,-3.9700798503740646
dump_256.csv,2-5,410,-4.135987585365854
dump_256.csv,3-3,840,-4.485277166666666
dump_256.csv,3-4,1125,-4.327037897777777
dump_256.csv,3-5,1144,-4.478113317307692
dump_256.csv,4-4,710,-4.163413929577465
dump_256.csv,4-5,990,-4.328536323232323
dump_256.csv,5-5,787,-4.47703040660737
dump_257.csv,1-1,440,-3.5697436363636363
dump_257.csv,1-2,642,-3.654854711838006
dump_257.csv,1-3,694,-3.9889067651296832
dump_257.csv,1-4,660,-3.8220908484848484
dump_257.csv,1-5,552,-4.005082336956521
dump_257.csv,2-2,471,-3.763854161358811
dump_257.csv,2-3,742,-4.082748221024259
dump_257.csv,2-4,695,-3.920381985611511
dump_257.csv,2-5,603,-4.097322578772803
dump_257.csv,3-3,907,-4.411544421168688
dump_257.csv,3-4,1159,-4.253932584124245
dump_257.csv,3-5,1019,-4.41639018155054
dump_257.csv,4-4,493,-4.087232484787019
dump_257.csv,4-5,621,-4.268385209339774
dump_257.csv,5-5,286,-4.42997520979021
dump_258.csv,1-1,101,-3.6481677227722775
dump_258.csv,1-2,207,-3.720735917874396
dump_258.csv,1-3,294,-4.06292100340136
dump_258.csv,1-4,265,-3.904227905660377
dump_258.csv,1-5,295,-4.060975762711864
dump_258.csv,2-2,183,-3.797653551912568
dump_258.csv,2-3,421,-4.123302541567696
dump_258.csv,2-4,389,-3.965664318766067
dump_258.csv,2-5,419,-4.122443973747017
dump_258.csv,3-3,922,-4.467628774403471
dump_258.csv,3-4,1169,-4.316601963216424
dump_258.csv,3-5,1261,-4.462099000793021
dump_258.csv,4-4,468,-4.157824871794872
dump_258.csv,4-5,738,-4.318705325203252
dump_258.csv,5-5,897,-4.4604962653288736
dump_259.csv,1-1,278,-3.621685665467626
dump_259.csv,1-2,484,-3.7107882954545457
dump_259.csv,1-3,437,-4.03527114416476
dump_259.csv,1-4,483,-3.858949606625259
dump_259.csv,1-5,504,-4.046583621031746
dump_259.csv,2-2,532,-3.8090580263157894
dump_259.csv,2-3,677,-4.12366947562777
dump_259.csv,2-4,748,-3.9514296122994654
dump_259.csv,2-5,795,-4.134205955974843
dump_259.csv,3-3,348,-4.4469284482758615
dump_259.csv,3-4,560,-4.280234035714286
dump_259.csv,3-5,592,-4.449198361486486
dump_259.csv,4-4,520,-4.107862894230769
dump_259.csv,4-5,773,-4.289367419146184
dump_259.csv,5-5,943,-4.457082158006362
dump_260.csv,1-1,164,-3.62382618902439
dump_260.csv,1-2,318,-3.7039031603773585
dump_260.csv,1-3,372,-4.043899274193548
dump_260.csv,1-4,337,-3.8871983086053414
dump_260.csv,1-5,373,-4.050689986595175
dump_260.csv,2-2,283,-3.786899717314488
dump_260.csv,2-3,505,-4.116495891089109
dump_260.csv,2-4,462,-3.9592652922077924
dump_260.csv,2-5,515,-4.119390398058252
dump_260.csv,3-3,834,-4.4549095383693045
dump_260.csv,3-4,1065,-4.306856708920187
dump_260.csv,3-5,1172,-4.451965571672355
dump_260.csv,4-4,471,-4.146310063694267
dump_260.csv,4-5,712,-4.310580505617978
dump_260.csv,5-5,864,-4.455916203703704
dump_261.csv,1-1,244,-3.6093944672131144
dump_261.csv,1-2,337,-3.684095356083086
dump_261.csv,1-3,457,-4.036116531728665
dump_261.csv,1-4,450,-3.865035522222222
dump_261.csv,1-5,433,-4.035533302540416
dump_261.csv,2-2,229,-3.7850179694323143
dump_261.csv,2-3,439,-4.1187065261959
dump_261.csv,2-4,438,-3.954441484018265
dump_261.csv,2-5,413,-4.1208981113801455
dump_261.csv,3-3,892,-4.462832892376682
dump_261.csv,3-4,1211,-4.306412848885219
dump_261.csv,3-5,1153,-4.4601438811795315
dump_261.csv,4-4,791,-4.144126864728192
dump_261.csv,4-5,1001,-4.3092242257742255
dump_261.csv,5-5,495,-4.4607958080808086
dump_262.csv,1-1,88,-3.6331032386363633
dump_262.csv,1-2,165,-3.709006424242424
dump_262.csv,1-3,225,-4.054719977777778
dump_262.csv,1-4,206,-3.896843349514563
dump_262.csv,1-5,226,-4.052738384955752
dump_262.csv,2-2,187,-3.7989701871657755
dump_262.csv,2-3,387,-4.126534018087855
dump_262.csv,2-4,365,-3.974659794520548
dump_262.csv,2-5,388,-4.126918891752577
dump_262.csv,3-3,989,-4.473512214357937
dump_262.csv,3-4,1257,-4.328127792362769
dump_262.csv,3-5,1368,-4.46717735745614
dump_262.csv,4-4,440,-4.171802431818182
dump_262.csv,4-5,703,-4.3264924751066856
dump_262.csv,5-5,928,-4.46419364762931
dump_263.csv,1-1,103,-3.6322553883495146
dump_263.csv,1-2,240,-3.7212522291666668
dump_263.csv,1-3,292,-4.058521849315068
dump_263.csv,1-4,271,-3.898566162361624
dump_263.csv,1-5,291,-4.062906116838488
dump_263.csv,2-2,338,-3.8004878106508873
dump_263.csv,2-3,572,-4.127065262237762
dump_263.csv,2-4,540,-3.9703343240740745
dump_263.csv,2-5,568,-4.1328605897887325
dump_263.csv,3-3,923,-4.464206484290358
dump_263.csv,3-4,1181,-4.314242002540221
dump_263.csv,3-5,1277,-4.464311444792482
dump_263.csv,4-4,442,-4.158591900452489
dump_263.csv,4-5,717,-4.3193150836820084
dump_263.csv,5-5,765,-4.466309967320261
dump_264.csv,1-1,102,-3.6410037254901964
dump_264.csv,1-2,227,-3.73062486784141
dump_264.csv,1-3,274,-4.063492445255475
dump_264.csv,1-4,258,-3.9030249418604654
dump_264.csv,1-5,274,-4.066776989051094
dump_264.csv,2-2,330,-3.810537106060606
dump_264.csv,2-3,551,-4.132737386569873
dump_264.csv,2-4,502,-3.9760774601593623
dump_264.csv,2-5,554,-4.135749323104693
dump_264.csv,3-3,814,-4.470282807125307
dump_264.csv,3-4,1066,-4.319059333958724
dump_264.csv,3-5,1143,-4.464920454943132
dump_264.csv,4-4,438,-4.162499874429224
dump_264.csv,4-5,714,-4.322119180672269
dump_264.csv,5-5,920,-4.464874418478261
dump_265.csv,1-1,382,-3.583612670157068
dump_265.csv,1-2,486,-3.6684426646090538
dump_265.csv,1-3,604,-4.007432880794702
dump_265.csv,1-4,569,-3.838040439367311
dump_265.csv,1-5,634,-4.01011739747634
dump_265.csv,2-2,199,-3.758698140703518
dump_265.csv,2-3,401,-4.087332930174563
dump_265.csv,2-4,363,-3.9244594903581262
dump_265.csv,2-5,411,-4.089679768856448
dump_265.csv,3-3,653,-4.4236130474732
dump_265.csv,3-4,864,-4.268802280092593
dump_265.csv,3-5,950,-4.420734336842105
dump_265.csv,4-4,435,-4.101841701149425
dump_265.csv,4-5,692,-4.272631481213873
dump_265.csv,5-5,931,-4.425777593984963
dump_266.csv,1-1,104,-3.647269903846154
dump_266.csv,1-2,219,-3.716240684931507
dump_266.csv,1-3,301,-4.058217375415282
dump_266.csv,1-4,264,-3.9026969128787883
dump_266.csv,1-5,300,-4.059801116666667
dump_266.csv,2-2,193,-3.7942748963730573
dump_266.csv,2-3,394,-4.12114038071066
dump_266.csv,2-4,355,-3.968369605633803
dump_266.csv,2-5,390,-4.123166769230769
dump_266.csv,3-3,937,-4.462317753468517
dump_266.csv,3-4,1198,-4.313884378130217
dump_266.csv,3-5,1294,-4.4580050309119015
dump_266.csv,4-4,441,-4.156895487528344
dump_266.csv,4-5,705,-4.314456120567376
dump_266.csv,5-5,921,-4.456619994571119
dump_267.csv,1-1,111,-3.614422207207207
dump_267.csv,1-2,198,-3.709930126262626
dump_267.csv,1-3,284,-4.053011443661973
dump_267.csv,1-4,265,-3.8873403207547175
dump_267.csv,1-5,286,-4.0529357167832165
dump_267.csv,2-2,201,-3.796779452736318
dump_267.csv,2-3,427,-4.1253596604215454
dump_267.csv,2-4,383,-3.966740835509138
dump_267.csv,2-5,428,-4.126824684579439
dump_267.csv,3-3,915,-4.471650535519125
dump_267.csv,3-4,1160,-4.318534801724137
dump_267.csv,3-5,1252,-4.4648916493610225
dump_267.csv,4-4,504,-4.15586748015873
dump_267.csv,4-5,759,-4.319307417654809
dump_267.csv,5-5,884,-4.465450180995475
dump_268.csv,1-1,96,-3.63266734375
dump_268.csv,1-2,207,-3.7121208212560384
dump_268.csv,1-3,268,-4.0605995335820895
dump_268.csv,1-4,247,-3.9042299797570847
dump_268.csv,1-5,269,-4.061660315985129
dump_268.csv,2-2,171,-3.7900888011695906
dump_268.csv,2-3,381,-4.1204643832021
dump_268.csv,2-4,363,-3.965008829201102
dump_268.csv,2-5,379,-4.119586952506596
dump_268.csv,3-3,980,-4.467906418367346
dump_268.csv,3-4,1211,-4.320840206440957
dump_268.csv,3-5,1343,-4.461281813104989
dump_268.csv,4-4,454,-4.162798766519824
dump_268.csv,4-5,711,-4.320887812939522
dump_268.csv,5-5,906,-4.4588508885209714
dump_269.csv,1-1,400,-3.5890303125000003
dump_269.csv,1-2,458,-3.666227052401747
dump_269.csv,1-3,634,-4.0047948028391165
dump_269.csv,1-4,599,-3.8365913856427376
dump_269.csv,1-5,646,-4.010315139318886
dump_269.csv,2-2,168,-3.766492886904762
dump_269.csv,2-3,373,-4.085595080428954
dump_269.csv,2-4,363,-3.921411336088154
dump_269.csv,2-5,388,-4.0887743427835055
dump_269.csv,3-3,641,-4.421619945397816
dump_269.csv,3-4,872,-4.266551542431193
dump_269.csv,3-5,919,-4.421203128400435
dump_269.csv,4-4,543,-4.104586003683241
dump_269.csv,4-5,803,-4.275776674968866
dump_269.csv,5-5,873,-4.428836523482245
dump_270.csv,1-1,66,-3.673220833333333
dump_270.csv,1-2,232,-3.765159073275862
dump_270.csv,1-3,204,-4.097372058823529
dump_270.csv,1-4,224,-3.9214465178571425
dump_270.csv,1-5,232,-4.103094525862069
dump_270.csv,2-2,681,-3.8470710792951537
dump_270.csv,2-3,830,-4.17122984939759
dump_270.csv,2-4,953,-3.998291909758657
dump_270.csv,2-5,971,-4.177987409886715
dump_270.csv,3-3,333,-4.502626186186187
dump_270.csv,3-4,555,-4.336527423423424
dump_270.csv,3-5,564,-4.500571391843971
dump_270.csv,4-4,730,-4.161522732876713
dump_270.csv,4-5,1015,-4.340447354679803
dump_270.csv,5-5,853,-4.5042890973036345
dump_271.csv,1-1,442,-3.5659643891402713
dump_271.csv,1-2,522,-3.649770890804598
dump_271.csv,1-3,711,-3.9854165822784813
dump_271.csv,1-4,661,-3.8205962027231473
dump_271.csv,1-5,677,-3.9931704135893646
dump_271.csv,2-2,194,-3.7531422938144328
dump_271.csv,2-3,419,-4.072510525059666
dump_271.csv,2-4,380,-3.915713842105263
dump_271.csv,2-5,399,-4.08051269423559
dump_271.csv,3-3,948,-4.4055269409282705
dump_271.csv,3-4,1200,-4.2519946875
dump_271.csv,3-5,1237,-4.406147299919159
dump_271.csv,4-4,441,-4.09416746031746
dump_271.csv,4-5,659,-4.262078254931715
dump_271.csv,5-5,549,-4.4133277868852465
dump_272.csv,1-1,117,-3.633920299145299
dump_272.csv,1-2,213,-3.716287629107981
dump_272.csv,1-3,291,-4.059558092783504
dump_272.csv,1-4,282,-3.891969893617021
dump_272.csv,1-5,295,-4.058818830508474
dump_272.csv,2-2,205,-3.799381756097561
dump_272.csv,2-3,409,-4.133932787286064
dump_272.csv,2-4,400,-3.9714408125
dump_272.csv,2-5,406,-4.130633633004926
dump_272.csv,3-3,785,-4.478823248407643
dump_272.csv,3-4,1081,-4.323168612395929
dump_272.csv,3-5,1115,-4.470856488789237
dump_272.csv,4-4,600,-4.161040175
dump_272.csv,4-5,878,-4.322955671981777
dump_272.csv,5-5,915,-4.4684878469945355
dump_273.csv,1-1,133,-3.635884398496241
dump_273.csv,1-2,241,-3.7170412033195017
dump_273.csv,1-3,323,-4.0550967801857585
dump_273.csv,1-4,302,-3.8884266390728475
dump_273.csv,1-5,327,-4.055760764525994
dump_273.csv,2-2,189,-3.792360343915344
dump_273.csv,2-3,411,-4.119419513381995
dump_273.csv,2-4,383,-3.96128955613577
dump_273.csv,2-5,409,-4.119277885085574
dump_273.csv,3-3,917,-4.462653189749182
dump_273.csv,3-4,1168,-4.311315616438356
dump_273.csv,3-5,1257,-4.455549948289579
dump_273.csv,4-4,477,-4.154093857442348
dump_273.csv,4-5,723,-4.310907863070539
dump_273.csv,5-5,897,-4.456307118171683
dump_274.csv,1-1,107,-3.6419747663551405
dump_274.csv,1-2,225,-3.7130921333333333
dump_274.csv,1-3,301,-4.057622259136212
dump_274.csv,1-4,275,-3.8983206
dump_274.csv,1-5,300,-4.060025783333333
dump_274.csv,2-2,177,-3.7947691525423726
dump_274.csv,2-3,399,-4.117125175438597
dump_274.csv,2-4,374,-3.9616469652406416
dump_274.csv,2-5,397,-4.120498929471032
dump_274.csv,3-3,934,-4.46199607601713
dump_274.csv,3-4,1190,-4.31187
dump_274.csv,3-5,1289,-4.459484282389449
dump_274.csv,4-4,465,-4.156017817204301
dump_274.csv,4-5,716,-4.317098889664805
dump_274.csv,5-5,913,-4.458845460021906
dump_275.csv,1-1,56,-3.6590857142857147
dump_275.csv,1-2,144,-3.7286210763888885
dump_275.csv,1-3,203,-4.071984408866995
dump_275.csv,1-4,189,-3.9125121957671953
dump_275.csv,1-5,200,-4.071835625
dump_275.csv,2-2,225,-3.798916911111111
dump_275.csv,2-3,454,-4.131620572687225
dump_275.csv,2-4,424,-3.9781789740566036
dump_275.csv,2-5,451,-4.131435277161862
dump_275.csv,3-3,995,-4.476434522613065
dump_275.csv,3-4,1290,-4.330342034883722
dump_275.csv,3-5,1375,-4.471285403636363
dump_275.csv,4-4,462,-4.173295476190476
dump_275.csv,4-5,711,-4.330024992967651
dump_275.csv,5-5,873,-4.46667195303551
dump_276.csv,1-1,80,-3.629632625
dump_276.csv,1-2,185,-3.717566486486487
dump_276.csv,1-3,250,-4.06134046
dump_276.csv,1-4,236,-3.900452754237288
dump_276.csv,1-5,252,-4.063274067460317
dump_276.csv,2-2,204,-3.7941841666666662
dump_276.csv,2-3,414,-4.122600809178744
dump_276.csv,2-4,378,-3.966345132275132
dump_276.csv,2-5,420,-4.123984452380952
dump_276.csv,3-3,952,-4.470286580882353
dump_276.csv,3-4,1196,-4.32417843645485
dump_276.csv,3-5,1319,-4.46409579984837
dump_276.csv,4-4,452,-4.164968340707964
dump_276.csv,4-5,707,-4.322055183875531
dump_276.csv,5-5,925,-4.464074729729729
dump_277.csv,1-1,205,-3.6136813902439022
dump_277.csv,1-2,336,-3.6877464136904763
dump_277.csv,1-3,418,-4.033363265550239
dump_277.csv,1-4,377,-3.867250477453581
dump_277.csv,1-5,410,-4.0369313658536585
dump_277.csv,2-2,242,-3.7777094628099173
dump_277.csv,2-3,468,-4.1065583226495725
dump_277.csv,2-4,424,-3.952923997641509
dump_277.csv,2-5,450,-4.110321233333334
dump_277.csv,3-3,989,-4.446018963599595
dump_277.csv,3-4,1247,-4.2977699478749
dump_277.csv,3-5,1343,-4.443435629188384
dump_277.csv,4-4,437,-4.145392963386728
dump_277.csv,4-5,686,-4.303228913994169
dump_277.csv,5-5,707,-4.446787814710042
dump_278.csv,1-1,614,-3.533346441368078
dump_278.csv,1-2,650,-3.6252233
dump_278.csv,1-3,876,-3.9568621461187217
dump_278.csv,1-4,818,-3.7854512530562343
dump_278.csv,1-5,855,-3.966954239766082
dump_278.csv,2-2,213,-3.7422963615023472
dump_278.csv,2-3,425,-4.0550978
dump_278.csv,2-4,405,-3.892763456790123
dump_278.csv,2-5,417,-4.068062002398082
dump_278.csv,3-3,721,-4.388525665742025
dump_278.csv,3-4,963,-4.226564646936656
dump_278.csv,3-5,986,-4.388473007099392
dump_278.csv,4-4,484,-4.061986198347108
dump_278.csv,4-5,711,-4.236239739803095
dump_278.csv,5-5,597,-4.396147420435511
dump_279.csv,1-1,129,-3.636732868217054
dump_279.csv,1-2,236,-3.708284152542373
dump_279.csv,1-3,333,-4.05472963963964
dump_279.csv,1-4,305,-3.892011491803279
dump_279.csv,1-5,332,-4.0561915060240965
dump_279.csv,2-2,191,-3.7882927225130887
dump_279.csv,2-3,411,-4.116614197080292
dump_279.csv,2-4,376,-3.9616996941489364
dump_279.csv,2-5,411,-4.117290437956204
dump_279.csv,3-3,922,-4.458131187635575
dump_279.csv,3-4,1172,-4.309756416382252
dump_279.csv,3-5,1286,-4.454865163297045
dump_279.csv,4-4,452,-4.1494372234513275
dump_279.csv,4-5,712,-4.31096757022472
dump_279.csv,5-5,879,-4.456544658703072
dump_280.csv,1-1,435,-3.5844882068965513
dump_280.csv,1-2,590,-3.661434788135593
dump_280.csv,1-3,679,-3.9951384241531662
dump_280.csv,1-4,596,-3.8325105704697986
dump_280.csv,1-5,688,-4.005920712209302
dump_280.csv,2-2,321,-3.761179875389408
dump_280.csv,2-3,544,-4.077694319852942
dump_280.csv,2-4,474,-3.914908776371308
dump_280.csv,2-5,552,-4.088795751811594
dump_280.csv,3-3,664,-4.3997525225903615
dump_280.csv,3-4,835,-4.249718065868263
dump_280.csv,3-5,960,-4.4043484375
dump_280.csv,4-4,360,-4.08060975
dump_280.csv,4-5,585,-4.258093350427351
dump_280.csv,5-5,841,-4.418713014268728
dump_281.csv,1-1,166,-3.62630671686747
dump_281.csv,1-2,261,-3.7039906704980843
dump_281.csv,1-3,358,-4.044730474860335
dump_281.csv,1-4,331,-3.8829804078549848
dump_281.csv,1-5,353,-4.050179135977337
dump_281.csv,2-2,232,-3.7889523275862067
dump_281.csv,2-3,425,-4.117514823529412
dump_281.csv,2-4,397,-3.9606425566750634
dump_281.csv,2-5,426,-4.119035176056338
dump_281.csv,3-3,923,-4.457720465872156
dump_281.csv,3-4,1223,-4.310284292722812
dump_281.csv,3-5,1282,-4.45563496099844
dump_281.csv,4-4,498,-4.151031054216867
dump_281.csv,4-5,765,-4.312889660130719
dump_281.csv,5-5,788,-4.456459016497462
dump_282.csv,1-1,115,-3.6537185652173916
dump_282.csv,1-2,284,-3.7323556514084504
dump_282.csv,1-3,289,-4.07196839100346
dump_282.csv,1-4,276,-3.899775489130435
dump_282.csv,1-5,301,-4.072750398671096
dump_282.csv,2-2,554,-3.8209612364620935
dump_282.csv,2-3,790,-4.143613063291139
dump_282.csv,2-4,758,-3.978138430079156
dump_282.csv,2-5,812,-4.147624735221675
dump_282.csv,3-3,625,-4.470263256
dump_282.csv,3-4,830,-4.316212873493976
dump_282.csv,3-5,912,-4.4690236074561405
dump_282.csv,4-4,465,-4.145755150537634
dump_282.csv,4-5,714,-4.319475644257703
dump_282.csv,5-5,869,-4.475296985040276
dump_283.csv,1-1,65,-3.643584230769231
dump_283.csv,1-2,130,-3.719063730769231
dump_283.csv,1-3,202,-4.061832128712871
dump_283.csv,1-4,190,-3.90813902631579
dump_283.csv,1-5,202,-4.063093762376238
dump_283.csv,2-2,169,-3.799847633136095
dump_283.csv,2-3,367,-4.130871784741144
dump_283.csv,2-4,338,-3.9738251035502956
dump_283.csv,2-5,367,-4.130421566757493
dump_283.csv,3-3,998,-4.4745889879759515
dump_283.csv,3-4,1246,-4.329914065008026
dump_283.csv,3-5,1377,-4.469773137254902
dump_283.csv,4-4,478,-4.1756021129707115
dump_283.csv,4-5,734,-4.331725013623978
dump_283.csv,5-5,914,-4.467977598468272
dump_284.csv,1-1,155,-3.6329894516129033
dump_284.csv,1-2,277,-3.713657129963899
dump_284.csv,1-3,369,-4.055545230352304
dump_284.csv,1-4,360,-3.888283027777778
dump_284.csv,1-5,371,-4.055794433962264
dump_284.csv,2-2,193,-3.7980119430051813
dump_284.csv,2-3,396,-4.123173472222223
dump_284.csv,2-4,368,-3.9607671875
dump_284.csv,2-5,403,-4.1217117617866
dump_284.csv,3-3,789,-4.460944581749049
dump_284.csv,3-4,1051,-4.305558215984776
dump_284.csv,3-5,1108,-4.45700280234657
dump_284.csv,4-4,546,-4.147072417582417
dump_284.csv,4-5,809,-4.309962954264524
dump_284.csv,5-5,924,-4.458316617965368
dump_285.csv,1-1,110,-3.6384206363636364
dump_285.csv,1-2,200,-3.715539825
dump_285.csv,1-3,283,-4.059427014134275
dump_285.csv,1-4,261,-3.8955134674329503
dump_285.csv,1-5,281,-4.05927987544484
dump_285.csv,2-2,204,-3.798749044117647
dump_285.csv,2-3,419,-4.128291026252984
dump_285.csv,2-4,386,-3.9708972150259068
dump_285.csv,2-5,417,-4.12753293764988
dump_285.csv,3-3,879,-4.471816114903299
dump_285.csv,3-4,1155,-4.323028922077921
dump_285.csv,3-5,1227,-4.464626442542787
dump_285.csv,4-4,513,-4.1584309551656915
dump_285.csv,4-5,775,-4.3196752
dump_285.csv,5-5,916,-4.462649017467249
dump_286.csv,1-1,87,-3.6542325862068963
dump_286.csv,1-2,228,-3.729437061403509
dump_286.csv,1-3,268,-4.068909104477612
dump_286.csv,1-4,249,-3.905833574297189
dump_286.csv,1-5,265,-4.073723641509434
dump_286.csv,2-2,348,-3.8118340373563218
dump_286.csv,2-3,589,-4.135266544991511
dump_286.csv,2-4,528,-3.9727673958333334
dump_286.csv,2-5,592,-4.136199831081081
dump_286.csv,3-3,804,-4.470904701492537
dump_286.csv,3-4,1028,-4.318455564202335
dump_286.csv,3-5,1114,-4.468016822262118
dump_286.csv,4-4,445,-4.154529078651685
dump_286.csv,4-5,707,-4.32069860678925
dump_286.csv,5-5,915,-4.469594923497268
dump_287.csv,1-1,79,-3.651819620253164
dump_287.csv,1-2,189,-3.7212751851851853
dump_287.csv,1-3,251,-4.066809780876494
dump_287.csv,1-4,224,-3.905444955357143
dump_287.csv,1-5,250,-4.06602974
dump_287.csv,2-2,199,-3.7936370100502512
dump_287.csv,2-3,413,-4.124940992736077
dump_287.csv,2-4,392,-3.972202334183674
dump_287.csv,2-5,421,-4.125355534441805
dump_287.csv,3-3,946,-4.468952679704017
dump_287.csv,3-4,1200,-4.32317385
dump_287.csv,3-5,1300,-4.465027638461539
dump_287.csv,4-4,452,-4.167166128318584
dump_287.csv,4-5,711,-4.324086533052039
dump_287.csv,5-5,920,-4.462933092391304
dump_288.csv,1-1,326,-3.594835720858896
dump_288.csv,1-2,329,-3.6780050911854105
dump_288.csv,1-3,565,-4.017923876106195
dump_288.csv,1-4,542,-3.848035332103321
dump_288.csv,1-5,572,-4.019252019230769
dump_288.csv,2-2,109,-3.7668115596330276
dump_288.csv,2-3,283,-4.095402915194347
dump_288.csv,2-4,270,-3.9362419629629626
dump_288.csv,2-5,283,-4.096660865724382
dump_288.csv,3-3,789,-4.437694923954373
dump_288.csv,3-4,1064,-4.279581682330827
dump_288.csv,3-5,1092,-4.430467161172161
dump_288.csv,4-4,583,-4.115379493996569
dump_288.csv,4-5,836,-4.282043116028708
dump_288.csv,5-5,826,-4.430373020581114
dump_289.csv,1-1,76,-3.646150592105263
dump_289.csv,1-2,169,-3.719241715976331
dump_289.csv,1-3,252,-4.065880416666667
dump_289.csv,1-4,228,-3.904595109649123
dump_289.csv,1-5,251,-4.064989561752988
dump_289.csv,2-2,183,-3.7968383879781418
dump_289.csv,2-3,387,-4.127026498708011
dump_289.csv,2-4,356,-3.9728815168539326
dump_289.csv,2-5,384,-4.1259136328125
dump_289.csv,3-3,980,-4.46848656632653
dump_289.csv,3-4,1233,-4.322163158961882
dump_289.csv,3-5,1357,-4.462659380987472
dump_289.csv,4-4,455,-4.163325241758242
dump_289.csv,4-5,710,-4.321112161971831
dump_289.csv,5-5,913,-4.46116
dump_290.csv,1-1,227,-3.62602422907489
dump_290.csv,1-2,369,-3.7054583604336044
dump_290.csv,1-3,448,-4.042810959821429
dump_290.csv,1-4,421,-3.871003942992874
dump_290.csv,1-5,458,-4.047021058951965
dump_290.csv,2-2,325,-3.7896515692307697
dump_290.csv,2-3,541,-4.114978789279113
dump_290.csv,2-4,511,-3.9515793052837576
dump_290.csv,2-5,554,-4.1179519314079425
dump_290.csv,3-3,662,-4.445465445619336
dump_290.csv,3-4,871,-4.293401222732491
dump_290.csv,3-5,955,-4.444411513089005
dump_290.csv,4-4,456,-4.127516414473684
dump_290.csv,4-5,714,-4.29483637254902
dump_290.csv,5-5,937,-4.447571632870864
dump_291.csv,1-1,58,-3.6385154310344827
dump_291.csv,1-2,134,-3.720479962686567
dump_291.csv,1-3,195,-4.066415153846154
dump_291.csv,1-4,183,-3.911080081967213
dump_291.csv,1-5,199,-4.066958668341709
dump_291.csv,2-2,161,-3.7913031366459626
dump_291.csv,2-3,376,-4.128983577127659
dump_291.csv,2-4,346,-3.9768421965317917
dump_291.csv,2-5,372,-4.1276850000000005
dump_291.csv,3-3,1011,-4.47699084569733
dump_291.csv,3-4,1287,-4.330517801087801
dump_291.csv,3-5,1391,-4.471206689432064
dump_291.csv,4-4,462,-4.171624826839827
dump_291.csv,4-5,717,-4.32840230125523
dump_291.csv,5-5,946,-4.4668977589852
dump_292.csv,1-1,69,-3.6579618115942028
dump_292.csv,1-2,216,-3.7374960416666663
dump_292.csv,1-3,237,-4.0810100632911395
dump_292.csv,1-4,230,-3.9104303260869564
dump_292.csv,1-5,237,-4.081772848101266
dump_292.csv,2-2,420,-3.815386642857143
dump_292.csv,2-3,648,-4.147920555555555
dump_292.csv,2-4,644,-3.9835277096273294
dump_292.csv,2-5,661,-4.149303214826022
dump_292.csv,3-3,722,-4.488892811634349
dump_292.csv,3-4,997,-4.332609262788365
dump_292.csv,3-5,1021,-4.483462375122429
dump_292.csv,4-4,597,-4.166816834170854
dump_292.csv,4-5,873,-4.33397235395189
dump_292.csv,5-5,827,-4.4847365175332525
dump_293.csv,1-1,265,-3.627158924528302
dump_293.csv,1-2,483,-3.714578281573499
dump_293.csv,1-3,433,-4.044316512702078
dump_293.csv,1-4,475,-3.8685022210526316
dump_293.csv,1-5,499,-4.05564503006012
dump_293.csv,2-2,584,-3.8138298972602738
dump_293.csv,2-3,752,-4.128674215425532
dump_293.csv,2-4,820,-3.95680618902439
dump_293.csv,2-5,869,-4.134629551208286
dump_293.csv,3-3,349,-4.4526966618911175
dump_293.csv,3-4,564,-4.287716223404255
dump_293.csv,3-5,587,-4.454307827938671
dump_293.csv,4-4,569,-4.116570456942004
dump_293.csv,4-5,831,-4.2940405956678696
dump_293.csv,5-5,830,-4.460846668674699
dump_294.csv,1-1,91,-3.638724725274725
dump_294.csv,1-2,211,-3.7125481516587677
dump_294.csv,1-3,281,-4.0605024199288255
dump_294.csv,1-4,259,-3.8991763706563707
dump_294.csv,1-5,283,-4.063870530035336
dump_294.csv,2-2,158,-3.780858670886076
dump_294.csv,2-3,375,-4.11766552
dump_294.csv,2-4,349,-3.9600369484240687
dump_294.csv,2-5,375,-4.11948608
dump_294.csv,3-3,947,-4.466891061246041
dump_294.csv,3-4,1184,-4.316872166385135
dump_294.csv,3-5,1290,-4.462077775193798
dump_294.csv,4-4,445,-4.157592393258427
dump_294.csv,4-5,711,-4.315716082981716
dump_294.csv,5-5,920,-4.459067266304348
dump_295.csv,1-1,379,-3.5992226253298156
dump_295.csv,1-2,613,-3.688899371941272
dump_295.csv,1-3,564,-4.016034618794326
dump_295.csv,1-4,578,-3.8340721799307955
dump_295.csv,1-5,578,-4.0292540484429065
dump_295.csv,2-2,738,-3.794726226287263
dump_295.csv,2-3,975,-4.109367158974359
dump_295.csv,2-4,949,-3.934455516332982
dump_295.csv,2-5,969,-4.121759484004127
dump_295.csv,3-3,530,-4.426463820754718
dump_295.csv,3-4,728,-4.263015899725275
dump_295.csv,3-5,740,-4.4315169864864865
dump_295.csv,4-4,459,-4.086347037037037
dump_295.csv,4-5,677,-4.271586056129985
dump_295.csv,5-5,509,-4.441478280943025
dump_296.csv,1-1,77,-3.6490166233766237
dump_296.csv,1-2,181,-3.7213584254143646
dump_296.csv,1-3,227,-4.067726035242291
dump_296.csv,1-4,211,-3.9046506161137438
dump_296.csv,1-5,227,-4.071881211453745
dump_296.csv,2-2,222,-3.8019491216216212
dump_296.csv,2-3,445,-4.128673696629213
dump_296.csv,2-4,411,-3.973734708029197
dump_296.csv,2-5,442,-4.128444038461539
dump_296.csv,3-3,926,-4.4725921004319655
dump_296.csv,3-4,1184,-4.323486938344595
dump_296.csv,3-5,1290,-4.469141360465116
dump_296.csv,4-4,460,-4.167589391304348
dump_296.csv,4-5,712,-4.3257965168539325
dump_296.csv,5-5,936,-4.4675708066239315
dump_297.csv,1-1,217,-3.6240330875576037
dump_297.csv,1-2,368,-3.710166875
dump_297.csv,1-3,410,-4.051091853658536
dump_297.csv,1-4,421,-3.8746380166270784
dump_297.csv,1-5,434,-4.050817741935484
dump_297.csv,2-2,305,-3.8006164098360653
dump_297.csv,2-3,510,-4.127808941176471
dump_297.csv,2-4,520,-3.9554079326923075
dump_297.csv,2-5,544,-4.1288080698529415
dump_297.csv,3-3,550,-4.465426481818183
dump_297.csv,3-4,786,-4.303203167938931
dump_297.csv,3-5,825,-4.461638290909091
dump_297.csv,4-4,598,-4.128732491638797
dump_297.csv,4-5,883,-4.302829003397508
dump_297.csv,5-5,941,-4.460550175345377
dump_298.csv,1-1,56,-3.6495844642857143
dump_298.csv,1-2,142,-3.722580809859155
dump_298.csv,1-3,197,-4.067024060913706
dump_298.csv,1-4,180,-3.9145474166666663
dump_298.csv,1-5,198,-4.0693143434343435
dump_298.csv,2-2,164,-3.7968402439024387
dump_298.csv,2-3,373,-4.126531581769437
dump_298.csv,2-4,347,-3.9731076801152736
dump_298.csv,2-5,371,-4.126582911051213
dump_298.csv,3-3,1006,-4.475662470178927
dump_298.csv,3-4,1251,-4.330153293365308
dump_298.csv,3-5,1388,-4.46896837536023
dump_298.csv,4-4,462,-4.176753852813853
dump_298.csv,4-5,714,-4.331026029411765
dump_298.csv,5-5,940,-4.467200675531915
dump_299.csv,1-1,489,-3.566613343558282
dump_299.csv,1-2,584,-3.6469998373287673
dump_299.csv,1-3,726,-3.986236308539945
dump_299.csv,1-4,693,-3.8123031385281383
dump_299.csv,1-5,736,-3.993350835597826
dump_299.csv,2-2,193,-3.7434365284974094
dump_299.csv,2-3,404,-4.069814764851485
dump_299.csv,2-4,376,-3.901249534574468
dump_299.csv,2-5,409,-4.07746619804401
dump_299.csv,3-3,664,-4.405764246987951
dump_299.csv,3-4,874,-4.247332465675058
dump_299.csv,3-5,939,-4.405976565495207
dump_299.csv,4-4,448,-4.078923805803571
dump_299.csv,4-5,700,-4.2505246
dump_299.csv,5-5,828,-4.415167445652174
dump_300.csv,1-1,76,-3.65252677631579
dump_300.csv,1-2,178,-3.7240146348314607
dump_300.csv,1-3,257,-4.067764883268483
dump_300.csv,1-4,235,-3.9039651914893616
dump_300.csv,1-5,258,-4.0666942441860465
dump_300.csv,2-2,209,-3.7965864832535887
dump_300.csv,2-3,425,-4.125919517647059
dump_300.csv,2-4,392,-3.970050905612245
dump_300.csv,2-5,429,-4.12661423076923
dump_300.csv,3-3,935,-4.4694633475935825
dump_300.csv,3-4,1189,-4.319698317914214
dump_300.csv,3-5,1289,-4.4634208611326605
dump_300.csv,4-4,434,-4.159821405529954
dump_300.csv,4-5,704,-4.320662123579545
dump_300.csv,5-5,936,-4.461794663461538
dump_301.csv,1-1,53,-3.639831509433962
dump_301.csv,1-2,143,-3.727333531468531
dump_301.csv,1-3,200,-4.070767475
dump_301.csv,1-4,185,-3.909387513513513
dump_301.csv,1-5,199,-4.071499422110553
dump_301.csv,2-2,174,-3.7951710919540234
dump_301.csv,2-3,376,-4.127589920212766
dump_301.csv,2-4,351,-3.9754216096866095
dump_301.csv,2-5,379,-4.128475514511873
dump_301.csv,3-3,1003,-4.477704027916251
dump_301.csv,3-4,1278,-4.331826787949922
dump_301.csv,3-5,1380,-4.471098858695652
dump_301.csv,4-4,458,-4.173585131004367
dump_301.csv,4-5,715,-4.32895879020979
dump_301.csv,5-5,931,-4.467594382384532
dump_302.csv,1-1,49,-3.6327117346938773
dump_302.csv,1-2,129,-3.725976046511628
dump_302.csv,1-3,200,-4.07073035
dump_302.csv,1-4,185,-3.915483945945946
dump_302.csv,1-5,200,-4.069911149999999
dump_302.csv,2-2,177,-3.792334435028249
dump_302.csv,2-3,367,-4.127787125340599
dump_302.csv,2-4,331,-3.974304924471299
dump_302.csv,2-5,362,-4.127587748618784
dump_302.csv,3-3,1014,-4.4746288954635105
dump_302.csv,3-4,1273,-4.329359320502749
dump_302.csv,3-5,1391,-4.470117631200575
dump_302.csv,4-4,473,-4.173744545454546
dump_302.csv,4-5,718,-4.329021873259053
dump_302.csv,5-5,939,-4.466383056443024
dump_303.csv,1-1,483,-3.5587312836438922
dump_303.csv,1-2,632,-3.6508018829113924
dump_303.csv,1-3,733,-3.98265534106412
dump_303.csv,1-4,680,-3.812989647058824
dump_303.csv,1-5,714,-3.9913023389355744
dump_303.csv,2-2,311,-3.762936125401929
dump_303.csv,2-3,547,-4.079091882998172
dump_303.csv,2-4,521,-3.9160690499040305
dump_303.csv,2-5,526,-4.08805927756654
dump_303.csv,3-3,739,-4.4027367997293645
dump_303.csv,3-4,946,-4.2478092970401695
dump_303.csv,3-5,994,-4.405427580482898
dump_303.csv,4-4,460,-4.084060478260869
dump_303.csv,4-5,702,-4.2600058404558405
dump_303.csv,5-5,616,-4.416348790584416
dump_304.csv,1-1,108,-3.643733611111111
dump_304.csv,1-2,249,-3.725455923694779
dump_304.csv,1-3,286,-4.06523187062937
dump_304.csv,1-4,264,-3.9022201893939394
dump_304.csv,1-5,289,-4.067230449826989
dump_304.csv,2-2,303,-3.8025106435643563
dump_304.csv,2-3,542,-4.130474566420665
dump_304.csv,2-4,500,-3.97073285
dump_304.csv,2-5,548,-4.13182670620438
dump_304.csv,3-3,793,-4.466888915510719
dump_304.csv,3-4,1019,-4.3164900392541705
dump_304.csv,3-5,1117,-4.465535523724261
dump_304.csv,4-4,463,-4.157070950323974
dump_304.csv,4-5,713,-4.32006920056101
dump_304.csv,5-5,940,-4.465662308510638
dump_305.csv,1-1,226,-3.5991122345132744
dump_305.csv,1-2,334,-3.6862965419161675
dump_305.csv,1-3,448,-4.023267310267857
dump_305.csv,1-4,405,-3.863119888888889
dump_305.csv,1-5,438,-4.031234714611872
dump_305.csv,2-2,190,-3.7771753421052634
dump_305.csv,2-3,406,-4.100106243842364
dump_305.csv,2-4,364,-3.9489986263736263
dump_305.csv,2-5,401,-4.105955847880299
dump_305.csv,3-3,925,-4.440848756756757
dump_305.csv,3-4,1153,-4.291088577623591
dump_305.csv,3-5,1276,-4.439519984326019
dump_305.csv,4-4,451,-4.135164600886918
dump_305.csv,4-5,697,-4.300497431850789
dump_305.csv,5-5,796,-4.4434040452261305
dump_306.csv,1-1,214,-3.611555490654206
dump_306.csv,1-2,373,-3.6987122654155495
dump_306.csv,1-3,430,-4.034711965116279
dump_306.csv,1-4,395,-3.871555329113924
dump_306.csv,1-5,433,-4.04013019630485
dump_306.csv,2-2,336,-3.7899099702380954
dump_306.csv,2-3,566,-4.114460097173145
dump_306.csv,2-4,528,-3.956303191287879
dump_306.csv,2-5,571,-4.120786558669002
dump_306.csv,3-3,788,-4.447241091370558
dump_306.csv,3-4,1012,-4.2956304150197635
dump_306.csv,3-5,1106,-4.4448039014466545
dump_306.csv,4-4,455,-4.134030263736264
dump_306.csv,4-5,699,-4.300690543633762
dump_306.csv,5-5,817,-4.448802405140759
dump_307.csv,1-1,111,-3.6421924774774777
dump_307.csv,1-2,257,-3.7197856031128405
dump_307.csv,1-3,295,-4.057465118644068
dump_307.csv,1-4,267,-3.89431904494382
dump_307.csv,1-5,294,-4.063128673469388
dump_307.csv,2-2,362,-3.7989085220994476
dump_307.csv,2-3,605,-4.128268892561984
dump_307.csv,2-4,549,-3.967972149362477
dump_307.csv,2-5,598,-4.131148152173913
dump_307.csv,3-3,854,-4.465140702576113
dump_307.csv,3-4,1086,-4.31520861878453
dump_307.csv,3-5,1202,-4.463911805324459
dump_307.csv,4-4,467,-4.1550269164882225
dump_307.csv,4-5,706,-4.320957032577904
dump_307.csv,5-5,814,-4.467218556511057
dump_308.csv,1-1,92,-3.6210726086956524
dump_308.csv,1-2,191,-3.7161128795811518
dump_308.csv,1-3,257,-4.061408365758755
dump_308.csv,1-4,235,-3.899181829787234
dump_308.csv,1-5,257,-4.064117159533074
dump_308.csv,2-2,200,-3.7960524249999996
dump_308.csv,2-3,440,-4.124561897727273
dump_308.csv,2-4,405,-3.970958444444445
dump_308.csv,2-5,441,-4.126961757369615
dump_308.csv,3-3,952,-4.4684348897058825
dump_308.csv,3-4,1232,-4.321103441558441
dump_308.csv,3-5,1324,-4.465076423716012
dump_308.csv,4-4,449,-4.164184398663697
dump_308.csv,4-5,703,-4.323328762446657
dump_308.csv,5-5,897,-4.465420072463768
dump_309.csv,1-1,86,-3.6222451744186044
dump_309.csv,1-2,165,-3.711159151515152
dump_309.csv,1-3,250,-4.0562974
dump_309.csv,1-4,230,-3.899308913043478
dump_309.csv,1-5,249,-4.058159618473896
dump_309.csv,2-2,170,-3.793879588235294
dump_309.csv,2-3,385,-4.122613207792208
dump_309.csv,2-4,343,-3.96803638483965
dump_309.csv,2-5,381,-4.1252537139107615
dump_309.csv,3-3,1001,-4.466401418581419
dump_309.csv,3-4,1253,-4.319311524341581
dump_309.csv,3-5,1375,-4.461638010909091
dump_309.csv,4-4,451,-4.1620966518847
dump_309.csv,4-5,691,-4.319613921852388
dump_309.csv,5-5,913,-4.463125421686747
dump_310.csv,1-1,562,-3.559405222419929
dump_310.csv,1-2,809,-3.6458663040791097
dump_310.csv,1-3,810,-3.9678362160493825
dump_310.csv,1-4,727,-3.7998843535075655
dump_310.csv,1-5,468,-3.9941167735042735
dump_310.csv,2-2,756,-3.7556264087301585
dump_310.csv,2-3,1054,-4.067918282732448
dump_310.csv,2-4,923,-3.9015408125677142
dump_310.csv,2-5,632,-4.089993900316456
dump_310.csv,3-3,850,-4.383340311764706
dump_310.csv,3-4,1038,-4.228587731213873
dump_310.csv,3-5,687,-4.3922154002911205
dump_310.csv,4-4,374,-4.061187459893048
dump_310.csv,4-5,361,-4.244947825484765
dump_310.csv,5-5,102,-4.406682352941177
dump_311.csv,1-1,272,-3.6196142279411765
dump_311.csv,1-2,449,-3.6990052561247215
dump_311.csv,1-3,462,-4.042327045454545
dump_311.csv,1-4,501,-3.8633068163672655
dump_311.csv,1-5,506,-4.045105563241107
dump_311.csv,2-2,374,-3.798135360962567
dump_311.csv,2-3,562,-4.124379928825623
dump_311.csv,2-4,612,-3.9513982761437907
dump_311.csv,2-5,623,-4.126791404494383
dump_311.csv,3-3,435,-4.455959034482759
dump_311.csv,3-4,690,-4.293256014492753
dump_311.csv,3-5,701,-4.453828109843082
dump_311.csv,4-4,677,-4.1220959453471195
dump_311.csv,4-5,951,-4.2998540746582545
dump_311.csv,5-5,836,-4.457988211722488
dump_312.csv,1-1,129,-3.642459108527132
dump_312.csv,1-2,284,-3.726297218309859
dump_312.csv,1-3,306,-4.059808790849673
dump_312.csv,1-4,293,-3.895959795221843
dump_312.csv,1-5,313,-4.068170638977636
dump_312.csv,2-2,462,-3.813707229437229
dump_312.csv,2-3,699,-4.137092782546495
dump_312.csv,2-4,663,-3.972928914027149
dump_312.csv,2-5,716,-4.142070279329609
dump_312.csv,3-3,674,-4.469122396142433
dump_312.csv,3-4,877,-4.314526641961232
dump_312.csv,3-5,959,-4.466962768508863
dump_312.csv,4-4,459,-4.145236557734204
dump_312.csv,4-5,716,-4.316249727653631
dump_312.csv,5-5,916,-4.4698444868995635
dump_313.csv,1-1,286,-3.602939283216783
dump_313.csv,1-2,373,-3.677290469168901
dump_313.csv,1-3,513,-4.020157222222222
dump_313.csv,1-4,462,-3.8573555086580082
dump_313.csv,1-5,500,-4.02214676
dump_313.csv,2-2,193,-3.771481269430052
dump_313.csv,2-3,403,-4.09439746898263
dump_313.csv,2-4,357,-3.936164047619048
dump_313.csv,2-5,398,-4.097846256281407
dump_313.csv,3-3,945,-4.432147312169312
dump_313.csv,3-4,1193,-4.2839584450963955
dump_313.csv,3-5,1263,-4.431662161520189
dump_313.csv,4-4,448,-4.129503705357143
dump_313.csv,4-5,705,-4.292006432624114
dump_313.csv,5-5,721,-4.436786116504854
dump_314.csv,1-1,227,-3.6091387885462556
dump_314.csv,1-2,309,-3.697299466019418
dump_314.csv,1-3,443,-4.031950485327314
dump_314.csv,1-4,402,-3.868483706467662
dump_314.csv,1-5,451,-4.039058702882484
dump_314.csv,2-2,183,-3.787940601092896
dump_314.csv,2-3,376,-4.108759414893617
dump_314.csv,2-4,346,-3.9487165751445086
dump_314.csv,2-5,384,-4.111756744791667
dump_314.csv,3-3,848,-4.443058985849056
dump_314.csv,3-4,1060,-4.290480320754717
dump_314.csv,3-5,1170,-4.441410508547008
dump_314.csv,4-4,456,-4.132641041666666
dump_314.csv,4-5,718,-4.294589603064067
dump_314.csv,5-5,904,-4.44193299778761
dump_315.csv,1-1,176,-3.618548125
dump_315.csv,1-2,275,-3.6917957636363634
dump_315.csv,1-3,368,-4.037449456521739
dump_315.csv,1-4,339,-3.878758687315634
dump_315.csv,1-5,360,-4.041411486111111
dump_315.csv,2-2,164,-3.7795914024390243
dump_315.csv,2-3,374,-4.105200748663102
dump_315.csv,2-4,343,-3.951495728862974
dump_315.csv,2-5,369,-4.106839552845528
dump_315.csv,3-3,1030,-4.454310184466019
dump_315.csv,3-4,1286,-4.305415898133748
dump_315.csv,3-5,1378,-4.449677144412192
dump_315.csv,4-4,452,-4.14556488938053
dump_315.csv,4-5,705,-4.307736957446808
dump_315.csv,5-5,805,-4.451268397515528
dump_316.csv,1-1,88,-3.6455173295454544
dump_316.csv,1-2,180,-3.724261361111111
dump_316.csv,1-3,258,-4.06491976744186
dump_316.csv,1-4,240,-3.9051095833333336
dump_316.csv,1-5,260,-4.065014807692307
dump_316.csv,2-2,182,-3.7956506868131865
dump_316.csv,2-3,389,-4.127227095115681
dump_316.csv,2-4,361,-3.9718606925207753
dump_316.csv,2-5,393,-4.125367582697201
dump_316.csv,3-3,947,-4.469455063357973
dump_316.csv,3-4,1227,-4.321063537082314
dump_316.csv,3-5,1311,-4.462977719298245
dump_316.csv,4-4,457,-4.163078577680525
dump_316.csv,4-5,722,-4.320424162049862
dump_316.csv,5-5,932,-4.45946587446352
dump_317.csv,1-1,118,-3.6663611016949154
dump_317.csv,1-2,289,-3.745599429065744
dump_317.csv,1-3,272,-4.067085735294118
dump_317.csv,1-4,246,-3.902293333333333
dump_317.csv,1-5,294,-4.081891700680273
dump_317.csv,2-2,726,-3.834084614325069
dump_317.csv,2-3,949,-4.144853682824025
dump_317.csv,2-4,864,-3.981981741898148
dump_317.csv,2-5,1013,-4.154527255676209
dump_317.csv,3-3,525,-4.460124019047619
dump_317.csv,3-4,688,-4.308093793604652
dump_317.csv,3-5,811,-4.466771226880395
dump_317.csv,4-4,315,-4.147143857142857
dump_317.csv,4-5,551,-4.3171952631578945
dump_317.csv,5-5,937,-4.4746015154749195
dump_318.csv,1-1,197,-3.613991827411168
dump_318.csv,1-2,307,-3.697062035830619
dump_318.csv,1-3,408,-4.038034142156863
dump_318.csv,1-4,377,-3.87574550397878
dump_318.csv,1-5,407,-4.039690085995086
dump_318.csv,2-2,181,-3.7800834806629835
dump_318.csv,2-3,384,-4.108024947916666
dump_318.csv,2-4,356,-3.9465519943820224
dump_318.csv,2-5,391,-4.112094884910486
dump_318.csv,3-3,856,-4.447296255841121
dump_318.csv,3-4,1109,-4.299074075743913
dump_318.csv,3-5,1210,-4.446020652892562
dump_318.csv,4-4,439,-4.140238189066059
dump_318.csv,4-5,704,-4.301069737215909
dump_318.csv,5-5,899,-4.449825995550612
dump_319.csv,1-1,157,-3.630755477707006
dump_319.csv,1-2,300,-3.7146052333333333
dump_319.csv,1-3,349,-4.0515595845272205
dump_319.csv,1-4,322,-3.887446972049689
dump_319.csv,1-5,360,-4.058895902777778
dump_319.csv,2-2,312,-3.798397355769231
dump_319.csv,2-3,542,-4.121107084870849
dump_319.csv,2-4,500,-3.96331106
dump_319.csv,2-5,549,-4.1264908196721315
dump_319.csv,3-3,761,-4.457713074901445
dump_319.csv,3-4,977,-4.307260813715455
dump_319.csv,3-5,1072,-4.456671427238806
dump_319.csv,4-4,453,-4.1436511037527595
dump_319.csv,4-5,708,-4.312763064971752
dump_319.csv,5-5,924,-4.457357478354979
dump_320.csv,1-1,84,-3.6390426785714283
dump_320.csv,1-2,183,-3.72329650273224
dump_320.csv,1-3,240,-4.059262708333333
dump_320.csv,1-4,222,-3.9037336261261264
dump_320.csv,1-5,242,-4.0634937809917355
dump_320.csv,2-2,213,-3.7985858450704226
dump_320.csv,2-3,426,-4.128692112676056
dump_320.csv,2-4,389,-3.973075642673522
dump_320.csv,2-5,431,-4.129689524361949
dump_320.csv,3-3,933,-4.469950375133977
dump_320.csv,3-4,1192,-4.322776493288591
dump_320.csv,3-5,1316,-4.465420573708207
dump_320.csv,4-4,473,-4.168263594080338
dump_320.csv,4-5,714,-4.32475356442577
dump_320.csv,5-5,917,-4.4651183315158125
dump_321.csv,1-1,148,-3.635367736486486
dump_321.csv,1-2,240,-3.701515270833333
dump_321.csv,1-3,344,-4.04916324127907
dump_321.csv,1-4,316,-3.8875822310126584
dump_321.csv,1-5,349,-4.050383954154728
dump_321.csv,2-2,174,-3.787935143678161
dump_321.csv,2-3,385,-4.114718792207793
dump_321.csv,2-4,353,-3.958234603399433
dump_321.csv,2-5,383,-4.114639242819843
dump_321.csv,3-3,895,-4.456758418994413
dump_321.csv,3-4,1113,-4.306886365678347
dump_321.csv,3-5,1232,-4.453116030844156
dump_321.csv,4-4,464,-4.149825204741379
dump_321.csv,4-5,717,-4.3078283891213385
dump_321.csv,5-5,948,-4.452807468354431
dump_322.csv,1-1,437,-3.557679736842105
dump_322.csv,1-2,491,-3.644605967413442
dump_322.csv,1-3,695,-3.9904843884892087
dump_322.csv,1-4,684,-3.818885255847953
dump_322.csv,1-5,626,-3.996732819488818
dump_322.csv,2-2,168,-3.7551811607142858
dump_322.csv,2-3,380,-4.082067236842105
dump_322.csv,2-4,369,-3.9156243360433605
dump_322.csv,2-5,344,-4.088494534883721
dump_322.csv,3-3,920,-4.42650777173913
dump_322.csv,3-4,1242,-4.263209420289855
dump_322.csv,3-5,1147,-4.42339697907585
dump_322.csv,4-4,673,-4.098703982169391
dump_322.csv,4-5,871,-4.2703079161882895
dump_322.csv,5-5,421,-4.431711092636579
dump_323.csv,1-1,184,-3.615150706521739
dump_323.csv,1-2,262,-3.69764929389313
dump_323.csv,1-3,388,-4.04138125
dump_323.csv,1-4,349,-3.8758412607449855
dump_323.csv,1-5,392,-4.042894132653061
dump_323.csv,2-2,172,-3.783168895348837
dump_323.csv,2-3,390,-4.1111070000000005
dump_323.csv,2-4,348,-3.9514237212643675
dump_323.csv,2-5,386,-4.113658277202072
dump_323.csv,3-3,835,-4.45296225748503
dump_323.csv,3-4,1099,-4.302734872611465
dump_323.csv,3-5,1169,-4.448698738237811
dump_323.csv,4-4,467,-4.14535795503212
dump_323.csv,4-5,722,-4.303992610803324
dump_323.csv,5-5,932,-4.447469179184549
dump_324.csv,1-1,75,-3.652130666666667
dump_324.csv,1-2,174,-3.7205578448275864
dump_324.csv,1-3,234,-4.071485405982906
dump_324.csv,1-4,210,-3.9061624523809524
dump_324.csv,1-5,236,-4.0686398093220335
dump_324.csv,2-2,197,-3.792137233502538
dump_324.csv,2-3,400,-4.1229739375
dump_324.csv,2-4,359,-3.9705331197771585
dump_324.csv,2-5,401,-4.125361284289276
dump_324.csv,3-3,989,-4.471158473205258
dump_324.csv,3-4,1246,-4.324269787319422
dump_324.csv,3-5,1354,-4.465319220827179
dump_324.csv,4-4,445,-4.172924382022472
dump_324.csv,4-5,699,-4.325335035765379
dump_324.csv,5-5,929,-4.463859122712594
dump_325.csv,1-1,128,-3.6536340625
dump_325.csv,1-2,285,-3.7352749999999997
dump_325.csv,1-3,284,-4.067434595070423
dump_325.csv,1-4,285,-3.89903752631579
dump_325.csv,1-5,298,-4.076212466442953
dump_325.csv,2-2,603,-3.829577396351575
dump_325.csv,2-3,818,-4.151373001222494
dump_325.csv,2-4,847,-3.9838582644628096
dump_325.csv,2-5,884,-4.1571407522624435
dump_325.csv,3-3,508,-4.475022588582677
dump_325.csv,3-4,727,-4.318376348005502
dump_325.csv,3-5,778,-4.47597676092545
dump_325.csv,4-4,526,-4.148996093155893
dump_325.csv,4-5,773,-4.323671843467012
dump_325.csv,5-5,877,-4.4818194241733185
dump_326.csv,1-1,436,-3.5719952981651377
dump_326.csv,1-2,498,-3.6569139759036147
dump_326.csv,1-3,658,-3.997967659574468
dump_326.csv,1-4,645,-3.8238103643410852
dump_326.csv,1-5,668,-4.00209498502994
dump_326.csv,2-2,191,-3.7735143193717273
dump_326.csv,2-3,405,-4.093593506172839
dump_326.csv,2-4,402,-3.9228455970149256
dump_326.csv,2-5,409,-4.094930782396088
dump_326.csv,3-3,618,-4.4276225809061485
dump_326.csv,3-4,883,-4.265007904869762
dump_326.csv,3-5,893,-4.426384568868981
dump_326.csv,4-4,606,-4.096799348184819
dump_326.csv,4-5,870,-4.271352620689655
dump_326.csv,5-5,771,-4.430383761348898
dump_327.csv,1-1,226,-3.6338522566371685
dump_327.csv,1-2,443,-3.716912855530474
dump_327.csv,1-3,442,-4.040839445701358
dump_327.csv,1-4,405,-3.87320262962963
dump_327.csv,1-5,417,-4.055184280575539
dump_327.csv,2-2,741,-3.8056618083670712
dump_327.csv,2-3,1029,-4.122693046647231
dump_327.csv,2-4,915,-3.958213726775956
dump_327.csv,2-5,957,-4.1327868338558
dump_327.csv,3-3,799,-4.443185100125157
dump_327.csv,3-4,1020,-4.287623818627451
dump_327.csv,3-5,1024,-4.446934111328125
dump_327.csv,4-4,388,-4.123982886597938
dump_327.csv,4-5,593,-4.297562639123102
dump_327.csv,5-5,447,-4.457602583892617
dump_328.csv,1-1,443,-3.5827791534988713
dump_328.csv,1-2,672,-3.6748107068452383
dump_328.csv,1-3,661,-3.9944818078668685
dump_328.csv,1-4,604,-3.8255636672185434
dump_328.csv,1-5,600,-4.017199724999999
dump_328.csv,2-2,746,-3.787612962466488
dump_328.csv,2-3,1031,-4.096822516973812
dump_328.csv,2-4,935,-3.928919219251337
dump_328.csv,2-5,948,-4.1159341508438825
dump_328.csv,3-3,621,-4.404998148148148
dump_328.csv,3-4,814,-4.248865239557739
dump_328.csv,3-5,826,-4.4148931476997575
dump_328.csv,4-4,386,-4.084996541450777
dump_328.csv,4-5,581,-4.264895154905336
dump_328.csv,5-5,429,-4.430273892773893
dump_329.csv,1-1,165,-3.6296624242424245
dump_329.csv,1-2,274,-3.709358649635037
dump_329.csv,1-3,390,-4.047882897435898
dump_329.csv,1-4,354,-3.8866065536723164
dump_329.csv,1-5,391,-4.051142966751918
dump_329.csv,2-2,187,-3.780861978609626
dump_329.csv,2-3,387,-4.112356304909561
dump_329.csv,2-4,360,-3.9548781388888887
dump_329.csv,2-5,386,-4.114015958549223
dump_329.csv,3-3,854,-4.453415169789227
dump_329.csv,3-4,1091,-4.302260417048579
dump_329.csv,3-5,1171,-4.449157924850555
dump_329.csv,4-4,468,-4.142332393162393
dump_329.csv,4-5,717,-4.304019149232915
dump_329.csv,5-5,942,-4.447487892781316
dump_330.csv,1-1,82,-3.6484839024390245
dump_330.csv,1-2,227,-3.732701079295154
dump_330.csv,1-3,253,-4.068483083003953
dump_330.csv,1-4,230,-3.906342043478261
dump_330.csv,1-5,246,-4.072366686991869
dump_330.csv,2-2,458,-3.80972980349345
dump_330.csv,2-3,715,-4.136661552447553
dump_330.csv,2-4,654,-3.981627874617737
dump_330.csv,2-5,699,-4.140745379113018
dump_330.csv,3-3,939,-4.471137188498402
dump_330.csv,3-4,1189,-4.3232513372582
dump_330.csv,3-5,1268,-4.470447168769716
dump_330.csv,4-4,452,-4.163974623893806
dump_330.csv,4-5,695,-4.326156079136691
dump_330.csv,5-5,704,-4.473178927556818
dump_331.csv,1-1,252,-3.6156377182539683
dump_331.csv,1-2,409,-3.7014350611246947
dump_331.csv,1-3,470,-4.032991
dump_331.csv,1-4,435,-3.868055275862069
dump_331.csv,1-5,476,-4.04162875
dump_331.csv,2-2,389,-3.796602442159383
dump_331.csv,2-3,623,-4.119445658105938
dump_331.csv,2-4,591,-3.9549693231810488
dump_331.csv,2-5,625,-4.123055864
dump_331.csv,3-3,705,-4.446278624113475
dump_331.csv,3-4,970,-4.28948237628866
dump_331.csv,3-5,1008,-4.4458673412698415
dump_331.csv,4-4,508,-4.130355580708661
dump_331.csv,4-5,783,-4.298503652618136
dump_331.csv,5-5,717,-4.451249121338912
dump_332.csv,1-1,57,-3.6457173684210527
dump_332.csv,1-2,153,-3.7232988888888885
dump_332.csv,1-3,197,-4.071036243654822
dump_332.csv,1-4,174,-3.913549396551724
dump_332.csv,1-5,199,-4.068408065326633
dump_332.csv,2-2,179,-3.796451592178771
dump_332.csv,2-3,378,-4.1283310185185185
dump_332.csv,2-4,348,-3.974591709770115
dump_332.csv,2-5,377,-4.126131445623342
dump_332.csv,3-3,995,-4.47635420603015
dump_332.csv,3-4,1282,-4.333322710608424
dump_332.csv,3-5,1385,-4.470020660649819
dump_332.csv,4-4,459,-4.177966623093682
dump_332.csv,4-5,711,-4.32934782700422
dump_332.csv,5-5,942,-4.466669267515924
dump_333.csv,1-1,292,-3.6013928767123287
dump_333.csv,1-2,375,-3.6819940133333335
dump_333.csv,1-3,505,-4.022357891089109
dump_333.csv,1-4,466,-3.8600448283261803
dump_333.csv,1-5,517,-4.028739835589942
dump_333.csv,2-2,201,-3.778685497512438
dump_333.csv,2-3,412,-4.099980327669903
dump_333.csv,2-4,385,-3.9372616753246756
dump_333.csv,2-5,420,-4.102450857142857
dump_333.csv,3-3,724,-4.4345536187845305
dump_333.csv,3-4,928,-4.28264927262931
dump_333.csv,3-5,1042,-4.433902365642994
dump_333.csv,4-4,460,-4.121515173913044
dump_333.csv,4-5,712,-4.289291762640449
dump_333.csv,5-5,917,-4.436159171210469
dump_334.csv,1-1,133,-3.6337365413533838
dump_334.csv,1-2,234,-3.702731623931624
dump_334.csv,1-3,319,-4.050897648902821
dump_334.csv,1-4,302,-3.8909944205298013
dump_334.csv,1-5,318,-4.052720440251573
dump_334.csv,2-2,168,-3.783215773809524
dump_334.csv,2-3,383,-4.114635835509138
dump_334.csv,2-4,343,-3.958886865889213
dump_334.csv,2-5,381,-4.115865433070866
dump_334.csv,3-3,991,-4.46018934914228
dump_334.csv,3-4,1247,-4.310897898957498
dump_334.csv,3-5,1347,-4.454801685226429
dump_334.csv,4-4,442,-4.1537744909502266
dump_334.csv,4-5,703,-4.310663613086771
dump_334.csv,5-5,861,-4.456363443670151
dump_335.csv,1-1,245,-3.630326163265306
dump_335.csv,1-2,442,-3.7073479977375565
dump_335.csv,1-3,448,-4.0437793526785715
dump_335.csv,1-4,451,-3.8707753325942353
dump_335.csv,1-5,469,-4.051609115138593
dump_335.csv,2-2,475,-3.7982185157894737
dump_335.csv,2-3,703,-4.121918143669986
dump_335.csv,2-4,707,-3.9545601485148514
dump_335.csv,2-5,742,-4.129989905660377
dump_335.csv,3-3,542,-4.451133966789668
dump_335.csv,3-4,765,-4.291291444444444
dump_335.csv,3-5,809,-4.45376043263288
dump_335.csv,4-4,541,-4.121386293900184
dump_335.csv,4-5,790,-4.298143886075949
dump_335.csv,5-5,813,-4.460315947109471
dump_336.csv,1-1,292,-3.5901646575342467
dump_336.csv,1-2,430,-3.6731744883720934
dump_336.csv,1-3,529,-4.017942646502836
dump_336.csv,1-4,484,-3.854520991735537
dump_336.csv,1-5,527,-4.02401275142315
dump_336.csv,2-2,197,-3.763517157360406
dump_336.csv,2-3,423,-4.093244089834515
dump_336.csv,2-4,400,-3.9298638625
dump_336.csv,2-5,423,-4.098534125295509
dump_336.csv,3-3,799,-4.431138867334168
dump_336.csv,3-4,1025,-4.2798996926829265
dump_336.csv,3-5,1119,-4.432189718498659
dump_336.csv,4-4,451,-4.118913281596452
dump_336.csv,4-5,705,-4.286535992907801
dump_336.csv,5-5,842,-4.4370604038004755
dump_337.csv,1-1,138,-3.626546956521739
dump_337.csv,1-2,323,-3.716773715170279
dump_337.csv,1-3,344,-4.058077340116279
dump_337.csv,1-4,340,-3.8894159852941175
dump_337.csv,1-5,322,-4.064022717391304
dump_337.csv,2-2,465,-3.8009072903225807
dump_337.csv,2-3,717,-4.132569044630404
dump_337.csv,2-4,692,-3.9686154913294795
dump_337.csv,2-5,642,-4.137923146417445
dump_337.csv,3-3,942,-4.468393535031847
dump_337.csv,3-4,1232,-4.3144021022727275
dump_337.csv,3-5,1178,-4.468193115449916
dump_337.csv,4-4,618,-4.150774174757282
dump_337.csv,4-5,817,-4.3209222705018355
dump_337.csv,5-5,459,-4.470103877995643
dump_338.csv,1-1,424,-3.5760212735849053
dump_338.csv,1-2,527,-3.660676451612903
dump_338.csv,1-3,673,-3.995985364041605
dump_338.csv,1-4,652,-3.8263077607361966
dump_338.csv,1-5,655,-4.004519633587786
dump_338.csv,2-2,227,-3.7602338766519825
dump_338.csv,2-3,441,-4.085315419501134
dump_338.csv,2-4,433,-3.9219168013856813
dump_338.csv,2-5,439,-4.093726708428246
dump_338.csv,3-3,766,-4.418184190600522
dump_338.csv,3-4,1021,-4.261389162585701
dump_338.csv,3-5,1014,-4.420739561143985
dump_338.csv,4-4,585,-4.094900205128205
dump_338.csv,4-5,835,-4.2719223233532935
dump_338.csv,5-5,633,-4.426692251184834
dump_339.csv,1-1,45,-3.630536333333333
dump_339.csv,1-2,138,-3.72719213768116
dump_339.csv,1-3,198,-4.070398131313132
dump_339.csv,1-4,190,-3.911968736842105
dump_339.csv,1-5,199,-4.069443040201005
dump_339.csv,2-2,175,-3.793970257142857
dump_339.csv,2-3,377,-4.128425649867374
dump_339.csv,2-4,339,-3.973214262536873
dump_339.csv,2-5,378,-4.1305692063492065
dump_339.csv,3-3,1005,-4.47591660199005
dump_339.csv,3-4,1280,-4.32825220703125
dump_339.csv,3-5,1383,-4.470482845263919
dump_339.csv,4-4,459,-4.171734357298475
dump_339.csv,4-5,719,-4.328455319888735
dump_339.csv,5-5,934,-4.46920568522484
dump_340.csv,1-1,202,-3.6089150247524757
dump_340.csv,1-2,367,-3.6996929700272476
dump_340.csv,1-3,403,-4.0366432258064515
dump_340.csv,1-4,379,-3.872660963060686
dump_340.csv,1-5,381,-4.044505918635171
dump_340.csv,2-2,450,-3.797256811111111
dump_340.csv,2-3,702,-4.121184252136752
dump_340.csv,2-4,658,-3.9641944984802433
dump_340.csv,2-5,654,-4.128211712538226
dump_340.csv,3-3,949,-4.456534014752371
dump_340.csv,3-4,1215,-4.303864423868313
dump_340.csv,3-5,1213,-4.455625028854081
dump_340.csv,4-4,562,-4.1423456227758
dump_340.csv,4-5,752,-4.309400498670213
dump_340.csv,5-5,486,-4.46228621399177
dump_341.csv,1-1,70,-3.6645680000000005
dump_341.csv,1-2,220,-3.7378862954545453
dump_341.csv,1-3,239,-4.074742656903766
dump_341.csv,1-4,229,-3.9127500655021836
dump_341.csv,1-5,243,-4.078041728395062
dump_341.csv,2-2,381,-3.8161379790026246
dump_341.csv,2-3,619,-4.138743424878837
dump_341.csv,2-4,566,-3.97858593639576
dump_341.csv,2-5,632,-4.144053496835443
dump_341.csv,3-3,782,-4.473007851662404
dump_341.csv,3-4,1027,-4.320069980525804
dump_341.csv,3-5,1100,-4.471337090909091
dump_341.csv,4-4,457,-4.156423894967177
dump_341.csv,4-5,704,-4.32452265625
dump_341.csv,5-5,933,-4.475803327974276
dump_342.csv,1-1,52,-3.662236538461538
dump_342.csv,1-2,140,-3.725384535714286
dump_342.csv,1-3,200,-4.073486825
dump_342.csv,1-4,183,-3.915998579234973
dump_342.csv,1-5,200,-4.0708649
dump_342.csv,2-2,167,-3.7970361077844315
dump_342.csv,2-3,375,-4.129049973333333
dump_342.csv,2-4,342,-3.9747554678362573
dump_342.csv,2-5,370,-4.126627783783784
dump_342.csv,3-3,1014,-4.474544467455621
dump_342.csv,3-4,1274,-4.3298468092621665
dump_342.csv,3-5,1385,-4.469625490974729
dump_342.csv,4-4,464,-4.175182898706897
dump_342.csv,4-5,715,-4.330632839160839
dump_342.csv,5-5,934,-4.46773096359743
dump_343.csv,1-1,235,-3.6089903617021277
dump_343.csv,1-2,347,-3.6840817867435156
dump_343.csv,1-3,459,-4.027916492374728
dump_343.csv,1-4,429,-3.8715090675990678
dump_343.csv,1-5,456,-4.036121469298245
dump_343.csv,2-2,196,-3.767136096938775
dump_343.csv,2-3,407,-4.096623673218674
dump_343.csv,2-4,366,-3.9405425956284152
dump_343.csv,2-5,401,-4.103302431421446
dump_343.csv,3-3,920,-4.439813842391304
dump_343.csv,3-4,1199,-4.290553940783987
dump_343.csv,3-5,1276,-4.4392458150470215
dump_343.csv,4-4,453,-4.131156059602649
dump_343.csv,4-5,704,-4.295724403409091
dump_343.csv,5-5,778,-4.443157827763496
dump_344.csv,1-1,337,-3.573737077151335
dump_344.csv,1-2,493,-3.6625644320486814
dump_344.csv,1-3,579,-4.004309352331607
dump_344.csv,1-4,524,-3.8400845706106868
dump_344.csv,1-5,542,-4.011829880073801
dump_344.csv,2-2,300,-3.7674033666666666
dump_344.csv,2-3,541,-4.091599140480592
dump_344.csv,2-4,496,-3.931004254032258
dump_344.csv,2-5,523,-4.098604674952199
dump_344.csv,3-3,944,-4.428964348516949
dump_344.csv,3-4,1200,-4.274916475
dump_344.csv,3-5,1243,-4.428207063555913
dump_344.csv,4-4,464,-4.1127505818965515
dump_344.csv,4-5,672,-4.279814598214285
dump_344.csv,5-5,571,-4.431508082311733
dump_345.csv,1-1,103,-3.6367720388349514
dump_345.csv,1-2,225,-3.7141048
dump_345.csv,1-3,290,-4.064778534482759
dump_345.csv,1-4,276,-3.899281992753623
dump_345.csv,1-5,282,-4.065048244680852
dump_345.csv,2-2,213,-3.794998051643192
dump_345.csv,2-3,424,-4.133343396226415
dump_345.csv,2-4,407,-3.9726220270270267
dump_345.csv,2-5,416,-4.133274122596154
dump_345.csv,3-3,934,-4.482346440042827
dump_345.csv,3-4,1262,-4.328744477020602
dump_345.csv,3-5,1264,-4.478019750791139
dump_345.csv,4-4,722,-4.16847398199446
dump_345.csv,4-5,993,-4.330122678751259
dump_345.csv,5-5,658,-4.4747730091185405
dump_346.csv,1-1,208,-3.6143840144230768
dump_346.csv,1-2,307,-3.6924954397394134
dump_346.csv,1-3,425,-4.038438611764706
dump_346.csv,1-4,394,-3.8743534517766496
dump_346.csv,1-5,417,-4.0398013189448445
dump_346.csv,2-2,198,-3.778819898989899
dump_346.csv,2-3,421,-4.106928562945368
dump_346.csv,2-4,395,-3.9499104683544304
dump_346.csv,2-5,417,-4.109154868105516
dump_346.csv,3-3,915,-4.45018912568306
dump_346.csv,3-4,1195,-4.30026819665272
dump_346.csv,3-5,1265,-4.445917541501976
dump_346.csv,4-4,508,-4.142222962598425
dump_346.csv,4-5,764,-4.303461263089005
dump_346.csv,5-5,737,-4.447907245590231
dump_347.csv,1-1,92,-3.6477128804347827
dump_347.csv,1-2,193,-3.713801139896373
dump_347.csv,1-3,257,-4.060876614785992
dump_347.csv,1-4,238,-3.9000534663865545
dump_347.csv,1-5,255,-4.059838254901961
dump_347.csv,2-2,193,-3.7937082642487048
dump_347.csv,2-3,396,-4.122918712121212
dump_347.csv,2-4,371,-3.970175067385445
dump_347.csv,2-5,391,-4.12430047314578
dump_347.csv,3-3,981,-4.469161452599388
dump_347.csv,3-4,1242,-4.320379444444444
dump_347.csv,3-5,1334,-4.463701611694153
dump_347.csv,4-4,448,-4.162160200892857
dump_347.csv,4-5,710,-4.319949133802817
dump_347.csv,5-5,900,-4.461789933333334
dump_348.csv,1-1,131,-3.6276823664122135
dump_348.csv,1-2,222,-3.7068157207207206
dump_348.csv,1-3,303,-4.055232887788779
dump_348.csv,1-4,296,-3.889634949324324
dump_348.csv,1-5,308,-4.051621866883117
dump_348.csv,2-2,203,-3.8010429556650247
dump_348.csv,2-3,408,-4.128214730392156
dump_348.csv,2-4,392,-3.968322716836735
dump_348.csv,2-5,410,-4.125273597560976
dump_348.csv,3-3,855,-4.469193
dump_348.csv,3-4,1125,-4.318651533333333
dump_348.csv,3-5,1203,-4.463471679135495
dump_348.csv,4-4,484,-4.151392747933884
dump_348.csv,4-5,768,-4.31519728515625
dump_348.csv,5-5,913,-4.463263674698795
dump_349.csv,1-1,43,-3.659118488372093
dump_349.csv,1-2,156,-3.725985416666667
dump_349.csv,1-3,200,-4.0724354
dump_349.csv,1-4,178,-3.916404634831461
dump_349.csv,1-5,198,-4.075321590909091
dump_349.csv,2-2,173,-3.7931776878612715
dump_349.csv,2-3,393,-4.127331157760814
dump_349.csv,2-4,357,-3.9744478851540617
dump_349.csv,2-5,391,-4.127300434782609
dump_349.csv,3-3,1001,-4.472913006993006
dump_349.csv,3-4,1259,-4.330579686258935
dump_349.csv,3-5,1384,-4.46905210982659
dump_349.csv,4-4,476,-4.173715346638656
dump_349.csv,4-5,715,-4.331463601398601
dump_349.csv,5-5,918,-4.470210855119825
dump_350.csv,1-1,166,-3.6440902710843375
dump_350.csv,1-2,380,-3.724402434210526
dump_350.csv,1-3,380,-4.047779236842105
dump_350.csv,1-4,305,-3.8853695081967214
dump_350.csv,1-5,348,-4.0660656178160925
dump_350.csv,2-2,821,-3.812383252131547
dump_350.csv,2-3,1142,-4.124358274956217
dump_350.csv,2-4,891,-3.963547199775533
dump_350.csv,2-5,1073,-4.140933243243244
dump_350.csv,3-3,860,-4.437084331395349
dump_350.csv,3-4,958,-4.293290464509395
dump_350.csv,3-5,1124,-4.4479326512455515
dump_350.csv,4-4,252,-4.125856547619048
dump_350.csv,4-5,428,-4.301252955607477
dump_350.csv,5-5,501,-4.463219710578842
dump_351.csv,1-1,99,-3.64878702020202
dump_351.csv,1-2,277,-3.732901570397112
dump_351.csv,1-3,284,-4.06484559859155
dump_351.csv,1-4,265,-3.899454452830189
dump_351.csv,1-5,290,-4.071915775862069
dump_351.csv,2-2,441,-3.8104599886621315
dump_351.csv,2-3,687,-4.133079737991267
dump_351.csv,2-4,616,-3.9706684821428575
dump_351.csv,2-5,691,-4.137578089725036
dump_351.csv,3-3,752,-4.466312406914893
dump_351.csv,3-4,950,-4.3157899526315795
dump_351.csv,3-5,1062,-4.464203418079095
dump_351.csv,4-4,392,-4.153259464285714
dump_351.csv,4-5,652,-4.31761773006135
dump_351.csv,5-5,906,-4.468674944812362
dump_352.csv,1-1,240,-3.607614395833333
dump_352.csv,1-2,347,-3.685468227665706
dump_352.csv,1-3,466,-4.029818261802575
dump_352.csv,1-4,437,-3.8631813157894737
dump_352.csv,1-5,455,-4.030864824175824
dump_352.csv,2-2,214,-3.7778969392523365
dump_352.csv,2-3,417,-4.1035694244604315
dump_352.csv,2-4,381,-3.9457977034120737
dump_352.csv,2-5,410,-4.107419975609756
dump_352.csv,3-3,908,-4.446606112334802
dump_352.csv,3-4,1168,-4.2909376369863015
dump_352.csv,3-5,1248,-4.443104194711538
dump_352.csv,4-4,494,-4.128776619433198
dump_352.csv,4-5,735,-4.293061333333333
dump_352.csv,5-5,757,-4.441666875825628
dump_353.csv,1-1,75,-3.6408612666666667
dump_353.csv,1-2,180,-3.7145603055555556
dump_353.csv,1-3,249,-4.063846887550201
dump_353.csv,1-4,220,-3.9094295227272724
dump_353.csv,1-5,248,-4.065108487903226
dump_353.csv,2-2,176,-3.789690625
dump_353.csv,2-3,373,-4.121632211796247
dump_353.csv,2-4,330,-3.966952681818182
dump_353.csv,2-5,374,-4.119742994652406
dump_353.csv,3-3,986,-4.469062814401623
dump_353.csv,3-4,1227,-4.322876943765281
dump_353.csv,3-5,1361,-4.4642805143277
dump_353.csv,4-4,461,-4.168583297180043
dump_353.csv,4-5,706,-4.323870339943342
dump_353.csv,5-5,928,-4.460863588362069
dump_354.csv,1-1,63,-3.6337489682539683
dump_354.csv,1-2,166,-3.7194192469879517
dump_354.csv,1-3,202,-4.068054579207921
dump_354.csv,1-4,188,-3.9128117819148938
dump_354.csv,1-5,203,-4.068110221674877
dump_354.csv,2-2,251,-3.803341434262948
dump_354.csv,2-3,462,-4.135010335497835
dump_354.csv,2-4,414,-3.9796970410628023
dump_354.csv,2-5,460,-4.134301826086957
dump_354.csv,3-3,935,-4.477865834224598
dump_354.csv,3-4,1185,-4.3292302573839665
dump_354.csv,3-5,1288,-4.4726624805900626
dump_354.csv,4-4,451,-4.174507305986696
dump_354.csv,4-5,716,-4.3312910125698325
dump_354.csv,5-5,940,-4.470660595744682
dump_355.csv,1-1,53,-3.6600329245283016
dump_355.csv,1-2,128,-3.7288637890625
dump_355.csv,1-3,199,-4.073537311557788
dump_355.csv,1-4,181,-3.9128465745856356
dump_355.csv,1-5,200,-4.0740793
dump_355.csv,2-2,168,-3.7969204464285715
dump_355.csv,2-3,367,-4.125226621253407
dump_355.csv,2-4,334,-3.974737769461078
dump_355.csv,2-5,366,-4.128592663934426
dump_355.csv,3-3,1001,-4.474433546453547
dump_355.csv,3-4,1264,-4.329528247626582
dump_355.csv,3-5,1387,-4.468844329488104
dump_355.csv,4-4,462,-4.1764840692640695
dump_355.csv,4-5,715,-4.331400258741259
dump_355.csv,5-5,946,-4.466197584566595
dump_356.csv,1-1,330,-3.609330742424242
dump_356.csv,1-2,574,-3.694212526132404
dump_356.csv,1-3,569,-4.018867021089631
dump_356.csv,1-4,527,-3.851583586337761
dump_356.csv,1-5,533,-4.039602767354597
dump_356.csv,2-2,676,-3.7951392529585797
dump_356.csv,2-3,948,-4.106745084388185
dump_356.csv,2-4,902,-3.941050421286031
dump_356.csv,2-5,916,-4.123429688864629
dump_356.csv,3-3,679,-4.422929359351988
dump_356.csv,3-4,890,-4.267587016853933
dump_356.csv,3-5,877,-4.430459794754846
dump_356.csv,4-4,425,-4.0985433411764705
dump_356.csv,4-5,628,-4.279445740445859
dump_356.csv,5-5,475,-4.446492789473685
dump_357.csv,1-1,87,-3.6263383333333334
dump_357.csv,1-2,184,-3.7110427173913045
dump_357.csv,1-3,246,-4.057150386178861
dump_357.csv,1-4,210,-3.899379119047619
dump_357.csv,1-5,243,-4.059074259259259
dump_357.csv,2-2,166,-3.7949602108433735
dump_357.csv,2-3,388,-4.12100905927835
dump_357.csv,2-4,353,-3.970746699716714
dump_357.csv,2-5,389,-4.122247416452442
dump_357.csv,3-3,987,-4.469233839918946
dump_357.csv,3-4,1219,-4.324615258408532
dump_357.csv,3-5,1353,-4.463678555062823
dump_357.csv,4-4,454,-4.169506266519823
dump_357.csv,4-5,704,-4.325382933238637
dump_357.csv,5-5,918,-4.4614199673202615
dump_358.csv,1-1,178,-3.6219873314606743
dump_358.csv,1-2,293,-3.700262866894198
dump_358.csv,1-3,393,-4.042849669211195
dump_358.csv,1-4,361,-3.882651828254848
dump_358.csv,1-5,389,-4.045710411311054
dump_358.csv,2-2,200,-3.7825845499999997
dump_358.csv,2-3,415,-4.114159132530121
dump_358.csv,2-4,377,-3.9506794297082224
dump_358.csv,2-5,410,-4.113956304878049
dump_358.csv,3-3,936,-4.453962938034188
dump_358.csv,3-4,1205,-4.303546634854771
dump_358.csv,3-5,1269,-4.450805449172576
dump_358.csv,4-4,516,-4.1412385174418604
dump_358.csv,4-5,759,-4.304632720685111
dump_358.csv,5-5,758,-4.451392381266491
dump_359.csv,1-1,155,-3.6385111935483874
dump_359.csv,1-2,325,-3.713404169230769
dump_359.csv,1-3,367,-4.051952942779292
dump_359.csv,1-4,335,-3.8868173731343285
dump_359.csv,1-5,347,-4.058229726224784
dump_359.csv,2-2,410,-3.797250719512195
dump_359.csv,2-3,666,-4.122493836336337
dump_359.csv,2-4,618,-3.965471229773463
dump_359.csv,2-5,637,-4.1305228492935635
dump_359.csv,3-3,938,-4.457030031982942
dump_359.csv,3-4,1193,-4.305433344509639
dump_359.csv,3-5,1214,-4.4575206054365735
dump_359.csv,4-4,517,-4.145460764023211
dump_359.csv,4-5,729,-4.31280036351166
dump_359.csv,5-5,610,-4.461897573770492
dump_360.csv,1-1,74,-3.653421081081081
dump_360.csv,1-2,214,-3.7349822196261684
dump_360.csv,1-3,254,-4.069212992125984
dump_360.csv,1-4,232,-3.9094856465517243
dump_360.csv,1-5,251,-4.075356374501992
dump_360.csv,2-2,393,-3.8044960814249364
dump_360.csv,2-3,622,-4.133547789389068
dump_360.csv,2-4,564,-3.9756797163120567
dump_360.csv,2-5,608,-4.135358832236842
dump_360.csv,3-3,975,-4.471725723076923
dump_360.csv,3-4,1228,-4.322818802931596
dump_360.csv,3-5,1307,-4.468541557000766
dump_360.csv,4-4,444,-4.16587652027027
dump_360.csv,4-5,694,-4.326065007204611
dump_360.csv,5-5,740,-4.469799141891892
dump_361.csv,1-1,294,-3.5998900680272112
dump_361.csv,1-2,406,-3.6763252586206896
dump_361.csv,1-3,533,-4.0144089493433395
dump_361.csv,1-4,494,-3.8545121153846154
dump_361.csv,1-5,526,-4.0221648764258555
dump_361.csv,2-2,192,-3.7632562760416666
dump_361.csv,2-3,414,-4.090830338164251
dump_361.csv,2-4,390,-3.929984
dump_361.csv,2-5,405,-4.095596493827161
dump_361.csv,3-3,938,-4.43318882196162
dump_361.csv,3-4,1194,-4.280719744556114
dump_361.csv,3-5,1270,-4.430451795275591
dump_361.csv,4-4,450,-4.116004577777778
dump_361.csv,4-5,704,-4.283069921875001
dump_361.csv,5-5,721,-4.4330080651872406
dump_362.csv,1-1,88,-3.648100568181818
dump_362.csv,1-2,217,-3.720709078341014
dump_362.csv,1-3,267,-4.0681479400749065
dump_362.csv,1-4,243,-3.9047190946502055
dump_362.csv,1-5,271,-4.0680478966789675
dump_362.csv,2-2,234,-3.7937196153846156
dump_362.csv,2-3,457,-4.125466301969365
dump_362.csv,2-4,432,-3.9661249305555555
dump_362.csv,2-5,464,-4.124213642241379
dump_362.csv,3-3,894,-4.467065548098434
dump_362.csv,3-4,1131,-4.317832577365164
dump_362.csv,3-5,1244,-4.462791173633441
dump_362.csv,4-4,454,-4.157510660792951
dump_362.csv,4-5,695,-4.319180841726618
dump_362.csv,5-5,951,-4.463459337539432
dump_363.csv,1-1,485,-3.5653801134020617
dump_363.csv,1-2,605,-3.6519906528925623
dump_363.csv,1-3,727,-3.9799969188445665
dump_363.csv,1-4,682,-3.8088517521994136
dump_363.csv,1-5,735,-3.9899514557823132
dump_363.csv,2-2,272,-3.761727481617647
dump_363.csv,2-3,489,-4.080506359918201
dump_363.csv,2-4,464,-3.9149164762931035
dump_363.csv,2-5,494,-4.087674271255061
dump_363.csv,3-3,708,-4.406284088983051
dump_363.csv,3-4,928,-4.250091045258621
dump_363.csv,3-5,1003,-4.406180503489532
dump_363.csv,4-4,428,-4.082473446261682
dump_363.csv,4-5,672,-4.257312782738095
dump_363.csv,5-5,715,-4.412224517482517
dump_364.csv,1-1,403,-3.5709643052109183
dump_364.csv,1-2,545,-3.6547550917431195
dump_364.csv,1-3,634,-3.9943825473186116
dump_364.csv,1-4,577,-3.83047863084922
dump_364.csv,1-5,596,-4.00392505033557
dump_364.csv,2-2,315,-3.763052126984127
dump_364.csv,2-3,558,-4.082945510752688
dump_364.csv,2-4,511,-3.9252521722113505
dump_364.csv,2-5,527,-4.09296665085389
dump_364.csv,3-3,912,-4.418048859649123
dump_364.csv,3-4,1138,-4.2695886950790864
dump_364.csv,3-5,1192,-4.419821673657718
dump_364.csv,4-4,457,-4.108080459518599
dump_364.csv,4-5,667,-4.277364775112444
dump_364.csv,5-5,536,-4.429534402985074
dump_365.csv,1-1,282,-3.617962960992908
dump_365.csv,1-2,505,-3.7053174653465346
dump_365.csv,1-3,505,-4.026878158415841
dump_365.csv,1-4,403,-3.865556935483871
dump_365.csv,1-5,473,-4.041728847780127
dump_365.csv,2-2,790,-3.803511405063291
dump_365.csv,2-3,1097,-4.113667456700091
dump_365.csv,2-4,917,-3.952552475463468
dump_365.csv,2-5,1052,-4.1299952233840305
dump_365.csv,3-3,704,-4.42659828125
dump_365.csv,3-4,816,-4.277942383578432
dump_365.csv,3-5,960,-4.432708286458333
dump_365.csv,4-4,326,-4.114477929447853
dump_365.csv,4-5,505,-4.287904079207921
dump_365.csv,5-5,515,-4.446667126213592
dump_366.csv,1-1,77,-3.625928246753247
dump_366.csv,1-2,219,-3.730044566210046
dump_366.csv,1-3,237,-4.070227299578059
dump_366.csv,1-4,229,-3.9048839082969433
dump_366.csv,1-5,218,-4.076837844036697
dump_366.csv,2-2,444,-3.8140590990990995
dump_366.csv,2-3,695,-4.149024784172662
dump_366.csv,2-4,679,-3.9855333431516935
dump_366.csv,2-5,664,-4.153584231927711
dump_366.csv,3-3,912,-4.492173300438596
dump_366.csv,3-4,1219,-4.333836796554553
dump_366.csv,3-5,1177,-4.489283954970263
dump_366.csv,4-4,674,-4.168473516320474
dump_366.csv,4-5,931,-4.337506648764769
dump_366.csv,5-5,546,-4.490437673992674
dump_367.csv,1-1,251,-3.6037859163346613
dump_367.csv,1-2,351,-3.6872589601139603
dump_367.csv,1-3,473,-4.02743198731501
dump_367.csv,1-4,446,-3.864584293721973
dump_367.csv,1-5,474,-4.032954894514768
dump_367.csv,2-2,190,-3.774165157894737
dump_367.csv,2-3,405,-4.105693469135803
dump_367.csv,2-4,389,-3.9443862982005142
dump_367.csv,2-5,401,-4.1058067082294265
dump_367.csv,3-3,891,-4.4464486980920315
dump_367.csv,3-4,1140,-4.293947390350877
dump_367.csv,3-5,1192,-4.441438745805369
dump_367.csv,4-4,536,-4.131348097014925
dump_367.csv,4-5,797,-4.294646900878294
dump_367.csv,5-5,737,-4.443831553595658
dump_368.csv,1-1,97,-3.6434540206185564
dump_368.csv,1-2,215,-3.7186552558139536
dump_368.csv,1-3,275,-4.061374436363637
dump_368.csv,1-4,253,-3.9042825098814227
dump_368.csv,1-5,278,-4.064057446043166
dump_368.csv,2-2,228,-3.798003947368421
dump_368.csv,2-3,438,-4.125613059360731
dump_368.csv,2-4,404,-3.97047650990099
dump_368.csv,2-5,439,-4.124510318906606
dump_368.csv,3-3,908,-4.468077494493392
dump_368.csv,3-4,1157,-4.32276165514261
dump_368.csv,3-5,1250,-4.463937868
dump_368.csv,4-4,459,-4.159953638344226
dump_368.csv,4-5,705,-4.322418829787234
dump_368.csv,5-5,935,-4.458765427807487
dump_369.csv,1-1,219,-3.6089908219178084
dump_369.csv,1-2,329,-3.6889200911854103
dump_369.csv,1-3,440,-4.0359286249999995
dump_369.csv,1-4,416,-3.8710367067307696
dump_369.csv,1-5,431,-4.039247482598608
dump_369.csv,2-2,204,-3.7800282843137256
dump_369.csv,2-3,411,-4.109136265206813
dump_369.csv,2-4,386,-3.9526083290155443
dump_369.csv,2-5,406,-4.110319150246306
dump_369.csv,3-3,942,-4.452761173036093
dump_369.csv,3-4,1226,-4.299990717781403
dump_369.csv,3-5,1258,-4.4498028418124
dump_369.csv,4-4,584,-4.142415607876712
dump_369.csv,4-5,829,-4.303668021712907
dump_369.csv,5-5,657,-4.450544086757991
dump_370.csv,1-1,234,-3.6246736965811963
dump_370.csv,1-2,390,-3.7021234487179484
dump_370.csv,1-3,424,-4.037590495283019
dump_370.csv,1-4,397,-3.8724745591939547
dump_370.csv,1-5,434,-4.042494711981567
dump_370.csv,2-2,386,-3.7985247797927464
dump_370.csv,2-3,607,-4.123887364085667
dump_370.csv,2-4,564,-3.9551709485815603
dump_370.csv,2-5,624,-4.124996282051282
dump_370.csv,3-3,643,-4.44824199066874
dump_370.csv,3-4,829,-4.294154077201448
dump_370.csv,3-5,912,-4.44712975877193
dump_370.csv,4-4,470,-4.126996265957447
dump_370.csv,4-5,708,-4.301914300847458
dump_370.csv,5-5,924,-4.453467229437229
dump_371.csv,1-1,69,-3.646707971014493
dump_371.csv,1-2,197,-3.7266493401015226
dump_371.csv,1-3,233,-4.0728640343347635
dump_371.csv,1-4,208,-3.9135432451923076
dump_371.csv,1-5,227,-4.075498678414097
dump_371.csv,2-2,347,-3.805057247838617
dump_371.csv,2-3,599,-4.132080934891486
dump_371.csv,2-4,554,-3.979014918772563
dump_371.csv,2-5,594,-4.1384537037037035
dump_371.csv,3-3,1006,-4.472066143141153
dump_371.csv,3-4,1263,-4.32554148456057
dump_371.csv,3-5,1345,-4.471405680297398
dump_371.csv,4-4,458,-4.168668755458516
dump_371.csv,4-5,710,-4.330009718309859
dump_371.csv,5-5,729,-4.473442448559671
dump_372.csv,1-1,509,-3.5651231728880157
dump_372.csv,1-2,568,-3.6466402816901407
dump_372.csv,1-3,767,-3.978603428943938
dump_372.csv,1-4,709,-3.8107270098730606
dump_372.csv,1-5,747,-3.989363005354752
dump_372.csv,2-2,191,-3.748859895287958
dump_372.csv,2-3,398,-4.068618555276382
dump_372.csv,2-4,364,-3.903143722527472
dump_372.csv,2-5,392,-4.075159298469388
dump_372.csv,3-3,749,-4.402815453938585
dump_372.csv,3-4,971,-4.245532595262616
dump_372.csv,3-5,1037,-4.401397352941177
dump_372.csv,4-4,457,-4.078126641137856
dump_372.csv,4-5,694,-4.252243609510087
dump_372.csv,5-5,701,-4.4097962624821685
dump_373.csv,1-1,329,-3.5886875075987845
dump_373.csv,1-2,393,-3.6691480025445293
dump_373.csv,1-3,562,-4.012731886120996
dump_373.csv,1-4,516,-3.8447864534883722
dump_373.csv,1-5,541,-4.019967199630314
dump_373.csv,2-2,190,-3.762335894736842
dump_373.csv,2-3,386,-4.09325
dump_373.csv,2-4,352,-3.9326785227272727
dump_373.csv,2-5,377,-4.0980704641909815
dump_373.csv,3-3,888,-4.432006756756756
dump_373.csv,3-4,1163,-4.277578495270852
dump_373.csv,3-5,1184,-4.430922086148649
dump_373.csv,4-4,526,-4.1196046387832705
dump_373.csv,4-5,769,-4.282673550065019
dump_373.csv,5-5,685,-4.435713167883211
dump_374.csv,1-1,335,-3.5887796119402986
dump_374.csv,1-2,528,-3.6758092045454545
dump_374.csv,1-3,587,-4.021273117546849
dump_374.csv,1-4,589,-3.8452176740237687
dump_374.csv,1-5,479,-4.0280557620041755
dump_374.csv,2-2,349,-3.778251604584527
dump_374.csv,2-3,615,-4.107774658536585
dump_374.csv,2-4,607,-3.93840039538715
dump_374.csv,2-5,479,-4.114850709812108
dump_374.csv,3-3,825,-4.449105430303031
dump_374.csv,3-4,1137,-4.283929665787159
dump_374.csv,3-5,882,-4.446487001133787
dump_374.csv,4-4,816,-4.112675980392157
dump_374.csv,4-5,927,-4.291116801510248
dump_374.csv,5-5,235,-4.448245
dump_375.csv,1-1,229,-3.604779410480349
dump_375.csv,1-2,303,-3.6984004620462048
dump_375.csv,1-3,452,-4.02975796460177
dump_375.csv,1-4,406,-3.8692201477832513
dump_375.csv,1-5,449,-4.032057817371938
dump_375.csv,2-2,180,-3.7788863611111108
dump_375.csv,2-3,367,-4.104491321525885
dump_375.csv,2-4,338,-3.947851775147929
dump_375.csv,2-5,370,-4.1068373108108105
dump_375.csv,3-3,854,-4.442440380562061
dump_375.csv,3-4,1094,-4.292427801645338
dump_375.csv,3-5,1195,-4.439225062761507
dump_375.csv,4-4,442,-4.13100100678733
dump_375.csv,4-5,696,-4.293559791666667
dump_375.csv,5-5,900,-4.439719972222222
dump_376.csv,1-1,98,-3.63312306122449
dump_376.csv,1-2,194,-3.7163686597938144
dump_376.csv,1-3,289,-4.059105380622837
dump_376.csv,1-4,264,-3.9008677083333336
dump_376.csv,1-5,286,-4.062644667832168
dump_376.csv,2-2,190,-3.7927341842105267
dump_376.csv,2-3,405,-4.122597111111111
dump_376.csv,2-4,358,-3.966733240223464
dump_376.csv,2-5,402,-4.1252362189054725
dump_376.csv,3-3,942,-4.463495875796179
dump_376.csv,3-4,1189,-4.316208805719092
dump_376.csv,3-5,1288,-4.460342713509316
dump_376.csv,4-4,459,-4.161044989106754
dump_376.csv,4-5,714,-4.317907303921569
dump_376.csv,5-5,927,-4.460225625674218
dump_377.csv,1-1,150,-3.6157777333333336
dump_377.csv,1-2,207,-3.7006974396135264
dump_377.csv,1-3,310,-4.040336838709678
dump_377.csv,1-4,278,-3.882627517985611
dump_377.csv,1-5,312,-4.039839615384615
dump_377.csv,2-2,188,-3.7921064893617022
dump_377.csv,2-3,397,-4.121364408060454
dump_377.csv,2-4,364,-3.964208942307692
dump_377.csv,2-5,391,-4.1217107544757035
dump_377.csv,3-3,979,-4.461074713993871
dump_377.csv,3-4,1199,-4.315366434528774
dump_377.csv,3-5,1343,-4.456238153387937
dump_377.csv,4-4,468,-4.156689893162393
dump_377.csv,4-5,712,-4.314666762640449
dump_377.csv,5-5,849,-4.4558782803298
dump_378.csv,1-1,120,-3.6332570416666665
dump_378.csv,1-2,228,-3.711750043859649
dump_378.csv,1-3,309,-4.055517766990291
dump_378.csv,1-4,286,-3.894869667832168
dump_378.csv,1-5,306,-4.057466209150327
dump_378.csv,2-2,209,-3.79491990430622
dump_378.csv,2-3,431,-4.122993805104408
dump_378.csv,2-4,397,-3.968252607052897
dump_378.csv,2-5,434,-4.123372016129032
dump_378.csv,3-3,942,-4.4626098619957535
dump_378.csv,3-4,1179,-4.313192561492791
dump_378.csv,3-5,1286,-4.456909599533438
dump_378.csv,4-4,453,-4.155706258278146
dump_378.csv,4-5,711,-4.316642791842476
dump_378.csv,5-5,886,-4.459408177200903
dump_379.csv,1-1,49,-3.6538332653061225
dump_379.csv,1-2,160,-3.72756484375
dump_379.csv,1-3,200,-4.0719632
dump_379.csv,1-4,182,-3.9164840109890107
dump_379.csv,1-5,199,-4.0732034673366835
dump_379.csv,2-2,174,-3.7949644827586204
dump_379.csv,2-3,380,-4.126844315789474
dump_379.csv,2-4,346,-3.972227471098266
dump_379.csv,2-5,382,-4.126756047120419
dump_379.csv,3-3,1004,-4.4758714292828685
dump_379.csv,3-4,1294,-4.329670653013911
dump_379.csv,3-5,1394,-4.470324447632711
dump_379.csv,4-4,461,-4.174793839479393
dump_379.csv,4-5,720,-4.329884951388889
dump_379.csv,5-5,933,-4.467162979635583
dump_380.csv,1-1,60,-3.669445416666667
dump_380.csv,1-2,214,-3.7628118457943924
dump_380.csv,1-3,203,-4.094492413793104
dump_380.csv,1-4,208,-3.9146836778846152
dump_380.csv,1-5,204,-4.101720318627451
dump_380.csv,2-2,789,-3.8505157858048165
dump_380.csv,2-3,1067,-4.172689175257732
dump_380.csv,2-4,1095,-3.9992974931506846
dump_380.csv,2-5,1089,-4.180711974288338
dump_380.csv,3-3,522,-4.499326858237548
dump_380.csv,3-4,778,-4.334086670951157
dump_380.csv,3-5,765,-4.4996944509803924
dump_380.csv,4-4,671,-4.161132690014903
dump_380.csv,4-5,924,-4.341066179653679
dump_380.csv,5-5,585,-4.50413035042735
dump_381.csv,1-1,353,-3.6045531728045326
dump_381.csv,1-2,551,-3.6830069691470055
dump_381.csv,1-3,561,-4.0109231550802145
dump_381.csv,1-4,473,-3.8429952114164903
dump_381.csv,1-5,582,-4.021811572164949
dump_381.csv,2-2,525,-3.7843454285714286
dump_381.csv,2-3,775,-4.096763077419355
dump_381.csv,2-4,629,-3.932940294117647
dump_381.csv,2-5,787,-4.107059942820839
dump_381.csv,3-3,669,-4.417374678624813
dump_381.csv,3-4,779,-4.264647650834403
dump_381.csv,3-5,961,-4.420563225806451
dump_381.csv,4-4,262,-4.089889923664122
dump_381.csv,4-5,473,-4.268235623678647
dump_381.csv,5-5,822,-4.429673035279806
dump_382.csv,1-1,117,-3.625870512820513
dump_382.csv,1-2,277,-3.7309926534296034
dump_382.csv,1-3,279,-4.069962365591398
dump_382.csv,1-4,284,-3.894597429577465
dump_382.csv,1-5,283,-4.076589575971732
dump_382.csv,2-2,585,-3.829149717948718
dump_382.csv,2-3,827,-4.157223349455864
dump_382.csv,2-4,838,-3.986559164677804
dump_382.csv,2-5,835,-4.161669239520958
dump_382.csv,3-3,605,-4.489869743801653
dump_382.csv,3-4,873,-4.327372336769759
dump_382.csv,3-5,867,-4.488109129181084
dump_382.csv,4-4,702,-4.154036787749288
dump_382.csv,4-5,966,-4.329531754658386
dump_382.csv,5-5,629,-4.48692120826709
dump_383.csv,1-1,94,-3.6414481914893617
dump_383.csv,1-2,231,-3.7252105411255414
dump_383.csv,1-3,262,-4.064975896946565
dump_383.csv,1-4,242,-3.8974338223140497
dump_383.csv,1-5,265,-4.070414716981133
dump_383.csv,2-2,380,-3.8126496578947364
dump_383.csv,2-3,628,-4.136148200636942
dump_383.csv,2-4,566,-3.977884028268551
dump_383.csv,2-5,634,-4.1398063170347
dump_383.csv,3-3,757,-4.473952404227212
dump_383.csv,3-4,997,-4.320359819458375
dump_383.csv,3-5,1077,-4.470400102135561
dump_383.csv,4-4,459,-4.160153333333334
dump_383.csv,4-5,711,-4.323830007032349
dump_383.csv,5-5,907,-4.47312065600882
dump_384.csv,1-1,60,-3.6304261666666666
dump_384.csv,1-2,140,-3.7198864999999994
dump_384.csv,1-3,200,-4.0645504
dump_384.csv,1-4,181,-3.906594502762431
dump_384.csv,1-5,197,-4.06298616751269
dump_384.csv,2-2,191,-3.7971332460732983
dump_384.csv,2-3,377,-4.131705968169761
dump_384.csv,2-4,341,-3.9782276539589443
dump_384.csv,2-5,377,-4.131393793103449
dump_384.csv,3-3,1019,-4.473962767419039
dump_384.csv,3-4,1255,-4.329643928286853
dump_384.csv,3-5,1388,-4.467274157060519
dump_384.csv,4-4,468,-4.1749583333333335
dump_384.csv,4-5,711,-4.330404592123769
dump_384.csv,5-5,927,-4.467219590075512
dump_385.csv,1-1,497,-3.5542282897384307
dump_385.csv,1-2,646,-3.640945758513932
dump_385.csv,1-3,742,-3.988058989218329
dump_385.csv,1-4,744,-3.8115233736559135
dump_385.csv,1-5,565,-3.9982015044247787
dump_385.csv,2-2,348,-3.75530132183908
dump_385.csv,2-3,579,-4.091133246977547
dump_385.csv,2-4,574,-3.915559233449477
dump_385.csv,2-5,421,-4.093442648456057
dump_385.csv,3-3,790,-4.427713841772152
dump_385.csv,3-4,1088,-4.26126296875
dump_385.csv,3-5,781,-4.42928152368758
dump_385.csv,4-4,804,-4.08926743159204
dump_385.csv,4-5,830,-4.272029656626506
dump_385.csv,5-5,187,-4.43989320855615
dump_386.csv,1-1,44,-3.658145
dump_386.csv,1-2,141,-3.729843971631206
dump_386.csv,1-3,200,-4.074356625
dump_386.csv,1-4,181,-3.923306408839779
dump_386.csv,1-5,198,-4.074054065656566
dump_386.csv,2-2,160,-3.7973330937500003
dump_386.csv,2-3,357,-4.1287457563025205
dump_386.csv,2-4,333,-3.9751986036036038
dump_386.csv,2-5,358,-4.128728603351956
dump_386.csv,3-3,1010,-4.474732747524753
dump_386.csv,3-4,1276,-4.331983048589342
dump_386.csv,3-5,1391,-4.4681580589503955
dump_386.csv,4-4,469,-4.175978923240938
dump_386.csv,4-5,720,-4.3305506736111115
dump_386.csv,5-5,952,-4.466945514705882
dump_387.csv,1-1,125,-3.6458688
dump_387.csv,1-2,306,-3.741923545751634
dump_387.csv,1-3,286,-4.0743040909090915
dump_387.csv,1-4,312,-3.899165416666667
dump_387.csv,1-5,319,-4.080391990595611
dump_387.csv,2-2,612,-3.835134158496732
dump_387.csv,2-3,819,-4.156733534798534
dump_387.csv,2-4,873,-3.9808367182130584
dump_387.csv,2-5,897,-4.160290713489409
dump_387.csv,3-3,402,-4.482106094527363
dump_387.csv,3-4,628,-4.32055048566879
dump_387.csv,3-5,647,-4.479981190108192
dump_387.csv,4-4,600,-4.142900275000001
dump_387.csv,4-5,875,-4.322659297142857
dump_387.csv,5-5,869,-4.483367721518987
dump_388.csv,1-1,359,-3.594995710306407
dump_388.csv,1-2,523,-3.6790846749521986
dump_388.csv,1-3,577,-4.022580485268631
dump_388.csv,1-4,608,-3.8427928371710522
dump_388.csv,1-5,585,-4.028620495726496
dump_388.csv,2-2,322,-3.780332313664596
dump_388.csv,2-3,542,-4.108525544280443
dump_388.csv,2-4,551,-3.9336274410163337
dump_388.csv,2-5,544,-4.111760073529412
dump_388.csv,3-3,586,-4.452385187713311
dump_388.csv,3-4,854,-4.284024326697892
dump_388.csv,3-5,833,-4.446674567827131
dump_388.csv,4-4,737,-4.103395848032565
dump_388.csv,4-5,995,-4.282028412060302
dump_388.csv,5-5,612,-4.449469632352941
dump_389.csv,1-1,198,-3.6176061111111113
dump_389.csv,1-2,307,-3.696071254071661
dump_389.csv,1-3,390,-4.043832525641026
dump_389.csv,1-4,375,-3.873589893333333
dump_389.csv,1-5,390,-4.044534782051282
dump_389.csv,2-2,247,-3.789358218623482
dump_389.csv,2-3,475,-4.118319957894737
dump_389.csv,2-4,457,-3.9596434135667393
dump_389.csv,2-5,471,-4.1203365180467095
dump_389.csv,3-3,898,-4.462968763919822
dump_389.csv,3-4,1186,-4.307700716694772
dump_389.csv,3-5,1215,-4.458872773662551
dump_389.csv,4-4,598,-4.142670033444816
dump_389.csv,4-5,837,-4.307507682198327
dump_389.csv,5-5,704,-4.457201960227272
dump_390.csv,1-1,97,-3.638509175257732
dump_390.csv,1-2,201,-3.7199866169154228
dump_390.csv,1-3,279,-4.058839157706093
dump_390.csv,1-4,254,-3.901543838582677
dump_390.csv,1-5,281,-4.0610814412811385
dump_390.csv,2-2,186,-3.792541129032258
dump_390.csv,2-3,402,-4.119112288557214
dump_390.csv,2-4,366,-3.9623556420765023
dump_390.csv,2-5,405,-4.120798913580247
dump_390.csv,3-3,947,-4.465958004223865
dump_390.csv,3-4,1171,-4.316967502134927
dump_390.csv,3-5,1291,-4.460787122385748
dump_390.csv,4-4,446,-4.158147488789238
dump_390.csv,4-5,698,-4.318239892550143
dump_390.csv,5-5,934,-4.459075776231264
dump_391.csv,1-1,97,-3.643275206185567
dump_391.csv,1-2,226,-3.7144476327433624
dump_391.csv,1-3,296,-4.059615185810811
dump_391.csv,1-4,263,-3.905179429657795
dump_391.csv,1-5,295,-4.061920033898305
dump_391.csv,2-2,200,-3.783061425
dump_391.csv,2-3,416,-4.116600444711539
dump_391.csv,2-4,379,-3.9632721635883903
dump_391.csv,2-5,415,-4.119696060240964
dump_391.csv,3-3,943,-4.4635246076352075
dump_391.csv,3-4,1168,-4.316161395547945
dump_391.csv,3-5,1290,-4.459707624031007
dump_391.csv,4-4,461,-4.161323882863341
dump_391.csv,4-5,703,-4.31769527027027
dump_391.csv,5-5,927,-4.458006003236246
dump_392.csv,1-1,46,-3.659378695652174
dump_392.csv,1-2,139,-3.724452517985611
dump_392.csv,1-3,199,-4.0699264572864315
dump_392.csv,1-4,178,-3.9193450000000003
dump_392.csv,1-5,198,-4.072608939393939
dump_392.csv,2-2,172,-3.799391715116279
dump_392.csv,2-3,385,-4.127829571428571
dump_392.csv,2-4,353,-3.9771259773371104
dump_392.csv,2-5,387,-4.128750775193798
dump_392.csv,3-3,1010,-4.472742391089109
dump_392.csv,3-4,1271,-4.328704335169157
dump_392.csv,3-5,1377,-4.4683695679012345
dump_392.csv,4-4,465,-4.176691741935484
dump_392.csv,4-5,717,-4.3316730404463035
dump_392.csv,5-5,911,-4.467524538968167
dump_393.csv,1-1,315,-3.590295888888889
dump_393.csv,1-2,405,-3.6716491975308645
dump_393.csv,1-3,564,-4.0138010372340425
dump_393.csv,1-4,520,-3.8516411442307694
dump_393.csv,1-5,541,-4.018340831792976
dump_393.csv,2-2,193,-3.7622407772020727
dump_393.csv,2-3,398,-4.087831344221105
dump_393.csv,2-4,370,-3.9298708513513514
dump_393.csv,2-5,386,-4.096799106217617
dump_393.csv,3-3,943,-4.428633303287381
dump_393.csv,3-4,1200,-4.2772049375
dump_393.csv,3-5,1258,-4.428138096184419
dump_393.csv,4-4,486,-4.118291203703704
dump_393.csv,4-5,729,-4.283029437585734
dump_393.csv,5-5,644,-4.434658043478261
dump_394.csv,1-1,73,-3.6387575342465754
dump_394.csv,1-2,160,-3.71888471875
dump_394.csv,1-3,234,-4.0622651923076925
dump_394.csv,1-4,220,-3.903675340909091
dump_394.csv,1-5,235,-4.064969148936171
dump_394.csv,2-2,158,-3.796331455696203
dump_394.csv,2-3,370,-4.126820837837838
dump_394.csv,2-4,339,-3.974502713864307
dump_394.csv,2-5,365,-4.124601287671233
dump_394.csv,3-3,999,-4.471720265265265
dump_394.csv,3-4,1285,-4.325947513618678
dump_394.csv,3-5,1384,-4.465946271676301
dump_394.csv,4-4,472,-4.167234576271186
dump_394.csv,4-5,717,-4.325086220362622
dump_394.csv,5-5,902,-4.463679939024391
dump_395.csv,1-1,82,-3.651324024390244
dump_395.csv,1-2,200,-3.720560975
dump_395.csv,1-3,248,-4.067967379032258
dump_395.csv,1-4,238,-3.904137268907563
dump_395.csv,1-5,248,-4.067585806451612
dump_395.csv,2-2,239,-3.7931003974895394
dump_395.csv,2-3,474,-4.124947932489452
dump_395.csv,2-4,441,-3.969764092970521
dump_395.csv,2-5,467,-4.1290148608137045
dump_395.csv,3-3,930,-4.4717258010752685
dump_395.csv,3-4,1204,-4.321702230066445
dump_395.csv,3-5,1297,-4.466131033153431
dump_395.csv,4-4,441,-4.164618299319728
dump_395.csv,4-5,707,-4.323781838755304
dump_395.csv,5-5,890,-4.46535756741573
dump_396.csv,1-1,46,-3.660113695652174
dump_396.csv,1-2,134,-3.731162276119403
dump_396.csv,1-3,197,-4.0768461928934006
dump_396.csv,1-4,183,-3.9151096174863387
dump_396.csv,1-5,197,-4.075558807106599
dump_396.csv,2-2,176,-3.799119034090909
dump_396.csv,2-3,382,-4.1277114528795815
dump_396.csv,2-4,355,-3.9730264366197185
dump_396.csv,2-5,384,-4.128106484375
dump_396.csv,3-3,998,-4.473466793587175
dump_396.csv,3-4,1272,-4.328087472484277
dump_396.csv,3-5,1386,-4.469444101731602
dump_396.csv,4-4,452,-4.174119623893805
dump_396.csv,4-5,713,-4.328543597475456
dump_396.csv,5-5,927,-4.467851882416397
dump_397.csv,1-1,407,-3.5931175307125307
dump_397.csv,1-2,650,-3.6813067692307695
dump_397.csv,1-3,638,-3.9991681661442007
dump_397.csv,1-4,520,-3.830135875
dump_397.csv,1-5,573,-4.0205147033158815
dump_397.csv,2-2,842,-3.788573640142518
dump_397.csv,2-3,1147,-4.092699071490846
dump_397.csv,2-4,925,-3.9286534648648646
dump_397.csv,2-5,1025,-4.112810092682927
dump_397.csv,3-3,771,-4.401138287937743
dump_397.csv,3-4,822,-4.247769945255475
dump_397.csv,3-5,900,-4.41137485
dump_397.csv,4-4,231,-4.083245194805195
dump_397.csv,4-5,400,-4.2622988125
dump_397.csv,5-5,379,-4.429012704485488
dump_398.csv,1-1,107,-3.6455387383177573
dump_398.csv,1-2,211,-3.728353578199052
dump_398.csv,1-3,283,-4.077164399293286
dump_398.csv,1-4,291,-3.899946443298969
dump_398.csv,1-5,295,-4.070881050847458
dump_398.csv,2-2,201,-3.8178591791044774
dump_398.csv,2-3,397,-4.1448171788413095
dump_398.csv,2-4,417,-3.9785237290167865
dump_398.csv,2-5,423,-4.143229645390071
dump_398.csv,3-3,617,-4.491615599675851
dump_398.csv,3-4,885,-4.330970598870056
dump_398.csv,3-5,905,-4.484871917127072
dump_398.csv,4-4,770,-4.158496038961038
dump_398.csv,4-5,1074,-4.327445283985102
dump_398.csv,5-5,919,-4.481891289445048
dump_399.csv,1-1,57,-3.6608746491228072
dump_399.csv,1-2,134,-3.725734141791045
dump_399.csv,1-3,197,-4.068034365482234
dump_399.csv,1-4,184,-3.9079036141304346
dump_399.csv,1-5,196,-4.070654081632653
dump_399.csv,2-2,182,-3.79955989010989
dump_399.csv,2-3,383,-4.130766540469974
dump_399.csv,2-4,341,-3.975257815249267
dump_399.csv,2-5,381,-4.133307979002625
dump_399.csv,3-3,1010,-4.472306064356435
dump_399.csv,3-4,1263,-4.326431579572446
dump_399.csv,3-5,1387,-4.468696301369863
dump_399.csv,4-4,463,-4.171112051835853
dump_399.csv,4-5,704,-4.3279905113636365
dump_399.csv,5-5,939,-4.466982103301384
dump_400.csv,1-1,134,-3.6332355597014927
dump_400.csv,1-2,245,-3.7033624081632652
dump_400.csv,1-3,328,-4.054482789634147
dump_400.csv,1-4,308,-3.8907349675324676
dump_400.csv,1-5,324,-4.05609
dump_400.csv,2-2,197,-3.7960825888324874
dump_400.csv,2-3,417,-4.120199040767386
dump_400.csv,2-4,394,-3.964556852791878
dump_400.csv,2-5,410,-4.122360463414634
dump_400.csv,3-3,911,-4.467646180021954
dump_400.csv,3-4,1225,-4.316441093877551
dump_400.csv,3-5,1276,-4.462191159874608
dump_400.csv,4-4,553,-4.1561974141048825
dump_400.csv,4-5,806,-4.316288629032258
dump_400.csv,5-5,789,-4.4610567997465145
dump_401.csv,1-1,175,-3.616057371428571
dump_401.csv,1-2,277,-3.6922795667870036
dump_401.csv,1-3,375,-4.043466373333334
dump_401.csv,1-4,346,-3.8775456213872834
dump_401.csv,1-5,375,-4.043396413333333
dump_401.csv,2-2,186,-3.783435537634409
dump_401.csv,2-3,407,-4.112971756756757
dump_401.csv,2-4,369,-3.9550836449864497
dump_401.csv,2-5,404,-4.114490544554455
dump_401.csv,3-3,890,-4.455709219101124
dump_401.csv,3-4,1159,-4.303323084555651
dump_401.csv,3-5,1254,-4.453200195374801
dump_401.csv,4-4,479,-4.145078162839249
dump_401.csv,4-5,742,-4.306616320754717
dump_401.csv,5-5,839,-4.452093849821216
dump_402.csv,1-1,261,-3.6074557854406133
dump_402.csv,1-2,410,-3.6831704024390244
dump_402.csv,1-3,493,-4.026393164300202
dump_402.csv,1-4,453,-3.8634413355408386
dump_402.csv,1-5,488,-4.031231434426229
dump_402.csv,2-2,281,-3.7714133096085405
dump_402.csv,2-3,516,-4.101786279069768
dump_402.csv,2-4,484,-3.9385173243801654
dump_402.csv,2-5,499,-4.106544048096192
dump_402.csv,3-3,901,-4.438770754716981
dump_402.csv,3-4,1136,-4.288002253521126
dump_402.csv,3-5,1187,-4.438482603201348
dump_402.csv,4-4,479,-4.125044572025052
dump_402.csv,4-5,724,-4.291732569060773
dump_402.csv,5-5,666,-4.445001366366366
dump_403.csv,1-1,68,-3.645593382352941
dump_403.csv,1-2,119,-3.7238106722689075
dump_403.csv,1-3,217,-4.081635737327189
dump_403.csv,1-4,218,-3.909246399082569
dump_403.csv,1-5,218,-4.076635412844037
dump_403.csv,2-2,81,-3.7978522839506175
dump_403.csv,2-3,240,-4.138889958333333
dump_403.csv,2-4,239,-3.9767665271966526
dump_403.csv,2-5,240,-4.134069291666667
dump_403.csv,3-3,887,-4.50019408680947
dump_403.csv,3-4,1230,-4.3432654959349595
dump_403.csv,3-5,1224,-4.48941381127451
dump_403.csv,4-4,820,-4.181658396341463
dump_403.csv,4-5,1124,-4.340114457295374
dump_403.csv,5-5,806,-4.482981867245658
dump_404.csv,1-1,60,-3.6489392499999997
dump_404.csv,1-2,134,-3.7163855970149253
dump_404.csv,1-3,199,-4.066097462311558
dump_404.csv,1-4,180,-3.909425861111111
dump_404.csv,1-5,196,-4.064404846938776
dump_404.csv,2-2,178,-3.797652837078652
dump_404.csv,2-3,373,-4.130524021447721
dump_404.csv,2-4,342,-3.9760625584795317
dump_404.csv,2-5,373,-4.129545710455764
dump_404.csv,3-3,1017,-4.47562273844641
dump_404.csv,3-4,1274,-4.330237943485086
dump_404.csv,3-5,1390,-4.470952482014389
dump_404.csv,4-4,477,-4.17400679245283
dump_404.csv,4-5,720,-4.329086118055556
dump_404.csv,5-5,932,-4.4684134710300425
dump_405.csv,1-1,269,-3.604810185873606
dump_405.csv,1-2,359,-3.6897984958217274
dump_405.csv,1-3,490,-4.022251887755102
dump_405.csv,1-4,449,-3.860476525612472
dump_405.csv,1-5,504,-4.027081974206349
dump_405.csv,2-2,205,-3.7783881219512194
dump_405.csv,2-3,400,-4.102880925
dump_405.csv,2-4,383,-3.9413555091383814
dump_405.csv,2-5,411,-4.106123114355231
dump_405.csv,3-3,752,-4.4381761635638295
dump_405.csv,3-4,965,-4.285486383419689
dump_405.csv,3-5,1069,-4.432070898035547
dump_405.csv,4-4,453,-4.124128675496689
dump_405.csv,4-5,707,-4.290412729844413
dump_405.csv,5-5,935,-4.436084411764705
dump_406.csv,1-1,110,-3.6432313181818183
dump_406.csv,1-2,230,-3.727973391304348
dump_406.csv,1-3,283,-4.061127844522968
dump_406.csv,1-4,264,-3.8973889015151513
dump_406.csv,1-5,288,-4.062965260416666
dump_406.csv,2-2,339,-3.8111262389380527
dump_406.csv,2-3,564,-4.135983590425531
dump_406.csv,2-4,523,-3.9770527342256212
dump_406.csv,2-5,572,-4.137232465034965
dump_406.csv,3-3,806,-4.468725657568238
dump_406.csv,3-4,1019,-4.317714661432777
dump_406.csv,3-5,1118,-4.465016484794275
dump_406.csv,4-4,467,-4.15607017130621
dump_406.csv,4-5,711,-4.318350780590717
dump_406.csv,5-5,926,-4.465568747300216
dump_407.csv,1-1,238,-3.6068207563025214
dump_407.csv,1-2,336,-3.6854993452380955
dump_407.csv,1-3,454,-4.0248028414096915
dump_407.csv,1-4,420,-3.8605633214285713
dump_407.csv,1-5,457,-4.031134551422319
dump_407.csv,2-2,209,-3.7817744019138755
dump_407.csv,2-3,420,-4.104347023809524
dump_407.csv,2-4,379,-3.9453189050131927
dump_407.csv,2-5,421,-4.108493004750594
dump_407.csv,3-3,837,-4.442536983273596
dump_407.csv,3-4,1037,-4.291606716489874
dump_407.csv,3-5,1139,-4.441856611062335
dump_407.csv,4-4,448,-4.126179520089286
dump_407.csv,4-5,692,-4.292715888728324
dump_407.csv,5-5,901,-4.444862419533851
dump_408.csv,1-1,93,-3.648175053763441
dump_408.csv,1-2,239,-3.7216285355648533
dump_408.csv,1-3,273,-4.066330293040293
dump_408.csv,1-4,247,-3.9075505668016195
dump_408.csv,1-5,270,-4.071616851851852
dump_408.csv,2-2,374,-3.8000763903743313
dump_408.csv,2-3,608,-4.12822806743421
dump_408.csv,2-4,546,-3.972815631868132
dump_408.csv,2-5,596,-4.1328430285234905
dump_408.csv,3-3,969,-4.4682051083591325
dump_408.csv,3-4,1218,-4.320769926108374
dump_408.csv,3-5,1302,-4.464515798771122
dump_408.csv,4-4,452,-4.162036073008849
dump_408.csv,4-5,687,-4.320564330422125
dump_408.csv,5-5,729,-4.465412242798354
dump_409.csv,1-1,60,-3.61868175
dump_409.csv,1-2,135,-3.71846562962963
dump_409.csv,1-3,196,-4.063524923469387
dump_409.csv,1-4,185,-3.902808486486487
dump_409.csv,1-5,200,-4.063197975
dump_409.csv,2-2,164,-3.801291158536585
dump_409.csv,2-3,374,-4.127903863636364
dump_409.csv,2-4,335,-3.9768988208955225
dump_409.csv,2-5,375,-4.129210226666666
dump_409.csv,3-3,1021,-4.474930200783545
dump_409.csv,3-4,1276,-4.329136148119122
dump_409.csv,3-5,1389,-4.470276576673866
dump_409.csv,4-4,457,-4.1729330962800875
dump_409.csv,4-5,714,-4.330090973389356
dump_409.csv,5-5,919,-4.468069102285092
dump_410.csv,1-1,269,-3.5925816728624533
dump_410.csv,1-2,398,-3.6870336432160804
dump_410.csv,1-3,479,-4.023224603340292
dump_410.csv,1-4,466,-3.86095089055794
dump_410.csv,1-5,441,-4.03240253968254
dump_410.csv,2-2,329,-3.7828181762917934
dump_410.csv,2-3,570,-4.1187553333333335
dump_410.csv,2-4,552,-3.952011186594203
dump_410.csv,2-5,528,-4.12407831439394
dump_410.csv,3-3,902,-4.457378536585366
dump_410.csv,3-4,1210,-4.296725351239669
dump_410.csv,3-5,1144,-4.453840930944056
dump_410.csv,4-4,683,-4.134499846266471
dump_410.csv,4-5,913,-4.305393729463308
dump_410.csv,5-5,428,-4.45877
dump_411.csv,1-1,160,-3.6284574375
dump_411.csv,1-2,271,-3.703882749077491
dump_411.csv,1-3,376,-4.045604308510638
dump_411.csv,1-4,342,-3.8856547368421053
dump_411.csv,1-5,373,-4.049198056300268
dump_411.csv,2-2,212,-3.7852037971698116
dump_411.csv,2-3,429,-4.109395244755245
dump_411.csv,2-4,391,-3.953598759590793
dump_411.csv,2-5,424,-4.112621591981132
dump_411.csv,3-3,942,-4.452276836518047
dump_411.csv,3-4,1189,-4.3030009377628256
dump_411.csv,3-5,1293,-4.44875096287703
dump_411.csv,4-4,458,-4.14295096069869
dump_411.csv,4-5,710,-4.304679204225352
dump_411.csv,5-5,828,-4.4508137318840575
dump_412.csv,1-1,61,-3.6435574590163933
dump_412.csv,1-2,151,-3.7258289403973515
dump_412.csv,1-3,214,-4.064272336448598
dump_412.csv,1-4,191,-3.9102383246073296
dump_412.csv,1-5,213,-4.067668427230047
dump_412.csv,2-2,163,-3.796049447852761
dump_412.csv,2-3,364,-4.128244038461538
dump_412.csv,2-4,333,-3.972436186186186
dump_412.csv,2-5,361,-4.125072548476455
dump_412.csv,3-3,1002,-4.4729410329341315
dump_412.csv,3-4,1260,-4.328171218253969
dump_412.csv,3-5,1371,-4.467361280087527
dump_412.csv,4-4,450,-4.172155377777778
dump_412.csv,4-5,723,-4.329625013831259
dump_412.csv,5-5,933,-4.466688177920686
dump_413.csv,1-1,94,-3.6412951595744683
dump_413.csv,1-2,203,-3.714656551724138
dump_413.csv,1-3,262,-4.0608994274809165
dump_413.csv,1-4,234,-3.9011065384615384
dump_413.csv,1-5,263,-4.062644182509506
dump_413.csv,2-2,211,-3.788176398104265
dump_413.csv,2-3,420,-4.121989607142857
dump_413.csv,2-4,379,-3.9654254353562006
dump_413.csv,2-5,427,-4.123067693208431
dump_413.csv,3-3,933,-4.466943001071812
dump_413.csv,3-4,1168,-4.321245342465754
dump_413.csv,3-5,1297,-4.462694818812644
dump_413.csv,4-4,444,-4.163204403153153
dump_413.csv,4-5,699,-4.323314284692418
dump_413.csv,5-5,950,-4.464865684210526
dump_414.csv,1-1,54,-3.6525600925925925
dump_414.csv,1-2,136,-3.7257685294117646
dump_414.csv,1-3,199,-4.069156608040201
dump_414.csv,1-4,182,-3.9131782417582417
dump_414.csv,1-5,198,-4.072332752525252
dump_414.csv,2-2,164,-3.797887804878049
dump_414.csv,2-3,353,-4.1257763881019835
dump_414.csv,2-4,319,-3.97674197492163
dump_414.csv,2-5,355,-4.128236408450704
dump_414.csv,3-3,1005,-4.475759427860696
dump_414.csv,3-4,1279,-4.330469741985927
dump_414.csv,3-5,1392,-4.469532230603448
dump_414.csv,4-4,480,-4.17462815625
dump_414.csv,4-5,730,-4.328179061643835
dump_414.csv,5-5,944,-4.466091366525424
dump_415.csv,1-1,299,-3.5970363545150503
dump_415.csv,1-2,411,-3.674059464720195
dump_415.csv,1-3,530,-4.023597141509434
dump_415.csv,1-4,525,-3.856719038095238
dump_415.csv,1-5,495,-4.028711727272727
dump_415.csv,2-2,203,-3.7731721674876844
dump_415.csv,2-3,413,-4.10179995157385
dump_415.csv,2-4,400,-3.93604135
dump_415.csv,2-5,387,-4.1058500129198965
dump_415.csv,3-3,943,-4.445223748674443
dump_415.csv,3-4,1249,-4.289748122497999
dump_415.csv,3-5,1208,-4.443681912251655
dump_415.csv,4-4,667,-4.125719227886057
dump_415.csv,4-5,890,-4.292295011235955
dump_415.csv,5-5,506,-4.443038833992095
dump_416.csv,1-1,52,-3.6520232692307695
dump_416.csv,1-2,125,-3.718823
dump_416.csv,1-3,201,-4.066707139303483
dump_416.csv,1-4,185,-3.911874216216216
dump_416.csv,1-5,199,-4.0695417085427135
dump_416.csv,2-2,172,-3.798688459302326
dump_416.csv,2-3,378,-4.131021111111111
dump_416.csv,2-4,349,-3.974894226361031
dump_416.csv,2-5,377,-4.128529575596818
dump_416.csv,3-3,1008,-4.474145188492064
dump_416.csv,3-4,1250,-4.32684114
dump_416.csv,3-5,1390,-4.470245068345324
dump_416.csv,4-4,466,-4.169685847639485
dump_416.csv,4-5,716,-4.327554867318436
dump_416.csv,5-5,934,-4.4679893629550325
dump_417.csv,1-1,339,-3.594658274336283
dump_417.csv,1-2,360,-3.656732569444445
dump_417.csv,1-3,570,-4.001641982456141
dump_417.csv,1-4,471,-3.8392194373673036
dump_417.csv,1-5,568,-4.008549533450704
dump_417.csv,2-2,114,-3.7500669736842105
dump_417.csv,2-3,285,-4.072268070175438
dump_417.csv,2-4,237,-3.915606582278481
dump_417.csv,2-5,286,-4.079487972027971
dump_417.csv,3-3,959,-4.41301515641293
dump_417.csv,3-4,1077,-4.266353152274837
dump_417.csv,3-5,1314,-4.411429151445967
dump_417.csv,4-4,278,-4.104818219424461
dump_417.csv,4-5,518,-4.267887451737452
dump_417.csv,5-5,929,-4.41777122174381
dump_418.csv,1-1,55,-3.6400675454545453
dump_418.csv,1-2,146,-3.720441267123288
dump_418.csv,1-3,203,-4.064902512315271
dump_418.csv,1-4,187,-3.906775481283422
dump_418.csv,1-5,202,-4.065489059405941
dump_418.csv,2-2,158,-3.7965622151898732
dump_418.csv,2-3,365,-4.12661005479452
dump_418.csv,2-4,333,-3.974365540540541
dump_418.csv,2-5,363,-4.126105633608815
dump_418.csv,3-3,1007,-4.474513892750745
dump_418.csv,3-4,1275,-4.328836478431373
dump_418.csv,3-5,1387,-4.468895969718818
dump_418.csv,4-4,456,-4.175995274122807
dump_418.csv,4-5,713,-4.330567903225806
dump_418.csv,5-5,941,-4.466687252922424
dump_419.csv,1-1,94,-3.6375081382978727
dump_419.csv,1-2,187,-3.7163417914438504
dump_419.csv,1-3,258,-4.057511259689923
dump_419.csv,1-4,240,-3.8992661666666666
dump_419.csv,1-5,258,-4.059752325581395
dump_419.csv,2-2,193,-3.7942195336787563
dump_419.csv,2-3,413,-4.12381725181598
dump_419.csv,2-4,380,-3.971463197368421
dump_419.csv,2-5,412,-4.12567963592233
dump_419.csv,3-3,928,-4.468411961206897
dump_419.csv,3-4,1182,-4.323119285109983
dump_419.csv,3-5,1296,-4.46368875
dump_419.csv,4-4,454,-4.166239790748898
dump_419.csv,4-5,713,-4.323475673211782
dump_419.csv,5-5,934,-4.463531611349036
dump_420.csv,1-1,78,-3.637875576923077
dump_420.csv,1-2,186,-3.72653252688172
dump_420.csv,1-3,244,-4.063312418032787
dump_420.csv,1-4,227,-3.906569911894273
dump_420.csv,1-5,239,-4.068099832635983
dump_420.csv,2-2,217,-3.7982429723502302
dump_420.csv,2-3,420,-4.1288076190476195
dump_420.csv,2-4,396,-3.972562563131313
dump_420.csv,2-5,429,-4.129847843822844
dump_420.csv,3-3,937,-4.470646366061899
dump_420.csv,3-4,1218,-4.3231347577996715
dump_420.csv,3-5,1304,-4.46596657208589
dump_420.csv,4-4,461,-4.167902288503254
dump_420.csv,4-5,719,-4.326491008344924
dump_420.csv,5-5,929,-4.467687545748117
dump_421.csv,1-1,126,-3.6302128174603174
dump_421.csv,1-2,219,-3.709517808219178
dump_421.csv,1-3,295,-4.050012372881357
dump_421.csv,1-4,277,-3.8911105054151625
dump_421.csv,1-5,295,-4.052265830508475
dump_421.csv,2-2,212,-3.7936824056603773
dump_421.csv,2-3,426,-4.123007382629108
dump_421.csv,2-4,400,-3.96874395
dump_421.csv,2-5,430,-4.122510406976744
dump_421.csv,3-3,928,-4.464970474137931
dump_421.csv,3-4,1177,-4.315239821580288
dump_421.csv,3-5,1271,-4.459467301337529
dump_421.csv,4-4,460,-4.157406739130435
dump_421.csv,4-5,720,-4.319163055555555
dump_421.csv,5-5,911,-4.460160406147091
dump_422.csv,1-1,340,-3.596263529411765
dump_422.csv,1-2,473,-3.678558308668076
dump_422.csv,1-3,558,-4.022953879928315
dump_422.csv,1-4,551,-3.8481298275862073
dump_422.csv,1-5,555,-4.0291060000000005
dump_422.csv,2-2,291,-3.7767833676975946
dump_422.csv,2-3,502,-4.111242171314741
dump_422.csv,2-4,519,-3.9400166666666667
dump_422.csv,2-5,509,-4.1146487131630645
dump_422.csv,3-3,623,-4.4511779454253615
dump_422.csv,3-4,880,-4.287525767045454
dump_422.csv,3-5,875,-4.4486048857142855
dump_422.csv,4-4,723,-4.11736479944675
dump_422.csv,4-5,1009,-4.2931994301288405
dump_422.csv,5-5,645,-4.452563852713179
dump_423.csv,1-1,242,-3.6128028719008265
dump_423.csv,1-2,426,-3.6941751877934275
dump_423.csv,1-3,460,-4.030435684782609
dump_423.csv,1-4,414,-3.8692580193236714
dump_423.csv,1-5,432,-4.042238599537037
dump_423.csv,2-2,505,-3.7893472475247525
dump_423.csv,2-3,776,-4.111400193298969
dump_423.csv,2-4,716,-3.952910991620112
dump_423.csv,2-5,724,-4.121552251381216
dump_423.csv,3-3,918,-4.440164477124183
dump_423.csv,3-4,1142,-4.290561011383538
dump_423.csv,3-5,1159,-4.442858364969802
dump_423.csv,4-4,463,-4.127661760259179
dump_423.csv,4-5,672,-4.300430037202381
dump_423.csv,5-5,493,-4.453241186612576
dump_424.csv,1-1,217,-3.6107346313364053
dump_424.csv,1-2,339,-3.696465
dump_424.csv,1-3,422,-4.03659539099526
dump_424.csv,1-4,396,-3.870300782828283
dump_424.csv,1-5,431,-4.038041693735499
dump_424.csv,2-2,259,-3.789366158301158
dump_424.csv,2-3,467,-4.112977591006424
dump_424.csv,2-4,435,-3.952712804597701
dump_424.csv,2-5,468,-4.116408472222222
dump_424.csv,3-3,781,-4.451181209987197
dump_424.csv,3-4,1018,-4.298100628683693
dump_424.csv,3-5,1096,-4.448714416058395
dump_424.csv,4-4,458,-4.134446746724891
dump_424.csv,4-5,721,-4.297899140083218
dump_424.csv,5-5,894,-4.448774636465324
dump_425.csv,1-1,106,-3.6476394811320754
dump_425.csv,1-2,277,-3.733619350180505
dump_425.csv,1-3,291,-4.073797835051546
dump_425.csv,1-4,284,-3.900615334507042
dump_425.csv,1-5,291,-4.079119192439863
dump_425.csv,2-2,491,-3.8173630855397147
dump_425.csv,2-3,724,-4.144295607734807
dump_425.csv,2-4,716,-3.979440104748603
dump_425.csv,2-5,739,-4.148333883626522
dump_425.csv,3-3,706,-4.480122584985836
dump_425.csv,3-4,963,-4.323739366562824
dump_425.csv,3-5,983,-4.479985142421159
dump_425.csv,4-4,603,-4.1540992039801
dump_425.csv,4-5,877,-4.326837867730901
dump_425.csv,5-5,733,-4.480436930422919
dump_426.csv,1-1,394,-3.607843236040609
dump_426.csv,1-2,599,-3.6886421035058428
dump_426.csv,1-3,613,-4.009129355628058
dump_426.csv,1-4,457,-3.841448577680525
dump_426.csv,1-5,635,-4.021848228346457
dump_426.csv,2-2,582,-3.782645120274914
dump_426.csv,2-3,812,-4.086935905172414
dump_426.csv,2-4,638,-3.9280757680250784
dump_426.csv,2-5,838,-4.102659761336516
dump_426.csv,3-3,611,-4.398217725040916
dump_426.csv,3-4,639,-4.250208544600939
dump_426.csv,3-5,897,-4.404718115942029
dump_426.csv,4-4,206,-4.087622257281554
dump_426.csv,4-5,412,-4.260951735436893
dump_426.csv,5-5,855,-4.420741064327485
dump_427.csv,1-1,50,-3.665113
dump_427.csv,1-2,181,-3.7371729834254146
dump_427.csv,1-3,222,-4.084900157657658
dump_427.csv,1-4,208,-3.923767836538462
dump_427.csv,1-5,219,-4.082908493150685
dump_427.csv,2-2,287,-3.804515923344948
dump_427.csv,2-3,515,-4.138870776699029
dump_427.csv,2-4,485,-3.98053312371134
dump_427.csv,2-5,507,-4.138227682445759
dump_427.csv,3-3,887,-4.483881939120631
dump_427.csv,3-4,1159,-4.334145940465919
dump_427.csv,3-5,1238,-4.475460105008077
dump_427.csv,4-4,571,-4.174550796847636
dump_427.csv,4-5,820,-4.334942463414634
dump_427.csv,5-5,832,-4.474001706730769
dump_428.csv,1-1,93,-3.6479486559139787
dump_428.csv,1-2,186,-3.7158270430107527
dump_428.csv,1-3,267,-4.0616584082397
dump_428.csv,1-4,245,-3.9023818571428572
dump_428.csv,1-5,268,-4.061076100746268
dump_428.csv,2-2,202,-3.7998401237623765
dump_428.csv,2-3,416,-4.1288170673076925
dump_428.csv,2-4,375,-3.9706437333333335
dump_428.csv,2-5,414,-4.126040507246377
dump_428.csv,3-3,937,-4.4711579242262545
dump_428.csv,3-4,1210,-4.319065400826446
dump_428.csv,3-5,1298,-4.463777172573189
dump_428.csv,4-4,462,-4.160343344155844
dump_428.csv,4-5,719,-4.317915034770515
dump_428.csv,5-5,903,-4.461838510520487
dump_429.csv,1-1,131,-3.626328244274809
dump_429.csv,1-2,211,-3.709410734597156
dump_429.csv,1-3,305,-4.046909737704918
dump_429.csv,1-4,273,-3.890104102564102
dump_429.csv,1-5,307,-4.047807882736157
dump_429.csv,2-2,171,-3.790562573099415
dump_429.csv,2-3,368,-4.114309850543479
dump_429.csv,2-4,338,-3.961986923076923
dump_429.csv,2-5,366,-4.1173575
dump_429.csv,3-3,930,-4.463180177419355
dump_429.csv,3-4,1190,-4.314108592436975
dump_429.csv,3-5,1298,-4.456837353620955
dump_429.csv,4-4,457,-4.159531487964989
dump_429.csv,4-5,696,-4.316156336206896
dump_429.csv,5-5,935,-4.45431577540107
dump_430.csv,1-1,72,-3.6436709722222225
dump_430.csv,1-2,178,-3.724610028089888
dump_430.csv,1-3,233,-4.069741630901288
dump_430.csv,1-4,203,-3.9100006896551722
dump_430.csv,1-5,229,-4.070714344978166
dump_430.csv,2-2,244,-3.797208463114754
dump_430.csv,2-3,475,-4.129114
dump_430.csv,2-4,433,-3.9734565011547347
dump_430.csv,2-5,471,-4.130792218683652
dump_430.csv,3-3,953,-4.472348961175236
dump_430.csv,3-4,1236,-4.325905707928802
dump_430.csv,3-5,1322,-4.4684684833585475
dump_430.csv,4-4,436,-4.170788876146789
dump_430.csv,4-5,697,-4.327573120516499
dump_430.csv,5-5,885,-4.465076389830508
dump_431.csv,1-1,239,-3.619630418410042
dump_431.csv,1-2,353,-3.6968994192634566
dump_431.csv,1-3,452,-4.044507588495575
dump_431.csv,1-4,457,-3.8730019037199126
dump_431.csv,1-5,470,-4.045560031914894
dump_431.csv,2-2,190,-3.7868777105263156
dump_431.csv,2-3,381,-4.118591220472441
dump_431.csv,2-4,400,-3.9465839125000004
dump_431.csv,2-5,408,-4.116692365196078
dump_431.csv,3-3,594,-4.458156548821549
dump_431.csv,3-4,852,-4.296367981220658
dump_431.csv,3-5,878,-4.456756953302961
dump_431.csv,4-4,668,-4.127834625748503
dump_431.csv,4-5,949,-4.298485727081138
dump_431.csv,5-5,910,-4.457537373626374
dump_432.csv,1-1,443,-3.5831141422121897
dump_432.csv,1-2,490,-3.6652400918367345
dump_432.csv,1-3,682,-3.99574603372434
dump_432.csv,1-4,650,-3.826860846153846
dump_432.csv,1-5,699,-4.002564992846924
dump_432.csv,2-2,192,-3.7539990625
dump_432.csv,2-3,390,-4.0775947948717945
dump_432.csv,2-4,367,-3.9134972615803814
dump_432.csv,2-5,396,-4.085203080808081
dump_432.csv,3-3,690,-4.410042181159421
dump_432.csv,3-4,902,-4.25621461751663
dump_432.csv,3-5,975,-4.411032994871794
dump_432.csv,4-4,451,-4.086454345898004
dump_432.csv,4-5,709,-4.259326311706629
dump_432.csv,5-5,840,-4.418124357142857
dump_433.csv,1-1,52,-3.6325854807692304
dump_433.csv,1-2,130,-3.7198452307692307
dump_433.csv,1-3,199,-4.0675410050251255
dump_433.csv,1-4,178,-3.910279073033708
dump_433.csv,1-5,198,-4.0696565151515145
dump_433.csv,2-2,150,-3.7993827000000002
dump_433.csv,2-3,357,-4.126894033613445
dump_433.csv,2-4,330,-3.9765558787878788
dump_433.csv,2-5,358,-4.128772011173185
dump_433.csv,3-3,998,-4.47442876753507
dump_433.csv,3-4,1261,-4.32952726407613
dump_433.csv,3-5,1382,-4.469754214905933
dump_433.csv,4-4,470,-4.174241212765957
dump_433.csv,4-5,727,-4.329436423658873
dump_433.csv,5-5,928,-4.468515188577586
dump_434.csv,1-1,110,-3.634394545454546
dump_434.csv,1-2,232,-3.7108344181034485
dump_434.csv,1-3,292,-4.057463972602739
dump_434.csv,1-4,261,-3.894671398467433
dump_434.csv,1-5,294,-4.058480204081633
dump_434.csv,2-2,213,-3.798931924882629
dump_434.csv,2-3,436,-4.123340424311927
dump_434.csv,2-4,392,-3.969410918367347
dump_434.csv,2-5,433,-4.125009572748268
dump_434.csv,3-3,901,-4.464280976692564
dump_434.csv,3-4,1114,-4.3180532585278275
dump_434.csv,3-5,1245,-4.461128694779116
dump_434.csv,4-4,475,-4.157472252631579
dump_434.csv,4-5,714,-4.316254201680672
dump_434.csv,5-5,911,-4.459960082327113
dump_435.csv,1-1,460,-3.573267195652174
dump_435.csv,1-2,681,-3.664244441997063
dump_435.csv,1-3,692,-3.989323511560694
dump_435.csv,1-4,633,-3.8179059399684045
dump_435.csv,1-5,688,-4.004024927325582
dump_435.csv,2-2,568,-3.771073107394366
dump_435.csv,2-3,823,-4.084036160388822
dump_435.csv,2-4,748,-3.9198995254010693
dump_435.csv,2-5,815,-4.098734975460123
dump_435.csv,3-3,589,-4.403668455008489
dump_435.csv,3-4,761,-4.249756885676741
dump_435.csv,3-5,855,-4.40809885380117
dump_435.csv,4-4,359,-4.081819777158774
dump_435.csv,4-5,583,-4.261228687821612
dump_435.csv,5-5,623,-4.424844253611557
dump_436.csv,1-1,227,-3.614833502202643
dump_436.csv,1-2,333,-3.695906546546546
dump_436.csv,1-3,451,-4.033235875831486
dump_436.csv,1-4,407,-3.873821044226044
dump_436.csv,1-5,445,-4.038156741573034
dump_436.csv,2-2,221,-3.7808873076923075
dump_436.csv,2-3,430,-4.110779662790698
dump_436.csv,2-4,396,-3.949358333333333
dump_436.csv,2-5,420,-4.112266083333334
dump_436.csv,3-3,914,-4.449134721006565
dump_436.csv,3-4,1180,-4.2971061355932205
dump_436.csv,3-5,1236,-4.442662411003236
dump_436.csv,4-4,562,-4.134480551601423
dump_436.csv,4-5,784,-4.298012110969387
dump_436.csv,5-5,708,-4.445103898305085
dump_437.csv,1-1,150,-3.6305566
dump_437.csv,1-2,285,-3.7133064210526316
dump_437.csv,1-3,351,-4.049999259259259
dump_437.csv,1-4,328,-3.8877840091463414
dump_437.csv,1-5,355,-4.05247061971831
dump_437.csv,2-2,251,-3.791235019920319
dump_437.csv,2-3,478,-4.118250836820083
dump_437.csv,2-4,449,-3.9573029287305124
dump_437.csv,2-5,484,-4.118993801652893
dump_437.csv,3-3,828,-4.45790172705314
dump_437.csv,3-4,1041,-4.308197377521614
dump_437.csv,3-5,1158,-4.455942176165803
dump_437.csv,4-4,460,-4.144216163043478
dump_437.csv,4-5,709,-4.308738046544429
dump_437.csv,5-5,920,-4.455556804347826
dump_438.csv,1-1,208,-3.616260264423077
dump_438.csv,1-2,322,-3.7054165372670806
dump_438.csv,1-3,431,-4.049250092807425
dump_438.csv,1-4,434,-3.8779221198156684
dump_438.csv,1-5,444,-4.0522418130630635
dump_438.csv,2-2,210,-3.7919222142857145
dump_438.csv,2-3,394,-4.126855748730964
dump_438.csv,2-4,413,-3.955636598062954
dump_438.csv,2-5,416,-4.127015
dump_438.csv,3-3,609,-4.4658729556650245
dump_438.csv,3-4,872,-4.303164174311926
dump_438.csv,3-5,892,-4.461298206278027
dump_438.csv,4-4,728,-4.134189093406594
dump_438.csv,4-5,1008,-4.307561473214285
dump_438.csv,5-5,862,-4.46238241299304
dump_439.csv,1-1,83,-3.6442556626506026
dump_439.csv,1-2,191,-3.720756151832461
dump_439.csv,1-3,254,-4.060699527559056
dump_439.csv,1-4,242,-3.901278367768595
dump_439.csv,1-5,257,-4.0660728793774314
dump_439.csv,2-2,218,-3.7928963990825686
dump_439.csv,2-3,422,-4.125800296208531
dump_439.csv,2-4,383,-3.9651034203655353
dump_439.csv,2-5,425,-4.126006835294118
dump_439.csv,3-3,932,-4.468567977467811
dump_439.csv,3-4,1178,-4.320483586587437
dump_439.csv,3-5,1295,-4.46389128957529
dump_439.csv,4-4,446,-4.160585560538117
dump_439.csv,4-5,711,-4.320576976090014
dump_439.csv,5-5,930,-4.4647502204301075
dump_440.csv,1-1,90,-3.6381341666666667
dump_440.csv,1-2,191,-3.7140995287958116
dump_440.csv,1-3,248,-4.059115141129032
dump_440.csv,1-4,227,-3.9015897577092513
dump_440.csv,1-5,252,-4.061358234126984
dump_440.csv,2-2,181,-3.7883891988950276
dump_440.csv,2-3,380,-4.119100802631579
dump_440.csv,2-4,342,-3.967974122807018
dump_440.csv,2-5,378,-4.121031997354498
dump_440.csv,3-3,1000,-4.466538415
dump_440.csv,3-4,1240,-4.3237104435483875
dump_440.csv,3-5,1375,-4.464019363636364
dump_440.csv,4-4,454,-4.164011233480176
dump_440.csv,4-5,709,-4.321029252468265
dump_440.csv,5-5,922,-4.462353242950108
dump_441.csv,1-1,90,-3.6373959444444446
dump_441.csv,1-2,191,-3.7184810209424084
dump_441.csv,1-3,262,-4.063055858778626
dump_441.csv,1-4,241,-3.901673257261411
dump_441.csv,1-5,259,-4.061488590733591
dump_441.csv,2-2,206,-3.7982351699029127
dump_441.csv,2-3,419,-4.125728937947494
dump_441.csv,2-4,382,-3.96998302356021
dump_441.csv,2-5,417,-4.127023069544364
dump_441.csv,3-3,949,-4.468732376185458
dump_441.csv,3-4,1213,-4.32146016075845
dump_441.csv,3-5,1319,-4.463082562547385
dump_441.csv,4-4,452,-4.162765265486725
dump_441.csv,4-5,705,-4.3198996028368795
dump_441.csv,5-5,900,-4.460774122222222
dump_442.csv,1-1,191,-3.6197615445026177
dump_442.csv,1-2,267,-3.697851891385768
dump_442.csv,1-3,391,-4.037232890025575
dump_442.csv,1-4,366,-3.8736805874316937
dump_442.csv,1-5,389,-4.0383198971722365
dump_442.csv,2-2,157,-3.785157229299363
dump_442.csv,2-3,374,-4.111716136363636
dump_442.csv,2-4,349,-3.952897664756447
dump_442.csv,2-5,374,-4.112441818181818
dump_442.csv,3-3,903,-4.452552679955703
dump_442.csv,3-4,1121,-4.301380967885816
dump_442.csv,3-5,1221,-4.4484726085176085
dump_442.csv,4-4,444,-4.141027545045045
dump_442.csv,4-5,705,-4.302775645390071
dump_442.csv,5-5,918,-4.448491399782135
dump_443.csv,1-1,104,-3.6279978365384618
dump_443.csv,1-2,190,-3.708211052631579
dump_443.csv,1-3,274,-4.050352317518248
dump_443.csv,1-4,248,-3.893994576612903
dump_443.csv,1-5,270,-4.0557372962962965
dump_443.csv,2-2,165,-3.791359909090909
dump_443.csv,2-3,374,-4.120941243315508
dump_443.csv,2-4,346,-3.9675320375722545
dump_443.csv,2-5,374,-4.122639077540107
dump_443.csv,3-3,971,-4.464241853759011
dump_443.csv,3-4,1216,-4.319002035361842
dump_443.csv,3-5,1346,-4.459677778603269
dump_443.csv,4-4,470,-4.165692223404255
dump_443.csv,4-5,710,-4.320335
dump_443.csv,5-5,909,-4.458806221122112
dump_444.csv,1-1,61,-3.6441250000000003
dump_444.csv,1-2,145,-3.7170458620689653
dump_444.csv,1-3,200,-4.06276795
dump_444.csv,1-4,186,-3.9059920698924735
dump_444.csv,1-5,198,-4.064558232323232
dump_444.csv,2-2,166,-3.7955662951807225
dump_444.csv,2-3,367,-4.127312316076294
dump_444.csv,2-4,336,-3.9756050000000003
dump_444.csv,2-5,365,-4.127618246575342
dump_444.csv,3-3,1002,-4.47241878243513
dump_444.csv,3-4,1276,-4.327226308777429
dump_444.csv,3-5,1385,-4.469614581227437
dump_444.csv,4-4,467,-4.17591187366167
dump_444.csv,4-5,723,-4.332233326417704
dump_444.csv,5-5,927,-4.469172491909385
dump_445.csv,1-1,113,-3.648919867256637
dump_445.csv,1-2,276,-3.735336231884058
dump_445.csv,1-3,290,-4.067541120689655
dump_445.csv,1-4,277,-3.9024723104693146
dump_445.csv,1-5,298,-4.077745838926174
dump_445.csv,2-2,535,-3.81755038317757
dump_445.csv,2-3,773,-4.140784928848642
dump_445.csv,2-4,736,-3.9767731453804345
dump_445.csv,2-5,801,-4.1477318601747815
dump_445.csv,3-3,655,-4.471000954198473
dump_445.csv,3-4,865,-4.314787369942197
dump_445.csv,3-5,936,-4.469321639957265
dump_445.csv,4-4,444,-4.149069515765766
dump_445.csv,4-5,702,-4.319473126780627
dump_445.csv,5-5,897,-4.473777508361204
dump_446.csv,1-1,367,-3.5766254087193463
dump_446.csv,1-2,449,-3.6666073719376393
dump_446.csv,1-3,603,-4.002584709784411
dump_446.csv,1-4,557,-3.8362158258527828
dump_446.csv,1-5,577,-4.010937512998267
dump_446.csv,2-2,215,-3.7686034883720927
dump_446.csv,2-3,439,-4.0869863211845106
dump_446.csv,2-4,406,-3.928450172413793
dump_446.csv,2-5,426,-4.094266701877935
dump_446.csv,3-3,946,-4.421156030655391
dump_446.csv,3-4,1204,-4.268090739202658
dump_446.csv,3-5,1253,-4.422477498004788
dump_446.csv,4-4,463,-4.1024816522678185
dump_446.csv,4-5,705,-4.275559170212766
dump_446.csv,5-5,615,-4.428214382113821
dump_447.csv,1-1,90,-3.6331620555555553
dump_447.csv,1-2,200,-3.7189363500000003
dump_447.csv,1-3,263,-4.062814714828897
dump_447.csv,1-4,239,-3.9023885146443513
dump_447.csv,1-5,265,-4.060854679245283
dump_447.csv,2-2,226,-3.7979997787610618
dump_447.csv,2-3,433,-4.12596915704388
dump_447.csv,2-4,405,-3.971997888888889
dump_447.csv,2-5,432,-4.126704363425926
dump_447.csv,3-3,934,-4.466580776231263
dump_447.csv,3-4,1158,-4.320969378238342
dump_447.csv,3-5,1287,-4.461990831390831
dump_447.csv,4-4,446,-4.161296502242152
dump_447.csv,4-5,695,-4.319489884892087
dump_447.csv,5-5,917,-4.460876341330425
dump_448.csv,1-1,181,-3.6408794751381217
dump_448.csv,1-2,269,-3.714718921933086
dump_448.csv,1-3,377,-4.0528049071618035
dump_448.csv,1-4,366,-3.8838459972677595
dump_448.csv,1-5,386,-4.054808950777202
dump_448.csv,2-2,198,-3.796277449494949
dump_448.csv,2-3,406,-4.125017844827586
dump_448.csv,2-4,401,-3.9586440024937652
dump_448.csv,2-5,413,-4.125588123486683
dump_448.csv,3-3,717,-4.467702224546723
dump_448.csv,3-4,979,-4.310036200204291
dump_448.csv,3-5,1023,-4.460571158357771
dump_448.csv,4-4,607,-4.1421157907743
dump_448.csv,4-5,888,-4.308407004504504
dump_448.csv,5-5,903,-4.462014479512735
dump_449.csv,1-1,82,-3.645081768292683
dump_449.csv,1-2,222,-3.724952837837838
dump_449.csv,1-3,255,-4.068044529411765
dump_449.csv,1-4,244,-3.906075430327869
dump_449.csv,1-5,249,-4.068360602409639
dump_449.csv,2-2,358,-3.8069406703910613
dump_449.csv,2-3,602,-4.135956370431893
dump_449.csv,2-4,572,-3.976185201048951
dump_449.csv,2-5,586,-4.139456331058021
dump_449.csv,3-3,936,-4.47281952457265
dump_449.csv,3-4,1202,-4.3226385274542425
dump_449.csv,3-5,1284,-4.470450299844237
dump_449.csv,4-4,498,-4.160035451807229
dump_449.csv,4-5,746,-4.323864021447721
dump_449.csv,5-5,733,-4.473173560709413
dump_450.csv,1-1,113,-3.6422110176991147
dump_450.csv,1-2,212,-3.7167978301886793
dump_450.csv,1-3,284,-4.060970140845071
dump_450.csv,1-4,277,-3.8937587003610106
dump_450.csv,1-5,288,-4.061197013888889
dump_450.csv,2-2,193,-3.793383937823834
dump_450.csv,2-3,411,-4.127731228710462
dump_450.csv,2-4,380,-3.9669855131578946
dump_450.csv,2-5,414,-4.124269094202898
dump_450.csv,3-3,875,-4.473078188571429
dump_450.csv,3-4,1151,-4.3201864900086875
dump_450.csv,3-5,1209,-4.467704251447477
dump_450.csv,4-4,542,-4.159544741697417
dump_450.csv,4-5,793,-4.319812717528373
dump_450.csv,5-5,894,-4.464878640939597
dump_451.csv,1-1,237,-3.6219285864978903
dump_451.csv,1-2,427,-3.7079847423887586
dump_451.csv,1-3,418,-4.0555560645933015
dump_451.csv,1-4,466,-3.871645933476395
dump_451.csv,1-5,456,-4.0591000109649125
dump_451.csv,2-2,456,-3.8059638596491228
dump_451.csv,2-3,644,-4.139426242236025
dump_451.csv,2-4,708,-3.96039281779661
dump_451.csv,2-5,696,-4.13929831178161
dump_451.csv,3-3,402,-4.476696803482588
dump_451.csv,3-4,661,-4.308076807866868
dump_451.csv,3-5,649,-4.473449899845917
dump_451.csv,4-4,870,-4.129862660919541
dump_451.csv,4-5,1142,-4.308912797723292
dump_451.csv,5-5,651,-4.477869170506913
dump_452.csv,1-1,405,-3.583101172839506
dump_452.csv,1-2,484,-3.6553800516528927
dump_452.csv,1-3,666,-3.997159234234234
dump_452.csv,1-4,626,-3.8350516134185306
dump_452.csv,1-5,637,-4.006097182103611
dump_452.csv,2-2,166,-3.746894487951807
dump_452.csv,2-3,369,-4.07172620596206
dump_452.csv,2-4,344,-3.9126683720930235
dump_452.csv,2-5,357,-4.079981610644258
dump_452.csv,3-3,911,-4.4136436278814495
dump_452.csv,3-4,1144,-4.258714571678322
dump_452.csv,3-5,1172,-4.414076130546075
dump_452.csv,4-4,516,-4.097229321705426
dump_452.csv,4-5,752,-4.27040883643617
dump_452.csv,5-5,607,-4.422173962108731
dump_453.csv,1-1,62,-3.6530608870967742
dump_453.csv,1-2,202,-3.738033712871287
dump_453.csv,1-3,215,-4.0827810930232555
dump_453.csv,1-4,207,-3.913758502415459
dump_453.csv,1-5,201,-4.088454477611941
dump_453.csv,2-2,481,-3.821148284823285
dump_453.csv,2-3,740,-4.1526665067567565
dump_453.csv,2-4,731,-3.9901771272229825
dump_453.csv,2-5,690,-4.157230275362319
dump_453.csv,3-3,898,-4.493531314031181
dump_453.csv,3-4,1222,-4.336937659574469
dump_453.csv,3-5,1178,-4.490584325127335
dump_453.csv,4-4,699,-4.171919170243204
dump_453.csv,4-5,932,-4.341595
dump_453.csv,5-5,491,-4.492272535641548
dump_454.csv,1-1,339,-3.5946308259587023
dump_454.csv,1-2,547,-3.6848038848263256
dump_454.csv,1-3,561,-4.019567549019608
dump_454.csv,1-4,559,-3.8421527906976745
dump_454.csv,1-5,563,-4.028499769094139
dump_454.csv,2-2,521,-3.7915204318618043
dump_454.csv,2-3,764,-4.1129621269633505
dump_454.csv,2-4,749,-3.9410117556742326
dump_454.csv,2-5,750,-4.11920122
dump_454.csv,3-3,580,-4.442383801724138
dump_454.csv,3-4,833,-4.2775487454981995
dump_454.csv,3-5,837,-4.441892299880526
dump_454.csv,4-4,594,-4.109071700336701
dump_454.csv,4-5,837,-4.286063566308243
dump_454.csv,5-5,586,-4.450865938566553
dump_455.csv,1-1,91,-3.6209365384615384
dump_455.csv,1-2,190,-3.709507657894737
dump_455.csv,1-3,277,-4.055732725631769
dump_455.csv,1-4,246,-3.903279918699187
dump_455.csv,1-5,277,-4.058504277978339
dump_455.csv,2-2,158,-3.7861812974683544
dump_455.csv,2-3,360,-4.1196270833333335
dump_455.csv,2-4,324,-3.9656513580246915
dump_455.csv,2-5,358,-4.119216815642458
dump_455.csv,3-3,980,-4.462905219387755
dump_455.csv,3-4,1205,-4.319737755186722
dump_455.csv,3-5,1349,-4.4589056671608605
dump_455.csv,4-4,460,-4.1633397500000004
dump_455.csv,4-5,715,-4.319675244755245
dump_455.csv,5-5,913,-4.456952124863089
dump_456.csv,1-1,93,-3.6320432258064512
dump_456.csv,1-2,195,-3.7233791282051283
dump_456.csv,1-3,258,-4.065301569767442
dump_456.csv,1-4,247,-3.895048927125506
dump_456.csv,1-5,258,-4.06831019379845
dump_456.csv,2-2,215,-3.804320627906977
dump_456.csv,2-3,425,-4.137467517647059
dump_456.csv,2-4,412,-3.976711953883495
dump_456.csv,2-5,432,-4.13695224537037
dump_456.csv,3-3,802,-4.481778061097256
dump_456.csv,3-4,1083,-4.32759972299169
dump_456.csv,3-5,1129,-4.475295079716563
dump_456.csv,4-4,587,-4.167526754684838
dump_456.csv,4-5,865,-4.327482687861272
dump_456.csv,5-5,916,-4.473992876637555
dump_457.csv,1-1,398,-3.5835565452261307
dump_457.csv,1-2,625,-3.666863656
dump_457.csv,1-3,654,-3.9915471941896024
dump_457.csv,1-4,517,-3.834237949709865
dump_457.csv,1-5,615,-4.007740024390244
dump_457.csv,2-2,545,-3.7661773944954127
dump_457.csv,2-3,810,-4.077912543209877
dump_457.csv,2-4,625,-3.9213297359999997
dump_457.csv,2-5,748,-4.096228743315508
dump_457.csv,3-3,902,-4.396358891352549
dump_457.csv,3-4,949,-4.252093667017914
dump_457.csv,3-5,1141,-4.407958295354952
dump_457.csv,4-4,231,-4.091911017316018
dump_457.csv,4-5,434,-4.2640788940092165
dump_457.csv,5-5,541,-4.423758826247689
dump_458.csv,1-1,130,-3.6368483076923077
dump_458.csv,1-2,239,-3.710933912133891
dump_458.csv,1-3,331,-4.05279667673716
dump_458.csv,1-4,306,-3.8880173202614383
dump_458.csv,1-5,327,-4.056313929663609
dump_458.csv,2-2,218,-3.795614724770642
dump_458.csv,2-3,420,-4.120369785714286
dump_458.csv,2-4,373,-3.9643641554959785
dump_458.csv,2-5,421,-4.122093159144893
dump_458.csv,3-3,886,-4.457775846501129
dump_458.csv,3-4,1108,-4.310443898916968
dump_458.csv,3-5,1221,-4.456290315315315
dump_458.csv,4-4,454,-4.148402422907489
dump_458.csv,4-5,712,-4.313028125
dump_458.csv,5-5,927,-4.459437108953614
dump_459.csv,1-1,477,-3.56154927672956
dump_459.csv,1-2,587,-3.642100579216354
dump_459.csv,1-3,744,-3.978411008064516
dump_459.csv,1-4,699,-3.8095292918454935
dump_459.csv,1-5,708,-3.991839371468927
dump_459.csv,2-2,185,-3.742876918918919
dump_459.csv,2-3,405,-4.067695567901235
dump_459.csv,2-4,379,-3.9020059102902374
dump_459.csv,2-5,400,-4.0747762875
dump_459.csv,3-3,828,-4.403108230676328
dump_459.csv,3-4,1060,-4.247992556603774
dump_459.csv,3-5,1120,-4.407879379464286
dump_459.csv,4-4,509,-4.07993532416503
dump_459.csv,4-5,748,-4.256953589572193
dump_459.csv,5-5,605,-4.417058008264463
dump_460.csv,1-1,108,-3.6341428240740736
dump_460.csv,1-2,280,-3.73480275
dump_460.csv,1-3,289,-4.072100467128028
dump_460.csv,1-4,289,-3.8985051038062286
dump_460.csv,1-5,236,-4.08391906779661
dump_460.csv,2-2,698,-3.8314958452722068
dump_460.csv,2-3,985,-4.158389355329949
dump_460.csv,2-4,987,-3.9858256788247215
dump_460.csv,2-5,864,-4.167578252314815
dump_460.csv,3-3,763,-4.484985629095675
dump_460.csv,3-4,1060,-4.323383023584905
dump_460.csv,3-5,923,-4.489022269772481
dump_460.csv,4-4,719,-4.151718324061196
dump_460.csv,4-5,869,-4.330452698504027
dump_460.csv,5-5,350,-4.497562157142857
dump_461.csv,1-1,253,-3.63371128458498
dump_461.csv,1-2,449,-3.716448474387528
dump_461.csv,1-3,434,-4.046728847926268
dump_461.csv,1-4,432,-3.8667649305555556
dump_461.csv,1-5,470,-4.055587414893617
dump_461.csv,2-2,663,-3.809634577677225
dump_461.csv,2-3,863,-4.129172520278099
dump_461.csv,2-4,869,-3.956625138089758
dump_461.csv,2-5,942,-4.136641035031847
dump_461.csv,3-3,443,-4.449112009029345
dump_461.csv,3-4,642,-4.286751300623053
dump_461.csv,3-5,699,-4.449857603719599
dump_461.csv,4-4,424,-4.1108893867924525
dump_461.csv,4-5,661,-4.292029621785174
dump_461.csv,5-5,845,-4.457665325443787
dump_462.csv,1-1,394,-3.6073351395939084
dump_462.csv,1-2,571,-3.683705166374781
dump_462.csv,1-3,553,-4.0187992133815555
dump_462.csv,1-4,583,-3.8418598799313894
dump_462.csv,1-5,631,-4.024543763866878
dump_462.csv,2-2,410,-3.786527219512195
dump_462.csv,2-3,586,-4.1064022098976105
dump_462.csv,2-4,632,-3.933329612341772
dump_462.csv,2-5,675,-4.1099031111111115
dump_462.csv,3-3,354,-4.43340720338983
dump_462.csv,3-4,569,-4.268972829525484
dump_462.csv,3-5,606,-4.43521293729373
dump_462.csv,4-4,513,-4.098894814814815
dump_462.csv,4-5,778,-4.275530160668381
dump_462.csv,5-5,925,-4.4399891621621626
dump_463.csv,1-1,108,-3.6281624537037036
dump_463.csv,1-2,195,-3.7066641794871797
dump_463.csv,1-3,267,-4.0529404681647945
dump_463.csv,1-4,239,-3.895068117154812
dump_463.csv,1-5,266,-4.054425131578947
dump_463.csv,2-2,181,-3.7983300276243095
dump_463.csv,2-3,414,-4.1259789371980675
dump_463.csv,2-4,389,-3.9690757583547556
dump_463.csv,2-5,417,-4.126017398081535
dump_463.csv,3-3,943,-4.46735742311771
dump_463.csv,3-4,1195,-4.321540129707113
dump_463.csv,3-5,1300,-4.4649881269230765
dump_463.csv,4-4,447,-4.164837192393736
dump_463.csv,4-5,714,-4.3238908823529405
dump_463.csv,5-5,908,-4.463457692731278
dump_464.csv,1-1,95,-3.6423698947368424
dump_464.csv,1-2,190,-3.7190407894736843
dump_464.csv,1-3,257,-4.060931906614786
dump_464.csv,1-4,246,-3.8965281097560975
dump_464.csv,1-5,251,-4.06272922310757
dump_464.csv,2-2,199,-3.7930912562814068
dump_464.csv,2-3,420,-4.124930202380952
dump_464.csv,2-4,380,-3.967838118421053
dump_464.csv,2-5,424,-4.125969575471698
dump_464.csv,3-3,945,-4.46927146031746
dump_464.csv,3-4,1171,-4.320959158838599
dump_464.csv,3-5,1300,-4.464402726923077
dump_464.csv,4-4,459,-4.163172069716776
dump_464.csv,4-5,716,-4.320416536312849
dump_464.csv,5-5,919,-4.465011838955387
dump_465.csv,1-1,107,-3.646371168224299
dump_465.csv,1-2,283,-3.730419664310954
dump_465.csv,1-3,287,-4.0667593728222995
dump_465.csv,1-4,267,-3.9010915730337077
dump_465.csv,1-5,279,-4.075821971326165
dump_465.csv,2-2,574,-3.815319398954704
dump_465.csv,2-3,838,-4.140445256563246
dump_465.csv,2-4,791,-3.9783334892541085
dump_465.csv,2-5,832,-4.145257554086538
dump_465.csv,3-3,846,-4.467478622931442
dump_465.csv,3-4,1103,-4.315304093381687
dump_465.csv,3-5,1133,-4.469175754633716
dump_465.csv,4-4,448,-4.1522164620535715
dump_465.csv,4-5,683,-4.321728448023426
dump_465.csv,5-5,662,-4.47559910876133
dump_466.csv,1-1,305,-3.602778786885246
dump_466.csv,1-2,504,-3.6831263492063493
dump_466.csv,1-3,547,-4.01757966179159
dump_466.csv,1-4,502,-3.8569491633466138
dump_466.csv,1-5,502,-4.030794960159363
dump_466.csv,2-2,444,-3.7760281981981985
dump_466.csv,2-3,686,-4.099591844023323
dump_466.csv,2-4,629,-3.936128259141494
dump_466.csv,2-5,625,-4.1076943120000005
dump_466.csv,3-3,911,-4.430106712403951
dump_466.csv,3-4,1159,-4.278131945642795
dump_466.csv,3-5,1166,-4.432151822469983
dump_466.csv,4-4,485,-4.110907082474227
dump_466.csv,4-5,662,-4.283054871601209
dump_466.csv,5-5,484,-4.437263305785124
dump_467.csv,1-1,48,-3.6503580208333335
dump_467.csv,1-2,149,-3.727073154362416
dump_467.csv,1-3,200,-4.072401675
dump_467.csv,1-4,179,-3.9131786033519553
dump_467.csv,1-5,198,-4.074206313131313
dump_467.csv,2-2,160,-3.7920705
dump_467.csv,2-3,381,-4.125495774278215
dump_467.csv,2-4,349,-3.9738645558739254
dump_467.csv,2-5,384,-4.1272817447916665
dump_467.csv,3-3,1001,-4.4735485014985015
dump_467.csv,3-4,1245,-4.329148269076305
dump_467.csv,3-5,1385,-4.4698540758122745
dump_467.csv,4-4,469,-4.173788400852878
dump_467.csv,4-5,719,-4.331950076495132
dump_467.csv,5-5,914,-4.469137138949672
dump_468.csv,1-1,91,-3.654497912087912
dump_468.csv,1-2,269,-3.745047156133829
dump_468.csv,1-3,275,-4.073289563636363
dump_468.csv,1-4,246,-3.9081785975609753
dump_468.csv,1-5,270,-4.082631925925925
dump_468.csv,2-2,658,-3.829759840425532
dump_468.csv,2-3,927,-4.148943781014024
dump_468.csv,2-4,873,-3.985898665521191
dump_468.csv,2-5,933,-4.1556805680600215
dump_468.csv,3-3,751,-4.4715968974700395
dump_468.csv,3-4,956,-4.319121872384937
dump_468.csv,3-5,1026,-4.471862397660819
dump_468.csv,4-4,479,-4.152583110647182
dump_468.csv,4-5,691,-4.325648625180897
dump_468.csv,5-5,668,-4.47806744011976
dump_469.csv,1-1,45,-3.656628
dump_469.csv,1-2,136,-3.725392536764706
dump_469.csv,1-3,198,-4.0764366919191914
dump_469.csv,1-4,185,-3.917059189189189
dump_469.csv,1-5,200,-4.07345445
dump_469.csv,2-2,158,-3.798836740506329
dump_469.csv,2-3,375,-4.127737613333333
dump_469.csv,2-4,350,-3.9769688999999997
dump_469.csv,2-5,374,-4.126353609625668
dump_469.csv,3-3,993,-4.474775100704935
dump_469.csv,3-4,1254,-4.330847527910686
dump_469.csv,3-5,1389,-4.467682361411088
dump_469.csv,4-4,457,-4.1748902297593
dump_469.csv,4-5,712,-4.329837605337079
dump_469.csv,5-5,935,-4.465532368983957
dump_470.csv,1-1,55,-3.6552748181818178
dump_470.csv,1-2,143,-3.72507006993007
dump_470.csv,1-3,197,-4.0682230964467
dump_470.csv,1-4,186,-3.9127665322580647
dump_470.csv,1-5,200,-4.0702321
dump_470.csv,2-2,165,-3.7995737575757573
dump_470.csv,2-3,364,-4.128886840659341
dump_470.csv,2-4,335,-3.974206447761194
dump_470.csv,2-5,362,-4.1264702486187845
dump_470.csv,3-3,1018,-4.47719336935167
dump_470.csv,3-4,1295,-4.329942637065637
dump_470.csv,3-5,1385,-4.4691925559566785
dump_470.csv,4-4,462,-4.173823971861472
dump_470.csv,4-5,720,-4.328651263888888
dump_470.csv,5-5,937,-4.467399855923159
dump_471.csv,1-1,350,-3.6001168714285714
dump_471.csv,1-2,558,-3.6951870340501793
dump_471.csv,1-3,542,-4.012174686346864
dump_471.csv,1-4,524,-3.836668139312977
dump_471.csv,1-5,549,-4.024610400728597
dump_471.csv,2-2,741,-3.8050728340080973
dump_471.csv,2-3,1021,-4.118536057786484
dump_471.csv,2-4,967,-3.9453328438469493
dump_471.csv,2-5,999,-4.127846241241241
dump_471.csv,3-3,591,-4.425514500846023
dump_471.csv,3-4,774,-4.269082758397933
dump_471.csv,3-5,835,-4.433277011976048
dump_471.csv,4-4,407,-4.094975343980344
dump_471.csv,4-5,628,-4.276855883757962
dump_471.csv,5-5,519,-4.4461112138728325
dump_472.csv,1-1,137,-3.6371788686131388
dump_472.csv,1-2,282,-3.722802996453901
dump_472.csv,1-3,311,-4.056321061093247
dump_472.csv,1-4,293,-3.889999129692833
dump_472.csv,1-5,317,-4.062917776025237
dump_472.csv,2-2,446,-3.8167777242152465
dump_472.csv,2-3,666,-4.135393048048048
dump_472.csv,2-4,640,-3.972230203125
dump_472.csv,2-5,684,-4.143331761695906
dump_472.csv,3-3,681,-4.464888656387665
dump_472.csv,3-4,881,-4.30961984676504
dump_472.csv,3-5,971,-4.465874804325438
dump_472.csv,4-4,459,-4.146243660130719
dump_472.csv,4-5,706,-4.315427018413597
dump_472.csv,5-5,925,-4.468412345945946
dump_473.csv,1-1,295,-3.611121949152542
dump_473.csv,1-2,489,-3.696222065439673
dump_473.csv,1-3,501,-4.027007894211577
dump_473.csv,1-4,474,-3.8539929957805907
dump_473.csv,1-5,480,-4.034812020833333
dump_473.csv,2-2,636,-3.802378246855346
dump_473.csv,2-3,905,-4.120204215469613
dump_473.csv,2-4,863,-3.9529223812282734
dump_473.csv,2-5,869,-4.129156070195627
dump_473.csv,3-3,699,-4.442729341917024
dump_473.csv,3-4,944,-4.2846656620762715
dump_473.csv,3-5,973,-4.4442062641315525
dump_473.csv,4-4,481,-4.1136365696465695
dump_473.csv,4-5,692,-4.291009255780347
dump_473.csv,5-5,495,-4.4479738181818185
dump_474.csv,1-1,419,-3.5773958233890215
dump_474.csv,1-2,613,-3.6629341353996736
dump_474.csv,1-3,669,-3.9901213826606874
dump_474.csv,1-4,572,-3.829922062937063
dump_474.csv,1-5,642,-4.004719665109034
dump_474.csv,2-2,434,-3.760850230414747
dump_474.csv,2-3,679,-4.082336362297497
dump_474.csv,2-4,609,-3.9215971264367813
dump_474.csv,2-5,645,-4.093291263565892
dump_474.csv,3-3,870,-4.4032385
dump_474.csv,3-4,1051,-4.255615742150333
dump_474.csv,3-5,1124,-4.410331663701068
dump_474.csv,4-4,370,-4.0984943108108105
dump_474.csv,4-5,577,-4.2676152253032935
dump_474.csv,5-5,508,-4.422517007874016
dump_475.csv,1-1,315,-3.6135918571428576
dump_475.csv,1-2,493,-3.6987195537525355
dump_475.csv,1-3,511,-4.025803933463797
dump_475.csv,1-4,510,-3.8543734215686274
dump_475.csv,1-5,557,-4.034665511669659
dump_475.csv,2-2,397,-3.7914207682619647
dump_475.csv,2-3,600,-4.108253683333333
dump_475.csv,2-4,581,-3.9424848278829607
dump_475.csv,2-5,646,-4.1144835526315795
dump_475.csv,3-3,504,-4.436844940476191
dump_475.csv,3-4,703,-4.278759594594595
dump_475.csv,3-5,779,-4.436153356867779
dump_475.csv,4-4,459,-4.1094727450980395
dump_475.csv,4-5,710,-4.282269732394366
dump_475.csv,5-5,927,-4.441520145631068
dump_476.csv,1-1,272,-3.6337878124999996
dump_476.csv,1-2,494,-3.7142931680161944
dump_476.csv,1-3,493,-4.027179361054767
dump_476.csv,1-4,358,-3.867364567039106
dump_476.csv,1-5,495,-4.043831747474748
dump_476.csv,2-2,755,-3.807776311258278
dump_476.csv,2-3,1027,-4.11286935248296
dump_476.csv,2-4,741,-3.9490260728744944
dump_476.csv,2-5,1051,-4.125358349191246
dump_476.csv,3-3,645,-4.418362403100775
dump_476.csv,3-4,662,-4.2741590785498484
dump_476.csv,3-5,923,-4.42562929035753
dump_476.csv,4-4,164,-4.108136402439024
dump_476.csv,4-5,367,-4.280011021798365
dump_476.csv,5-5,767,-4.441321284224251
dump_477.csv,1-1,89,-3.6338068539325845
dump_477.csv,1-2,190,-3.715799736842105
dump_477.csv,1-3,262,-4.060636030534351
dump_477.csv,1-4,242,-3.903691756198347
dump_477.csv,1-5,265,-4.060357660377359
dump_477.csv,2-2,192,-3.7903099739583332
dump_477.csv,2-3,399,-4.118913909774436
dump_477.csv,2-4,361,-3.9659035595567866
dump_477.csv,2-5,396,-4.122285896464646
dump_477.csv,3-3,998,-4.466442855711423
dump_477.csv,3-4,1238,-4.319547180936995
dump_477.csv,3-5,1357,-4.459656639646279
dump_477.csv,4-4,446,-4.1641114349775785
dump_477.csv,4-5,701,-4.3199263623395145
dump_477.csv,5-5,908,-4.460409190528634
dump_478.csv,1-1,393,-3.582333155216285
dump_478.csv,1-2,572,-3.6766941258741257
dump_478.csv,1-3,609,-4.017770410509032
dump_478.csv,1-4,649,-3.8350685516178737
dump_478.csv,1-5,636,-4.020976493710692
dump_478.csv,2-2,384,-3.779452291666667
dump_478.csv,2-3,599,-4.108185684474123
dump_478.csv,2-4,645,-3.9311356356589147
dump_478.csv,2-5,623,-4.11085341894061
dump_478.csv,3-3,539,-4.43857504638219
dump_478.csv,3-4,786,-4.273127277353689
dump_478.csv,3-5,753,-4.438785869853918
dump_478.csv,4-4,733,-4.095540402455662
dump_478.csv,4-5,988,-4.278093512145748
dump_478.csv,5-5,555,-4.443575495495495
dump_479.csv,1-1,147,-3.634672619047619
dump_479.csv,1-2,261,-3.7160479118773946
dump_479.csv,1-3,351,-4.057340655270655
dump_479.csv,1-4,349,-3.887522263610315
dump_479.csv,1-5,361,-4.0584646675900276
dump_479.csv,2-2,192,-3.797486354166667
dump_479.csv,2-3,402,-4.131044042288557
dump_479.csv,2-4,395,-3.9637802911392406
dump_479.csv,2-5,412,-4.128845655339806
dump_479.csv,3-3,690,-4.471334920289855
dump_479.csv,3-4,966,-4.315803685300207
dump_479.csv,3-5,999,-4.4677298648648645
dump_479.csv,4-4,650,-4.146929176923077
dump_479.csv,4-5,940,-4.315320984042553
dump_479.csv,5-5,903,-4.4677328682170545
dump_480.csv,1-1,90,-3.6250108888888892
dump_480.csv,1-2,182,-3.718034752747253
dump_480.csv,1-3,256,-4.0578790625
dump_480.csv,1-4,231,-3.900303008658009
dump_480.csv,1-5,249,-4.064697871485944
dump_480.csv,2-2,180,-3.799612333333333
dump_480.csv,2-3,380,-4.122382263157895
dump_480.csv,2-4,332,-3.9704755120481927
dump_480.csv,2-5,378,-4.126665992063492
dump_480.csv,3-3,1007,-4.465095819265144
dump_480.csv,3-4,1227,-4.320839315403423
dump_480.csv,3-5,1351,-4.4616765914137675
dump_480.csv,4-4,469,-4.165992345415778
dump_480.csv,4-5,710,-4.323687549295775
dump_480.csv,5-5,922,-4.463201968546638
dump_481.csv,1-1,53,-3.6469895283018867
dump_481.csv,1-2,152,-3.7227068092105267
dump_481.csv,1-3,199,-4.071863115577889
dump_481.csv,1-4,180,-3.9123240555555556
dump_481.csv,1-5,199,-4.070618366834171
dump_481.csv,2-2,182,-3.7951244780219784
dump_481.csv,2-3,373,-4.126024798927614
dump_481.csv,2-4,342,-3.9725048391812865
dump_481.csv,2-5,373,-4.125568217158177
dump_481.csv,3-3,1020,-4.474367431372548
dump_481.csv,3-4,1271,-4.329868347757671
dump_481.csv,3-5,1389,-4.468539654427646
dump_481.csv,4-4,463,-4.170612861771058
dump_481.csv,4-5,714,-4.327643389355742
dump_481.csv,5-5,945,-4.4659938994709
dump_482.csv,1-1,275,-3.5953318545454547
dump_482.csv,1-2,333,-3.6789595195195193
dump_482.csv,1-3,499,-4.016461733466934
dump_482.csv,1-4,453,-3.8592226269315675
dump_482.csv,1-5,483,-4.023050848861284
dump_482.csv,2-2,152,-3.7692754276315785
dump_482.csv,2-3,353,-4.097742563739376
dump_482.csv,2-4,315,-3.9412838095238096
dump_482.csv,2-5,352,-4.100262159090909
dump_482.csv,3-3,937,-4.432963655282818
dump_482.csv,3-4,1194,-4.284321536850921
dump_482.csv,3-5,1292,-4.433659984520124
dump_482.csv,4-4,478,-4.129547060669456
dump_482.csv,4-5,723,-4.289957130013831
dump_482.csv,5-5,764,-4.438373736910995
dump_483.csv,1-1,404,-3.576386670792079
dump_483.csv,1-2,537,-3.6628893947858474
dump_483.csv,1-3,660,-3.998120159090909
dump_483.csv,1-4,635,-3.826217118110236
dump_483.csv,1-5,641,-4.009886287051482
dump_483.csv,2-2,258,-3.769418585271318
dump_483.csv,2-3,471,-4.087394416135881
dump_483.csv,2-4,464,-3.9234155603448273
dump_483.csv,2-5,470,-4.0962513617021274
dump_483.csv,3-3,735,-4.414139482993197
dump_483.csv,3-4,981,-4.257136146788992
dump_483.csv,3-5,1018,-4.419137077603144
dump_483.csv,4-4,538,-4.093141431226766
dump_483.csv,4-5,791,-4.268972364096081
dump_483.csv,5-5,669,-4.431858333333333
dump_484.csv,1-1,104,-3.6381997596153846
dump_484.csv,1-2,219,-3.71402299086758
dump_484.csv,1-3,293,-4.057404744027304
dump_484.csv,1-4,263,-3.899229353612167
dump_484.csv,1-5,293,-4.058975204778157
dump_484.csv,2-2,180,-3.788587138888889
dump_484.csv,2-3,386,-4.119702629533679
dump_484.csv,2-4,352,-3.963989857954545
dump_484.csv,2-5,388,-4.1184681185567005
dump_484.csv,3-3,931,-4.464941385606874
dump_484.csv,3-4,1169,-4.3177565996578275
dump_484.csv,3-5,1269,-4.458207100078803
dump_484.csv,4-4,462,-4.158069512987013
dump_484.csv,4-5,713,-4.3190845231416555
dump_484.csv,5-5,942,-4.457304607218683
dump_485.csv,1-1,108,-3.634224212962963
dump_485.csv,1-2,229,-3.7195143231441046
dump_485.csv,1-3,280,-4.064297517857143
dump_485.csv,1-4,275,-3.8957501636363636
dump_485.csv,1-5,280,-4.064802589285715
dump_485.csv,2-2,264,-3.801456079545454
dump_485.csv,2-3,494,-4.133424170040486
dump_485.csv,2-4,478,-3.9753094874476984
dump_485.csv,2-5,485,-4.133852340206185
dump_485.csv,3-3,913,-4.477169715224535
dump_485.csv,3-4,1200,-4.324260958333333
dump_485.csv,3-5,1240,-4.472763745967741
dump_485.csv,4-4,603,-4.1644048922056385
dump_485.csv,4-5,873,-4.325975607101947
dump_485.csv,5-5,740,-4.471351898648648
dump_486.csv,1-1,104,-3.6404841346153844
dump_486.csv,1-2,217,-3.725344953917051
dump_486.csv,1-3,272,-4.061137297794118
dump_486.csv,1-4,258,-3.900836434108527
dump_486.csv,1-5,278,-4.067236708633093
dump_486.csv,2-2,308,-3.8081440909090913
dump_486.csv,2-3,529,-4.1337161436672964
dump_486.csv,2-4,492,-3.973873963414634
dump_486.csv,2-5,535,-4.134754514018692
dump_486.csv,3-3,810,-4.469488018518518
dump_486.csv,3-4,1047,-4.317712048710602
dump_486.csv,3-5,1149,-4.467266553524804
dump_486.csv,4-4,465,-4.153404129032258
dump_486.csv,4-5,718,-4.319662889972145
dump_486.csv,5-5,931,-4.466652588614393
dump_487.csv,1-1,196,-3.61578556122449
dump_487.csv,1-2,298,-3.6977078020134226
dump_487.csv,1-3,393,-4.041617073791349
dump_487.csv,1-4,366,-3.8778003961748633
dump_487.csv,1-5,395,-4.041667594936708
dump_487.csv,2-2,195,-3.779955564102564
dump_487.csv,2-3,404,-4.108920123762376
dump_487.csv,2-4,385,-3.9504165974025973
dump_487.csv,2-5,403,-4.1115431513647644
dump_487.csv,3-3,841,-4.451656076099881
dump_487.csv,3-4,1084,-4.301463759225093
dump_487.csv,3-5,1166,-4.448177457118353
dump_487.csv,4-4,454,-4.1372510022026425
dump_487.csv,4-5,705,-4.3009630425531915
dump_487.csv,5-5,930,-4.448295327956989
dump_488.csv,1-1,56,-3.6554908035714284
dump_488.csv,1-2,146,-3.7252541095890415
dump_488.csv,1-3,204,-4.06798406862745
dump_488.csv,1-4,191,-3.9114730366492148
dump_488.csv,1-5,202,-4.07115448019802
dump_488.csv,2-2,168,-3.8008035416666663
dump_488.csv,2-3,371,-4.129773814016173
dump_488.csv,2-4,334,-3.9739655838323356
dump_488.csv,2-5,367,-4.1279468801089925
dump_488.csv,3-3,1021,-4.474377433888344
dump_488.csv,3-4,1248,-4.329153982371794
dump_488.csv,3-5,1388,-4.468398699567723
dump_488.csv,4-4,466,-4.169790472103005
dump_488.csv,4-5,710,-4.327078014084507
dump_488.csv,5-5,937,-4.464655693703309
dump_489.csv,1-1,60,-3.641199583333333
dump_489.csv,1-2,156,-3.724729775641026
dump_489.csv,1-3,202,-4.0697584900990105
dump_489.csv,1-4,183,-3.913833770491803
dump_489.csv,1-5,202,-4.072229777227723
dump_489.csv,2-2,260,-3.8071882692307693
dump_489.csv,2-3,481,-4.137078773388773
dump_489.csv,2-4,443,-3.9801625846501127
dump_489.csv,2-5,479,-4.139665198329854
dump_489.csv,3-3,927,-4.476215097087379
dump_489.csv,3-4,1184,-4.3287185472972975
dump_489.csv,3-5,1278,-4.471848564162754
dump_489.csv,4-4,461,-4.173565704989154
dump_489.csv,4-5,719,-4.330702517385258
dump_489.csv,5-5,947,-4.473290306230201
dump_490.csv,1-1,168,-3.633055863095238
dump_490.csv,1-2,284,-3.710896338028169
dump_490.csv,1-3,383,-4.055963315926893
dump_490.csv,1-4,371,-3.889324770889488
dump_490.csv,1-5,386,-4.057128873056995
dump_490.csv,2-2,199,-3.7888524874371856
dump_490.csv,2-3,410,-4.123046158536585
dump_490.csv,2-4,399,-3.957195250626566
dump_490.csv,2-5,414,-4.122355434782609
dump_490.csv,3-3,711,-4.465852932489452
dump_490.csv,3-4,982,-4.308247545824847
dump_490.csv,3-5,1024,-4.460970825195313
dump_490.csv,4-4,620,-4.146445137096775
dump_490.csv,4-5,883,-4.311549915062288
dump_490.csv,5-5,900,-4.460281961111111
dump_491.csv,1-1,296,-3.605605304054054
dump_491.csv,1-2,398,-3.6910851005025127
dump_491.csv,1-3,537,-4.023988277467411
dump_491.csv,1-4,511,-3.8554520352250488
dump_491.csv,1-5,545,-4.0288455596330275
dump_491.csv,2-2,204,-3.7760592156862742
dump_491.csv,2-3,395,-4.0991176455696205
dump_491.csv,2-4,370,-3.933344851351351
dump_491.csv,2-5,406,-4.100337586206896
dump_491.csv,3-3,721,-4.432783980582524
dump_491.csv,3-4,949,-4.277533387776606
dump_491.csv,3-5,1026,-4.43082142300195
dump_491.csv,4-4,469,-4.1060910980810235
dump_491.csv,4-5,714,-4.2778567857142855
dump_491.csv,5-5,914,-4.4358827461706785
dump_492.csv,1-1,110,-3.6307898181818183
dump_492.csv,1-2,197,-3.7220329187817263
dump_492.csv,1-3,292,-4.056840719178083
dump_492.csv,1-4,272,-3.893832720588235
dump_492.csv,1-5,297,-4.058203282828282
dump_492.csv,2-2,208,-3.7989007451923076
dump_492.csv,2-3,405,-4.124955777777778
dump_492.csv,2-4,368,-3.966325557065218
dump_492.csv,2-5,405,-4.125431209876543
dump_492.csv,3-3,926,-4.463616252699784
dump_492.csv,3-4,1149,-4.316676605744125
dump_492.csv,3-5,1280,-4.45815365234375
dump_492.csv,4-4,447,-4.157418422818792
dump_492.csv,4-5,696,-4.315150043103449
dump_492.csv,5-5,921,-4.457300081433225
dump_493.csv,1-1,426,-3.5618201291079816
dump_493.csv,1-2,496,-3.6536021874999998
dump_493.csv,1-3,685,-3.9847692408759126
dump_493.csv,1-4,648,-3.8194797993827163
dump_493.csv,1-5,638,-3.9956102821316617
dump_493.csv,2-2,214,-3.757064228971963
dump_493.csv,2-3,429,-4.084045874125874
dump_493.csv,2-4,411,-3.923353905109489
dump_493.csv,2-5,397,-4.090296234256927
dump_493.csv,3-3,928,-4.417493081896551
dump_493.csv,3-4,1193,-4.264100146689019
dump_493.csv,3-5,1193,-4.415901223805532
dump_493.csv,4-4,560,-4.099644741071429
dump_493.csv,4-5,767,-4.270709237288136
dump_493.csv,5-5,485,-4.421667412371134
dump_494.csv,1-1,94,-3.6540732978723405
dump_494.csv,1-2,203,-3.7198066009852213
dump_494.csv,1-3,269,-4.067886096654275
dump_494.csv,1-4,252,-3.9073325
dump_494.csv,1-5,270,-4.064826425925926
dump_494.csv,2-2,202,-3.7958790594059404
dump_494.csv,2-3,409,-4.1324280684596575
dump_494.csv,2-4,373,-3.9711932841823057
dump_494.csv,2-5,404,-4.1295078960396046
dump_494.csv,3-3,884,-4.472130486425339
dump_494.csv,3-4,1150,-4.321727617391304
dump_494.csv,3-5,1238,-4.466852338449112
dump_494.csv,4-4,539,-4.1624176345083495
dump_494.csv,4-5,789,-4.322655088719898
dump_494.csv,5-5,905,-4.4663719558011055
dump_495.csv,1-1,88,-3.649201306818182
dump_495.csv,1-2,197,-3.7172161167512687
dump_495.csv,1-3,259,-4.062267084942086
dump_495.csv,1-4,235,-3.903033489361702
dump_495.csv,1-5,257,-4.063981887159533
dump_495.csv,2-2,192,-3.7944882552083334
dump_495.csv,2-3,405,-4.122585185185185
dump_495.csv,2-4,373,-3.9717391420911525
dump_495.csv,2-5,400,-4.1252933
dump_495.csv,3-3,952,-4.469488167016807
dump_495.csv,3-4,1220,-4.3225301434426235
dump_495.csv,3-5,1317,-4.464200083523159
dump_495.csv,4-4,463,-4.165506166306695
dump_495.csv,4-5,714,-4.322499663865546
dump_495.csv,5-5,908,-4.462276971365639
dump_496.csv,1-1,275,-3.6096595454545457
dump_496.csv,1-2,430,-3.7013245697674417
dump_496.csv,1-3,451,-4.032606829268293
dump_496.csv,1-4,454,-3.854335077092511
dump_496.csv,1-5,483,-4.04017384057971
dump_496.csv,2-2,421,-3.8038705581947747
dump_496.csv,2-3,644,-4.125009161490683
dump_496.csv,2-4,640,-3.9563032031250005
dump_496.csv,2-5,680,-4.130212125
dump_496.csv,3-3,501,-4.447111526946108
dump_496.csv,3-4,712,-4.288825751404494
dump_496.csv,3-5,772,-4.449054384715026
dump_496.csv,4-4,520,-4.114721
dump_496.csv,4-5,779,-4.293577657252888
dump_496.csv,5-5,893,-4.457064132138858
dump_497.csv,1-1,82,-3.6426916463414636
dump_497.csv,1-2,183,-3.7198095355191256
dump_497.csv,1-3,246,-4.063097276422765
dump_497.csv,1-4,230,-3.9087218695652175
dump_497.csv,1-5,243,-4.066364855967079
dump_497.csv,2-2,182,-3.7955164285714287
dump_497.csv,2-3,400,-4.1245115625
dump_497.csv,2-4,367,-3.9705687874659397
dump_497.csv,2-5,404,-4.1254258539603965
dump_497.csv,3-3,970,-4.469781525773196
dump_497.csv,3-4,1228,-4.324478705211726
dump_497.csv,3-5,1341,-4.4648453765846385
dump_497.csv,4-4,472,-4.16661498940678
dump_497.csv,4-5,709,-4.323126939351199
dump_497.csv,5-5,912,-4.4630738103070176
dump_498.csv,1-1,53,-3.639959528301887
dump_498.csv,1-2,137,-3.721002810218978
dump_498.csv,1-3,199,-4.0698201507537695
dump_498.csv,1-4,177,-3.9090185875706216
dump_498.csv,1-5,200,-4.06921105
dump_498.csv,2-2,157,-3.799292579617834
dump_498.csv,2-3,372,-4.128390430107527
dump_498.csv,2-4,330,-3.975599227272727
dump_498.csv,2-5,371,-4.127316954177898
dump_498.csv,3-3,1009,-4.4752830624380575
dump_498.csv,3-4,1271,-4.328465247836349
dump_498.csv,3-5,1387,-4.467792263878875
dump_498.csv,4-4,453,-4.1712230353200885
dump_498.csv,4-5,702,-4.328737165242165
dump_498.csv,5-5,946,-4.4660155338266385
dump_499.csv,1-1,498,-3.55679609437751
dump_499.csv,1-2,666,-3.645088445945946
dump_499.csv,1-3,751,-3.991168122503329
dump_499.csv,1-4,755,-3.811591165562914
dump_499.csv,1-5,538,-4.003228949814127
dump_499.csv,2-2,346,-3.7532075722543348
dump_499.csv,2-3,596,-4.0855868959731545
dump_499.csv,2-4,596,-3.9087505956375836
dump_499.csv,2-5,420,-4.092131464285714
dump_499.csv,3-3,772,-4.4232928367875655
dump_499.csv,3-4,1061,-4.2567116446748345
dump_499.csv,3-5,750,-4.42697856
dump_499.csv,4-4,831,-4.081832015643803
dump_499.csv,4-5,788,-4.267837423857868
dump_499.csv,5-5,165,-4.433097393939394
