Type 1-Type 1,Type 1-Type 2,Type 1-Type 3,Type 1-Type 4,Type 1-Type 5,Type 2-Type 1,Type 2-Type 2,Type 2-Type 3,Type 2-Type 4,Type 2-Type 5,Type 3-Type 1,Type 3-Type 2,Type 3-Type 3,Type 3-Type 4,Type 3-Type 5,Type 4-Type 1,Type 4-Type 2,Type 4-Type 3,Type 4-Type 4,Type 4-Type 5,Type 5-Type 1,Type 5-Type 2,Type 5-Type 3,Type 5-Type 4,Type 5-Type 5,P_1_1,P_1_2,P_1_3,P_1_4,P_1_5,P_2_1,P_2_2,P_2_3,P_2_4,P_2_5,P_3_1,P_3_2,P_3_3,P_3_4,P_3_5,P_4_1,P_4_2,P_4_3,P_4_4,P_4_5,P_5_1,P_5_2,P_5_3,P_5_4,P_5_5,Type1,Type2,Type3,Type4,Type5,W_Index
-0.0051884350425315,-0.0516980213949911,-0.0216632478325788,0.0142705679819556,0.0352476051904029,-0.0516980213949911,0.0647464423688198,0.0083924364563794,0.0005384196255565,-0.0245864380029747,-0.0216632478325788,0.0083924364563796,-0.0284917452495354,0.0177267765469677,0.0163016822626724,0.0142705679819555,0.0005384196255565,0.0177267765469675,-0.0445182876787015,0.0059906683957539,0.0352476051904028,-0.0245864380029747,0.0163016822626722,0.0059906683957536,-0.0148923897673536,0.0746352413019079,0.0780885780885781,0.0758584961515689,0.0731904103273397,0.0716328653146125,0.1503928170594837,0.1337412587412587,0.1417998815867377,0.1429230059935454,0.1465158606344253,0.2875982042648709,0.2791375291375291,0.2895204262877442,0.2765099124020286,0.2769110764430577,0.1781705948372615,0.1806526806526806,0.1775458851391355,0.1887966804979253,0.1796671866874675,0.3092031425364758,0.3283799533799534,0.3152753108348134,0.3185799907791609,0.3252730109204368,0.07425,0.143,0.2815,0.18075,0.3205,1501
0.1229549671108113,-0.0037307542106006,-0.0344461264706663,0.0258235042657851,-0.0177808497136229,-0.0037307542106006,-0.0511799371993668,0.0162657152165294,-0.0161977652547569,0.0173079255161224,-0.0344461264706663,0.0162657152165295,0.0225921186344988,-0.022139360791374,-0.0081742308375292,0.0258235042657852,-0.0161977652547569,-0.022139360791374,0.0353882272228142,0.0017951238600832,-0.0177808497136229,0.0173079255161224,-0.0081742308375292,0.0017951238600834,0.0067196086858853,0.0844155844155844,0.0966090850927703,0.0995654396728016,0.0937644877144181,0.0979614067849362,0.1307359307359307,0.1369161868202175,0.128131390593047,0.132359758924432,0.127995642701525,0.3372294372294372,0.3206973768394114,0.3186349693251534,0.3332174316179879,0.3286647992530345,0.1751082251082251,0.1826615483045425,0.1837295501022494,0.1733889661566991,0.17942732648615,0.2725108225108225,0.2631158029430582,0.2699386503067484,0.2672693555864627,0.2659508247743541,0.09625,0.13025,0.326,0.17975,0.26775,2586
0.0333333333333334,0.1896869244935543,-0.0450966356478166,0.0063665302410185,-0.0129969418960242,0.1896869244935544,0.0486655881485098,-0.0012246711250494,-0.0326140209386989,-0.0228879089439684,-0.0450966356478166,-0.0012246711250496,0.0011660464092277,0.0097665920248124,0.0005158863065386,0.0063665302410187,-0.0326140209386989,0.0097665920248124,-0.0546775881632914,0.0282627772145526,-0.0129969418960242,-0.0228879089439686,0.0005158863065385,0.0282627772145526,-0.0080676586021253,0.0483333333333333,0.0405156537753222,0.0522548317823908,0.049681673487949,0.0506498470948012,0.0733333333333333,0.0860957642725598,0.0906108327368169,0.0934515688949522,0.0925713557594291,0.365,0.3496777163904235,0.3488427582915772,0.3458390177353342,0.3490698267074414,0.1820833333333333,0.1892265193370165,0.1814602720114531,0.1932696680309231,0.1780708460754332,0.33125,0.3344843462246777,0.3268313051777619,0.3177580718508413,0.329638124362895,0.05,0.0905,0.34925,0.18325,0.327,2653
-0.1861034588307315,-0.0052975406236277,0.0325955672490326,0.0121508813097597,-0.0006264791869692,-0.0052975406236275,-0.107632325141777,0.0183173835778226,-0.0194752423521216,0.0241527398628405,0.0325955672490326,0.0183173835778226,-0.0019515045417484,-0.0049787971505377,-0.0069330646105016,0.0121508813097599,-0.0194752423521216,-0.0049787971505377,0.002972662556157,0.0063320772771046,-0.0006264791869692,0.0241527398628403,-0.0069330646105016,0.0063320772771044,-0.0033402984771271,0.0782828282828282,0.0663496376811594,0.0638486925615638,0.0651980418335558,0.0660413476263399,0.0924873737373737,0.1019021739130434,0.0903148007108403,0.0937917222963952,0.0897779479326186,0.317550505050505,0.3222373188405797,0.3288905813658289,0.329884290164664,0.3305257784583971,0.1849747474747475,0.1908967391304347,0.1881822797664381,0.1866933689363596,0.1860643185298622,0.3267045454545454,0.3186141304347826,0.3287636455953288,0.3244325767690253,0.327590607452782,0.066,0.092,0.32825,0.18725,0.3265,1055
0.0043534444904461,-0.0013814237713472,-0.0044614679924837,-0.0116822979103494,0.0144217924991134,-0.0013814237713472,-0.0151901451141798,0.0297222352286263,-0.0081488262751614,-0.0241570265113031,-0.0044614679924837,0.0297222352286266,-0.0093657947861358,0.0070073722691857,-0.0022747552438764,-0.0116822979103496,-0.0081488262751612,0.0070073722691856,0.0029506319637117,0.0021022742785375,0.0144217924991134,-0.0241570265113031,-0.0022747552438764,0.0021022742785377,-0.003341965647527,0.2028629856850715,0.204031465093412,0.2046590241034685,0.2061302681992337,0.2008115597783056,0.0848670756646216,0.0860373647984267,0.0822310405643739,0.0854406130268199,0.0867973079968329,0.2847648261758691,0.2750737463126844,0.2861552028218695,0.2815134099616858,0.2841448931116389,0.220040899795501,0.2192723697148476,0.215975896531452,0.2168582375478927,0.217042755344418,0.2074642126789366,0.2155850540806293,0.210978835978836,0.2100574712643678,0.2112034837688044,0.20375,0.08475,0.2835,0.2175,0.2105,705
-0.0263884901467756,-0.0525623314255641,-0.0010716215792492,0.0289780802788848,0.015098816542738,-0.0525623314255641,0.0207141219700561,0.0387221242832341,-0.0314203200660108,-0.0054266840896957,-0.0010716215792492,0.0387221242832341,0.0020153789915341,-0.0224235073053105,-0.0009120737239849,0.0289780802788848,-0.031420320066011,-0.0224235073053105,0.0074461157011823,0.0183652675265288,0.0150988165427379,-0.0054266840896957,-0.0009120737239851,0.0183652675265288,-0.0174355563908685,0.1444641799881586,0.1481481481481481,0.1409008307372793,0.1366713352007469,0.1386248415716096,0.1018354055654233,0.094745908699397,0.093003634475597,0.0997899159663865,0.097275031685678,0.321343990526939,0.3085701981050818,0.3203530633437175,0.3281979458450046,0.3212927756653992,0.173327412670219,0.1841085271317829,0.1825025960539979,0.1771708683473389,0.1752217997465145,0.2590290112492599,0.26442721791559,0.2632398753894081,0.2581699346405229,0.2675855513307985,0.14075,0.09675,0.321,0.1785,0.263,106
-0.0396321922613009,-0.019382887170666,0.002619355092831,0.0303594717020179,0.0154137197153728,-0.0193828871706662,0.0214408075300706,0.0123790106101372,-0.0365564482961511,0.0056829409021569,0.0026193550928309,0.0123790106101372,0.001667286213284,0.0009359077260624,-0.0166864411180753,0.030359471702018,-0.0365564482961511,0.0009359077260624,0.0337963164430585,-0.0076983288622736,0.0154137197153728,0.005682940902157,-0.0166864411180753,-0.0076983288622736,0.0085772717560514,0.1335927367055771,0.1309907010014306,0.1281634128705712,0.1245988078862906,0.1265193370165745,0.2375162127107652,0.2280042918454935,0.230115690527838,0.2415176524530032,0.2316758747697974,0.2298962386511024,0.2276466380543634,0.230115690527838,0.2302842732691426,0.2343462246777164,0.1762321660181582,0.1883941344778254,0.1815798987707881,0.1756075194864741,0.1831491712707182,0.2227626459143969,0.224964234620887,0.2300253073029645,0.2279917469050894,0.2243093922651933,0.1285,0.233,0.2305,0.18175,0.22625,589
-0.1110623803049573,0.0649032669779314,0.0063939963162538,-0.014832544472344,0.0171550592275172,0.0649032669779314,-0.0024277547184587,-0.0091793546968612,-0.0072667098352399,-0.0110474868413443,0.0063939963162537,-0.0091793546968617,0.0072399470185049,0.0226457882873577,-0.0187959241667681,-0.014832544472344,-0.0072667098352399,0.0226457882873578,0.0134430673071093,-0.01531817457212,0.0171550592275173,-0.0110474868413441,-0.0187959241667681,-0.01531817457212,0.0215045495322311,0.1258278145695364,0.1058997050147492,0.1125258799171842,0.1149297856614929,0.1113071895424836,0.1320824135393671,0.1415929203539823,0.1425465838509317,0.1422764227642276,0.1428104575163398,0.1999632082413539,0.2030973451327433,0.1997929606625259,0.1966925351071692,0.2050326797385621,0.2288447387785136,0.2271386430678466,0.2203933747412008,0.2224685883222468,0.228954248366013,0.3132818248712288,0.3222713864306785,0.3247412008281573,0.3236326681448632,0.3118954248366013,0.11325,0.14125,0.20125,0.2255,0.31875,2468
0.0847033257747543,0.0037942804122343,-0.0497983346344002,0.032841867569901,0.0055517399267398,0.0037942804122345,-0.0547373834667734,0.0337337577147289,-0.0394737991457099,0.0096889888121621,-0.0497983346343999,0.0337337577147289,0.022216250111977,0.0027512937177522,-0.0228387277567605,0.032841867569901,-0.0394737991457099,0.0027512937177521,0.022218591203728,-0.0091460143761397,0.00555173992674,0.009688988812162,-0.0228387277567605,-0.0091460143761399,0.0223674117904886,0.0768849206349206,0.0836812804453723,0.0881830601092896,0.0812412831241283,0.0835336538461538,0.1192956349206349,0.1263048016701461,0.1157103825136612,0.1244769874476987,0.1185897435897435,0.320188492063492,0.2947112038970076,0.298224043715847,0.3041608554160855,0.3119658119658119,0.1733630952380952,0.1863256784968684,0.1787568306010929,0.1752673175267317,0.180889423076923,0.3102678571428571,0.3089770354906054,0.3191256830601093,0.3148535564853556,0.3050213675213675,0.084,0.11975,0.305,0.17925,0.312,2413
0.0174849883042923,0.0223948050387627,-0.0287343620676954,0.0284742759990284,0.0020793638364697,0.0223948050387627,0.0804379956705598,0.0117333183026613,-0.0071914386433429,-0.0386213747272989,-0.0287343620676954,0.0117333183026613,-0.0057492682975308,0.006442287913292,0.0051180748855167,0.0284742759990282,-0.0071914386433429,0.0064422879132921,0.0130352699848687,-0.0178758739661342,0.0020793638364696,-0.0386213747272989,0.0051180748855166,-0.0178758739661342,0.0164853874967449,0.0729517396184062,0.0725871857258718,0.0763835263835263,0.0721357850070721,0.0740956072351421,0.1004489337822671,0.0944849959448499,0.1015444015444015,0.1034889203206034,0.1067183462532299,0.3330527497194164,0.3199513381995134,0.3256113256113256,0.3216643092880716,0.3220930232558139,0.1717171717171717,0.1780210867802108,0.1756113256113256,0.1744460160301744,0.1799095607235142,0.3218294051627385,0.3349553933495539,0.3208494208494208,0.3282649693540783,0.3171834625322997,0.07425,0.10275,0.32375,0.17675,0.3225,1600
-0.0086626320161384,-0.0507197430239714,0.0128262818433287,0.0183354963229177,-0.0040402579981848,-0.0507197430239714,0.0164861975799484,-0.0218980034601572,-0.0039019585558965,0.0294961243854338,0.0128262818433289,-0.0218980034601572,0.0047092892876818,0.0198581435408945,-0.0119362577908679,0.0183354963229177,-0.0039019585558965,0.0198581435408945,-0.0311394791112602,-0.0034665207079001,-0.0040402579981846,0.0294961243854339,-0.0119362577908679,-0.0034665207078998,0.0045164731384839,0.080188679245283,0.0835322195704057,0.0784803105934553,0.078042328042328,0.0798212005108556,0.110062893081761,0.1030230708035004,0.1070438158624514,0.1051587301587301,0.1016602809706258,0.2966457023060797,0.3070803500397772,0.2990848585690516,0.2945326278659612,0.3040868454661558,0.1855345911949685,0.1897374701670644,0.1852468108707709,0.1948853615520282,0.1896551724137931,0.3275681341719078,0.3166268894192522,0.3301442041042706,0.3273809523809524,0.3247765006385696,0.0795,0.10475,0.3005,0.189,0.32625,2464
-0.0051884350425315,0.0135413864227423,-0.014001014001014,0.0333740333740333,-0.0080636231649122,0.0135413864227422,-0.0162065400707827,-0.0208755971467837,0.0132950181376332,0.0158063412648512,-0.014001014001014,-0.0208755971467837,-0.0009789160368312,-0.0055581484152913,0.0142809400899377,0.0333740333740334,0.0132950181376331,-0.0055581484152913,0.0188383045525901,-0.0173002477659147,-0.0080636231649122,0.0158063412648512,0.0142809400899376,-0.0173002477659147,-0.0079182003988067,0.0746352413019079,0.0732445520581113,0.0752895752895752,0.071771978021978,0.0748487240199947,0.1018518518518518,0.1049233252623083,0.1054054054054054,0.1018772893772893,0.1016179952644041,0.3282828282828283,0.3305084745762712,0.324066924066924,0.3255494505494505,0.3191265456458826,0.1759259259259259,0.1795803066989507,0.183011583011583,0.1785714285714285,0.1851486450933964,0.3193041526374859,0.3117433414043583,0.3122265122265122,0.3222298534798535,0.319258089976322,0.07425,0.10325,0.32375,0.182,0.31675,228
0.1264044262175738,0.0074259245643703,0.0288529204785362,-0.0439138255857454,-0.0335511069186784,0.0074259245643703,0.0486002821712335,-0.0003553660270079,0.0361969144726571,-0.0475106735824424,0.0288529204785362,-0.0003553660270076,-0.0112244897959183,-0.0092249723900474,0.0149020601148258,-0.0439138255857454,0.0361969144726571,-0.0092249723900474,-0.0087680931491245,0.0078501188483481,-0.0335511069186784,-0.0475106735824422,0.0149020601148259,0.0078501188483482,0.0050173532518483,0.0443349753694581,0.0503731343283582,0.0492857142857142,0.0529786266484765,0.0524527186761229,0.1330049261083744,0.1274875621890547,0.134047619047619,0.1291496134606639,0.1403664302600472,0.3399014778325123,0.3501243781094527,0.3539285714285714,0.3532287403365166,0.3447842789598109,0.1912972085385878,0.1766169154228855,0.1849404761904761,0.184856753069577,0.1818114657210401,0.2914614121510673,0.2953980099502487,0.277797619047619,0.2797862664847658,0.2805851063829787,0.05075,0.134,0.35,0.18325,0.282,915
0.1391184573002755,0.0084266578831796,-0.0097163562510096,-0.0030208628339469,-0.0189954676937831,0.0084266578831796,0.0548204158790169,-0.0065178758678543,0.0385731700237997,-0.0327196662005901,-0.0097163562510096,-0.0065178758678543,-0.0042717318776228,0.0173917258214472,-0.0018789604251978,-0.0030208628339467,0.0385731700237997,0.0173917258214472,-0.0255477857139885,-0.013091472652664,-0.0189954676937831,-0.0327196662005904,-0.0018789604251978,-0.0130914726526638,0.0224565303890553,0.0568181818181818,0.0654438405797101,0.0666412795125666,0.0661993769470404,0.0672537008677896,0.0912247474747474,0.0869565217391304,0.0925996445798426,0.0884512683578104,0.0950102092904543,0.3314393939393939,0.3303894927536231,0.3296521959888296,0.3225411659991099,0.3288667687595712,0.1878156565656565,0.1800271739130435,0.183993399339934,0.1920338228749443,0.1897013782542113,0.3327020202020202,0.3371829710144927,0.3271134805788271,0.3307743658210948,0.3191679428279734,0.066,0.092,0.32825,0.18725,0.3265,794
0.0668992656902917,0.0863094294979456,-0.0194205070563255,-0.0202878037272942,-0.0121957240902581,0.0863094294979454,0.0223014281824708,-0.0157545605306799,0.0395245992260917,-0.0357955515886792,-0.0194205070563255,-0.0157545605306799,-0.0167964244521336,0.0005446623093681,0.028972053937854,-0.0202878037272942,0.0395245992260917,0.0005446623093683,-0.0030864197530864,-0.0066752799310938,-0.0121957240902581,-0.0357955515886789,0.0289720539378542,-0.0066752799310938,-0.0136017630416147,0.0732484076433121,0.0717247097844112,0.0800245098039215,0.0800925925925925,0.0794573643410852,0.0918259023354564,0.0982587064676616,0.1020833333333333,0.0965277777777777,0.1040974529346622,0.3466029723991507,0.3453565505804312,0.3457107843137255,0.3398148148148148,0.3301495016611295,0.1836518046709129,0.1728855721393034,0.1799019607843137,0.1805555555555555,0.1812015503875969,0.3046709129511677,0.3117744610281924,0.2922794117647059,0.3030092592592592,0.305094130675526,0.0785,0.1005,0.34,0.18,0.301,3021
0.0409718152272362,0.0324554289210455,-0.0125511839059995,-0.0614401949461991,0.0212184859386804,0.0324554289210454,0.0028983276905715,-0.0145886820710312,0.011866584022781,-0.0027740290898186,-0.0125511839059997,-0.0145886820710312,-0.0073523944080902,0.0083267768161552,0.0137064832186781,-0.0614401949461993,0.011866584022781,0.0083267768161553,-0.0004695600057573,0.0078818035807282,0.0212184859386805,-0.0027740290898183,0.0137064832186782,0.0078818035807284,-0.0261280346750434,0.0985401459854014,0.0994152046783625,0.1040396341463414,0.1090629800307219,0.1005698005698005,0.1103000811030008,0.1136695906432748,0.1156631097560975,0.1126472094214029,0.1143162393162393,0.3321167883211678,0.3327850877192982,0.3304115853658536,0.325268817204301,0.3235042735042735,0.1727493917274939,0.1608187134502924,0.1613948170731707,0.162826420890937,0.1614672364672364,0.2862935928629359,0.2933114035087719,0.2884908536585366,0.2901945724526369,0.3001424501424501,0.10275,0.114,0.328,0.16275,0.2925,3543
-0.1065331972199579,0.0966576332429991,0.0109444548790923,0.0664623452176953,-0.0483840873742591,0.0966576332429991,0.00032813656586,0.0117432795911168,-0.0284637905221398,-0.0230706788937908,0.0109444548790921,0.0117432795911169,-0.0288570111136525,0.0190175006358573,0.009643754710623,0.0664623452176954,-0.0284637905221396,0.0190175006358575,-0.0629960971749132,0.0074475807122784,-0.0483840873742591,-0.0230706788937908,0.009643754710623,0.0074475807122784,0.0081540751036749,0.1020776874435411,0.0833333333333333,0.0912403740374037,0.0861188486536675,0.0967134320602754,0.0943992773261065,0.1044657097288676,0.1032728272827282,0.1074744661095636,0.1069108859444011,0.299683830171635,0.2994417862838915,0.3117436743674367,0.2972376973073352,0.3000779423226812,0.1675700090334236,0.184609250398724,0.1760863586358635,0.1908077994428969,0.178163159262146,0.3362691960252936,0.3281499202551834,0.3176567656765676,0.3183611884865366,0.3181345804104962,0.09225,0.1045,0.303,0.1795,0.32075,1073
0.0946129470348573,0.0004867195104992,-0.0075047201992797,-0.0291414724285437,0.0013858319067416,0.0004867195104991,0.0167243367935411,-0.0048314627864569,-0.0267528430009,0.0100036879955744,-0.0075047201992797,-0.0048314627864567,-0.013621069345715,0.0270034328243435,0.0001512797161953,-0.0291414724285437,-0.0267528430008998,0.0270034328243435,0.0134652323869691,-0.0089625815490281,0.0013858319067415,0.0100036879955744,0.0001512797161951,-0.0089625815490281,-0.0007108158659343,0.0638297872340425,0.0704656862745098,0.0710290827740492,0.0725544738062123,0.0704022988505747,0.1699172576832151,0.167156862745098,0.1708213486736976,0.1745479833101529,0.1682993730407523,0.2627068557919622,0.2620098039215686,0.2643016938318951,0.2537088548910524,0.2607105538140021,0.1849881796690307,0.1845588235294117,0.1748961329498242,0.1773296244784422,0.1813610240334378,0.3185579196217494,0.3158088235294117,0.3189517417705337,0.32185906351414,0.319226750261233,0.0705,0.17,0.26075,0.17975,0.319,3351
-0.0200225214802474,0.0168561597133024,-0.0152310543699976,-0.0009062646981221,0.016801057617384,0.0168561597133025,0.0002227764465525,-0.0409681642558354,0.0343177526988657,0.0111990111990111,-0.0152310543699976,-0.0409681642558354,0.0208711244552866,0.0041093323682434,0.000957905067494,-0.0009062646981221,0.0343177526988656,0.0041093323682434,0.0160643141314208,-0.02178786833087,0.0168010576173841,0.0111990111990112,0.0009579050674941,-0.02178786833087,-0.002171504102006,0.1499433106575963,0.1445221445221445,0.1492389649923896,0.1471332209106239,0.1445302445302445,0.1054421768707483,0.1072261072261072,0.1116438356164383,0.1035694210230466,0.106048906048906,0.2779195011337868,0.2849650349650349,0.2680365296803653,0.2726250702641933,0.2734877734877735,0.1483843537414966,0.1431623931623931,0.1476407914764079,0.1458684654300168,0.1514800514800514,0.3183106575963719,0.3201243201243201,0.3234398782343988,0.3308038223721192,0.3244530244530244,0.147,0.10725,0.27375,0.14825,0.32375,1744
-0.0489456553596494,-0.0534259928933051,0.0028385454901387,0.0547016455616672,0.0021493682906119,-0.0534259928933054,0.0519174139345981,-0.0235263253187896,-0.0032873671177902,0.0093694904544718,0.0028385454901384,-0.0235263253187896,0.0058313061780792,0.0089792146131961,0.0007125489877428,0.054701645561667,-0.0032873671177902,0.0089792146131961,-0.0172853919086684,-0.0088697376282149,0.0021493682906119,0.0093694904544717,0.0007125489877429,-0.0088697376282151,-0.000401821355308,0.0770975056689342,0.0774268104776579,0.0732913669064748,0.0694794290512174,0.07334202143064,0.1709183673469387,0.1538263995891114,0.1660671462829736,0.1627833753148614,0.1607298001737619,0.2772108843537414,0.2845403184386235,0.276378896882494,0.2755037783375315,0.2778019113814075,0.187641723356009,0.1991525423728813,0.1967176258992805,0.2019311502938707,0.2002606429192007,0.2871315192743764,0.2850539291217257,0.287544964028777,0.2903022670025189,0.2878656240949899,0.0735,0.16225,0.278,0.1985,0.28775,1084
-0.1197706709665862,0.0388942462230793,0.0071252133579926,0.016991470625612,-0.0069475165472232,0.0388942462230794,-0.0039215686274509,-0.0082313815779573,-0.0149942329873125,0.0106883154186885,0.0071252133579927,-0.0082313815779573,-0.0083584195866555,0.0099664774439286,0.0041367084203406,0.016991470625612,-0.0149942329873127,0.0099664774439287,0.01315153363862,-0.015708142646347,-0.0069475165472232,0.0106883154186886,0.0041367084203407,-0.0157081426463467,0.0025020672223248,0.0683060109289617,0.0586274509803921,0.0605653619851624,0.0599635202918376,0.0614237985093806,0.1021174863387978,0.1066666666666666,0.1071245842926579,0.1078431372549019,0.1051143664867643,0.3234289617486339,0.3284313725490196,0.328472755180353,0.3225034199726402,0.324402467232074,0.1796448087431694,0.1854901960784313,0.180928626247122,0.1803465572275421,0.1856206630686198,0.3265027322404371,0.3207843137254902,0.3229086722947045,0.329343365253078,0.3234387047031611,0.061,0.10625,0.32575,0.18275,0.32425,926
-0.1166666666666664,-0.0114335971855761,-0.0107142857142858,0.0310616597125636,0.0156169994879672,-0.0114335971855759,-0.0117816872155815,0.0350546551074255,-0.0116170827507666,-0.0260920551158019,-0.0107142857142856,0.0350546551074255,-0.0217687074829933,0.0075501688853566,0.0106795406334576,0.0310616597125636,-0.0116170827507666,0.0075501688853566,0.0108860565239286,-0.0155197915976774,0.0156169994879673,-0.0260920551158019,0.0106795406334576,-0.0155197915976774,0.0022833043496043,0.0558333333333333,0.0505716798592788,0.0505357142857142,0.0484469170143718,0.0492191500256016,0.0958333333333333,0.0958663148636763,0.0914285714285714,0.0958507185906351,0.0972222222222222,0.35375,0.337730870712401,0.3576190476190476,0.3473574408901251,0.3462621607782898,0.1741666666666666,0.1818381706244503,0.1783928571428571,0.1777932313398238,0.1825396825396825,0.3204166666666667,0.3339929639401935,0.3220238095238095,0.330551692165044,0.3247567844342038,0.05,0.09475,0.35,0.17975,0.3255,3049
0.0261267889053549,-0.0058603518080713,0.0063883385059587,-0.0207333261762716,-0.0038325235323359,-0.0058603518080713,0.0437057741849714,0.0159053903238974,-0.0569274568981317,-0.0060940554214097,0.0063883385059588,0.0159053903238974,-0.0020283188245455,-0.0041140735836298,-0.010796922011875,-0.0207333261762716,-0.0569274568981315,-0.0041140735836298,0.0496625559622537,0.0230326742588322,-0.0038325235323357,-0.0060940554214097,-0.0107969220118753,0.0230326742588322,0.0039447731755424,0.1297686053783614,0.1340308918784255,0.1323987538940809,0.1360127157129882,0.1337606837606837,0.1682301438398999,0.1599402092675635,0.1645898234683281,0.1767711171662125,0.1682692307692307,0.3189493433395872,0.3158943697060289,0.3216510903426791,0.3223206176203451,0.324465811965812,0.1873045653533458,0.1939461883408071,0.184254932502596,0.1743869209809264,0.1792735042735042,0.1957473420888055,0.1961883408071749,0.1971053997923156,0.1905086285195277,0.1942307692307692,0.13325,0.16725,0.321,0.1835,0.195,1117
-0.1700593782101775,0.0257239327871297,0.0347315935677935,-0.0140099268016875,0.0002143771095235,0.0257239327871298,-0.0624875489740355,-0.0044231072627083,0.0120522907408152,0.0119889266514557,0.0347315935677937,-0.0044231072627081,-0.020530970601915,0.0291425000733909,-0.0016470514920414,-0.0140099268016873,0.0120522907408152,0.0291425000733909,-0.0227238794828152,-0.0174363148456675,0.0002143771095237,0.0119889266514556,-0.0016470514920412,-0.0174363148456675,0.0077364856257208,0.0786864931846344,0.0655200655200655,0.0649143003325658,0.0681921675774134,0.0672355831393845,0.0991325898389095,0.1081081081081081,0.1022000511639805,0.100523679417122,0.1005301267132143,0.3144361833952912,0.3271908271908272,0.3324379636735738,0.3162568306010929,0.3262865270235324,0.1855638166047088,0.1807944307944308,0.1776669224865694,0.1871584699453552,0.1861908456167571,0.322180916976456,0.3183865683865683,0.3227807623433103,0.3278688524590163,0.3197569175071114,0.06725,0.10175,0.32575,0.183,0.32225,642
0.0082812579383225,0.0052402522426503,0.0364682380595046,0.0044740787044271,-0.0414838218945643,0.0052402522426504,0.072205065683664,-0.0043588775940113,0.0038911205775182,-0.0235097861679061,0.0364682380595047,-0.0043588775940113,-0.018671876498514,-0.0083018019442306,0.0121449608212219,0.0044740787044272,0.0038911205775181,-0.0083018019442306,0.0109214058367506,-0.0009709751745865,-0.0414838218945643,-0.0235097861679061,0.0121449608212219,-0.0009709751745867,0.0100385419448334,0.1004115226337448,0.1007194244604316,0.0975575908964751,0.1007969995311767,0.1054502369668246,0.1037037037037037,0.096722621902478,0.1047044129891756,0.1038443506797937,0.1067008952080042,0.2893004115226337,0.3015587529976019,0.3058562309186788,0.3027426160337553,0.2966034755134281,0.176954732510288,0.1770583533173461,0.179225645295587,0.1758087201125175,0.1779225908372828,0.3296296296296296,0.3239408473221423,0.3126561199000832,0.3168073136427566,0.3133228014744602,0.10125,0.10425,0.30025,0.17775,0.3165,4767
-0.0938779954809474,0.0731987617935459,-0.037826574771598,-0.0015188851459675,0.0498148536295675,0.0731987617935457,-0.0455712897403859,-0.0060274109643856,0.0252781844101916,-0.0160474446188731,-0.037826574771598,-0.0060274109643856,0.0167243367935411,0.0103003226607096,-0.0118149824032178,-0.0015188851459675,0.0252781844101916,0.0103003226607099,-0.0246854235531264,-0.0049647180448868,0.0498148536295675,-0.0160474446188729,-0.0118149824032176,-0.0049647180448868,0.0065015706041345,0.1003633060853769,0.0850340136054421,0.0952205882352941,0.0918893577121425,0.0871794871794871,0.0908265213442325,0.1024659863945578,0.0985906862745098,0.0955227379278012,0.0995726495726495,0.3528610354223433,0.3420493197278911,0.334313725490196,0.3364978902953586,0.344017094017094,0.1780199818346957,0.1732568027210884,0.1759191176470588,0.1821378340365682,0.1786324786324786,0.2779291553133515,0.2971938775510204,0.2959558823529412,0.2939521800281294,0.2905982905982906,0.09175,0.098,0.34,0.17775,0.2925,501
0.0443136663145715,-0.0093064295941132,0.023826599729062,-0.0193914898739591,-0.019367991845056,-0.0093064295941132,0.0184652516035177,0.005267560418692,-0.0490897715654707,0.0314807636166984,0.0238265997290619,0.0052675604186918,-0.007826435712525,0.0006301131479166,-0.0005514077259258,-0.0193914898739591,-0.049089771565471,0.0006301131479165,0.0382610131438966,-0.0028018814683758,-0.019367991845056,0.0314807636166984,-0.0005514077259258,-0.0028018814683756,-0.0093232511846732,0.0673758865248227,0.0711561032863849,0.0688202247191011,0.0718671000361141,0.0718654434250764,0.143321513002364,0.1393779342723004,0.1412520064205457,0.1489707475622968,0.1375297315664288,0.3040780141843971,0.3098591549295774,0.3139379347244516,0.311303719754424,0.3116717635066259,0.235224586288416,0.2420774647887324,0.2306046013911182,0.2219212712170458,0.2313965341488277,0.25,0.2375293427230047,0.2453852327447833,0.2459371614301191,0.2475365273530411,0.0705,0.142,0.3115,0.23075,0.24525,4066
0.0725326991676575,-0.019709580946204,0.0152843455005933,-0.0241775663892191,-0.0102670304504564,-0.019709580946204,0.0320456756517723,0.0061874791697862,-0.0103412243721399,-0.0145503554661703,0.0152843455005932,0.0061874791697861,-0.0129763857793943,0.0018242034606733,0.0068071776236129,-0.0241775663892191,-0.0103412243721399,0.0018242034606733,-0.0045184304399525,0.0138391242891422,-0.0102670304504566,-0.0145503554661703,0.0068071776236129,0.0138391242891422,-0.0062998246396845,0.0672413793103448,0.0739289446185997,0.0713918849512069,0.0742528735632183,0.0732443597076581,0.1626436781609195,0.1543887147335423,0.1585130970724191,0.1611494252873563,0.1618207816968541,0.3195402298850575,0.3224921630094043,0.3287108371854134,0.3239080459770115,0.3222910708611376,0.1856321839080459,0.1831243469174503,0.1809193631227529,0.1820689655172414,0.1787416587225929,0.2649425287356322,0.2660658307210031,0.2604648176682075,0.2586206896551724,0.2639021290117572,0.0725,0.1595,0.3245,0.18125,0.26225,333
0.1771990397183729,-0.0291833461718169,-0.0274881175608288,-0.0562421129289594,0.0368672324140471,-0.0291833461718167,0.077939620356099,-0.017257484725236,0.0084313293760456,-0.0219513076331505,-0.0274881175608285,-0.017257484725236,0.0128015469021188,-0.0128502373717738,0.009604834396555,-0.0562421129289592,0.0084313293760457,-0.0128502373717735,0.0412531493910901,-0.0042966628721521,0.0368672324140471,-0.0219513076331503,0.009604834396555,-0.0042966628721521,-0.0030596363756574,0.0520421607378129,0.0650958466453674,0.0649886234357224,0.0668073136427566,0.0609181475498115,0.1610671936758893,0.1443024494142705,0.1592007963594994,0.1551804969526488,0.159935379644588,0.3010540184453228,0.2980564430244941,0.2892491467576791,0.2967651195499297,0.2901857835218093,0.1877470355731225,0.1762513312034078,0.1800341296928327,0.1704172526957337,0.178513731825525,0.2980895915678524,0.31629392971246,0.3065273037542662,0.3108298171589311,0.310446957458266,0.06325,0.1565,0.293,0.17775,0.3095,4684
-0.0745222508761491,-0.0454789102066466,0.0177471448073786,0.0241750805131087,0.0398558527515757,-0.0454789102066468,-0.0113770227540455,0.0273822155209321,-0.0138090846752263,0.0006983072070121,0.0177471448073783,0.0273822155209322,-0.0026737276093167,-0.0212847092279715,-0.0197696340798256,0.0241750805131085,-0.0138090846752263,-0.0212847092279717,0.0139063498136856,0.0357329806871091,0.0398558527515755,0.000698307207012,-0.0197696340798256,0.0357329806871091,-0.0224853251534506,0.0762910798122065,0.0742290026246719,0.0697399527186761,0.0692835692835692,0.0681702344546381,0.2655516431924882,0.2568897637795275,0.2470449172576832,0.2575075075075075,0.2538226299694189,0.3116197183098591,0.3085629921259842,0.3180982400840557,0.324002574002574,0.3235219164118246,0.1895539906103286,0.1969324146981627,0.1983845547675335,0.1915486915486915,0.187308868501529,0.1569835680751173,0.1633858267716535,0.1667323351720515,0.1576576576576576,0.1671763506625892,0.071,0.254,0.31725,0.19425,0.1635,486
0.0053067940720518,0.0600014209280846,-0.0254341284650427,-0.0202635152274797,0.0124970204651478,0.0600014209280846,0.0290549656499968,-0.0364032574534214,0.0087621954038933,0.0082315185195843,-0.0254341284650427,-0.0364032574534214,0.0231767077925546,0.0103351822879627,-0.0097731616718959,-0.0202635152274794,0.0087621954038933,0.0103351822879629,-0.0073433489037579,-0.0054448256695447,0.0124970204651478,0.0082315185195843,-0.0097731616718959,-0.0054448256695447,0.007065052131097,0.0624169986719787,0.0589849108367626,0.0643459915611814,0.0640215355805243,0.0619658119658119,0.1142098273572377,0.1179698216735253,0.1259229957805907,0.1204353932584269,0.1204998704998705,0.3240371845949535,0.3275034293552812,0.3086761603375527,0.3127340823970037,0.3190883190883191,0.1816069057104913,0.1764403292181069,0.1761603375527426,0.1793071161048689,0.1789691789691789,0.3177290836653386,0.3191015089163237,0.3248945147679324,0.323501872659176,0.3194768194768195,0.06275,0.1215,0.316,0.178,0.32175,1962
-0.0202898550724639,0.0128590700379954,0.0201848551415426,0.0372125009551463,-0.0719168717528029,0.0128590700379953,0.0106285717341688,0.0030221400181321,-0.0245650476237646,-0.0142024143925436,0.0201848551415425,0.0030221400181323,-0.022657497887891,0.004268299152874,0.0097387349037617,0.0372125009551462,-0.0245650476237644,0.0042682991528741,-0.0501573691704684,0.0494191508881299,-0.0719168717528029,-0.0142024143925436,0.0097387349037617,0.0494191508881298,0.0308927653178276,0.1466666666666666,0.1419015086820381,0.1408484270734032,0.1384007029876977,0.1540880503144654,0.2889855072463768,0.2896384856248221,0.2918652685096917,0.299941417691857,0.2969077568134172,0.2569565217391304,0.2614574437802448,0.2681919288210994,0.2611306385471587,0.2596960167714884,0.1369565217391304,0.1457443780244805,0.1416428344455036,0.1493848857644991,0.1352201257861635,0.1704347826086956,0.1612581838884144,0.1574515411503018,0.1511423550087873,0.1540880503144654,0.14375,0.29275,0.26225,0.14225,0.159,393
0.2322688611700568,-0.0237241016586209,-0.0452279575756302,0.0027949110041495,0.0036406893442592,-0.0237241016586207,-0.0225715629665483,0.0224735921970429,-0.0006840904886591,-0.0119383982500065,-0.0452279575756302,0.022473592197043,-0.0005043250119705,0.0066945873519572,-2.7634615118898864e-05,0.0027949110041496,-0.0006840904886591,0.0066945873519572,-0.0269956037262169,0.0072859129251148,0.0036406893442593,-0.0119383982500065,-2.763461511867682e-05,0.0072859129251149,-0.0011921132515908,0.053357314148681,0.0711488250652741,0.0726433430515063,0.0693057536852116,0.0692469720905739,0.0980215827338129,0.097911227154047,0.0935981535471331,0.0958155016642891,0.0968931016324381,0.3585131894484412,0.3352915578764143,0.3431729834791059,0.3407037565382786,0.3430094786729857,0.1747601918465227,0.1753698868581375,0.1740767735665694,0.1799809795530195,0.1739731437598736,0.3153477218225419,0.3202785030461271,0.3165087463556851,0.3141940085592011,0.3168773038441285,0.0695,0.09575,0.343,0.17525,0.3165,4842
0.2,0.050131926121372,-0.0228898426323318,-0.0503231763619576,0.0071739687419932,0.0501319261213721,0.0299891163850617,-0.0097349775970949,0.0132949371066882,-0.0133602661372045,-0.0228898426323318,-0.0097349775970949,0.000547822592804,0.0039853794564719,0.0035543620933532,-0.0503231763619573,0.0132949371066884,0.0039853794564718,0.0075787222831826,-0.0046253219520746,0.0071739687419932,-0.0133602661372045,0.0035543620933531,-0.0046253219520746,0.001536688209448,0.04,0.0474934036939313,0.0511444921316165,0.0525161588180978,0.0496413015629003,0.09,0.0919085312225154,0.0956723891273247,0.0934903047091412,0.0960158852165001,0.3575,0.3529023746701847,0.3493085360038149,0.3481071098799631,0.348257750448373,0.1895833333333333,0.1781002638522427,0.1797806390081068,0.1791320406278855,0.1813348706123494,0.3229166666666667,0.3295954265611258,0.3240939437291368,0.3267543859649123,0.324750192159877,0.05,0.09475,0.3495,0.1805,0.32525,4866
-0.0499999999999998,-0.0350877192982455,-0.0583333333333333,0.0699300699300699,0.0421455938697317,-0.0350877192982455,-0.0110803324099721,-0.0307017543859648,0.0344742976321922,0.0226524164818175,-0.0583333333333333,-0.0307017543859648,0.0258503401360543,0.0176490176490177,-0.0195219850392263,0.0699300699300699,0.0344742976321924,0.0176490176490174,-0.0315092832575349,-0.0224258500120568,0.0421455938697318,0.0226524164818177,-0.0195219850392265,-0.0224258500120568,0.0201748848862074,0.0525,0.0517543859649122,0.0529166666666666,0.0465034965034965,0.0478927203065134,0.0983333333333333,0.0960526315789473,0.0979166666666666,0.0917249417249417,0.0928480204342273,0.3704166666666666,0.3607456140350877,0.3409523809523809,0.3438228438228438,0.3568326947637292,0.16625,0.1725877192982456,0.175595238095238,0.1843822843822843,0.1827586206896551,0.3125,0.318859649122807,0.3326190476190476,0.3335664335664335,0.3196679438058748,0.05,0.095,0.35,0.17875,0.32625,1755
-0.1216753173230056,0.0203121938475605,-0.0253700644576164,-0.0047893728747505,0.0453882893419864,0.0203121938475605,-0.0603542680173385,0.0057548409207747,0.007642455965491,0.0059083149964533,-0.0253700644576166,0.0057548409207744,0.0007807852468768,0.0060014473580062,-0.0011067868230967,-0.0047893728747505,0.007642455965491,0.0060014473580063,0.0083068806608879,-0.0123220311654417,0.0453882893419865,0.0059083149964535,-0.0011067868230967,-0.0123220311654417,-0.0027913759941664,0.0703851261620186,0.0614754098360655,0.0643419715447154,0.0630505331478906,0.0599018848437903,0.1045816733067729,0.1131928181108509,0.1061356707317073,0.1059341678256838,0.1061192873741285,0.3363213811420982,0.3261124121779859,0.3277439024390244,0.3260315252665739,0.3283630260779757,0.1806108897742364,0.1783762685402029,0.1786712398373983,0.1782568382012054,0.1819648851019881,0.3081009296148738,0.3208430913348946,0.3231072154471545,0.3267269355586463,0.3236509166021172,0.06275,0.10675,0.328,0.17975,0.32275,2515
-0.0015423752578971,0.0210409745293466,-0.0094846354931785,-0.0200532668548045,0.0190776148209418,0.0210409745293467,-0.0135510204081632,-0.0043963163496691,-0.0103669290661159,0.0306820402579637,-0.0094846354931785,-0.0043963163496691,0.0228309381043361,-0.003713740841112,-0.0179043932080029,-0.0200532668548045,-0.0103669290661161,-0.0037137408411123,0.0327354844360447,-0.0248590098000083,0.0190776148209419,0.0306820402579636,-0.0179043932080031,-0.0248590098000083,0.0193895138305376,0.0645994832041343,0.0631428571428571,0.06511175898931,0.0657934357121349,0.0632694938440492,0.2141472868217054,0.2217142857142857,0.2197116942014901,0.2210177657332128,0.2120383036935704,0.2596899224806202,0.2583809523809524,0.2513767411726595,0.2582053598313761,0.2618559051527588,0.2822997416020671,0.2796190476190476,0.2777777777777778,0.2676904546823246,0.2836297309621523,0.1792635658914728,0.1771428571428571,0.1860220278587625,0.1872929840409515,0.1792065663474692,0.0645,0.21875,0.25725,0.27675,0.18275,3585
-0.0103257853044917,-0.0114826266364755,0.0084223195121534,-0.0146683230580484,0.0145415863450563,-0.0114826266364753,0.0178945495658362,0.0027990964064273,0.0156304780838119,-0.0139456525130252,0.0084223195121535,0.0027990964064272,0.0323097165850975,-0.0326250725777408,-0.0180096973597876,-0.0146683230580484,0.015630478083812,-0.0326250725777408,0.0016630328235607,0.0164206554765123,0.0145415863450562,-0.0139456525130252,-0.0180096973597876,0.0164206554765123,0.0089397819248763,0.1823638042474607,0.1825726141078838,0.1789797713280563,0.1831476323119777,0.1778752436647173,0.2437673130193905,0.2366874135546334,0.240325417766051,0.2372330547818013,0.244360902255639,0.1879039704524469,0.188969571230982,0.183377308707124,0.1956824512534818,0.1929128376496797,0.0910664819944598,0.0883471645919778,0.0926781002638522,0.0896007428040854,0.088276246170983,0.2948984302862419,0.3034232365145228,0.3046394019349164,0.2943361188486537,0.2965747702589807,0.1805,0.241,0.1895,0.08975,0.29925,4315
0.0091161315893777,-0.0470163854243093,0.0477470816248796,-0.0437541750167,0.0161698811611142,-0.047016385424309,-0.0499974850359641,0.0057557868930271,0.0293826423532643,0.0032856513202706,0.0477470816248796,0.005755786893027,-0.0164571055101474,0.0240389811461779,-0.0181605929450117,-0.0437541750167,0.0293826423532643,0.0240389811461779,-0.0535432923294818,0.0189418384792182,0.0161698811611143,0.0032856513202708,-0.0181605929450114,0.0189418384792183,-0.0049794120463468,0.057471264367816,0.0607269503546099,0.0552306692657569,0.0605377421509686,0.0570621468926553,0.1476293103448276,0.1480496453900709,0.1401884340480831,0.1368570474281897,0.1405367231638418,0.2442528735632184,0.2550236406619385,0.2607212475633528,0.2503340013360053,0.2611581920903955,0.2604166666666667,0.2421690307328605,0.2435022742040286,0.2628590514362057,0.244774011299435,0.2902298850574712,0.2940307328605201,0.3003573749187784,0.2894121576486306,0.2964689265536723,0.058,0.141,0.2565,0.2495,0.295,4966
0.0435895204930167,0.0204581988920885,-0.0435292616649622,-0.019631027486487,0.0232337600758654,0.0204581988920884,0.0032388128759335,-0.0078253392975695,-0.0189826352913355,0.0298102981029809,-0.0435292616649625,-0.0078253392975697,0.0161449008886953,0.033255102307431,-0.0240963855421685,-0.019631027486487,-0.0189826352913358,0.033255102307431,0.0219352763691917,-0.07539226942212,0.0232337600758653,0.0298102981029809,-0.0240963855421687,-0.07539226942212,0.1833333333333333,0.1680891417733523,0.1721544715447154,0.1834002677376171,0.1792001530807501,0.1716666666666666,0.3012091038406828,0.3065040650406504,0.3099062918340027,0.3133371603520857,0.2983333333333333,0.2598387861545756,0.2509485094850948,0.2449799196787148,0.2407194795254496,0.255,0.2220246562351825,0.2218834688346883,0.2105087014725569,0.2129735935706085,0.2341666666666666,0.0488383119962067,0.0485094850948509,0.0512048192771084,0.053769613471106,0.0408333333333333,0.17575,0.3075,0.249,0.21775,0.05,2099
0.0759304637673986,0.0411073125990161,0.0118553631461195,-0.0957926082575315,0.0181509057716255,0.0411073125990162,0.0220862852803178,0.0375982715398159,-0.0503402188969905,-0.0242796966424965,0.0118553631461196,0.0375982715398159,-0.0168487852733281,0.0037019278871203,0.0038153380743635,-0.0957926082575315,-0.0503402188969905,0.0037019278871204,0.0372883704930122,0.0036143265827509,0.0181509057716257,-0.0242796966424965,0.0038153380743634,0.0036143265827509,-0.0022482498103764,0.0464344941956882,0.0481843575418994,0.0496542680019074,0.0550635785649409,0.0493379169849758,0.085820895522388,0.0875232774674115,0.0861349546971864,0.0940054495912806,0.0916730328495034,0.3453565505804312,0.3363594040968343,0.3553886504530281,0.3482061762034514,0.3481665393430099,0.201077943615257,0.1927374301675977,0.1828206962327134,0.1766575840145322,0.1828367710720652,0.3213101160862355,0.3351955307262569,0.3260014306151645,0.3260672116257947,0.3279857397504456,0.05025,0.0895,0.3495,0.1835,0.32725,3599
-0.1166666666666664,-0.0249554367201427,-0.0074180425939218,0.0050091074681237,0.0302331539841147,-0.0249554367201425,-0.00088649947096,-0.040982861851913,0.025939238089672,0.0333775883353131,-0.0074180425939218,-0.040982861851913,-0.0032042412177113,0.0026243630329634,0.0148759977921155,0.0050091074681239,0.0259392380896721,0.0026243630329634,-0.017747120945186,-0.0010514540447379,0.0302331539841148,0.0333775883353131,0.0148759977921156,-0.0010514540447379,-0.0295791309745572,0.0558333333333333,0.0512477718360071,0.050370902129696,0.0497495446265938,0.0484883423007942,0.0958333333333333,0.0935828877005347,0.0973318975831538,0.0910746812386156,0.0903791954906482,0.3508333333333333,0.3625222816399287,0.3493658770040679,0.3473360655737705,0.3430694337688957,0.1820833333333333,0.17825311942959,0.1825197415649677,0.186247723132969,0.183192416090187,0.3154166666666667,0.3143939393939394,0.3204115817181144,0.325591985428051,0.3348706123494747,0.05,0.0935,0.34825,0.183,0.32525,4121
-0.0448816872427983,-0.0218325700972121,0.0002881350652587,0.0561249752426223,-0.0147133434804667,-0.0218325700972121,0.021273191825749,-0.0034134300502253,0.0159345142119163,-0.0086602812362774,0.0002881350652587,-0.0034134300502253,0.0106487300771039,-0.0318142089774207,0.0096090537350027,0.0561249752426221,0.0159345142119162,-0.0318142089774207,-0.0271001935047232,0.0263228579102875,-0.0147133434804667,-0.0086602812362774,0.0096090537350027,0.0263228579102874,-0.0174161568002395,0.0752314814814814,0.0735719450469992,0.0719792542753013,0.0679590017825312,0.0730593607305936,0.1177662037037037,0.1127982646420824,0.1156433978132884,0.1134135472370766,0.1162480974124809,0.2971643518518518,0.2982646420824295,0.2940846649845808,0.3067067736185383,0.2943937087772704,0.1765046296296296,0.1840202458423716,0.1929492570787777,0.1920677361853832,0.1820776255707762,0.3333333333333333,0.3313449023861171,0.3253434258480516,0.3198529411764705,0.3342212075088787,0.072,0.11525,0.29725,0.187,0.3285,29
-0.0968606575174262,-0.0264836507794568,0.0214350021718926,-0.0187153185740627,0.0331865002744412,-0.026483650779457,0.009878960484158,0.0133708179965026,-0.0314290219162243,0.0107095715062172,0.0214350021718924,0.0133708179965026,-0.0177732788108884,0.015157025759955,-0.0021664314205704,-0.0187153185740625,-0.0314290219162243,0.015157025759955,0.0081289458234081,-0.0038335634126411,0.0331865002744412,0.0107095715062172,-0.0021664314205702,-0.0038335634126411,-0.0114394790075762,0.1157187993680884,0.1082940251572327,0.1032386072708653,0.1074744661095636,0.1019988242210464,0.1088072669826224,0.1049528301886792,0.1045826932923707,0.1093314763231197,0.1048647854203409,0.3185229067930489,0.3211477987421384,0.3312852022529441,0.3205663881151346,0.3262051734273956,0.1828593996840442,0.1851415094339622,0.176779313876088,0.1780408542246982,0.180188124632569,0.2740916271721959,0.2804638364779874,0.2841141833077317,0.2845868152274837,0.2867430922986478,0.1055,0.106,0.3255,0.1795,0.2835,65
0.0209710092851526,-0.0239313626294168,0.0221248416918904,0.02832674571805,-0.0300450111385046,-0.0239313626294168,0.0503613714138423,-0.0260531654826199,-0.000954914398745,0.0079576375192692,0.0221248416918904,-0.0260531654826199,0.0177214686767417,-0.0156323130206872,-0.0009489853780906,0.0283267457180501,-0.0009549143987448,-0.015632313020687,0.0110596707818929,0.0030412062023471,-0.0300450111385044,0.0079576375192694,-0.0009489853780904,0.0030412062023472,0.0017094586146351,0.061923583662714,0.0647636586863106,0.0618506037629879,0.0614583333333333,0.0651503469545104,0.1389986824769433,0.1289134438305709,0.1392867172142656,0.1358796296296296,0.1346697507067591,0.2901844532279315,0.3044812768569674,0.2914911541701769,0.3013888888888889,0.2970316114109483,0.1749011857707509,0.1801718845917741,0.1828138163437236,0.1780092592592592,0.1794525828835775,0.3339920948616601,0.3216697360343769,0.3245577085088458,0.3232638888888889,0.3236957080442045,0.06325,0.13575,0.29675,0.18,0.32425,838
-0.0212383918300926,-0.0049161924669995,0.0243417502201267,-0.0157571515469674,-0.0069250022732385,-0.0049161924669995,0.036479196709929,-0.0179488184347689,-0.0019659917911221,-0.0023573225570014,0.0243417502201266,-0.0179488184347689,-0.0072303322502211,-0.0007086155844813,0.0168623251952951,-0.0157571515469672,-0.0019659917911218,-0.0007086155844813,0.0422380446807088,-0.0312150428050186,-0.0069250022732383,-0.0023573225570014,0.0168623251952951,-0.0312150428050186,0.0105823604468052,0.1391437308868501,0.1369198312236287,0.1329334365325077,0.1383969118982743,0.1371935315597287,0.1984709480122324,0.190295358649789,0.2010448916408668,0.1978882833787466,0.1979655712050078,0.315137614678899,0.3287974683544303,0.3253353973168215,0.3232288828337875,0.3175534689619196,0.1863914373088685,0.1838607594936709,0.1836300309597523,0.1757493188010899,0.1892279603547209,0.1608562691131498,0.160126582278481,0.1570562435500516,0.1647366030881017,0.1580594679186228,0.13625,0.1975,0.323,0.1835,0.15975,3906
0.0358955373532632,-0.0093468281621591,-0.0182541640720768,-0.0103814768537802,0.0226327982350138,-0.0093468281621591,-0.0985524489391236,0.0269177303171995,0.0194916526424737,-0.007279685060151,-0.0182541640720768,0.0269177303171995,-0.0097213646302214,0.0097198514244087,-0.0039801010521025,-0.0103814768537802,0.0194916526424738,0.0097198514244087,-0.0180943125549541,0.0021857856457881,0.0226327982350137,-0.0072796850601508,-0.0039801010521027,0.0021857856457881,-0.001180873054656,0.0708616780045351,0.0741869918699187,0.0748416810592976,0.0742630385487528,0.0718364893297264,0.1034580498866213,0.1126016260162601,0.099740932642487,0.1005021056041464,0.1032461677186654,0.2947845804988662,0.2817073170731707,0.292314335060449,0.2866861030126336,0.2906522392545837,0.2599206349206349,0.2522357723577236,0.2547495682210708,0.2619047619047619,0.2566877066426209,0.2709750566893424,0.2792682926829268,0.2783534830166954,0.2766439909297052,0.2775773970544034,0.0735,0.1025,0.2895,0.25725,0.27725,3773
-0.0773959817457685,0.0407243372723473,-0.0011366115199595,0.0331164032271552,-0.0062538750938372,0.0407243372723474,-0.0715028595156899,0.0304652572911464,-0.0368545755411611,0.0213456318757621,-0.0011366115199595,0.0304652572911464,0.0123837814899118,0.0095375739118963,-0.0285284918981425,0.0331164032271553,-0.0368545755411611,0.0095375739118964,-0.0090468919053721,0.0041047133482606,-0.006253875093837,0.0213456318757622,-0.0285284918981425,0.0041047133482609,0.0073200376749401,0.1457178065311152,0.129742033383915,0.1354037267080745,0.1307710064635272,0.1360958366064414,0.1580406654343807,0.1765300961052099,0.1597308488612836,0.1708217913204062,0.1612333071484681,0.2014787430683918,0.1951188669701568,0.1987577639751552,0.1993305632502308,0.2069913589945012,0.1745224892174984,0.1871522508851795,0.1787784679089027,0.1821329639889196,0.1797590992406389,0.3202402957486137,0.3114567526555387,0.3273291925465838,0.316943674976916,0.3159203980099502,0.13525,0.16475,0.20125,0.1805,0.31825,4635
0.0038520111081249,-0.0066148979004889,-0.0409813688502211,0.0009024565293085,0.0395760887564166,-0.0066148979004889,0.0270369268102835,0.0216401699655288,0.0117449908018658,-0.0347618003120397,-0.0409813688502211,0.0216401699655288,0.0144265328540512,-0.0220647411804757,0.0021808203626385,0.0009024565293084,0.0117449908018657,-0.0220647411804759,0.0361217598049246,-0.0046785079294833,0.0395760887564166,-0.0347618003120395,0.0021808203626386,-0.0046785079294833,0.0026376972763918,0.0759562841530054,0.0767543859649122,0.0793748293748293,0.0761811876896402,0.0732323232323232,0.1051912568306011,0.1016746411483253,0.1022386022386022,0.103272648461205,0.1081326081326081,0.31775956284153,0.2986443381180223,0.3008463008463009,0.3119852622453403,0.3045843045843046,0.1920765027322404,0.1899920255183413,0.1964919464919464,0.1853055916775032,0.1931494431494431,0.3090163934426229,0.3329346092503987,0.321048321048321,0.3232553099263112,0.3209013209013209,0.07625,0.1045,0.30525,0.19225,0.32175,3161
-0.0119750379490639,-0.0362070004217121,0.0084317807967054,-0.0483929478342886,0.0378471830721237,-0.0362070004217121,-0.0434411424099538,0.037367175746818,0.0226240323422591,-0.0178340637574188,0.0084317807967055,0.0373671757468181,0.0057331175340088,-0.0226416152459369,-0.0097105115920965,-0.0483929478342886,0.0226240323422592,-0.0226416152459369,0.0311892054971234,0.0082733300116553,0.0378471830721239,-0.0178340637574188,-0.0097105115920965,0.0082733300116552,-0.0004429109026475,0.0974025974025974,0.0997349237905897,0.095438441098317,0.1009078212290502,0.092607208629308,0.1303030303030303,0.1312127236580517,0.1210510776498376,0.1229050279329608,0.1279926335174954,0.2798701298701299,0.2717031146454606,0.280631827576026,0.2886405959031657,0.2849907918968692,0.1876623376623376,0.1749502982107356,0.1830528491290227,0.1734171322160149,0.1775190739279137,0.3047619047619048,0.3223989396951623,0.3198258045467966,0.3141294227188081,0.3168902920284135,0.09625,0.12575,0.28225,0.179,0.31675,2659
0.079714458192441,-0.0350058839375593,-0.0218224245568652,0.0185669438928319,0.0092841025180461,-0.0350058839375593,0.0405796027929009,-0.02487608316449,-0.0149701990075303,0.0113154113304929,-0.021822424556865,-0.02487608316449,0.0105508448968175,0.0248297351772228,-0.0026730751375942,0.0185669438928322,-0.0149701990075303,0.0248297351772228,-0.0747026444044238,0.0283563100196942,0.0092841025180463,0.0113154113304929,-0.0026730751375942,0.0283563100196942,-0.0229146142032128,0.064650059311981,0.0727091633466135,0.0717830253251197,0.0689456721915285,0.0695977917981072,0.1948398576512455,0.1806108897742364,0.1929329226557152,0.1910681399631676,0.1861198738170347,0.2488137603795966,0.2495573262505533,0.2409308692676249,0.2374539594843462,0.2441508937960042,0.1776393831553974,0.183709606020363,0.1765058179329226,0.1945211786372007,0.1758675078864353,0.3140569395017794,0.3134130146082337,0.3178473648186173,0.3080110497237569,0.3242639327024185,0.07025,0.18825,0.2435,0.181,0.317,4615
-0.0335039322700985,-0.0126021199685137,0.0273266787967417,-0.0409922433382843,0.0038993264799715,-0.0126021199685137,0.0594292220489592,-0.0048160183094367,-0.0279182599399696,0.0043372879193774,0.0273266787967418,-0.0048160183094367,-0.010879481488542,0.0261555508117065,-0.0063392941621724,-0.0409922433382843,-0.0279182599399694,0.0261555508117065,-0.0068124267974005,-0.0079819170728261,0.0038993264799717,0.0043372879193775,-0.0063392941621722,-0.0079819170728261,0.0090729783037476,0.0560675883256528,0.0549336650082918,0.0527675276752767,0.0564738292011019,0.0540384615384615,0.1017665130568356,0.0945273631840796,0.1009840098400984,0.1033057851239669,0.1000641025641025,0.3294930875576037,0.3403814262023217,0.3424354243542435,0.3298898071625344,0.3408974358974359,0.1889400921658986,0.1865671641791045,0.1767527675276752,0.1827364554637282,0.1829487179487179,0.3237327188940092,0.3235903814262023,0.327060270602706,0.3275941230486685,0.322051282051282,0.05425,0.1005,0.33875,0.1815,0.325,4628
-0.0145176040237768,0.0571364046973802,0.0075653655900569,-0.0531655146325527,0.0096093164517019,0.0571364046973803,-0.1421772754312911,0.0357504585146861,0.0205403446792127,-0.0188576326657834,0.0075653655900569,0.035750458514686,-0.0528970966681405,0.0308532555514913,0.0181814596085096,-0.0531655146325527,0.0205403446792127,0.0308532555514913,-0.013855158376073,-0.0097122227462984,0.0096093164517019,-0.0188576326657836,0.0181814596085096,-0.0097122227462986,-0.008822518687884,0.1095679012345679,0.1018292682926829,0.1071829405162738,0.1137418755803156,0.1069621938232161,0.0966435185185185,0.1170731707317073,0.0988355780022446,0.1003946146703806,0.1044329073482428,0.294753086419753,0.2863821138211382,0.3127104377104377,0.2878365831012071,0.2916001064962726,0.1890432098765432,0.1758130081300813,0.1739618406285073,0.1819870009285051,0.1812433439829606,0.3099922839506173,0.3189024390243902,0.3073092031425364,0.3160399257195914,0.3157614483493077,0.108,0.1025,0.297,0.1795,0.313,2451
-0.0316693427103842,-0.0283987808960062,0.0451148820359141,-0.0095197714447237,-0.0239450789020261,-0.0283987808960062,0.1389529668076381,-0.0052898137304946,-0.0177994418741278,-0.0220907426423049,0.045114882035914,-0.0052898137304948,-0.0064671868245433,-0.0173443226594627,0.005167021191279,-0.0095197714447239,-0.0177994418741278,-0.0173443226594627,0.0439443672936917,0.0017932696349016,-0.0239450789020261,-0.0220907426423049,0.005167021191279,0.0017932696349014,0.0082059099042823,0.0956873315363881,0.0953839869281045,0.0885655946911689,0.0936329588014981,0.0949709060681629,0.1048966756513926,0.0878267973856209,0.1025395610005104,0.103815543071161,0.1042532557495151,0.311769991015274,0.3282271241830065,0.3286115364982134,0.3321629213483146,0.3248129675810474,0.1796945193171608,0.1811683006535947,0.1810872894333843,0.1701779026217228,0.1776807980049875,0.3079514824797844,0.3073937908496732,0.2991960183767228,0.3002106741573033,0.2982820725962871,0.09275,0.102,0.3265,0.178,0.30075,2846
-0.0394957426534656,0.0115390547228805,-0.0136527139856268,0.0068529171420018,0.0134473087691738,0.0115390547228804,-0.052878618366061,0.0105930877146613,0.0315901956855673,-0.0031510218916515,-0.0136527139856268,0.0105930877146613,-0.0174109357881611,-0.0004134105568198,0.011819550878129,0.0068529171420017,0.0315901956855674,-0.0004134105568198,0.0063880217366169,-0.0217581824923314,0.0134473087691737,-0.0031510218916515,0.0118195508781291,-0.0217581824923316,0.0013364648539224,0.1151241534988713,0.1094720496894409,0.1122620380739081,0.1099910394265233,0.109260710553814,0.1591422121896162,0.1695134575569358,0.1592945128779395,0.1559139784946236,0.1615073145245559,0.2262979683972912,0.2208850931677018,0.2271369914147069,0.22334229390681,0.2206112852664576,0.1847253574115876,0.1801242236024844,0.1860768943635685,0.1848118279569892,0.1900470219435736,0.3147103085026335,0.3200051759834368,0.3152295632698768,0.3259408602150537,0.3185736677115987,0.11075,0.161,0.22325,0.186,0.319,1144
-0.0104187518468739,0.0039877244243525,0.0059642147117295,-0.0358509779135503,0.0211493402392403,0.0039877244243526,-0.0032947178233606,0.0141624479924575,0.007697116667264,-0.0163392336121377,0.0059642147117296,0.0141624479924575,-0.0039168567126071,-0.0228317234484172,0.0114345374295109,-0.0358509779135503,0.0076971166672639,-0.0228317234484172,0.0216205740750935,0.0109947504075054,0.0211493402392404,-0.0163392336121377,0.011434537429511,0.0109947504075054,-0.0164913044051526,0.0944741532976827,0.093127147766323,0.0929423459244532,0.0968520664349169,0.091522536687631,0.1207664884135472,0.1216494845360824,0.1195328031809145,0.1203167246040942,0.1232311320754716,0.25,0.2479381443298969,0.2524850894632207,0.2572421784472769,0.2486242138364779,0.2234848484848484,0.2140893470790378,0.220675944333996,0.2110853611432985,0.2133778825995807,0.3112745098039216,0.3231958762886598,0.3143638170974155,0.3145036693704133,0.3232442348008386,0.0935,0.12125,0.2515,0.21575,0.318,3078
-0.0403972689119345,0.0296819590651439,-0.0085329278080514,0.0414997401004532,-0.0086617150546108,0.0296819590651439,0.0962845925500334,-0.0389504563233378,-0.0369734677823072,0.0069269988658166,-0.0085329278080514,-0.0389504563233376,0.0117691166642214,0.0037505860290669,0.0069733268607565,0.0414997401004533,-0.0369734677823072,0.0037505860290668,-0.0075413945876301,-0.0062547882862795,-0.0086617150546108,0.0069269988658164,0.0069733268607564,-0.0062547882862795,-0.0014467297220235,0.157880285557386,0.1472457627118644,0.1530448717948718,0.1454524144397562,0.1530644152595372,0.114497528830313,0.106638418079096,0.1225961538461538,0.1223628691983122,0.1171826141338336,0.2884404173531027,0.2971398305084746,0.2826340326340326,0.2849273323956868,0.2840056285178236,0.1703734211971444,0.1843220338983051,0.1770833333333333,0.1790904828879512,0.1788617886178861,0.2688083470620538,0.2646539548022599,0.2646416083916084,0.2681669010782935,0.2668855534709193,0.15175,0.118,0.286,0.17775,0.2665,1103
0.0091077753415416,0.0120040664364147,0.0235143644234554,-0.0276072688414905,-0.021534240038177,0.0120040664364148,0.0293038964096337,-0.0218829036869472,-0.0077237004835766,0.0116661156080216,0.0235143644234552,-0.0218829036869472,0.0101775329048057,0.0030033858925864,-0.0086097192396403,-0.0276072688414903,-0.0077237004835766,0.0030033858925865,0.007282767700889,0.0042443853003648,-0.021534240038177,0.0116661156080216,-0.0086097192396403,0.0042443853003647,0.0073521813710293,0.0762987012987013,0.076075686884396,0.0751893939393939,0.0791257597007947,0.0786581364829396,0.1588203463203463,0.1560393986521513,0.1642676767676767,0.1619915848527349,0.1588746719160105,0.3222402597402597,0.3372213582166926,0.3266414141414141,0.3290088826554465,0.3328412073490813,0.1831709956709956,0.1796267496111975,0.1777146464646464,0.1769518466573165,0.1774934383202099,0.2594696969696969,0.2510368066355625,0.2561868686868687,0.2529219261337073,0.2521325459317585,0.077,0.16075,0.33,0.17825,0.254,168
-0.1333333333333333,0.0558510638297873,-0.0050071530758226,-0.0442600276625173,0.0342798669736504,0.0558510638297872,0.06160404406217,-0.0038403392891568,0.0190596706002372,-0.0328048203001256,-0.0050071530758224,-0.0038403392891566,-0.0042277168214281,-0.0015625298869292,0.0072797048445847,-0.0442600276625173,0.0190596706002372,-0.0015625298869292,0.0166989013427607,-0.0062957171926898,0.0342798669736506,-0.0328048203001256,0.0072797048445847,-0.0062957171926898,-0.0001124979311573,0.0566666666666666,0.0472074468085106,0.0502503576537911,0.0522130013831258,0.0482860066513174,0.08875,0.088209219858156,0.0943609918931807,0.0922083909635776,0.0970836531082118,0.35125,0.3508421985815603,0.3509775870290891,0.3500461041954817,0.3469557431568176,0.18875,0.1773049645390071,0.1810324272770624,0.177731673582296,0.1818879508825786,0.3145833333333333,0.3364361702127659,0.3233786361468765,0.3278008298755187,0.3257866462010744,0.05,0.094,0.3495,0.18075,0.32575,1670
-0.1833333333333333,-0.0340314136125654,0.0045302813543156,0.0529247910863508,0.0040962621607782,-0.0340314136125654,0.0680080041665525,0.0063091876452772,-0.035453338972422,-0.0019489414861817,0.0045302813543157,0.0063091876452773,-0.0052510466959068,-0.0068767824574966,0.0068835077834108,0.052924791086351,-0.035453338972422,-0.0068767824574966,-0.0009233323763782,0.0101650628202879,0.0040962621607782,-0.0019489414861817,0.0068835077834107,0.0101650628202878,-0.0130540827731253,0.0591666666666666,0.0517015706806282,0.0497734859322842,0.0473537604456824,0.049795186891961,0.09875,0.0890052356020942,0.094897472579876,0.0988857938718663,0.0956861239119303,0.3479166666666666,0.3472949389179756,0.3513352408202194,0.3519034354688951,0.3470942140296979,0.17,0.1858638743455497,0.1807343824511206,0.1796657381615599,0.1776753712237583,0.3241666666666666,0.3261343804537522,0.3232594182164998,0.3221912720519962,0.3297491039426523,0.05,0.0955,0.3495,0.1795,0.3255,2570
0.0190177579948302,-0.0426650211596448,-0.0044874153587184,-0.0162601626016261,0.0167585646383737,-0.0426650211596448,0.0435669616010607,0.026089302255466,0.0155137283382759,-0.0166659350016689,-0.0044874153587182,0.0260893022554662,-0.0150153258688012,-0.0133356729250746,0.0137628734417689,-0.0162601626016261,0.015513728338276,-0.0133356729250746,0.0253817172318063,-0.0030753214019081,0.0167585646383736,-0.0166659350016689,0.0137628734417688,-0.0030753214019083,-0.0125607211135707,0.185405643738977,0.1970636889991728,0.1898481215027977,0.1920731707317073,0.1858326312833473,0.1050485008818342,0.0963606286186931,0.0981215027977617,0.0991869918699187,0.1024290929514181,0.2094356261022927,0.2030603804797353,0.211630695443645,0.211280487804878,0.2056304408873911,0.2083333333333333,0.2018196856906534,0.2077338129496403,0.1997967479674796,0.2056304408873911,0.2917768959435626,0.3016956162117452,0.292665867306155,0.2976626016260162,0.3004773939904521,0.189,0.10075,0.2085,0.205,0.29675,2377
-0.014710999836784,-0.0441235037153051,0.0294949407541215,-0.0189571022274337,0.0175560981281245,-0.0441235037153049,0.0514944493068029,0.0142856107442868,-0.0028223763788808,-0.0049747921605287,0.0294949407541215,0.0142856107442868,0.0140467844650922,0.0280261655155525,-0.0494655439524467,-0.0189571022274337,-0.0028223763788808,0.0280261655155524,-0.0081424411863226,-0.0027461096779561,0.0175560981281246,-0.0049747921605289,-0.0494655439524467,-0.0027461096779561,0.02848696586939,0.1669199594731509,0.1717583163611676,0.159648082245947,0.1676184433164128,0.1616120218579235,0.1281661600810537,0.1164290563475899,0.1209964412811387,0.1230964467005076,0.1233606557377049,0.2045339412360688,0.2077393075356415,0.2077896401739818,0.2048434856175973,0.2211748633879781,0.2007345491388044,0.1975560081466395,0.1914788453934361,0.1986040609137055,0.1975409836065573,0.299645390070922,0.3065173116089613,0.3200869909054962,0.3058375634517766,0.296311475409836,0.1645,0.12275,0.21075,0.197,0.305,4395
0.028547245306248,-0.0779727095516569,0.0156188476177977,-0.0521727523754702,0.0268820932436493,-0.0779727095516569,0.0423703703703703,0.0047104461069549,-0.0169598985576162,0.0204655248133508,0.0156188476177976,0.0047104461069548,-0.0111416756897817,0.013798520025819,-0.0040774217289452,-0.0521727523754702,-0.016959898557616,0.0137985200258191,0.0096343583617724,0.0053734642210732,0.0268820932436494,0.0204655248133508,-0.0040774217289449,0.0053734642210732,-0.0148572856941993,0.1107456140350877,0.1228888888888889,0.112219451371571,0.1199476937708036,0.1109354413702239,0.1010599415204678,0.0897777777777777,0.0933083956774729,0.0953399904897765,0.0918313570487483,0.2960526315789473,0.2993333333333333,0.3041008589637018,0.2966000951022349,0.3019762845849802,0.1843932748538011,0.1782222222222222,0.1728318093654752,0.1735615786970993,0.1743083003952569,0.3077485380116959,0.3097777777777777,0.3175394846217789,0.3145506419400856,0.3209486166007905,0.114,0.09375,0.30075,0.17525,0.31625,4257
-0.2333333333333334,-0.0172570390554043,0.0375418460066954,0.1191123188405797,-0.066768994627782,-0.0172570390554041,-0.0443812536039815,0.0057297591728922,0.0189254827627057,-0.0016708455231169,0.0375418460066953,0.0057297591728923,-0.0072545657518352,-0.0243824465098869,0.0141574477909014,0.1191123188405797,0.0189254827627057,-0.0243824465098871,-0.0005612003780719,0.0027889930706173,-0.066768994627782,-0.0016708455231166,0.0141574477909014,0.0027889930706174,-0.0060024419707989,0.0616666666666666,0.0508628519527702,0.0481229076996652,0.044044384057971,0.0533384497313891,0.0933333333333333,0.0958219800181653,0.0912242945958871,0.0900135869565217,0.0919033000767459,0.3354166666666666,0.346503178928247,0.3510282161645146,0.3569972826086957,0.3435661294448708,0.1620833333333333,0.1805177111716621,0.1884863701578192,0.1841032608695652,0.1834868252750064,0.3475,0.3262942779291553,0.3211382113821138,0.3248414855072464,0.3277052954719877,0.05,0.09175,0.3485,0.184,0.32575,3862
-0.1510771531863124,-0.0015991196244646,0.0039321468479299,0.0074506268795146,0.0504258176847383,-0.0015991196244649,-0.0032695625649385,0.0037601113946545,0.0118363219259207,-0.0177038320701905,0.0039321468479298,0.0037601113946544,0.0053060608580237,-0.0148486617417151,0.0033861619693005,0.0074506268795146,0.0118363219259206,-0.0148486617417149,0.0042671942588613,0.0062643214095285,0.0504258176847383,-0.0177038320701905,0.0033861619693005,0.0062643214095285,-0.017484877969518,0.0894962486602358,0.0778743315508021,0.0774442755825734,0.0771707137601177,0.0738293926750116,0.1872990353697749,0.1876114081996435,0.1862968591691996,0.1847866077998528,0.1903106165971256,0.327706323687031,0.3277629233511586,0.3272543059777102,0.3338852097130242,0.3278859527121001,0.2248124330117899,0.2238190730837789,0.2298632218844984,0.2255334805003679,0.2250811312007417,0.1706859592711682,0.1829322638146167,0.1791413373860182,0.1786239882266372,0.1828929068150208,0.07775,0.187,0.329,0.2265,0.17975,23
-0.0297119170766688,-0.0013590626688275,-0.0156467816405374,0.0084046256214567,0.0268663331048798,-0.0013590626688275,-0.0782877604166667,0.0314370667926907,0.0367147210501639,-0.0167356699939502,-0.0156467816405376,0.0314370667926906,-0.0011637560853008,0.010065076921577,-0.0112220777483111,0.0084046256214568,0.0367147210501641,0.0100650769215772,-0.0418294525186226,-0.0044389308787755,0.0268663331048797,-0.0167356699939504,-0.0112220777483111,-0.0044389308787755,0.0063713009289605,0.1588330632090761,0.1544596354166666,0.1566635160680529,0.1529535864978903,0.1501058681185723,0.1281739600216099,0.1380208333333333,0.1239760554505356,0.123300515705579,0.1301421657592256,0.2686385737439222,0.2561848958333333,0.264807813484562,0.2618377871542428,0.2674682395644283,0.176256077795786,0.1712239583333333,0.1759609325771896,0.1851851851851851,0.1785390199637023,0.2680983252296056,0.2801106770833333,0.2785916824196597,0.2767229254571027,0.2737447065940714,0.15425,0.128,0.2645,0.17775,0.2755,2633
-0.0239389873596498,0.1084062490975772,0.0197098504368972,-0.0869438178609414,-0.0007122973994591,0.1084062490975771,0.0213270981684203,-0.0430667037089875,0.0070688097730237,0.0155791798682256,0.0197098504368972,-0.0430667037089875,-0.0004620373459851,0.0272022085650101,-0.0053861732036653,-0.0869438178609414,0.0070688097730238,0.0272022085650101,-0.0484349883260053,0.0120328039825349,-0.0007122973994591,0.0155791798682256,-0.0053861732036653,0.0120328039825348,-0.0055628434185728,0.0609243697478991,0.0530498281786941,0.0583272638990046,0.064673157162726,0.0595423816952678,0.086484593837535,0.0949312714776632,0.1011774702597717,0.0963143254520167,0.0954888195527821,0.336484593837535,0.3580326460481099,0.3434085943190094,0.3339128419100602,0.3450988039521581,0.1953781512605042,0.1784793814432989,0.1748604030104394,0.1884561891515994,0.1775871034841393,0.3207282913165266,0.3155068728522336,0.3222262685117747,0.3166434863235975,0.3222828913156526,0.0595,0.097,0.34325,0.17975,0.3205,3340
-0.0459981190796154,-0.0015414348645961,0.0072559210093282,-0.0077553345309555,0.0175852244817762,-0.0015414348645963,0.0297682755980196,-0.0081869915202117,0.0160911268286649,-0.0252606278068163,0.0072559210093283,-0.0081869915202115,0.0250179299713139,-0.0265301817101446,-0.0104138148731596,-0.0077553345309555,0.0160911268286649,-0.0265301817101448,0.0065157711584962,0.0250934409297278,0.0175852244817762,-0.0252606278068163,-0.0104138148731598,0.0250934409297279,0.0050499868905531,0.0985853227232537,0.0943952802359882,0.0935661294448708,0.0949809402795425,0.0925925925925925,0.169761273209549,0.1644542772861356,0.1708876950626758,0.1667725540025413,0.1737816764132553,0.3233863837312113,0.3284169124877089,0.3176004093118444,0.3343922066920796,0.3291423001949318,0.1982758620689655,0.1935840707964601,0.2019698132514709,0.1954680220245658,0.191812865497076,0.2099911582670203,0.2191494591937069,0.2159759529291378,0.2083862770012706,0.2126705653021442,0.09425,0.1695,0.32575,0.19675,0.21375,2215
0.0986118622678926,0.032382209027434,0.0061617968594712,-0.0249904131141431,-0.0238790446763348,0.0323822090274341,0.0674513354459029,-0.0014807887148311,-0.0131712259371834,-0.0224540006775633,0.0061617968594713,-0.0014807887148313,0.0010736814953006,-0.0062917730839269,0.0017813040522516,-0.0249904131141429,-0.0131712259371834,-0.0062917730839266,0.0125185713836859,0.0091055847417464,-0.0238790446763348,-0.0224540006775633,0.0017813040522515,0.0091055847417466,0.0061704509659993,0.0581395348837209,0.0624113475177304,0.0641025641025641,0.0661118816458622,0.0660401983816236,0.1136950904392764,0.1095744680851063,0.1176739926739926,0.119047619047619,0.1201383450796136,0.3165374677002584,0.3189716312056737,0.3181580324437467,0.3205039297272307,0.3179326546593579,0.1847545219638243,0.1826241134751773,0.1813840920983778,0.1779935275080906,0.1786087183503001,0.3268733850129199,0.326418439716312,0.3186813186813186,0.3163430420711974,0.3172800835291047,0.0645,0.1175,0.3185,0.18025,0.31925,3682
-0.0646636010775039,0.0533813637370452,0.0186678288661291,0.0426341685434699,-0.0441338101208999,0.0533813637370451,0.0042168368642991,0.0155112377334599,-0.0122772818987038,-0.026108075288403,0.018667828866129,0.0155112377334599,0.006706114398422,-0.0316783862490235,0.0010508617065994,0.0426341685434699,-0.0122772818987038,-0.0316783862490233,-9.463811153476164e-05,0.025551367633925,-0.0441338101208996,-0.026108075288403,0.0010508617065994,0.0255513676339251,0.0051957359132848,0.0939565627950897,0.0835390946502057,0.0866025641025641,0.0844875346260387,0.0921448087431694,0.0958451369216241,0.1008230452674897,0.0996794871794871,0.1024930747922437,0.1038934426229508,0.318932955618508,0.3199588477366255,0.3228205128205128,0.3352954755309326,0.3246584699453552,0.1728045325779036,0.182716049382716,0.1862179487179487,0.180517082179132,0.1758879781420765,0.3184608120868744,0.3129629629629629,0.3046794871794872,0.2972068328716528,0.3034153005464481,0.08825,0.10125,0.325,0.1805,0.305,4724
0.0320919246274886,0.0900638933396633,-0.0156307601563074,0.0044939039793652,-0.0189147113385723,0.0900638933396633,-0.0184022346095187,0.0056390462894527,0.0115065085077079,-0.025864664776916,-0.0156307601563074,0.0056390462894527,-0.0097183960820323,-0.0028564331843021,0.0131197027748751,0.0044939039793654,0.0115065085077079,-0.0028564331843019,0.0233111369902554,-0.0143835186232021,-0.0189147113385721,-0.0258646647769158,0.0131197027748752,-0.0143835186232021,0.0060823143132562,0.066301703163017,0.062330623306233,0.069570707070707,0.0681921675774134,0.0697956577266922,0.083941605839416,0.0939476061427281,0.0917297979797979,0.0911885245901639,0.0946360153256705,0.3351581508515815,0.3281391147244806,0.3332070707070707,0.3309426229508196,0.3256704980842911,0.1821776155717761,0.1808943089430894,0.1835227272727272,0.1787340619307832,0.1856321839080459,0.3324209245742092,0.3346883468834688,0.3219696969696969,0.3309426229508196,0.3242656449553001,0.0685,0.09225,0.33,0.183,0.32625,1907
-0.1632656685669631,0.0123927167722788,-0.0209629525756558,0.0558407529210448,0.0123287957438967,0.0123927167722789,0.0653805901058647,-0.0162149949814256,-0.0182697339290747,-0.0169052909099749,-0.0209629525756556,-0.0162149949814256,0.0008052855083028,0.003692633621855,0.0109786890771159,0.0558407529210448,-0.0182697339290747,0.003692633621855,0.0213541037716861,-0.0165478549553492,0.012328795743897,-0.0169052909099747,0.010978689077116,-0.0165478549553492,0.0078984204987198,0.0796836982968369,0.0676510989010989,0.0699359622514324,0.0646749084249084,0.067655477491543,0.1797445255474452,0.1701007326007326,0.1849511290866194,0.1853250915750915,0.1850767629456154,0.2524330900243309,0.2512591575091575,0.2470508931580721,0.2463369963369963,0.244535519125683,0.1718369829683698,0.1853250915750915,0.1813279406808224,0.1781135531135531,0.1850117096018735,0.316301703163017,0.3256639194139194,0.3167340748230536,0.3255494505494505,0.3177205308352849,0.0685,0.182,0.24725,0.182,0.32025,84
-0.0321092214405513,0.0045814140418722,0.0040205292812734,-0.0107343022703523,0.00974600019847,0.0045814140418722,-0.008609905430581,-0.0356463749069277,0.0057004018316044,0.0313474925718308,0.0040205292812733,-0.0356463749069277,0.0223605776944173,-0.0089503661513425,-0.0070761600572004,-0.0107343022703525,0.0057004018316044,-0.0089503661513423,0.0297265160523186,-0.0066656169632077,0.00974600019847,0.0313474925718307,-0.0070761600572004,-0.0066656169632079,-0.001199276881602,0.09366391184573,0.0903342366757,0.0903851369677244,0.0917241379310344,0.0898655504819888,0.0918273645546372,0.0930442637759711,0.095538378085164,0.0917241379310344,0.0893581938102486,0.3060146923783287,0.3182023486901535,0.3003797125033903,0.31,0.3094241501775748,0.1831955922865013,0.1802168021680217,0.1828722538649308,0.1758620689655172,0.1824581430745814,0.3252984389348026,0.3182023486901535,0.3308245185787903,0.3306896551724138,0.3288939624556063,0.09075,0.09225,0.30725,0.18125,0.3285,227
-0.0543109798459029,0.0040330195390613,-0.0028626533480902,0.034877669341795,0.0060586323638165,0.0040330195390613,-0.1616605995778917,0.0449199082292608,0.0686254637382421,-0.023080906344107,-0.0028626533480902,0.0449199082292607,0.0379990379990381,-0.0451909021479892,-0.0136177589007777,0.0348776693417949,0.068625463738242,-0.0451909021479892,-0.0191180457735065,0.0049425729186262,0.0060586323638164,-0.023080906344107,-0.0136177589007777,0.004942572918626,0.01152710203974,0.162891046386192,0.153876898481215,0.1549422799422799,0.1491114000866926,0.1535639412997903,0.1038295577130528,0.1211031175059952,0.0995670995670995,0.0970957954052882,0.1066561844863731,0.2316612729234088,0.2206235011990407,0.2222222222222222,0.2414390983961855,0.2341457023060796,0.1855447680690399,0.1790567545963229,0.2009379509379509,0.1959254442999566,0.1912997903563941,0.3160733549083063,0.325339728217426,0.3223304473304473,0.3164282618118769,0.3143343815513627,0.1545,0.10425,0.231,0.19225,0.318,296
-0.181674335409357,0.0273653616198372,0.0716447228182156,0.0063979913126959,-0.0376503227638636,0.0273653616198371,-0.0515502277010684,-0.0252163798032374,0.0014901715120968,0.0322796505911844,0.0716447228182156,-0.0252163798032372,0.0065384091080714,0.0009154694507513,-0.0146864038743141,0.0063979913126959,0.001490171512097,0.0009154694507512,0.0181206633477006,-0.0150337337899624,-0.0376503227638636,0.0322796505911845,-0.0146864038743141,-0.0150337337899626,0.0218092720524889,0.0847851335656213,0.0697865353037766,0.066609491137793,0.071290944123314,0.0744514106583072,0.0987224157955865,0.1067323481116584,0.1040594625500285,0.1013487475915221,0.0982236154649947,0.2706155632984901,0.2988505747126437,0.2895940537449971,0.2912331406551059,0.2957810867293626,0.2148664343786295,0.215927750410509,0.216052029731275,0.2123314065510597,0.2195010449320794,0.3310104529616725,0.3087027914614121,0.3236849628359062,0.323795761078998,0.312042842215256,0.07175,0.1015,0.2915,0.21625,0.319,1001
-0.0587873191751309,-0.0054052059697087,-0.0174134220309136,-0.0153949623942981,0.0386182173700504,-0.0054052059697087,-0.0017680210437627,0.0085763762660319,-0.0146549804369211,0.0030048213872964,-0.0174134220309136,0.0085763762660319,0.0159293910624047,0.0006795379142182,-0.0140086165556028,-0.0153949623942981,-0.0146549804369209,0.0006795379142184,0.0584267202235645,-0.0222218362505552,0.0386182173700504,0.0030048213872962,-0.0140086165556028,-0.0222218362505555,0.0139366810762108,0.075438596491228,0.0716351209253417,0.0724907063197026,0.0723468910705937,0.0684984520123839,0.1593567251461988,0.1587802313354364,0.1571406443618339,0.1608228143992519,0.1580237358101135,0.2736842105263158,0.2666929547844374,0.2647149938042131,0.2688172043010752,0.2727683178534572,0.1809941520467836,0.1808622502628812,0.1781288723667906,0.1678354371201496,0.1822110423116615,0.3105263157894737,0.3220294426919032,0.3275247831474597,0.3301776531089294,0.3184984520123839,0.07125,0.1585,0.269,0.17825,0.323,2138
0.0747300091081265,0.0485980127008838,-0.0206713998900816,0.0167731093623676,-0.0173030495364301,0.0485980127008839,0.0493314319961972,0.0218774275634425,-0.0369525536327457,-0.0270752037430577,-0.0206713998900816,0.0218774275634424,-0.0126521697513943,0.0286987507634831,-0.0049517024928784,0.0167731093623676,-0.0369525536327457,0.0286987507634832,-0.0229074365758594,-0.0099846890811565,-0.0173030495364301,-0.0270752037430579,-0.0049517024928784,-0.0099846890811565,0.022425795627769,0.0608365019011406,0.0625546806649168,0.0671091445427728,0.0646471680594243,0.0668876755070202,0.0906210392902408,0.0905511811023622,0.0931661750245821,0.098769730733519,0.0978289131565262,0.3460076045627376,0.331583552055993,0.3432890855457227,0.3292711234911792,0.3406786271450858,0.176489226869455,0.1861329833770778,0.1743485742379547,0.1836118848653667,0.1812922516900676,0.3260456273764258,0.32917760279965,0.3220870206489675,0.3237000928505106,0.3133125325013,0.06575,0.09525,0.339,0.1795,0.3205,711
0.0408244153785176,0.0267639902676397,-0.0381905821282906,0.0131684857851185,0.0136264681377159,0.0267639902676398,0.0962244678478894,-0.0240655401945724,-0.0279862147616547,0.0031221178566303,-0.0381905821282908,-0.0240655401945724,-0.0004695600057573,0.008563999076333,0.0120521259736304,0.0131684857851186,-0.0279862147616549,0.0085639990763329,-0.0043232979466296,-0.0002961953812443,0.0136264681377158,0.0031221178566303,0.0120521259736305,-0.0002961953812441,-0.0161459475560961,0.0695402298850574,0.0705596107055961,0.075268817204301,0.0715452847805789,0.0715120810600156,0.1,0.0928629359286293,0.1052227342549923,0.10562558356676,0.1024292023902312,0.3379310344827586,0.3333333333333333,0.325652841781874,0.3227124183006536,0.3215770329955832,0.1761494252873563,0.1834955393349553,0.1769713261648745,0.1792717086834734,0.178552870875552,0.3163793103448276,0.3197485806974858,0.316884280593958,0.3208450046685341,0.3259288126786178,0.0725,0.10275,0.3255,0.1785,0.32075,2801
0.0564738292011018,-0.0457445266057707,-0.0058373450545361,0.0094696969696969,-0.005483127716044,-0.0457445266057705,0.0194058438833054,-0.0336837698795933,0.0001993620414674,0.0536539090310428,-0.0058373450545361,-0.0336837698795933,-0.003253801418966,-0.0152852391916089,0.0318730916610836,0.0094696969696969,0.0001993620414673,-0.0152852391916091,-0.0093749999999999,0.0222970805261468,-0.005483127716044,0.0536539090310428,0.0318730916610837,0.0222970805261469,-0.0764033307365026,0.1037878787878787,0.1150318979266347,0.1106421079559989,0.1089583333333333,0.1106031440487648,0.109280303030303,0.1024720893141945,0.1080199539524175,0.1044791666666666,0.098893166506256,0.3276515151515151,0.3367224880382775,0.3268099258122282,0.3307291666666667,0.3153673403914019,0.1981060606060606,0.1999601275917065,0.2030570478383218,0.201875,0.1955405838947706,0.2611742424242424,0.2458133971291866,0.2514709644410335,0.2539583333333333,0.2795957651588065,0.11,0.1045,0.32575,0.2,0.25975,2527
0.0164813412014827,0.0074574816245507,-0.0301435520125514,0.0152871388893115,0.0007968592896687,0.0074574816245507,0.0053847023573972,0.0121312795731399,0.0045594915979833,-0.033877326330834,-0.0301435520125512,0.01213127957314,-0.0034461334918585,0.0031052162256605,0.0111784426324862,0.0152871388893116,0.0045594915979833,0.0031052162256604,-0.026743929147335,-0.0022647110061335,0.0007968592896687,-0.0338773263308338,0.0111784426324862,-0.0022647110061335,0.0359006047024971,0.1608053007135576,0.1622807017543859,0.1684284707540521,0.1610005527915975,0.1633697135061391,0.2640163098878695,0.2645676691729323,0.2627730796335447,0.2647871752349364,0.2750113688040018,0.2436289500509684,0.2336309523809523,0.2373150105708245,0.2357656163626313,0.233856298317417,0.1484454638124362,0.150062656641604,0.1502818886539816,0.1547816473189607,0.1510914051841746,0.1831039755351682,0.1894580200501253,0.1812015503875969,0.1836650082918739,0.1766712141882674,0.1635,0.266,0.2365,0.15075,0.18325,3752
0.0364974756233861,-0.0244687156040979,0.0878818783610515,-0.0669157402344937,-0.072237756408799,-0.0244687156040979,0.007998015996032,-0.0141936141477461,-0.0113142636831413,0.032811173444757,0.0878818783610515,-0.0141936141477461,-0.0080384653497469,-0.0063163757420792,-0.0089255968686992,-0.0669157402344935,-0.0113142636831413,-0.0063163757420792,0.0357709044867906,0.0160772088245481,-0.0722377564087992,0.0328111734447571,-0.0089255968686992,0.0160772088245481,0.0069831507463641,0.089605734767025,0.0952755905511811,0.0848269853124222,0.0992231638418079,0.0997181113460183,0.1626344086021505,0.1574803149606299,0.1610032362459547,0.1605461393596987,0.1535412262156448,0.305331541218638,0.339501312335958,0.3374408762758277,0.336864406779661,0.337737843551797,0.1888440860215053,0.179002624671916,0.178117998506348,0.170668549905838,0.1741543340380549,0.253584229390681,0.2287401574803149,0.2386109036594473,0.2326977401129943,0.2348484848484848,0.093,0.15875,0.33475,0.177,0.2365,3321
-0.077347553177961,-0.0153843105788187,0.0368686020859935,0.008667579043408,-0.0062937599169483,-0.0153843105788187,0.0651923414451743,-0.0077498115775627,0.012200506402112,-0.0162352267615426,0.0368686020859932,-0.0077498115775629,0.0005641111292217,-0.0075560923018549,-0.0084676751343417,0.008667579043408,0.0122005064021121,-0.0075560923018549,-0.0027982593337376,0.0016417982519677,-0.0062937599169483,-0.0162352267615426,-0.0084676751343417,0.0016417982519676,0.0162417512844862,0.1300897170462387,0.1226076555023923,0.1162981162981163,0.1197033898305084,0.1215099715099715,0.1061076604554865,0.0976874003189792,0.1053098553098553,0.1032250470809792,0.1061965811965812,0.2939958592132505,0.307615629984051,0.3050778050778051,0.3075564971751412,0.3078347578347578,0.1754658385093167,0.1748405103668261,0.1783374283374283,0.1774952919020715,0.1767094017094017,0.2943409247757074,0.2972488038277512,0.2949767949767949,0.2920197740112994,0.2877492877492877,0.12075,0.1045,0.30525,0.177,0.2925,3181
0.0128286631783134,-0.0052107954205855,-0.0034949306204368,0.0083819183126342,-0.0092922823106968,-0.0052107954205857,-0.0360010360010358,-0.0076892667985786,0.0238142663084925,0.0033985230142156,-0.0034949306204368,-0.0076892667985786,0.0529630418827095,-0.059155854342435,0.0142361302447266,0.0083819183126342,0.0238142663084925,-0.059155854342435,-0.008948080509612,0.0283219647311383,-0.0092922823106971,0.0033985230142155,0.0142361302447264,0.0283219647311382,-0.0239309675656189,0.1764568764568764,0.1796814296814297,0.179374718848403,0.1772517321016166,0.1804109954630371,0.1078088578088578,0.1111111111111111,0.1080746738641475,0.1046959199384141,0.1068855084067253,0.1858974358974359,0.1866744366744366,0.175438596491228,0.1962086220169361,0.1826127568721644,0.2146853146853146,0.2113442113442113,0.2293072424651372,0.218437259430331,0.2103682946357085,0.3151515151515151,0.3111888111888112,0.3078047683310841,0.3034064665127021,0.3197224446223645,0.17875,0.10725,0.18525,0.2165,0.31225,4183
0.0833333333333334,0.0062388591800357,-0.0138193948058136,0.0291262135922329,-0.0158244002041858,0.0062388591800356,0.1325650337918347,-0.0174061176878315,0.0209676103451088,-0.031848072655207,-0.0138193948058136,-0.0174061176878315,0.0033386112787257,-0.0125454513609715,0.0104504749071477,0.0291262135922331,0.0209676103451088,-0.0125454513609712,0.0266254489353474,-0.0117251081285634,-0.0158244002041856,-0.031848072655207,0.0104504749071476,-0.0117251081285636,0.006822088651975,0.0458333333333333,0.0496880570409982,0.0506909697402906,0.0485436893203883,0.0507912200102092,0.0929166666666666,0.0811051693404634,0.0951274720038122,0.0915395284327323,0.0964777947932618,0.3545833333333333,0.355837789661319,0.3485823207052657,0.3541377716134997,0.3460949464012251,0.175,0.1764705882352941,0.1825113176078151,0.1754507628294036,0.1823634507401735,0.3316666666666666,0.3368983957219251,0.3230879199428162,0.3303282478039759,0.3242725880551301,0.05,0.0935,0.34975,0.18025,0.3265,1615
-0.0193250945681193,0.0246566791510611,-0.0250548549402325,0.0005662321005845,0.0208318033830261,0.0246566791510611,0.0053530092592593,-0.0166537567776918,0.0631640862173649,-0.0251696832579184,-0.0250548549402325,-0.0166537567776916,0.0152084692071646,-0.0137437408202223,0.0026477929152554,0.0005662321005847,0.0631640862173649,-0.0137437408202225,-0.0239680691172226,0.0082063370395096,0.0208318033830261,-0.0251696832579184,0.0026477929152552,0.0082063370395096,-0.0040137801649644,0.0680399500624219,0.0651041666666666,0.0684224115672605,0.0667122040072859,0.065359477124183,0.0936329588014981,0.0954861111111111,0.0975987606506584,0.0899362477231329,0.0984162895927601,0.33083645443196,0.328125,0.3178414665633876,0.3271857923497268,0.3218954248366013,0.182896379525593,0.1714409722222222,0.1855151045701007,0.1873861566484517,0.1814982403217697,0.3245942571785268,0.33984375,0.3306222566485928,0.3287795992714025,0.3328305681246857,0.06675,0.096,0.32275,0.183,0.3315,3024
0.0100896948197934,0.0088363127209882,-0.0185862118946023,0.0043186432280022,0.0007588222477667,0.0088363127209881,0.0082759900543911,-0.000534291457966,-0.0109655328459634,-0.0071244216282557,-0.0185862118946023,-0.000534291457966,-0.0005338572112958,0.0078712605494278,0.016007945774295,0.004318643228002,-0.0109655328459634,0.0078712605494278,0.0299552317540076,-0.0408619418293352,0.0007588222477666,-0.0071244216282557,0.0160079457742949,-0.0408619418293352,0.0309163484089532,0.2049114331723027,0.2051708832667554,0.2108473458621826,0.2061060408518035,0.2068429237947122,0.1860909822866344,0.186196182867288,0.1878503132212331,0.1898087787918296,0.189087610160705,0.2574476650563607,0.2528850421660009,0.252884932410155,0.2507605388961321,0.2487039917055469,0.1909219001610305,0.1938526409232135,0.1902406857896472,0.186006084311169,0.199585277345775,0.1606280193236715,0.1618952507767421,0.158176722716782,0.1673185571490656,0.1557801969932607,0.207,0.18775,0.25275,0.19175,0.16075,1413
-0.1022064432668237,-0.0256899553944134,0.047247743769924,-0.0522628384857695,0.0174681523511174,-0.0256899553944134,0.0845750902710675,0.008532628289869,-0.0368892827173172,-0.0050244347424985,0.047247743769924,0.0085326282898691,-0.0024071294305381,0.0008527613991127,-0.0128379443044719,-0.0522628384857695,-0.0368892827173172,0.0008527613991128,0.0565008416441356,-0.0082204698223196,0.0174681523511174,-0.0050244347424985,-0.0128379443044719,-0.0082204698223196,0.0138049741772617,0.0934119960668633,0.0869272237196765,0.0807457537154989,0.0891792755616689,0.0832695740882428,0.0951327433628318,0.0849056603773584,0.0919585987261146,0.0961714809720311,0.0932160163223667,0.2991642084562438,0.3113207547169811,0.3147558386411889,0.3137322329206786,0.3180311145116042,0.1912487708947886,0.1884546271338724,0.1815950106157112,0.1714809720311783,0.1832440703902065,0.3210422812192723,0.3283917340521114,0.3309447983014862,0.3294360385144429,0.3222392246875797,0.08475,0.09275,0.314,0.18175,0.32675,763
-0.1603194786377968,0.0839646012059806,0.0194597112836105,0.0060285004105228,-0.0055997804849259,0.0839646012059804,-0.0131640974044704,-0.0197187327961563,0.0090304890769826,-0.0033268205101124,0.0194597112836106,-0.0197187327961563,-0.0074265258494521,-0.0055237556827549,0.0109749872383869,0.0060285004105229,0.0090304890769826,-0.0055237556827549,-0.0007680006733157,0.0016547080314996,-0.0055997804849259,-0.0033268205101124,0.010974987238387,0.0016547080314996,-0.0092032141285323,0.0965965965965966,0.0762599469496021,0.0816299790356394,0.0827481273408239,0.08371618172537,0.0863363363363363,0.0954907161803713,0.0961084905660377,0.0933988764044943,0.0945635528330781,0.3118118118118118,0.3242705570291777,0.3203616352201258,0.3197565543071161,0.3145099540581929,0.1769269269269269,0.176392572944297,0.1789832285115304,0.1781367041198502,0.177705461970393,0.3283283283283283,0.3275862068965517,0.3229166666666667,0.3259597378277153,0.3295048494129658,0.08325,0.09425,0.318,0.178,0.3265,655
-0.0025005553625236,0.0134858783574347,0.0062842327569926,-0.0024724078851157,-0.0170218269893496,0.0134858783574348,0.0163567074723421,-0.0120974390571981,0.0159069750302651,-0.0195555866004335,0.0062842327569924,-0.0120974390571981,0.0020573469282129,-0.0031058710982696,0.0082544209621167,-0.0024724078851157,0.0159069750302651,-0.0031058710982694,0.014344078678107,-0.0215373286348619,-0.0170218269893496,-0.0195555866004335,0.0082544209621168,-0.0215373286348619,0.0335696086163593,0.1050119331742243,0.1033373542420587,0.104091726618705,0.1050089847259658,0.1065330363771343,0.2044550517104216,0.203860072376357,0.2097571942446043,0.2039532794249775,0.2113028953229398,0.2762529832935561,0.2813630880579011,0.2774280575539568,0.2788634321653189,0.2757052709725315,0.1859586316626889,0.1825492561318858,0.186076139088729,0.1828391734052111,0.1894951744617669,0.2283214001591089,0.2288902291917973,0.2226468824940048,0.2293351302785265,0.2169636228656273,0.10475,0.20725,0.278,0.1855,0.2245,4797
-0.0073369026373191,-0.0482742190059262,0.0113921123838448,0.0451621549182524,-0.0180623973727425,-0.0482742190059264,0.0674770894551115,-0.0098365209817938,-0.0004494894604785,-0.0038675063305606,0.0113921123838448,-0.0098365209817938,0.0066570128852969,-0.0118308542597551,0.0006424261241508,0.0451621549182524,-0.0004494894604782,-0.0118308542597551,-0.0176407841243007,0.0098161280427289,-0.0180623973727422,-0.0038675063305604,0.0006424261241509,0.009816128042729,0.0015126145583083,0.1032520325203252,0.1074481074481074,0.1013323084806559,0.0978708791208791,0.104351395730706,0.1430894308943089,0.1272893772893772,0.1378426851140148,0.1365613553113553,0.1370279146141215,0.3215447154471544,0.3284493284493284,0.3230848065590571,0.3290979853479853,0.3250410509031198,0.173780487804878,0.182081807081807,0.1841532154752754,0.1852106227106227,0.1802134646962233,0.2583333333333333,0.2547313797313797,0.2535869843709967,0.2512591575091575,0.2533661740558292,0.1025,0.1365,0.32525,0.182,0.25375,3849
-0.0054933710354969,-0.0201349128422234,0.0173694737184039,-0.0228585740172875,0.0130574126866213,-0.0201349128422234,0.0358496339712355,-0.0022357566879962,-0.0101127829772684,0.0030042700483261,0.0173694737184039,-0.0022357566879962,-0.0065089919479279,-0.0059366521466814,0.0037348392114042,-0.0228585740172875,-0.0101127829772686,-0.0059366521466814,0.0176483450388356,0.0224847843566614,0.0130574126866213,0.0030042700483261,0.0037348392114044,0.0224847843566614,-0.043917817083553,0.1656550328780981,0.1680672268907563,0.1618883792048929,0.1685159500693481,0.1625987912598791,0.1517450682852807,0.1434173669467787,0.1490825688073394,0.1502542764678687,0.1483031148303114,0.3213201820940819,0.3277310924369748,0.3291284403669725,0.3289412852519648,0.3257787075778707,0.184370257966616,0.1820728291316526,0.1813200815494393,0.1770688858067498,0.1761971176197117,0.1769094587759231,0.1787114845938375,0.1785805300713557,0.1752196024040684,0.1871222687122268,0.16475,0.14875,0.327,0.18025,0.17925,4153
-0.0333333333333332,-0.0249554367201427,-0.0157367668097281,-0.022099447513812,0.0414110429447852,-0.0249554367201425,-0.0390155089746155,-0.0232341083136338,-0.0340650574644725,0.0588399330730619,-0.0157367668097281,-0.0232341083136335,0.0162388806681388,0.0232033660293446,-0.0212149404202905,-0.022099447513812,-0.0340650574644725,0.0232033660293446,-0.0416348707304417,0.0113999706244563,0.0414110429447852,0.0588399330730619,-0.0212149404202908,0.0113999706244561,-0.0068124506003235,0.0516666666666666,0.0512477718360071,0.0507868383404864,0.0511049723756906,0.0479294478527607,0.0958333333333333,0.0971479500891265,0.0956723891273247,0.0966850828729281,0.0879984662576687,0.355,0.3576203208556149,0.3438245112064854,0.341390423572744,0.3569146216768916,0.185,0.1871657754010695,0.1768001907486886,0.1885359116022099,0.1789366053169734,0.3125,0.3068181818181818,0.3329160705770148,0.3222836095764272,0.3282208588957055,0.05,0.0935,0.3495,0.181,0.326,468
-0.0525854129204861,0.0026330487512965,-0.0323784469969259,0.0200754587759045,0.0335603810483378,0.0026330487512964,0.0167900517733584,0.0051043280125891,-0.023484519796638,0.0020303082377052,-0.0323784469969257,0.0051043280125891,0.0079417992522227,0.0055565151686395,-0.0052838401842694,0.0200754587759045,-0.023484519796638,0.0055565151686394,0.0242043364717375,-0.0166483018790617,0.0335603810483376,0.0020303082377051,-0.0052838401842696,-0.0166483018790617,0.0062646349927123,0.0794701986754966,0.0753012048192771,0.0779445727482679,0.0739843028624192,0.0729661912308505,0.1034768211920529,0.102008032128514,0.1032204259686938,0.1061865189289012,0.103539355520338,0.3352649006622517,0.3230923694779116,0.3221709006928406,0.3229455216989843,0.3264659270998415,0.1768763796909492,0.1847389558232931,0.1794970490120605,0.1761311172668513,0.1835050184891706,0.3049116997792494,0.314859437751004,0.317167051578137,0.3207525392428439,0.3135235076597992,0.0755,0.10375,0.32475,0.1805,0.3155,157
0.0599797041072477,-0.0371372435339967,-0.0056957190240882,0.0006950259129741,0.0284254941150343,-0.0371372435339967,0.0105709552628231,-0.0010944002861381,-0.0028189254137511,0.0141144846849947,-0.0056957190240882,-0.0010944002861379,0.0175943979925464,-0.0116533348394185,-0.0177515982469542,0.0006950259129741,-0.0028189254137511,-0.0116533348394185,0.0153213971894043,0.0094602589482786,0.0284254941150343,0.0141144846849948,-0.0177515982469542,0.0094602589482787,-0.0135330101569712,0.0928270042194092,0.1024173027989821,0.0993124522536287,0.0986813661910938,0.0959429824561403,0.2377637130801687,0.2268266085059978,0.2295008912655971,0.2298962386511024,0.2260142543859649,0.3291139240506329,0.3276081424936387,0.3214922332569391,0.3310635538261997,0.3330592105263157,0.1926160337552742,0.1932933478735005,0.1949961802902979,0.1897968006917423,0.1909265350877192,0.1476793248945147,0.1498545983278807,0.154698242933537,0.1505620406398616,0.1540570175438596,0.09875,0.22925,0.32725,0.19275,0.152,1295
0.0731140226851414,-0.0511257076562077,-0.0147942672214518,-0.0043521928356211,0.0213971207882678,-0.0511257076562077,0.0942621263528552,-0.0101399050186112,-0.001332217988041,-0.0071476333068913,-0.0147942672214516,-0.010139905018611,0.0132653061224489,-0.0160919540229884,-7.337295472886751e-05,-0.0043521928356211,-0.001332217988041,-0.0160919540229884,0.0170432025366626,0.0089084887448417,0.0213971207882677,-0.0071476333068913,-7.337295472886751e-05,0.0089084887448417,-0.006249589467578,0.0477346278317152,0.0541329739442947,0.0522619047619047,0.0517241379310344,0.0503980482794042,0.0974919093851132,0.0840071877807726,0.0936904761904761,0.0928735632183908,0.0934129429892141,0.3551779935275081,0.3535489667565139,0.3453571428571428,0.3556321839080459,0.3500256805341551,0.1820388349514563,0.1814914645103324,0.1841666666666666,0.1781609195402299,0.1796353364149974,0.3175566343042071,0.3268194070080862,0.3245238095238095,0.3216091954022989,0.3265279917822291,0.0515,0.09275,0.35,0.18125,0.3245,497
0.0037972145135102,-0.0050193039010388,0.0088105726872247,-0.0177027247511829,0.0020736692994628,-0.0050193039010388,0.004080933985349,-0.0023769787083396,0.0092409964204834,-0.0032911821996144,0.0088105726872246,-0.0023769787083396,-0.0086785009861933,0.0078347578347578,0.0027930852268437,-0.0177027247511827,0.0092409964204837,0.0078347578347579,-0.0352366255144032,0.0181914004288881,0.0020736692994629,-0.0032911821996142,0.0027930852268437,0.0181914004288881,-0.0157032733959257,0.1130690161527166,0.1140696909927679,0.1125,0.1155092592592592,0.1132646385345109,0.1273861967694566,0.126232741617357,0.127051282051282,0.1255787037037037,0.1271671573438011,0.3221365638766519,0.3257725180802104,0.3278205128205128,0.3224537037037037,0.3240922473012758,0.1831864904552129,0.1783366206443129,0.1785897435897435,0.1863425925925926,0.1767255479228001,0.2542217327459618,0.2555884286653517,0.2540384615384615,0.2501157407407407,0.258750408897612,0.1135,0.12675,0.325,0.18,0.25475,4740
-0.0679957280170879,0.0049108296717498,0.004042482156231,0.0500065971764085,-0.0218929190239605,0.0049108296717498,-0.0108212922999937,0.0061778135911898,0.0113995593447647,-0.0105432886442455,0.004042482156231,0.0061778135911899,0.0037236856460047,-0.0170126382464976,0.0029385923727623,0.0500065971764084,0.0113995593447647,-0.0170126382464979,0.0063083769377475,0.0033811951620171,-0.0218929190239605,-0.0105432886442455,0.0029385923727621,0.0033811951620169,0.0015035364381708,0.0566037735849056,0.0527397260273972,0.0527857484457197,0.0503496503496503,0.0541603247082699,0.0908018867924528,0.0922374429223744,0.0906862745098039,0.0902097902097902,0.0922120750887874,0.3470911949685534,0.3463470319634703,0.3472022955523673,0.3544289044289044,0.3474759005580923,0.1698113207547169,0.1767123287671232,0.1817910090865614,0.1776223776223776,0.1781456113647894,0.3356918238993711,0.3319634703196347,0.3275346724055475,0.3273892773892773,0.3280060882800609,0.053,0.09125,0.3485,0.17875,0.3285,2940
0.0137722435128345,0.0538302977055384,-0.0377589108585074,0.0207105181507911,-0.0086805231262694,0.0538302977055383,-0.0293108518772668,0.0249024902490249,-0.0094759475947594,-0.0140967185068781,-0.0377589108585074,0.024902490249025,-0.0081563190128177,0.0028122130394858,0.0046351639215381,0.0207105181507911,-0.0094759475947594,0.0028122130394857,-0.0109379782675236,0.0051511992481499,-0.0086805231262692,-0.0140967185068781,0.0046351639215381,0.0051511992481501,-0.0013198104216729,0.0722411831626848,0.0693069306930693,0.0760158402203856,0.0717329545454545,0.0738858483189992,0.0955631399317406,0.1039603960396039,0.0984848484848484,0.1019570707070707,0.1024237685691946,0.2511376564277588,0.2359735973597359,0.2439738292011019,0.2413194444444444,0.2408782903309877,0.2585324232081911,0.2665016501650165,0.2632575757575757,0.2668876262626262,0.2626400833984884,0.3225255972696246,0.3242574257425742,0.3182679063360881,0.318102904040404,0.3201720093823299,0.07325,0.101,0.242,0.264,0.31975,3456
0.0604251546702883,0.0088542354962336,-0.0053642558743112,-0.0104476473728361,-0.0364592138205295,0.0088542354962336,-0.0802052389954091,0.0144360305170311,-0.0139463154890926,0.0212044942341541,-0.0053642558743112,0.0144360305170311,-0.0218761927739756,0.0033534001717826,0.020785992315854,-0.0104476473728361,-0.0139463154890924,0.0033534001717828,0.0011425069603102,0.0087983936616355,-0.0364592138205295,0.0212044942341542,0.020785992315854,0.0087983936616355,-0.0109586370181786,0.1766400709219858,0.186335403726708,0.1890084801043705,0.1899641577060931,0.1948543321982595,0.0797872340425532,0.0869565217391304,0.079337899543379,0.0816226783968719,0.0787930382141505,0.2568705673758865,0.2518115942028985,0.2610893672537508,0.2546432062561095,0.2501891789632993,0.2584219858156028,0.2593167701863354,0.2548923679060665,0.2554578038449006,0.2534998108210367,0.2282801418439716,0.2155797101449275,0.2156718851924331,0.2183121537960247,0.2226636398032538,0.188,0.0805,0.2555,0.25575,0.22025,373
0.0046343958273921,-0.0572075519333483,0.0028161911559654,0.0204704234409154,-0.0114819598030511,-0.0572075519333485,0.0766389658356417,0.0015689630580515,0.0326171723846432,0.0059282822440717,0.0028161911559653,0.0015689630580516,0.0147828809413256,-0.0209985974232926,-0.0021454381210479,0.0204704234409154,0.0326171723846433,-0.0209985974232929,-0.0061629833578762,0.0003007186795785,-0.0114819598030511,0.0059282822440717,-0.0021454381210479,0.0003007186795785,0.0138067061143983,0.2371458551941238,0.2518796992481203,0.2375790424570912,0.2333729216152019,0.2409855769230769,0.0703043022035676,0.0614035087719298,0.0663956639566395,0.0643309580364212,0.0661057692307692,0.2759706190975866,0.2763157894736842,0.2726588376994881,0.2825613618368963,0.27734375,0.2061909758656873,0.2036340852130325,0.2149202047576031,0.2117973079968329,0.2104366987179487,0.2103882476390346,0.206766917293233,0.2084462511291779,0.2079374505146476,0.2051282051282051,0.23825,0.0665,0.27675,0.2105,0.208,79
-0.0640393080675154,0.0177010274847251,0.0282503402118096,0.0416729799696701,-0.0454649565733009,0.0177010274847251,-0.0138448770182586,-0.0157168822837592,0.0015716232480876,0.0169305553001465,0.0282503402118095,-0.0157168822837592,-0.0052656197955558,0.0079295160098897,-0.0022537265493618,0.0416729799696702,0.0015716232480877,0.0079295160098898,-0.0176335168614398,-0.0121935992998287,-0.0454649565733011,0.0169305553001465,-0.002253726549362,-0.0121935992998287,0.0189113551548364,0.0960295475530932,0.0886524822695035,0.0877004067958841,0.0864890135577372,0.0943532123307404,0.0923361034164358,0.0953014184397163,0.0954773869346733,0.0938522674146797,0.0924085278017862,0.3384118190212373,0.3537234042553192,0.3500837520938023,0.3454885460495558,0.3490348602708153,0.1708217913204062,0.1779698581560283,0.1768365637712371,0.1813931743805516,0.1804235090751944,0.3024007386888273,0.2843528368794326,0.2899018904044029,0.2927769985974754,0.2837798905214636,0.09025,0.094,0.34825,0.17825,0.28925,1553
0.0186221030571991,0.0048593879239039,-0.0076851707671545,0.0017508189314356,-0.0196346888245415,0.0048593879239039,-0.1255282550064771,0.0275005130692737,0.0208219141002996,-0.0006008633325036,-0.0076851707671545,0.0275005130692735,0.0144896654591945,-0.0186853103616377,0.0022109283027536,0.0017508189314355,0.0208219141002997,-0.0186853103616377,-0.0029303887131517,0.0184839374079227,-0.0196346888245415,-0.0006008633325036,0.0022109283027536,0.0184839374079228,-0.010747676485741,0.2041266025641025,0.2069892473118279,0.2095985155195681,0.2076358296622613,0.2120840152755046,0.1079727564102564,0.1221198156682027,0.1055161943319838,0.1062408223201174,0.1085651936715766,0.2488982371794871,0.2402073732718894,0.2434210526315789,0.2516152716593245,0.2464539007092198,0.2832532051282051,0.2778417818740399,0.2890519568151147,0.2845814977973568,0.2785051827605019,0.1557491987179487,0.1528417818740399,0.1524122807017544,0.1499265785609398,0.1543917075831969,0.208,0.1085,0.247,0.28375,0.15275,1669
0.037317090247147,0.0378577335099075,0.009754382068225,-0.013420705273808,-0.0464366079718012,0.0378577335099074,-0.0181168482326783,-0.011191815789517,0.0343027791016695,-0.0070563816492155,0.0097543820682252,-0.011191815789517,0.0049079334321771,0.0059216038459426,-0.0050711162695886,-0.0134207052738077,0.0343027791016695,0.0059216038459426,-0.0310845046850865,-0.0089738434825561,-0.0464366079718012,-0.0070563816492155,-0.0050711162695886,-0.0089738434825561,0.0340795442175829,0.0664251207729468,0.0663878163878163,0.0683269476372924,0.0699260286638927,0.0722041259500543,0.1868961352657004,0.1977691977691977,0.1964240102171136,0.1875866851595007,0.1956207021353601,0.3230676328502415,0.3299013299013299,0.3246487867177522,0.3243180767452612,0.3279044516829533,0.1826690821256038,0.174066924066924,0.1791826309067688,0.1858529819694868,0.1818675352877307,0.2409420289855072,0.2318747318747318,0.2314176245210727,0.2323162274618585,0.2224031849439015,0.069,0.19425,0.32625,0.18025,0.23025,2131
-0.0009559128968164,-0.0090913418058926,0.0113164669201969,-0.042868575050333,0.0235230519071214,-0.0090913418058926,-0.017051456164177,-0.0110519619086744,0.0421507338144938,-0.0072683181260881,0.0113164669201968,-0.0110519619086744,0.0162124308031655,0.0064580228514655,-0.0240088846473713,-0.0428685750503332,0.0421507338144938,0.0064580228514655,-0.0421155688143468,0.0236119692646535,0.0235230519071214,-0.0072683181260881,-0.0240088846473713,0.0236119692646538,0.003839596281366,0.1118568232662192,0.1127659574468085,0.110485384821668,0.1165405632618747,0.1091212989493791,0.1185682326621924,0.1195035460992907,0.1187986055242692,0.1125472887767969,0.1183540273798153,0.3072334079045488,0.3141843971631206,0.3057119871279163,0.3087431693989071,0.3182107609041706,0.2067486950037285,0.1898936170212766,0.1969696969696969,0.2065994115174443,0.1935689270932823,0.2555928411633109,0.2636524822695035,0.2680343255564494,0.2555695670449769,0.2607449856733524,0.11175,0.1175,0.31075,0.19825,0.26175,4439
-0.0875098338655191,0.0175681923254737,0.0237936666508093,-0.0159743599488211,0.0044357716526185,0.0175681923254739,-0.029000534137682,0.0141331160748634,0.0137585652040281,-0.017290063048776,0.0237936666508093,0.0141331160748636,0.0189006797398405,-0.01769738641247,-0.0148218315548993,-0.0159743599488213,0.013758565204028,-0.0176973864124703,0.0145958823590608,0.0049485484505181,0.0044357716526185,-0.0172900630487757,-0.0148218315548993,0.0049485484505182,0.0146188155743558,0.0799319727891156,0.0722087378640776,0.0717511655011655,0.0746741154562383,0.0731739707835325,0.1011904761904761,0.1059870550161812,0.101544289044289,0.1015828677839851,0.1047808764940239,0.2791950113378685,0.281957928802589,0.2805944055944055,0.2910614525139665,0.2902390438247011,0.2273242630385487,0.2206715210355987,0.2277097902097902,0.2204841713221601,0.2226427622841965,0.3123582766439909,0.3191747572815534,0.3184003496503496,0.3121973929236499,0.3091633466135458,0.0735,0.103,0.286,0.22375,0.31375,465
-0.0999999999999998,-0.0044444444444444,-0.0155316606929509,-0.0633379565418401,0.067990832696715,-0.0044444444444444,-0.042962962962963,0.0187176423735564,-0.0282015718908923,0.008573126220185,-0.0155316606929509,0.0187176423735563,-0.003755518728348,0.0004590067227085,0.0007602910828716,-0.0633379565418399,-0.0282015718908923,0.0004590067227087,0.043297213314584,-0.0065809200997257,0.067990832696715,0.008573126220185,0.0007602910828716,-0.0065809200997257,-0.0100296803213264,0.055,0.0502222222222222,0.0507765830346475,0.053166897827092,0.0466004583651642,0.0941666666666666,0.0977777777777777,0.091995221027479,0.0963938973647711,0.0929462694168576,0.3541666666666667,0.3422222222222222,0.3500597371565113,0.3485899214054553,0.3484848484848485,0.1916666666666666,0.1853333333333333,0.1801672640382317,0.1724456773000462,0.1814362108479755,0.305,0.3244444444444444,0.3270011947431302,0.3294036061026352,0.330532212885154,0.05,0.09375,0.34875,0.18025,0.32725,248
-0.0373562235673652,-0.038843721770551,-0.0186189988143326,0.0272118769946834,0.0301188701601498,-0.038843721770551,0.0253817172318063,0.0319336183052552,-0.0022158762854422,-0.0294117647058824,-0.0186189988143323,0.0319336183052552,-0.0008148226874977,-0.0178186279359677,-0.0006064281382656,0.0272118769946833,-0.0022158762854425,-0.0178186279359677,-0.0210935955388709,0.02776209652127,0.0301188701601499,-0.0294117647058824,-0.0006064281382656,0.0277620965212701,-0.0143534537998206,0.0886939571150097,0.0888211382113821,0.0870919243986254,0.0831733845169545,0.0829248366013071,0.2129629629629629,0.1997967479674796,0.1984536082474226,0.2054542546385157,0.2110294117647058,0.1976120857699805,0.1878048780487805,0.1941580756013745,0.1974568138195777,0.1941176470588235,0.253411306042885,0.2610772357723577,0.2651417525773196,0.2659948816378759,0.2532679738562091,0.2473196881091618,0.2625,0.2551546391752577,0.2479206653870761,0.2586601307189543,0.0855,0.205,0.194,0.2605,0.255,931
0.0203676562743788,-0.0081594964855749,-0.0013015642621798,-0.0148080691847622,-0.0001109922470734,-0.0081594964855749,0.1284495657673499,-0.0229183924492304,0.0128100758873012,-0.0139321429054712,-0.00130156426218,-0.0229183924492306,-0.006476854436441,0.0026241390336875,0.0109044312949523,-0.0148080691847625,0.0128100758873013,0.0026241390336874,0.001000891152614,0.0028585243478808,-0.0001109922470734,-0.0139321429054715,0.0109044312949523,0.0028585243478808,-0.0082884606206665,0.1768236380424746,0.1819727891156462,0.1807349323493235,0.1831728564878496,0.1805200341005967,0.0740997229916897,0.0640589569160997,0.0751845018450184,0.0725584594222833,0.0745240125035521,0.2713527239150508,0.2772108843537414,0.2727552275522755,0.2702888583218707,0.2680448991190679,0.1844413665743305,0.179421768707483,0.1812730627306273,0.1815680880330124,0.1812304631997726,0.2932825484764543,0.2973356009070295,0.2900522755227552,0.2924117377349839,0.2956805910770105,0.1805,0.0735,0.271,0.18175,0.29325,1335
-0.0314776798293281,0.0475878465657,-0.0184362206421029,-0.0127629452425728,-0.0221129201299172,0.0475878465657,-0.0089899749155226,-0.001060560510405,0.014675093987634,-0.0177494867014245,-0.0184362206421031,-0.0010605605104052,0.0065419550173011,0.0141865826656623,-0.0073552556055473,-0.0127629452425728,0.014675093987634,0.0141865826656624,-0.047142651276651,0.0190700549606582,-0.0221129201299172,-0.0177494867014247,-0.0073552556055471,0.0190700549606583,0.0155874241293432,0.0938644688644688,0.0866695059625212,0.0926776960784313,0.0921614280170741,0.0930122757318224,0.279532967032967,0.2961385576377058,0.2938112745098039,0.2891928599146294,0.2987094743468681,0.138507326007326,0.1361442362294151,0.135110294117647,0.1340706247574699,0.1370003147623544,0.2174908424908425,0.2115985235661556,0.211703431372549,0.2248738843616608,0.2106547056971986,0.2706043956043956,0.2694491766042021,0.2666973039215686,0.2597012029491657,0.2606232294617563,0.091,0.2935,0.136,0.21475,0.26475,4524
0.0454303801123403,-0.0090397478440877,-0.0152435282873624,-0.0482379971193298,0.0218209179834462,-0.0090397478440877,0.0054294350414463,0.0149484888284909,0.0040206455069663,-0.020335500147506,-0.0152435282873624,0.0149484888284908,0.0134319810882918,0.0048125826909218,-0.0168345025475413,-0.0482379971193298,0.0040206455069664,0.0048125826909218,0.0307029777200155,0.0176445202013145,0.0218209179834462,-0.020335500147506,-0.0168345025475413,0.0176445202013145,-0.0034647603175299,0.2114371708051166,0.2235023041474654,0.2248764415156507,0.2321847163619315,0.2166666666666666,0.1094808126410835,0.107910906298003,0.1068780889621087,0.1080637599624941,0.1107064017660044,0.3081264108352144,0.298963133640553,0.2994233937397034,0.3020393811533052,0.3086092715231788,0.1863243039879608,0.1770353302611367,0.1768945634266886,0.1722925457102672,0.1746136865342163,0.1846313017306245,0.1925883256528417,0.1919275123558484,0.1854195968120018,0.1894039735099337,0.2215,0.1085,0.3035,0.17775,0.18875,1338
0.0208333333333333,-0.0229885057471266,0.0033670033670033,-0.0111266728913788,-0.0016686297605026,-0.0229885057471264,0.0091161315893777,0.0200859166376407,-0.0034665207079001,-0.0005009273926053,0.0033670033670034,0.0200859166376407,-0.0060197938985817,-0.0025559045166887,0.0002101898450543,-0.0111266728913788,-0.0034665207079001,-0.0025559045166889,-0.0095541484567682,0.026701375485412,-0.0016686297605024,-0.0005009273926053,0.0002101898450543,0.0267013754854119,-0.0321850274902504,0.1958333333333333,0.2045977011494253,0.1993265993265993,0.2022253345782757,0.2003337259521005,0.0741666666666666,0.0718390804597701,0.071043771043771,0.0727513227513227,0.0725363172359638,0.2466666666666666,0.2425287356321839,0.2489898989898989,0.2481325863678805,0.247447978013349,0.2707291666666667,0.2686781609195402,0.2684343434343434,0.2703081232492997,0.2606007067137809,0.2126041666666666,0.2123563218390804,0.2122053872053872,0.2065826330532212,0.2190812720848056,0.2,0.0725,0.2475,0.26775,0.21225,1406
0.0055555555555555,-0.0196546239491024,-0.0167100694444444,0.0397869674185463,-0.0279441117764469,-0.0196546239491024,0.0081729891282377,0.0207747528970687,-0.0173695998687926,0.0030164619635983,-0.0167100694444444,0.0207747528970688,0.004364013671875,-0.0123575540413534,-0.0048262849301397,0.0397869674185463,-0.0173695998687926,-0.0123575540413534,-0.0022707143799347,0.0245073762249937,-0.0279441117764471,0.0030164619635983,-0.0048262849301397,0.0245073762249937,-0.0219082792498834,0.1491666666666666,0.1529481935923653,0.1525065104166666,0.144031954887218,0.154191616766467,0.2493055555555555,0.2425017041581458,0.2394205729166666,0.2487468671679198,0.2437624750499002,0.2602777777777778,0.2506816632583504,0.2548828125,0.2591635338345864,0.2572355289421157,0.2554166666666667,0.2706203135650988,0.269287109375,0.2666040100250627,0.2594810379241516,0.0858333333333333,0.0832481254260395,0.0839029947916666,0.081453634085213,0.0853293413173652,0.15,0.2445,0.256,0.266,0.0835,1090
-0.0057059539768753,0.0156351044078686,-0.0264994875789694,0.0139849894131881,0.0082858544542864,0.0156351044078686,-0.0024957887435592,0.0034377788274811,-0.0105878457255745,0.0019371533138904,-0.0264994875789692,0.0034377788274811,0.0269872048817442,-0.0125332952815828,-0.013198845952884,0.0139849894131881,-0.0105878457255748,-0.0125332952815828,0.0113576253255207,0.0104814469320067,0.0082858544542864,0.0019371533138904,-0.013198845952884,0.0104814469320067,-0.006575744824798,0.1385359951603146,0.1355962643678161,0.141400304414003,0.1358235677083333,0.136608623548922,0.2283726557773744,0.2325790229885057,0.2312024353120243,0.2344563802083333,0.2315505804311774,0.2810042347247429,0.272808908045977,0.2663622526636225,0.2771809895833333,0.277363184079602,0.2524198427102238,0.2587104885057471,0.2592085235920852,0.2530924479166667,0.2533167495854063,0.0996672716273442,0.100305316091954,0.1018264840182648,0.0994466145833333,0.1011608623548922,0.13775,0.232,0.27375,0.256,0.1005,4209
-0.0819563804565275,0.0213745300910458,0.0186068966608889,0.0285135803814219,-0.0240861484522436,0.0213745300910458,0.0576597900923242,0.0072018731299894,-0.0660950821793346,0.0035524077122162,0.0186068966608891,0.0072018731299895,-0.0019162927052442,-0.015968518170333,0.0039404790530718,0.0285135803814219,-0.0660950821793346,-0.0159685181703332,0.0312735914207167,0.017009427315731,-0.0240861484522436,0.003552407712216,0.0039404790530717,0.0170094273157311,-0.00954017670258,0.0819581958195819,0.0741308793456032,0.0743405275779376,0.0735900962861072,0.0775745257452574,0.1196369636963696,0.1152010906612133,0.1213695710098587,0.1303301237964236,0.1218157181571815,0.3069306930693069,0.3104976141785958,0.3133493205435651,0.3177441540577717,0.3115176151761518,0.1765676567656765,0.193762781186094,0.184652278177458,0.1760660247592847,0.1786585365853658,0.3149064906490649,0.3064076346284935,0.3062883026911804,0.3022696011004127,0.3104336043360433,0.07575,0.12225,0.31275,0.18175,0.3075,742
0.0666666666666666,0.0711111111111111,-0.0522548317823907,0.0392706872370265,0.0038022813688212,0.0711111111111112,-0.0477037037037038,0.0201224846894139,0.045036621474209,-0.0430080270384454,-0.0522548317823907,0.0201224846894138,-0.0046411277395557,0.0057503171659835,0.0040218356735826,0.0392706872370267,0.045036621474209,0.0057503171659835,0.007282767700889,-0.0288735185945603,0.0038022813688214,-0.0430080270384454,0.0040218356735826,-0.0288735185945603,0.0230691012833301,0.0466666666666666,0.0464444444444444,0.0526127415891195,0.0480364656381486,0.0498098859315589,0.0870833333333333,0.0982222222222222,0.0918635170603674,0.0895278167367929,0.0977820025348542,0.3675,0.3422222222222222,0.3508709138630398,0.3472417017297802,0.3478453738910013,0.17125,0.1702222222222222,0.1772250059651634,0.1769518466573165,0.1833967046894803,0.3275,0.3428888888888889,0.3274278215223097,0.3382421692379617,0.3211660329531052,0.05,0.09375,0.34925,0.17825,0.32875,2323
-0.0666666666666666,-0.0043290043290042,0.0539250775471247,-0.0656495607951919,-0.0100231303006939,-0.0043290043290042,-0.0524540394670265,-0.0033869733225495,-0.0267125385017201,0.0347355035095975,0.0539250775471247,-0.0033869733225495,-0.0101067034089989,-0.0004265795107474,0.0038131054043,-0.0656495607951916,-0.0267125385017201,-0.0004265795107474,0.0163659016250481,0.0094143068520085,-0.0100231303006939,0.0347355035095975,0.0038131054043001,0.0094143068520083,-0.018105756577611,0.0533333333333333,0.0502164502164502,0.0473037461226437,0.0532824780397595,0.0505011565150346,0.0966666666666666,0.1012987012987013,0.0965759961822954,0.0988210818307905,0.0929067077872012,0.3304166666666667,0.3504329004329004,0.3527797661655929,0.3493989828941285,0.3479182729375482,0.1920833333333333,0.185064935064935,0.1803268909568122,0.177300046232085,0.1785530711899254,0.3275,0.312987012987013,0.3230136005726557,0.3211974110032362,0.3301207915702904,0.05,0.09625,0.34925,0.18025,0.32425,3601
0.0750375765984507,-0.0339123242349048,0.0091254131322565,-0.0060994780858958,-0.0110777758492917,-0.0339123242349046,-0.0247164694280079,-0.0125347365931531,0.0072309151256519,0.0238031888685231,0.0091254131322565,-0.0125347365931531,0.0082324974009427,0.0145086629572247,-0.0140212213825547,-0.0060994780858956,0.0072309151256519,0.0145086629572247,-0.0467905953419167,0.0097707238368268,-0.0110777758492914,0.0238031888685232,-0.0140212213825547,0.0097707238368267,0.0035060438540052,0.064516129032258,0.0721153846153846,0.0691135024340251,0.0701754385964912,0.070522674865488,0.1075268817204301,0.1065705128205128,0.1053036126056879,0.1032479848269321,0.1015244683576735,0.3222819593787335,0.3293269230769231,0.3225723802203433,0.3205310573731626,0.3298104022546759,0.1768219832735962,0.1744791666666666,0.1732001024852677,0.1839734471313418,0.1740327952856777,0.3288530465949821,0.3175080128205128,0.3298104022546759,0.322072072072072,0.3241096592364847,0.06975,0.104,0.32525,0.17575,0.32525,2123
-0.0415603849947283,0.0284161235318048,0.0168664352179127,0.042347442903771,-0.0386231460611625,0.0284161235318047,0.0087297863482267,0.0085036801304937,-0.0094473305659936,-0.0155303915528266,0.0168664352179126,0.0085036801304938,-0.0045575955760766,-0.0140949463968085,0.0049655326058548,0.0423474429037711,-0.0094473305659936,-0.0140949463968085,0.0108860565239286,-0.002310371383579,-0.0386231460611625,-0.0155303915528266,0.0049655326058549,-0.0023103713835792,0.0137285704528379,0.1031144781144781,0.0961868037703513,0.0973302229134266,0.0948076031525266,0.1028236914600551,0.0944865319865319,0.0964010282776349,0.0964230171073094,0.0981687528975428,0.0987603305785124,0.316077441077441,0.3187660668380462,0.3229652669777086,0.3260315252665739,0.3199035812672176,0.1721380471380471,0.1814481576692373,0.1822835666148263,0.1777932313398238,0.1801652892561983,0.3141835016835017,0.30719794344473,0.3009979263867289,0.3031988873435327,0.2983471074380165,0.099,0.09725,0.3215,0.17975,0.3025,2094
-0.0513137314949423,-0.0120908901396705,0.0141739350452813,0.0050599806697366,0.0148776800181219,-0.0120908901396705,0.0092592592592591,0.0173876166242578,0.0021426385062748,-0.0282123278513171,0.0141739350452811,0.0173876166242578,-0.0030495503370044,-0.0020398292431602,-0.01505589696953,0.0050599806697368,0.0021426385062748,-0.0020398292431602,-0.0384334201013389,0.0320003447670004,0.0148776800181221,-0.0282123278513171,-0.01505589696953,0.0320003447670004,0.0066047749583308,0.140087554721701,0.1348611111111111,0.1313613231552163,0.1325757575757575,0.1312675491375852,0.1518136335209506,0.1486111111111111,0.1473918575063613,0.1496786042240587,0.1542318491776975,0.3228580362726704,0.3218055555555555,0.328498727735369,0.328168044077135,0.3324308062575211,0.1805816135084428,0.1811111111111111,0.1818702290076335,0.188475665748393,0.1756919374247894,0.2046591619762351,0.2136111111111111,0.2108778625954198,0.2011019283746556,0.2063778580024067,0.13325,0.15,0.3275,0.1815,0.20775,240
0.0174896737422258,-0.0093440130305013,0.0091652216992816,-0.0211711101409568,-0.0002061706312721,-0.0093440130305013,0.0125728459217657,-0.0003712425857753,0.0279522291221997,-0.021411162154576,0.0091652216992815,-0.0003712425857755,-0.0012677895659964,-0.0104292847224274,0.0022928673235421,-0.0211711101409566,0.0279522291221998,-0.0104292847224274,-0.0098389345054588,0.0151660659744583,-0.0002061706312721,-0.021411162154576,0.0022928673235422,0.0151660659744582,0.0005060199647877,0.1802906448683015,0.1852146263910969,0.1818181818181818,0.1873848987108655,0.1835378323108384,0.1587193460490463,0.1552729199788023,0.1573083778966132,0.152854511970534,0.1606169052488071,0.2316076294277929,0.233836777954425,0.2340463458110517,0.2361878453038674,0.233214042263122,0.1848319709355131,0.1759406465288818,0.1828877005347593,0.182780847145488,0.178254942058623,0.244550408719346,0.2497350291467938,0.2439393939393939,0.2407918968692449,0.2443762781186094,0.1835,0.15725,0.23375,0.181,0.2445,2351
-0.0450145393327212,0.0061367555824318,0.0059865059865059,-0.035256782383219,0.0433229431108539,0.0061367555824318,-0.0389984972214163,-0.0250351713766348,-0.0024551656174869,0.0516342066920139,0.0059865059865059,-0.0250351713766348,0.0216802572014926,-0.0023159448446803,-0.0192285908086544,-0.035256782383219,-0.0024551656174869,-0.0023159448446805,0.0343979422237228,-0.0044661499421922,0.043322943110854,0.0516342066920139,-0.0192285908086544,-0.0044661499421922,-0.0188372435617021,0.1379419191919192,0.131189948263119,0.1312097812097812,0.1366538952745849,0.1262813715093672,0.1120580808080808,0.1171470805617147,0.1155727155727155,0.1130268199233716,0.1069282431954754,0.3218118686868687,0.3318551367331855,0.3167310167310167,0.3244997871434653,0.3299752562743018,0.2026515151515151,0.196230598669623,0.1962033462033462,0.1890166028097062,0.1966242488511841,0.2255366161616161,0.2235772357723577,0.2402831402831403,0.2368028948488718,0.2401908801696712,0.132,0.11275,0.32375,0.19575,0.23575,1370
0.0641276041666666,-0.0860979462875197,0.0035886686991869,-0.0326867816091953,0.0302772373540854,-0.0860979462875197,0.0491378600360877,0.0102300312102646,0.0238056327286593,-0.0228606905539061,0.003588668699187,0.0102300312102646,0.0154979674796748,-0.0082001682085786,-0.0152715826769163,-0.0326867816091953,0.0238056327286593,-0.0082001682085786,-0.0400317082837891,0.0296524889306318,0.0302772373540856,-0.0228606905539061,-0.015271582676916,0.0296524889306318,0.0003381328003955,0.0598958333333333,0.0695102685624012,0.063770325203252,0.0660919540229885,0.0620622568093385,0.1145833333333333,0.1003159557661927,0.104420731707317,0.1029885057471264,0.1079118028534371,0.3268229166666667,0.3246445497630332,0.3229166666666667,0.3306896551724138,0.3330090791180285,0.1871744791666666,0.1769352290679305,0.1827362804878048,0.1885057471264367,0.1758754863813229,0.3115234375,0.3285939968404423,0.3261559959349593,0.3117241379310345,0.3211413748378729,0.064,0.1055,0.328,0.18125,0.32125,1057
-0.0129725843871515,-0.0765782460599,0.0236129630154992,-0.0256550516930145,0.0129381036263135,-0.0765782460599,0.0944360242881791,-0.0170387509002036,-0.0328340276341576,0.021248209266975,0.0236129630154993,-0.0170387509002039,-0.0019759005810024,0.003005166036083,0.0016758368930218,-0.0256550516930145,-0.0328340276341576,0.003005166036083,0.0423064009035133,-0.0133150301099322,0.0129381036263136,0.0212482092669751,0.0016758368930217,-0.0133150301099322,-0.002499780445883,0.0511551155115511,0.0543672014260249,0.0493075453677172,0.0517955801104972,0.0498466257668711,0.1006600660066006,0.0846702317290552,0.095093123209169,0.0965699815837937,0.0915132924335378,0.3407590759075907,0.3549465240641711,0.3496895893027698,0.347951197053407,0.3484151329243354,0.1856435643564356,0.1869429590017825,0.1804560649474689,0.173342541436464,0.1834100204498977,0.3217821782178218,0.3190730837789661,0.3254536771728749,0.3303406998158379,0.3268149284253578,0.0505,0.0935,0.349,0.181,0.326,4816
0.0793158022887752,-0.0193843132231756,-0.0185797478615159,0.0345325136711409,-0.0136905773698225,-0.0193843132231759,-0.0070154159460329,0.0280681935783921,0.0230035358979756,-0.0345564199628403,-0.0185797478615159,0.0280681935783921,0.0116006110633869,-0.004906621229874,-0.0136773010743613,0.0345325136711407,0.0230035358979756,-0.004906621229874,-0.0047417288441182,-0.0080104737155448,-0.0136905773698225,-0.0345564199628403,-0.0136773010743613,-0.008010473715545,0.032952942262305,0.0681306306306306,0.075434439178515,0.0753749013417521,0.0714445939883355,0.0750131027253668,0.107545045045045,0.1062401263823064,0.1025388055774796,0.1030731269627635,0.1091457023060796,0.3226351351351351,0.3078593996840442,0.3130755064456721,0.3183041722745626,0.3210822851153039,0.1793355855855855,0.181477093206951,0.1866614048934491,0.1866307761327949,0.1872379454926624,0.3223536036036036,0.3289889415481832,0.3223493817416469,0.3205473306415433,0.307520964360587,0.074,0.1055,0.31675,0.18575,0.318,199
-0.1936399261294537,0.094752848383409,-0.0322562645923896,0.0497525684224054,0.0187384229499765,0.094752848383409,0.0395402546214652,-0.0246207537473615,0.0077340994963971,-0.014443715897136,-0.0322562645923896,-0.0246207537473615,0.005319072460035,0.0051957994312662,0.0070834681631917,0.0497525684224056,0.007734099496397,0.0051957994312662,-0.0217811554361189,-0.006828536458495,0.0187384229499765,-0.014443715897136,0.0070834681631917,-0.006828536458495,-0.0029499607031897,0.0889261744966442,0.067440912795436,0.076903091712133,0.0707934336525307,0.0731039874902267,0.0925615212527964,0.0982070089649551,0.1047674720706677,0.1014591883264934,0.1037268699504821,0.3310961968680089,0.3286471067644662,0.3190439075084437,0.3190834473324213,0.3184779775866562,0.1736577181208053,0.1813365933170334,0.1818004676539361,0.1867305061559507,0.1839979150377899,0.313758389261745,0.3243683781581092,0.3174850610548194,0.3219334245326037,0.3206932499348449,0.0745,0.10225,0.32075,0.18275,0.31975,2280
0.0064884470257597,-0.0318207327473829,0.0136138013819437,0.0089246043826022,-0.0160997306270751,-0.0318207327473829,-0.0531269548848447,0.008253157630751,0.0231113806564537,8.136034496786237e-05,0.0136138013819437,0.0082531576307509,-0.024803110472543,0.0057077410057453,0.0202234740049865,0.0089246043826023,0.0231113806564536,0.0057077410057455,-0.0046544425151962,-0.0190274074477154,-0.0160997306270751,8.136034496786237e-05,0.0202234740049865,-0.0190274074477154,-0.0002306805074971,0.0777422790202343,0.0807399723374827,0.0771847200418629,0.0775516497070613,0.0795098039215686,0.1243343982960596,0.1269017980636237,0.1195054945054945,0.1177150786308973,0.1204901960784313,0.3141640042598509,0.3158713692946058,0.3263997906855049,0.31668208448967,0.3120588235294118,0.2678381256656017,0.2640041493775933,0.2687074829931973,0.2715078630897317,0.2753921568627451,0.2159211927582534,0.2124827109266943,0.2082025117739403,0.2165433240826395,0.2125490196078431,0.07825,0.1205,0.3185,0.27025,0.2125,4749
-0.0166852766185441,-0.0318875393158009,0.0524794823783791,0.003479013346333,-0.0138471434139391,-0.0318875393158009,-0.0403960936556559,-0.014775596968275,0.0096992613019849,0.0412753160222764,0.0524794823783792,-0.0147755969682747,-0.0226299631434243,0.0165428488004876,-0.0071665495369273,0.0034790133463332,0.0096992613019849,0.0165428488004876,0.0085287474296806,-0.0224661132217063,-0.0138471434139388,0.0412753160222764,-0.007166549536927,-0.0224661132217063,-0.0002760028537656,0.1400483968542044,0.1421425085407515,0.1305209513023782,0.1372707659115426,0.13965744400527,0.176194797338173,0.1776476329917032,0.1732729331823329,0.169093851132686,0.1637022397891963,0.2091651542649727,0.2240117130307467,0.2257455643639109,0.2170981661272923,0.2223320158102766,0.1539624924379915,0.1530014641288433,0.1519441298603246,0.1531823085221143,0.1579710144927536,0.3206291591046582,0.3031966813079551,0.3185164212910532,0.3233549083063646,0.3163372859025033,0.13775,0.17075,0.22075,0.1545,0.31625,2220
0.1069591181415429,0.0584912321995999,-0.0048424669144695,0.0080977404234352,-0.0560115849734816,0.0584912321995998,-0.0497175980975028,-0.0058574783268887,0.0014204915682747,0.011619072427903,-0.0048424669144697,-0.0058574783268887,-0.0051887560435204,-0.0054883875379814,0.0148566864275535,0.0080977404234351,0.0014204915682748,-0.0054883875379816,0.0127570302497416,-0.0067399113669179,-0.0560115849734816,0.0116190724279031,0.0148566864275537,-0.0067399113669179,-0.002246137027734,0.0654152445961319,0.0689655172413793,0.0736047107014849,0.0726568405139833,0.0773528485993075,0.1092150170648464,0.1217672413793103,0.1166794674859191,0.1158352229780801,0.1146521875983632,0.3270762229806598,0.3274066091954023,0.3271889400921659,0.327286470143613,0.3206641485678312,0.2187144482366325,0.2201867816091954,0.2217101894521249,0.2176870748299319,0.2219861504564054,0.2795790671217292,0.2616738505747126,0.2608166922683052,0.2665343915343915,0.2653446647780925,0.07325,0.116,0.3255,0.2205,0.26475,4771
0.0933333333333333,-0.0505050505050506,0.0113519091847265,-0.0315500685871057,0.0051282051282052,-0.0505050505050506,-0.0396234172457949,-0.0169568993098403,0.0076985961759623,0.0353236507082661,0.0113519091847265,-0.0169568993098405,0.0071472617073552,-0.0100495327724621,0.0019449075176629,-0.0315500685871055,0.0076985961759624,-0.0100495327724621,0.0328183184963147,-0.0048890295803876,0.0051282051282051,0.035323650708266,0.001944907517663,-0.0048890295803876,-0.0118343195266272,0.0566666666666666,0.0656565656565656,0.0617905056759545,0.0644718792866941,0.0621794871794871,0.1126666666666666,0.1114996114996115,0.1090686274509804,0.106424325560128,0.1034615384615384,0.3193333333333333,0.3284770784770784,0.3206914344685243,0.3262459990855053,0.3223717948717948,0.188,0.1808469308469308,0.1840815273477812,0.1762688614540466,0.1831410256410256,0.3233333333333333,0.3135198135198135,0.3243679050567595,0.326588934613626,0.3288461538461538,0.0625,0.10725,0.323,0.18225,0.325,2819
0.0541667333372446,0.0285831381084508,-0.0424930510257448,-0.0389918011165124,0.0474918041577708,0.0285831381084508,0.0283456687887099,-0.0174455855163198,-0.0102128087739599,-0.0022678433404399,-0.0424930510257448,-0.0174455855163198,0.013654992910281,0.0227584120713891,-0.0042929543276524,-0.0389918011165124,-0.0102128087739599,0.0227584120713891,0.0323895219000114,-0.0342274805084723,0.0474918041577709,-0.0022678433404399,-0.0042929543276524,-0.0342274805084723,0.0131152522480203,0.1023864511162432,0.1051558752997602,0.1128498727735368,0.1124708624708624,0.1031090121999212,0.1687836797536566,0.1688249400479616,0.1767811704834605,0.1755244755244755,0.1741440377804014,0.3414164742109314,0.3332134292565947,0.3230279898218829,0.32004662004662,0.3289059425423061,0.1857197844495766,0.1805755395683453,0.1746819338422391,0.1729603729603729,0.1848681621408894,0.201693610469592,0.2122302158273381,0.2126590330788804,0.218997668997669,0.2089728453364817,0.10825,0.17375,0.3275,0.17875,0.21175,3150
0.0476936330174641,0.0176917953109788,-0.0065202791733611,-0.047447627618619,0.0049133552675444,0.0176917953109787,-0.0344254320881232,0.0211104834140994,-0.0012009738636311,-0.0134436001230058,-0.0065202791733613,0.0211104834140997,-0.0058310517578514,-0.0026756106959302,0.0024480827511368,-0.047447627618619,-0.0012009738636309,-0.0026756106959302,-0.0200878844946641,0.0345280085956729,0.0049133552675444,-0.0134436001230056,0.0024480827511367,0.034528008595673,-0.0189809501997362,0.1345132743362831,0.1387510339123242,0.1421709894332372,0.1479519774011299,0.1405559885684593,0.0989675516224188,0.1042183622828784,0.0986231187960294,0.1008709981167608,0.1021044427123928,0.2619469026548672,0.2547559966914806,0.2617675312199808,0.2609463276836158,0.2596128864640166,0.1853982300884955,0.1772125723738627,0.1774735830931796,0.1805555555555555,0.1708885424785658,0.3191740412979351,0.3250620347394541,0.3199647774575728,0.3096751412429379,0.3268381397765653,0.14125,0.10075,0.26025,0.177,0.32075,4256
-0.0252758988964043,-0.0218104800245753,0.025992096621584,-0.0195116434840854,-0.0047008483368329,-0.021810480024575,-0.0573548945618915,0.014188108075316,0.0340637707542954,-0.0124517360808176,0.0259920966215841,0.014188108075316,-0.0090264906617008,0.0102558034846067,-0.0059842969440584,-0.0195116434840851,0.0340637707542954,0.0102558034846069,-0.0496197200971568,0.0109612997671501,-0.0047008483368329,-0.0124517360808176,-0.0059842969440584,0.0109612997671501,0.004955909289023,0.0679245283018867,0.0676949443016281,0.06452802359882,0.0675426463808206,0.0665614312023151,0.0993710691823899,0.1028277634961439,0.0958702064896755,0.0939372982941447,0.0984609313338595,0.330188679245283,0.3341902313624679,0.3420599803343166,0.3355232826187183,0.3410286766640358,0.1842767295597484,0.1745929734361611,0.1788962635201573,0.189718764407561,0.1787687450670876,0.3182389937106918,0.3206940874035989,0.3186455260570305,0.3132780082987552,0.3151802157327019,0.06625,0.09725,0.339,0.18075,0.31675,3107
-0.044262489616708,0.0075587098263227,-0.0173880873103957,0.0824802856065191,-0.0218906927989859,0.0075587098263227,0.0987010072103918,-0.0337669592221243,-0.0321634059686342,0.0167840125168907,-0.0173880873103957,-0.0337669592221243,0.0063485064874898,0.021622889778388,-0.0033919728642171,0.0824802856065192,-0.0321634059686342,0.021622889778388,-0.0400274401254776,-0.0054814958969866,-0.0218906927989857,0.0167840125168907,-0.0033919728642171,-0.0054814958969868,0.0052681128938565,0.0691823899371069,0.0657492354740061,0.0674019607843137,0.0607856810785681,0.0677002583979328,0.1081761006289308,0.0982415902140672,0.1126805985552115,0.1125058112505811,0.1071705426356589,0.3286163522012578,0.3339067278287462,0.3209494324045407,0.3160158066015807,0.3240956072351421,0.1644654088050314,0.1850152905198776,0.1753740970072239,0.1864249186424918,0.1802325581395348,0.3295597484276729,0.3170871559633027,0.32359391124871,0.3242677824267782,0.3208010335917313,0.06625,0.109,0.323,0.17925,0.3225,1973
0.1042926255162035,-0.0355731225296442,-0.009098001792519,0.0054708228862149,-0.0010741007829069,-0.0355731225296442,0.04,-0.0293637846655792,0.0323176361957525,0.0012830382345394,-0.009098001792519,-0.0293637846655792,0.0197878661269734,-0.0080903297136978,-0.0011047105712722,0.005470822886215,0.0323176361957525,-0.0080903297136978,0.0088576156823023,-0.010792448484771,-0.0010741007829069,0.0012830382345393,-0.0011047105712722,-0.010792448484771,0.006756544532094,0.0566534914361001,0.0655,0.0638254486133768,0.0629039704524469,0.0633179368745188,0.1294466403162055,0.12,0.1286704730831974,0.1209602954755309,0.1248396202206825,0.3092885375494071,0.3155,0.3004350190320826,0.3089796860572484,0.3068385937900949,0.1795125164690382,0.1746666666666666,0.1819603045133224,0.1789012003693444,0.1824480369515011,0.325098814229249,0.3243333333333333,0.3251087547580206,0.3282548476454293,0.3225558121632024,0.06325,0.125,0.3065,0.1805,0.32475,1375
-0.041604070268213,0.0592308271242566,-0.0182940415498555,0.0115740031479836,0.0057574453673479,0.0592308271242567,0.1084613692776572,-0.0021116817233322,-0.0254507932853227,-0.039718076987103,-0.0182940415498555,-0.0021116817233322,-0.0049542095874144,0.0019381323729149,0.0112419057493163,0.0115740031479836,-0.0254507932853227,0.0019381323729148,0.0093985625863954,-0.0031707086405543,0.0057574453673477,-0.039718076987103,0.0112419057493162,-0.0031707086405543,0.0017297439183425,0.1007751937984496,0.0910194174757281,0.0985199485199485,0.0956302151954325,0.0961929671607091,0.0968992248062015,0.0918284789644013,0.1032175032175032,0.1056214317083882,0.1070909619296716,0.3296726959517657,0.3244336569579288,0.3253539253539254,0.3231225296442688,0.3201104330136588,0.1875538329026701,0.1945792880258899,0.1893822393822394,0.1879666227492314,0.1903516419645451,0.285099052540913,0.2981391585760518,0.2835263835263835,0.287659200702679,0.2862539959314152,0.09675,0.103,0.32375,0.18975,0.28675,3968
-0.0238311578828513,-0.0052982821515348,0.0306546602068851,-0.0044393740234616,-0.0104440620974011,-0.0052982821515348,0.0848497342003836,-0.0230839659143315,-0.0083268279989592,-0.0046127856888522,0.0306546602068851,-0.0230839659143313,0.0056996598122599,0.0107258148495261,-0.0218281740573882,-0.0044393740234616,-0.0083268279989592,0.0107258148495261,-0.0426309136333324,0.024622268181987,-0.0104440620974011,-0.0046127856888524,-0.0218281740573882,0.0246222681819872,0.0132669698002326,0.1691880988401412,0.1661255411255411,0.1601843174008122,0.165983606557377,0.1669758812615955,0.1161119515885022,0.1056998556998557,0.1181661980631052,0.1164617486338797,0.1160327767470624,0.2585728693898134,0.2729076479076479,0.2652296157450796,0.2638888888888889,0.2725726654298083,0.1838124054462935,0.1845238095238095,0.1810371758825367,0.1908014571948998,0.1784941249226963,0.2723146747352496,0.2707431457431457,0.2753826929084661,0.2628642987249545,0.2659245516388373,0.16525,0.1155,0.26675,0.183,0.2695,4062
0.0333333333333334,-0.1096491228070175,-0.0136103151862465,0.0525587828492392,0.0122982321291315,-0.1096491228070175,0.0951061865189288,-0.0053787764540291,-0.0288515202251826,0.0108823172458433,-0.0136103151862463,-0.0053787764540289,-0.0064230452404605,-0.0010158775451432,0.0111199452041518,0.0525587828492393,-0.0288515202251826,-0.0010158775451432,-0.0075329026449013,0.0056235778485818,0.0122982321291315,0.0108823172458432,0.0111199452041518,0.0056235778485819,-0.0201262238806823,0.0483333333333333,0.0554824561403508,0.0506805157593123,0.047372060857538,0.0493850883935434,0.1054166666666666,0.0859649122807017,0.0955109837631327,0.0977408944213923,0.0939661798616448,0.35375,0.3508771929824561,0.3512416427889207,0.3493545412632549,0.345119139123751,0.17125,0.1859649122807017,0.1809336198662846,0.1821115721530659,0.1797335383038688,0.32125,0.3217105263157894,0.3216332378223496,0.3234209313047487,0.3317960543171919,0.05,0.095,0.349,0.18075,0.32525,4445
0.0283493369913123,0.0424184868629313,-0.0207212310016047,0.0233531900198565,-0.0164065050016319,0.0424184868629313,-0.0212579443348672,-0.0006608137449259,0.0042436196282349,-0.0095572303970437,-0.0207212310016049,-0.0006608137449259,0.0288708795287376,-0.0231060358503008,-0.0064159567800503,0.0233531900198566,0.0042436196282351,-0.023106035850301,0.0245651784113322,-0.0016422147059782,-0.0164065050016319,-0.0095572303970437,-0.0064159567800503,-0.0016422147059782,0.0151949414155878,0.1049382716049382,0.1034188034188034,0.1102378929481733,0.1054778554778554,0.1097719025401762,0.0933641975308642,0.0995726495726495,0.0975644293401302,0.097086247086247,0.0984318299637117,0.3003472222222222,0.2944444444444444,0.2857547436986689,0.3010489510489511,0.2961378952825298,0.1745756172839506,0.177991452991453,0.1828802039082412,0.1743589743589743,0.1790435458786936,0.3267746913580246,0.3245726495726496,0.3235627301047862,0.322027972027972,0.3166148263348885,0.108,0.0975,0.29425,0.17875,0.3215,3557
0.05,-0.025293586269196,0.0224129709108249,-0.0393518518518518,-0.0027925869510028,-0.0252935862691958,0.055040234232514,-0.0312835603320269,0.074074074074074,-0.0189261577815067,0.022412970910825,-0.0312835603320267,-0.0107088060264579,0.020094844486833,0.0057605958681045,-0.0393518518518518,0.074074074074074,0.0200948444868329,-0.0712448559670781,0.0028490028490026,-0.0027925869510028,-0.0189261577815067,0.0057605958681044,0.0028490028490028,-0.0019515045417484,0.0475,0.0512646793134598,0.0488793514544587,0.0519675925925925,0.0501396293475501,0.0945833333333333,0.0871725383920505,0.0951359084406294,0.0854166666666666,0.093995938055344,0.3416666666666667,0.3604336043360434,0.353242727706247,0.3424768518518518,0.3474866717440975,0.1870833333333333,0.1666666666666666,0.17638292799237,0.192824074074074,0.1794871794871795,0.3291666666666666,0.3344625112917795,0.3263590844062947,0.3273148148148148,0.3288905813658289,0.05,0.09225,0.3495,0.18,0.32825,964
0.018421238702486,0.003842681906055,0.0037572056315494,-0.0091427946814075,-0.0131791629782243,0.003842681906055,0.0191038543120134,-0.0175256860951626,-0.00563554174881,-0.0037743819651712,0.0037572056315494,-0.0175256860951624,-0.0362142783402361,0.006415715664566,0.0300175278894181,-0.0091427946814075,-0.00563554174881,0.0064157156645658,-0.0099261311172667,0.0098184830615236,-0.0131791629782245,-0.0037743819651714,0.0300175278894181,0.0098184830615236,-0.0108327261545004,0.1838006230529595,0.1865304578130912,0.1865464632454923,0.1889619883040935,0.1897177982676725,0.2194036493101913,0.216042376087779,0.2241100323624595,0.2214912280701754,0.221081307627829,0.1795727636849132,0.183409004918653,0.1867776236708275,0.179093567251462,0.1748393405979323,0.1150422785936804,0.1146424517593643,0.1132686084142394,0.1151315789473684,0.1128806929309863,0.3021806853582554,0.2993757094211123,0.289297272306981,0.2953216374269006,0.3014808605755797,0.18725,0.22025,0.18025,0.114,0.29825,179
-0.0207291091764734,-0.0133499342878882,0.0077350464543315,0.0226391262064449,-0.0097526944033359,-0.0133499342878882,0.0110185434023111,0.0027009313412398,-0.0537566424302637,0.0398392288941403,0.0077350464543316,0.0027009313412399,-0.0255925413432267,0.0235012111531314,0.0126274428871744,0.0226391262064449,-0.0537566424302637,0.0235012111531313,0.0235437267743804,-0.0292794835153724,-0.0097526944033359,0.0398392288941403,0.0126274428871744,-0.0292794835153726,-0.0169711352842172,0.1209563994374121,0.1200819672131147,0.1175833969951617,0.1158172635445362,0.1196556942867953,0.1545358649789029,0.1508196721311475,0.1520881079704609,0.1606978879706152,0.1464245175936435,0.32471870604782,0.3263661202185792,0.3356251591545709,0.3195592286501377,0.3231176693151721,0.1773909985935302,0.1912568306010929,0.1772345301757066,0.1772268135904499,0.1868142262580401,0.2223980309423347,0.2114754098360655,0.2174688057040998,0.2266988062442607,0.2239878925463488,0.1185,0.1525,0.32725,0.1815,0.22025,3698
-0.0946745562130175,-0.0081858673407968,-0.0080250538265804,-0.0220040007274049,0.0416691340478868,-0.0081858673407968,-0.0543175589793323,-0.027368622250893,0.0510438517630605,0.0193491803614432,-0.0080250538265804,-0.027368622250893,-0.0236388710836585,0.0377709201811848,0.013921454554002,-0.0220040007274049,0.0510438517630607,0.0377709201811848,-0.0193987559311237,-0.0398979393132015,0.0416691340478869,0.0193491803614432,0.0139214545540021,-0.0398979393132015,-0.0070714272027416,0.0711538461538461,0.0655320813771518,0.0655216284987277,0.0664302600472813,0.0622915062868873,0.1073717948717948,0.1122848200312989,0.1094147582697201,0.101063829787234,0.1044393122915062,0.3301282051282051,0.3364632237871675,0.3352417302798982,0.3151300236406619,0.3229407236335643,0.1801282051282051,0.1672535211267605,0.1695928753180661,0.1796690307328605,0.1832820118039517,0.3112179487179487,0.3184663536776212,0.3202290076335878,0.3377068557919622,0.3270464459840903,0.065,0.1065,0.3275,0.17625,0.32475,3821
-0.024353647276085,0.0012850597832161,-0.0177781682921829,0.0265843179377014,0.0081570056899002,0.001285059783216,-0.0024071294305381,0.0239394036061517,0.0049705050354993,-0.0261555345154071,-0.0177781682921829,0.0239394036061517,-0.0112383558945858,-0.0200836833660247,0.0148746409180465,0.0265843179377014,0.0049705050354992,-0.0200836833660247,0.0168495553156706,0.0010965776271898,0.0081570056899002,-0.0261555345154071,0.0148746409180465,0.0010965776271899,-0.0039072011200389,0.0778508771929824,0.0759023354564755,0.0773511407902059,0.0739795918367346,0.0753800675675675,0.156798245614035,0.1573779193205944,0.1532415136338341,0.1562196307094266,0.1611064189189189,0.3048245614035088,0.2923301486199575,0.3028658875904285,0.3055150631681244,0.295045045045045,0.1669407894736842,0.1706475583864118,0.1749443516972732,0.1686103012633625,0.1713119369369369,0.2935855263157895,0.3037420382165605,0.2915971062882582,0.2956754130223518,0.2971565315315315,0.076,0.157,0.2995,0.1715,0.296,4878
-0.055373327760962,-0.0354464483181535,-0.0247203863751905,0.0139280610478613,0.0394931887181118,-0.0354464483181533,-0.0373775096555908,-0.0032732490359608,0.088335117591746,-0.0279468050223581,-0.0247203863751903,-0.003273249035961,-0.000552130574452,0.0065643592614547,0.0031596228630127,0.0139280610478614,0.0883351175917459,0.0065643592614548,-0.0572718687248394,-0.0020025843923445,0.0394931887181119,-0.0279468050223581,0.0031596228630127,-0.0020025843923445,-0.0030840382620174,0.0741399762752075,0.0727401129943502,0.0719866071428571,0.0692715537113877,0.0674756034925526,0.0916370106761565,0.0918079096045197,0.0887896825396825,0.0806823420931304,0.0909732922444786,0.344306049822064,0.3370998116760829,0.3361855158730158,0.3337943752881512,0.3349383667180277,0.178232502965599,0.1647834274952919,0.179563492063492,0.1911018902720147,0.1811119671289162,0.3116844602609727,0.3335687382297552,0.3234747023809524,0.3251498386353158,0.3255007704160246,0.07025,0.0885,0.336,0.18075,0.3245,3899
-0.0380283073124885,-0.0279439258141254,0.0225610187412901,-0.0236511839425095,0.0062421972534332,-0.0279439258141254,-0.076706022128165,0.0042429500766951,0.0559667038767381,-0.0063018242122718,0.02256101874129,0.0042429500766952,-0.0247908049661385,0.0083550924482111,0.0159430954132939,-0.0236511839425095,0.0559667038767383,0.0083550924482113,-0.0192780390983289,-0.0108956602031393,0.0062421972534333,-0.0063018242122718,0.015943095413294,-0.0108956602031393,-0.0103466666666665,0.0692883895131086,0.0686152570480928,0.0652440519990188,0.0683287165281625,0.0663333333333333,0.1033083645443196,0.1082089552238805,0.1000735835172921,0.0948753462603878,0.1011333333333333,0.3320848938826466,0.3383084577114428,0.3481726759872455,0.3369113573407202,0.3343333333333333,0.1847690387016229,0.1703980099502487,0.1789919058130978,0.1839796860572483,0.1824666666666666,0.3105493133583021,0.314469320066335,0.3075177826833456,0.3159048938134811,0.3157333333333333,0.06675,0.1005,0.33975,0.1805,0.3125,4487
-0.019600681762844,0.0253329294425185,-0.003855940913376,-0.0414960414960416,0.0305522914218567,0.0253329294425183,-0.025626710131734,-0.0023387905111929,0.020843553844799,-0.0014206559769394,-0.003855940913376,-0.0023387905111926,-0.0106631357422939,0.0037272806745662,0.0167667655438326,-0.0414960414960414,0.0208435538447993,0.0037272806745662,-0.002020202020202,-0.0093481397829222,0.0305522914218565,-0.0014206559769394,0.0167667655438324,-0.0093481397829224,-0.0267093604927792,0.0754504504504504,0.0721253632212536,0.0742853396275898,0.077070707070707,0.0717391304347826,0.1956644144144144,0.2058945620589456,0.2012195121951219,0.1965656565656565,0.2010351966873706,0.3189752252252252,0.3184931506849315,0.3211382113821138,0.3165656565656565,0.3124223602484472,0.2148085585585585,0.2019510170195101,0.2054812483608707,0.2066666666666666,0.2081780538302277,0.1951013513513513,0.201535907015359,0.1978756884343037,0.2031313131313131,0.2066252587991718,0.074,0.20075,0.31775,0.20625,0.20125,3238
0.050848994324927,-0.0163427920969183,-0.0127869305992049,-0.0137662464780363,0.0048217089033415,-0.0163427920969183,-0.0111538499976777,0.0107064438930085,0.0196421879760467,-0.0137512627552467,-0.0127869305992049,0.0107064438930085,-0.0208703042637363,-0.001918320284842,0.0405924789424336,-0.0137662464780361,0.0196421879760467,-0.001918320284842,0.0051124567971522,-0.0120109040972351,0.0048217089033416,-0.0137512627552467,0.0405924789424335,-0.0120109040972351,-0.0444060924830156,0.162779397473275,0.1743027888446215,0.1736929585977636,0.1738609112709832,0.1706730769230769,0.1913265306122449,0.1903497122620628,0.1862345119371411,0.1845523581135092,0.1908386752136752,0.2792759961127308,0.2727976980965029,0.2815049864007253,0.2762789768185452,0.2645566239316239,0.2113702623906705,0.2044046038069942,0.2088999697793895,0.2074340527577937,0.2110042735042735,0.1552478134110787,0.1581451969898185,0.1496675732849803,0.1578737010391686,0.1629273504273504,0.1715,0.18825,0.27575,0.2085,0.156,2974
0.0535424553812869,0.0406976744186046,0.0031933895033106,-0.041165463779738,-0.0072214108277472,0.0406976744186045,-0.1083333333333333,0.0095681406775277,0.0091954022988505,0.0083199141170154,0.0031933895033106,0.0095681406775278,-0.0211527068671817,0.0333770275451879,-0.0014962061824588,-0.041165463779738,0.0091954022988506,0.0333770275451879,-0.0425683709869202,-0.0013511762637199,-0.0072214108277472,0.0083199141170156,-0.0014962061824588,-0.0013511762637199,0.0016621676637079,0.0813953488372093,0.0825,0.0857253685027152,0.0895402298850574,0.0866210413311862,0.0959302325581395,0.1108333333333333,0.0990431859322472,0.0990804597701149,0.0991680085882984,0.3212209302325581,0.3191666666666666,0.3290664597879493,0.3114942528735632,0.3227321524422973,0.1887112403100775,0.1795833333333333,0.1752004137574347,0.1889655172413793,0.1814949006977992,0.3127422480620155,0.3079166666666666,0.3109645720196535,0.310919540229885,0.3099838969404186,0.086,0.1,0.32225,0.18125,0.3105,3580
0.0001824909628144,0.0242976591099457,-0.0011144152341375,-0.0215858370829897,-0.0113352227923264,0.0242976591099458,0.0059890159790259,-0.0095454426404375,-0.0086392141384907,-0.006620118329405,-0.0011144152341375,-0.0095454426404375,0.0115893066622427,-0.009624694562661,0.0074196071746239,-0.0215858370829897,-0.0086392141384905,-0.009624694562661,0.0128752069017754,0.0293714157348307,-0.0113352227923264,-0.0066201183294052,0.007419607174624,0.0293714157348305,-0.0192331960870624,0.1464732650739476,0.1429403929403929,0.1466632618318011,0.1496623251326579,0.1481606101390758,0.244169510807736,0.2487512487512487,0.2526387470207695,0.2524119633381572,0.2519066846119336,0.2450227531285551,0.247086247086247,0.241913517194416,0.2471056439942112,0.2429340511440107,0.1764789533560864,0.1742424242424242,0.1744126659856996,0.1705258080077182,0.167676087931808,0.1878555176336746,0.1869796869796869,0.1843718079673136,0.1802942595272552,0.1893225661731718,0.1465,0.25025,0.24475,0.17275,0.18575,2887
0.0792181069958847,0.0157990157990157,-0.0519743662237299,0.0034113060428849,0.001297016861219,0.0157990157990157,0.0183346826703469,0.0015638870600702,-0.0060115323273219,-0.0061706559761036,-0.0519743662237301,0.0015638870600702,0.0104608425219112,-0.0014433879439907,0.0089207037554083,0.0034113060428849,-0.0060115323273217,-0.0014433879439905,0.0043090181594336,-0.0018886385873895,0.0012970168612191,-0.0061706559761034,0.0089207037554084,-0.0018886385873893,-0.0020843111427375,0.0828703703703703,0.0885780885780885,0.0946776929601357,0.0896929824561403,0.0898832684824902,0.1055555555555555,0.1052836052836052,0.1070822731128074,0.1078947368421052,0.1079118028534371,0.2067129629629629,0.1961926961926962,0.1944444444444444,0.1967836257309941,0.1947470817120622,0.2840277777777777,0.2867132867132867,0.2854113655640373,0.2837719298245614,0.2855382619974059,0.3208333333333333,0.3232323232323232,0.318384223918575,0.3218567251461988,0.3219195849546044,0.09,0.10725,0.1965,0.285,0.32125,2575
-0.032634529331738,0.040263092383685,0.0121662222267717,-0.0223894702476072,0.0099603984159367,0.0402630923836851,-0.0054356364093381,-0.0126054030169502,0.0126438639699005,-0.0160600598781233,0.0121662222267718,-0.0126054030169504,0.0133417295181836,-0.0095619466962848,-0.0012537037511841,-0.0223894702476072,0.0126438639699005,-0.0095619466962848,0.0087368653637631,0.0035056838120733,0.0099603984159365,-0.0160600598781233,-0.0012537037511841,0.0035056838120731,-0.0006952540192091,0.1275303643724696,0.1185275080906148,0.1219974715549936,0.1262650995755795,0.1222698907956318,0.0988529014844804,0.1035598705501618,0.1042983565107458,0.1016976820111002,0.1046541861674466,0.1953441295546558,0.2002427184466019,0.1951116729877791,0.1996408749591903,0.1979979199167966,0.2609649122807017,0.2520226537216828,0.2576906868942267,0.2530199151158994,0.2543551742069683,0.3173076923076923,0.3256472491909385,0.3209018120522545,0.3193764283382305,0.3207228289131565,0.1235,0.103,0.19775,0.25525,0.3205,1419
0.0492018854940028,-0.0131429739928987,-0.0013761929802968,0.0114778406282607,-0.0204602275626308,-0.0131429739928987,0.0265008112493239,0.0084029561045004,-0.0414817444819219,0.0146935438762557,-0.0013761929802968,0.0084029561045004,-0.0041544825762467,0.0284884388145579,-0.0185833921992051,0.0114778406282606,-0.0414817444819219,0.028488438814558,-0.0186749887233541,-0.0082393159978941,-0.0204602275626308,0.0146935438762557,-0.0185833921992049,-0.0082393159978939,0.030146194051202,0.0991207034372502,0.1056201550387596,0.1043934681181959,0.1030534351145038,0.1063829787234042,0.1089128697042366,0.1046511627906976,0.1065966822187662,0.1119592875318066,0.1059204440333025,0.3219424460431654,0.3187984496124031,0.3228356661482633,0.3123409669211195,0.3274745605920444,0.1942446043165467,0.2046511627906976,0.1909020217729393,0.2001696352841391,0.1981190255935861,0.2757793764988009,0.2662790697674418,0.2752721617418351,0.2724766751484309,0.2621029910576626,0.10425,0.1075,0.3215,0.1965,0.27025,3907
-0.0571572458972726,-0.070626140367632,0.0497662352677636,-0.0720896132304513,0.055298843284709,-0.070626140367632,0.012563510579532,0.0200484630578269,0.0071704357418642,-0.0207778628831261,0.0497662352677634,0.0200484630578269,-0.024455192141217,-0.0204081632653061,0.0191914425043259,-0.0720896132304511,0.0071704357418641,-0.0204081632653061,0.0287997285081833,0.0213384499098785,0.0552988432847089,-0.0207778628831261,0.019191442504326,0.0213384499098784,-0.0428227043611659,0.074793875147232,0.0757467994310099,0.0672290388548057,0.0758503401360544,0.0668376068376068,0.1881625441696113,0.1735419630156472,0.1722264826175869,0.1744897959183673,0.1794017094017094,0.309776207302709,0.3194642010431484,0.3339723926380368,0.3326530612244898,0.3197435897435897,0.1969964664310954,0.1824324324324324,0.1875,0.1784580498866213,0.1798290598290598,0.2302709069493521,0.2488146040777619,0.2390720858895705,0.2385487528344671,0.2541880341880342,0.07075,0.17575,0.326,0.18375,0.24375,4673
0.0523306742480214,0.0106134196797983,-0.0055616533550553,0.0020513928928534,-0.0176134858349956,0.0106134196797985,0.0241975072137545,0.0132289803452917,-0.0173517128633575,-0.0094753705876398,-0.0055616533550553,0.0132289803452917,0.0029673187294373,-0.0194306280511951,0.0102298908630327,0.0020513928928534,-0.0173517128633575,-0.0194306280511951,0.0299903272703165,-0.0041530564884728,-0.0176134858349956,-0.0094753705876398,0.0102298908630328,-0.0041530564884726,0.0056118252207254,0.0774719673802242,0.0808823529411764,0.0822046651617757,0.0815822986310092,0.0831899024670109,0.1429663608562691,0.1410034602076124,0.1425884123401053,0.1470073225087551,0.1458691910499139,0.2227319062181447,0.2185697808535179,0.2208427389014296,0.2258038841133397,0.2192340791738382,0.2612130479102956,0.2662918108419838,0.2668359668924003,0.2539000318369946,0.2628370625358577,0.2956167176350662,0.2932525951557093,0.2875282167042889,0.2917064629099013,0.2888697647733792,0.08175,0.1445,0.2215,0.26175,0.2905,4902
-0.0886928563434163,-0.0256803765091058,-0.0047858769166511,0.0217188629461332,0.0244810494963964,-0.0256803765091058,-0.044238683127572,0.0197374217992774,-0.0350850156675399,0.0197759487882944,-0.0047858769166508,0.0197374217992774,0.0214581154515912,-0.0140995027392785,-0.0171804988528927,0.0217188629461332,-0.0350850156675399,-0.0140995027392787,0.009953684556111,0.0118605275023829,0.0244810494963962,0.0197759487882944,-0.0171804988528929,0.0118605275023828,-0.0022132042879641,0.0985267034990791,0.092824074074074,0.0909331218609569,0.0885344429033749,0.0882844650205761,0.0923112338858195,0.0939814814814814,0.088223632038065,0.0931576514100785,0.0882201646090534,0.3167587476979742,0.3090277777777778,0.3084853291038858,0.3196948682385576,0.3206661522633744,0.1763351749539594,0.1865740740740741,0.1827914353687549,0.178455848358761,0.1781121399176954,0.3160681399631675,0.3175925925925926,0.3295664816283373,0.3201571890892279,0.3247170781893004,0.0905,0.09,0.31525,0.18025,0.324,1860
0.1036446963234976,-0.0116934905954659,-0.00325613010273,-0.0214816330780527,-0.002038225758139,-0.0116934905954657,0.0363862517883393,-0.0021965239878076,-0.0029124241796112,-0.0065164686918757,-0.0032561301027298,-0.0021965239878074,-0.0116023476487254,0.02217268585169,0.0008126910409876,-0.0214816330780525,-0.0029124241796112,0.02217268585169,-0.037913259341888,0.0041006338136185,-0.002038225758139,-0.0065164686918757,0.0008126910409875,0.0041006338136184,-0.0003549837886787,0.05893536121673,0.0665188470066518,0.0659640905542544,0.0671624173748819,0.0658840133435976,0.1140684410646387,0.1086474501108647,0.1129976580796253,0.1130783758262511,0.1134847318450089,0.3212927756653992,0.3209534368070953,0.3239656518345043,0.3131491973559962,0.3199897356941237,0.1802915082382763,0.1770140428677014,0.1725865209471767,0.1831916902738432,0.1757762381318963,0.3254119138149556,0.3268662232076866,0.3244860785844392,0.3234183191690273,0.3248652809853734,0.06575,0.11275,0.32025,0.1765,0.32475,8
-0.0219896228745986,0.0530103563278918,-0.02481342267255,-0.0029018202326913,-0.0192934691270882,0.0530103563278918,-0.0543209876543209,0.0219242230736482,-0.0034122414160802,0.015760441292356,-0.02481342267255,0.0219242230736483,0.0036112212093186,-0.0244997462880842,0.0146327545447133,-0.0029018202326913,-0.0034122414160802,-0.0244997462880844,0.0433771365907631,-0.0253740079770219,-0.019293469127088,0.0157604412923562,0.0146327545447133,-0.0253740079770217,0.0108646446355816,0.1078199052132701,0.0999074074074074,0.108117816091954,0.1058061420345489,0.1075354609929078,0.2130726698262243,0.2372222222222222,0.2200670498084291,0.225767754318618,0.2214539007092198,0.1783175355450237,0.1701851851851852,0.1733716475095785,0.1782629558541267,0.1714539007092198,0.2612559241706161,0.2613888888888889,0.2668821839080459,0.2492002559181062,0.2671099290780142,0.2395339652448657,0.2312962962962963,0.2315613026819923,0.2409628918746001,0.2324468085106383,0.1055,0.225,0.174,0.2605,0.235,2894
0.0323568723546447,-0.0302316722651245,-0.0080424613957477,-0.0002435375569704,0.0042379128910907,-0.0302316722651243,0.0130687639852642,0.0014563228969193,-0.0070362738576195,0.0118091750472975,-0.0080424613957477,0.0014563228969194,0.0181282709182125,-0.0029255411841164,-0.0125630803961183,-0.0002435375569704,-0.0070362738576195,-0.0029255411841164,0.0115246059302003,-0.0014822885271656,0.0042379128910906,0.0118091750472976,-0.0125630803961185,-0.0014822885271656,0.0067593420425912,0.1296641791044776,0.1380510440835266,0.1350776898270302,0.134032634032634,0.1334321196725938,0.1110074626865671,0.1063418406805877,0.1075930812078569,0.1085081585081585,0.1064775613886536,0.2865360696517413,0.2838360402165507,0.279097038991498,0.2850815850815851,0.2878210556025967,0.1787935323383084,0.1800077339520495,0.1792729404866608,0.1766899766899766,0.1790149590742308,0.2939987562189055,0.2917633410672854,0.2989592494869539,0.2956876456876456,0.2932543042619249,0.134,0.10775,0.28425,0.17875,0.29525,2847
-0.0600698426546775,-0.0109733445739861,0.0080189502070433,0.0034527214261368,0.0135256592936843,-0.0109733445739861,-0.0691464855878052,0.0094016589103528,0.0201810229093585,0.0117880709846883,0.0080189502070433,0.0094016589103528,-0.0075800322301335,0.0014932268679921,6.997851659584775e-06,0.0034527214261369,0.0201810229093585,0.0014932268679922,0.0389917085400997,-0.0342121058220601,0.0135256592936844,0.0117880709846882,6.997851659473753e-06,-0.0342121058220601,0.0109965166313775,0.0999115826702033,0.0952842377260981,0.0934942139429861,0.0939245810055866,0.0929752066115702,0.1304155614500442,0.1379198966408268,0.1277871860005645,0.1263966480446927,0.1274793388429752,0.2928824049513704,0.2924741602067183,0.2974880045159469,0.2948091247672253,0.2952479338842975,0.1783819628647215,0.1753875968992248,0.1787327123906294,0.1720204841713221,0.1851239669421487,0.2984084880636605,0.2989341085271317,0.3024978831498729,0.3128491620111732,0.2991735537190083,0.09425,0.129,0.29525,0.179,0.3025,3664
0.0017762510826324,-0.0290462876669774,0.002058137187766,-0.0264014257780087,0.0300804538846807,-0.0290462876669772,-0.0424275626978329,0.0156792686334785,-0.0124001119763832,0.0186615186615185,0.002058137187766,0.0156792686334783,0.002536023976954,0.0020501436769618,-0.0135526073964153,-0.0264014257780087,-0.0124001119763832,0.0020501436769619,0.0171513081596389,-0.0006335320714763,0.0300804538846808,0.0186615186615185,-0.0135526073964153,-0.0006335320714763,-9.20243227362505e-05,0.0651340996168582,0.0671452702702702,0.0651157065484982,0.066972693032015,0.0632872503840245,0.1522988505747126,0.1542792792792792,0.1456794682422452,0.1498352165725047,0.1452380952380952,0.3378033205619412,0.3331925675675675,0.337641555883801,0.3378060263653484,0.3430875576036866,0.1816730523627075,0.1791948198198198,0.1766371245691777,0.1739642184557439,0.1771121351766513,0.2630906768837803,0.2661880630630631,0.2749261447562777,0.2714218455743879,0.2712749615975422,0.06525,0.148,0.3385,0.177,0.27125,144
-0.1385856785723125,0.0430787749676335,0.0367665724785702,-0.0699192210988071,0.0075166949416392,0.0430787749676335,-0.0680191879872837,-0.0147531410656278,-0.0021520024120005,0.0303078805824821,0.0367665724785705,-0.0147531410656278,-0.0124143558172551,0.0121465180004025,0.0053296352936232,-0.0699192210988068,-0.0021520024120003,0.0121465180004025,0.0177738348850277,-0.0113222958413268,0.0075166949416393,0.0303078805824822,0.0053296352936231,-0.0113222958413268,-0.0095760974344671,0.0572139303482587,0.0480852915578764,0.0484024797329518,0.053763440860215,0.0498722860791826,0.091625207296849,0.1022628372497824,0.0971626132570338,0.095956054230949,0.0928480204342273,0.3366500829187396,0.3546562228024369,0.3538388173581306,0.3452547919588593,0.3476372924648787,0.1907131011608623,0.1786335944299391,0.1760848831664282,0.1750818139317438,0.1802681992337164,0.3237976782752902,0.3163620539599652,0.3245112064854554,0.3299438990182328,0.3293742017879948,0.05025,0.09575,0.3495,0.17825,0.32625,2104
-0.0143688278590952,0.0288350472227493,-0.0481914470959181,0.0425327764099674,-0.0071544590390282,0.0288350472227492,-0.0496872711175897,0.0065571950183745,-0.013903081820324,0.034509195193171,-0.0481914470959179,0.0065571950183744,-0.0342069635655137,0.0372890939195508,0.0109086253753329,0.0425327764099674,-0.013903081820324,0.0372890939195508,-0.0639112359963929,0.0060054395449297,-0.0071544590390282,0.0345091951931709,0.0109086253753331,0.0060054395449298,-0.0351910973565627,0.0715130023640662,0.0684671291707961,0.0738974970202622,0.0675014392630972,0.0710043893622514,0.2449763593380614,0.264783614139412,0.250595947556615,0.2557570523891767,0.2435450555125226,0.2198581560283688,0.2083746283448959,0.2169249106078665,0.2019286125503742,0.2074619158275238,0.1385933806146572,0.1467624710934919,0.139352403655145,0.1540011514104778,0.1438807126258714,0.3250591016548463,0.311612157251404,0.3192292411601112,0.3208117443868739,0.3341079266718306,0.0705,0.25225,0.20975,0.14475,0.32275,3143
0.1391332793856854,0.0038627193831114,-0.0101369868434852,0.0328069494611777,-0.0341026970954356,0.0038627193831114,0.1811860721093183,-0.0235446146851781,-0.0412395472223259,-0.0072592832469775,-0.0101369868434852,-0.0235446146851781,-0.0117321359009363,0.0205260684156537,0.0106774558893657,0.0328069494611779,-0.0412395472223257,0.0205260684156537,-0.01306005555268,-0.0090677458033574,-0.0341026970954356,-0.0072592832469775,0.0106774558893657,-0.0090677458033574,0.0018717447916667,0.0518672199170124,0.0600172711571675,0.0608607534573199,0.058273381294964,0.0623046875,0.0961272475795297,0.0790155440414507,0.0987720553171196,0.1004796163069544,0.0972005208333333,0.3530428769017981,0.3577288428324697,0.3536003814973772,0.342326139088729,0.3457682291666666,0.1680497925311203,0.1809153713298791,0.1701835956127801,0.1760191846522781,0.1753255208333333,0.3309128630705394,0.3223229706390328,0.3165832141154029,0.3229016786570743,0.3194010416666666,0.06025,0.0965,0.3495,0.17375,0.32,841
0.0247139496068693,-0.026613529910813,0.0023903123209734,-0.0264399277852191,0.0316801126772232,-0.026613529910813,0.0429033728388446,-0.002920515747673,-0.0036774742657095,-0.0097041750349724,0.0023903123209735,-0.002920515747673,-0.0029303887131517,0.0134192777364583,-0.0095871782089238,-0.0264399277852191,-0.0036774742657095,0.0134192777364583,0.0012993259746506,-0.0026860488754252,0.0316801126772232,-0.0097041750349724,-0.0095871782089238,-0.0026860488754252,0.0061639171720296,0.108744394618834,0.1144674085850556,0.1112334801762114,0.1144480519480519,0.1079676674364896,0.1614349775784753,0.1505034446210917,0.1577092511013215,0.1578282828282828,0.1587759815242494,0.2830717488789238,0.2845786963434022,0.2845814977973568,0.2799422799422799,0.2864703618167821,0.2371076233183856,0.2318494965553789,0.2279001468428781,0.2306998556998557,0.2316204772902232,0.2096412556053811,0.2186009538950715,0.218575624082232,0.2170815295815295,0.2151655119322555,0.1115,0.15725,0.28375,0.231,0.2165,1128
-0.0263033046519542,-0.004061542178134,0.0112658953534071,-0.0228090571887282,0.0207453309509079,-0.004061542178134,-0.0840730537700233,-0.0172122201506959,0.0121118593340815,0.0408824778274155,0.0112658953534072,-0.0172122201506959,-6.661489256032382e-05,-0.0054246165357276,0.0028929153747496,-0.0228090571887282,0.0121118593340815,-0.0054246165357276,0.0432098765432098,-0.0130912439971055,0.0207453309509081,0.0408824778274157,0.0028929153747497,-0.0130912439971055,-0.0211303523898762,0.1716492277030393,0.1679292929292929,0.1653657790021426,0.1710648148148148,0.1637803433984606,0.0994020926756352,0.1073232323232323,0.1007040097949188,0.0978009259259259,0.0949526346950858,0.2691828599900349,0.2769360269360269,0.2722681359044995,0.2737268518518518,0.2714624037892243,0.1841056302939711,0.1778198653198653,0.1809764309764309,0.1722222222222222,0.1823564239194789,0.2756601893373194,0.2699915824915825,0.2806856443220079,0.2851851851851852,0.2874481941977501,0.16725,0.099,0.27225,0.18,0.2815,151
0.098435079848315,0.0033543613599658,-0.008274425995945,-0.0058721480678827,-0.0437486120364201,0.0033543613599658,0.0066068965899978,-0.0077591064184177,-0.0155486437899483,0.0242782528841186,-0.0082744259959448,-0.0077591064184174,0.0090348244305014,0.0236868240988177,-0.032410571884256,-0.0058721480678824,-0.0155486437899483,0.0236868240988177,-0.0284171740060548,0.0123045941702505,-0.0437486120364201,0.0242782528841187,-0.0324105718842562,0.0123045941702505,0.0459804939981531,0.0890295358649789,0.0984187568157033,0.0995670995670995,0.0993298746217034,0.1030701754385964,0.2284810126582278,0.227735368956743,0.2310287751464222,0.2328145265888456,0.2236842105263158,0.329957805907173,0.3297891675754271,0.3242933537051184,0.3194984868136619,0.3378563596491228,0.1938818565400843,0.1957470010905125,0.1881843646549529,0.1982274102896671,0.1903782894736842,0.1586497890295358,0.1483097055616139,0.1569264069264069,0.1501297016861219,0.1450109649122807,0.09875,0.22925,0.32725,0.19275,0.152,3591
-0.1031863232824681,0.0178145269645778,0.00307101788435,-0.0118023318620359,0.0236143591681825,0.0178145269645778,-0.0901725307047092,0.0162806494179922,-0.0160438738566501,0.0154247812880927,0.0030710178843498,0.0162806494179922,-0.0093100902811968,0.0070854218121313,0.0002472506799393,-0.0118023318620359,-0.0160438738566499,0.0070854218121315,0.0305316227720295,-0.0173145564825014,0.0236143591681823,0.0154247812880926,0.0002472506799394,-0.0173145564825014,-0.0011254439123087,0.0852211434735706,0.0758738277919863,0.0770127638684339,0.0781617301363422,0.0754257907542579,0.0960086299892125,0.1065643648763853,0.0961585665193912,0.0993182886694875,0.0962422276290889,0.3384573894282632,0.3339727195225916,0.3426607756504664,0.3370944992947813,0.3394160583941605,0.1793419633225458,0.1800937766410912,0.1759941089837997,0.1718382698636577,0.1803190051365233,0.3009708737864077,0.3034953111679454,0.3081737849779087,0.3135872120357311,0.3085969180859692,0.07725,0.09775,0.3395,0.17725,0.30825,1052
0.0902258613187769,-0.0331957964454059,-0.0156706202195993,0.0036500664635367,0.005635373992653,-0.0331957964454057,0.0060448699744412,0.0242270889683855,0.0153897273142616,-0.0304057344319133,-0.0156706202195993,0.0242270889683855,-0.0174933800379475,0.0110923698577591,-0.000656305419407,0.0036500664635367,0.0153897273142616,0.011092369857759,-0.0320095096718888,0.0044446321301507,0.0056353739926529,-0.0304057344319133,-0.000656305419407,0.0044446321301506,0.0129899278960806,0.0723270440251572,0.0821390658174097,0.0807458143074581,0.0792098197161488,0.0790519877675841,0.1622117400419287,0.1560509554140127,0.1531963470319634,0.1545838128116609,0.1617737003058104,0.2780398322851153,0.2671178343949044,0.2785388127853881,0.2707134637514384,0.2739296636085627,0.2164570230607966,0.2139065817409766,0.2148401826484018,0.2242040659762178,0.2162844036697247,0.2709643605870021,0.2807855626326964,0.2726788432267884,0.2712888377445339,0.268960244648318,0.0795,0.157,0.27375,0.21725,0.2725,1590
-0.0331747777658466,0.0026432835519736,-0.0287433018024401,-0.002143125515301,0.0333775001577385,0.0026432835519734,-0.0006270023276386,-0.011376827185384,-0.0141500647997285,0.0163564579808235,-0.0287433018024403,-0.011376827185384,0.0142174488440467,0.0334666712749811,-0.010756439327868,-0.002143125515301,-0.0141500647997285,0.0334666712749811,0.0108789884290744,-0.0162653963349213,0.0333775001577386,0.0163564579808235,-0.0107564393278678,-0.0162653963349213,-0.0103045267489711,0.151618398637138,0.1463620981387479,0.1509680795395081,0.1470645036693704,0.1418518518518518,0.1964792731402612,0.1971235194585448,0.1992412349555206,0.1997875627655465,0.1937777777777777,0.1638273708120386,0.1610617597292724,0.1569858712715855,0.1539204325994592,0.1609629629629629,0.2162123793299261,0.2188028764805414,0.2085295656724228,0.2134028582464271,0.2192592592592592,0.271862578080636,0.2766497461928934,0.2842752485609628,0.2858246427191966,0.2841481481481481,0.14675,0.197,0.15925,0.21575,0.28125,3008
-0.0737440404287974,0.0310504294208323,0.0485609230379104,-0.0905780257244692,0.0033208179059542,0.0310504294208323,0.0166204986149585,-0.0405103668261561,0.0631091617933723,-0.0027011541294916,0.0485609230379103,-0.0405103668261563,-0.0067217630853995,0.0057239057239056,0.0069277534285311,-0.0905780257244692,0.0631091617933723,0.0057239057239057,-0.0146604938271603,0.0002736017510512,0.0033208179059541,-0.0027011541294916,0.0069277534285311,0.0002736017510511,-0.0073793865748859,0.0641562064156206,0.0578947368421052,0.0568484848484848,0.065162037037037,0.0595515811301192,0.0920502092050209,0.0934210526315789,0.0988484848484848,0.0890046296296296,0.0952566096423017,0.3270571827057182,0.3576754385964912,0.346060606060606,0.3417824074074074,0.3413685847589424,0.1963040446304044,0.1686403508771929,0.1789696969696969,0.1826388888888888,0.1799507516848107,0.3204323570432357,0.3223684210526316,0.3192727272727272,0.321412037037037,0.3238724727838258,0.05975,0.095,0.34375,0.18,0.3215,2029
0.0392561983471074,-0.001978154296035,0.0102220838522207,0.0019035859443329,-0.0378584775367618,-0.001978154296035,-0.0102194467541851,0.0126164772359091,-0.0017566882384343,-0.0027198564740953,0.0102220838522208,0.0126164772359091,-0.0027678738975418,-0.0349559271577086,0.0080275931298737,0.001903585944333,-0.0017566882384341,-0.0349559271577089,0.0410881247700004,0.0236553070820265,-0.0378584775367616,-0.0027198564740953,0.0080275931298736,0.0236553070820264,-0.0050624480398286,0.1056818181818181,0.1102175969725638,0.1088755707762557,0.1097906055461233,0.1141644325290437,0.2647727272727272,0.2669504888047934,0.260916095890411,0.2647142048670062,0.2649687220732797,0.2890151515151515,0.2883159886471145,0.2928082191780822,0.3022071307300509,0.2896559428060768,0.1469696969696969,0.1475086723431094,0.1523972602739726,0.1411997736276174,0.1437667560321716,0.193560606060606,0.1870072532324188,0.1850028538812785,0.182088285229202,0.187444146559428,0.11,0.26425,0.292,0.14725,0.1865,3418
-0.1248285322359394,0.0651161275611583,0.0060145615701171,0.0195075370029328,-0.0105456750992936,0.0651161275611583,-0.0999644948169393,0.0264206623045673,-0.0240674062304115,0.0013199581293114,0.0060145615701172,0.0264206623045673,-0.006856391471776,-0.0159269827778116,0.0073318124031277,0.0195075370029329,-0.0240674062304113,-0.0159269827778114,0.0321317013115186,0.0018474577755208,-0.0105456750992936,0.0013199581293114,0.0073318124031278,0.0018474577755207,-0.0071302814690539,0.0759259259259259,0.0631046613896218,0.067094017094017,0.066183241252302,0.0682118330692023,0.0885802469135802,0.104221635883905,0.0922466422466422,0.0970303867403314,0.0946249339672477,0.3391975308641975,0.3322339489885664,0.3435897435897436,0.3466850828729281,0.3387480190174326,0.1774691358024691,0.1853562005277045,0.1838827838827839,0.1751841620626151,0.1806656101426307,0.3188271604938271,0.3150835532102022,0.3131868131868132,0.3149171270718232,0.3177496038034865,0.0675,0.09475,0.34125,0.181,0.3155,1807
0.1,0.0929401251117069,-0.0257326661901358,0.0525587828492392,-0.0434227330779055,0.0929401251117069,-0.0110520931413771,-0.0348257181019764,-0.0011903040281224,0.0269089464799919,-0.0257326661901358,-0.0348257181019764,0.0047011012154603,0.0047557515725352,0.0062232008449749,0.0525587828492393,-0.0011903040281222,0.0047557515725353,-0.0126343350633566,-0.0058133680969565,-0.0434227330779053,0.0269089464799919,0.0062232008449749,-0.0058133680969565,-0.004487113616457,0.045,0.0453529937444146,0.0512866333095067,0.047372060857538,0.0521711366538952,0.0845833333333333,0.0942806076854334,0.0964974982130092,0.0933609958506224,0.0907407407407407,0.35875,0.3619302949061662,0.3481057898498927,0.3480866758875057,0.34757343550447,0.17125,0.1809651474530831,0.1798903979032642,0.1830336560627017,0.1818007662835249,0.3404166666666666,0.3174709562109026,0.3242196807243269,0.3281466113416321,0.3277139208173691,0.05,0.09325,0.34975,0.18075,0.32625,2696
-0.1088053385416667,0.0037328490718321,0.0068690743512973,0.0234375,0.0004208754208754,0.0037328490718321,0.0775971405511357,-0.0137110766360739,0.0298810321792223,-0.0278484854756042,0.0068690743512975,-0.0137110766360741,-0.007715108704746,-0.0131573012167756,0.0182804554062038,0.0234375,0.0298810321792222,-0.0131573012167753,-0.0121080574973135,0.0060682151077631,0.0004208754208754,-0.0278484854756042,0.018280455406204,0.006068215107763,-0.0134617749225363,0.0709635416666666,0.0637610976594027,0.0635603792415169,0.0625,0.0639730639730639,0.1028645833333333,0.0952380952380952,0.1046656686626746,0.1001647834274953,0.1061253561253561,0.3317057291666667,0.3385794995964487,0.3365768463073852,0.338394538606403,0.3278943278943279,0.1728515625,0.1717110573042776,0.1793288423153692,0.1791431261770245,0.1759259259259259,0.3216145833333333,0.3307102502017756,0.3158682634730539,0.3197975517890772,0.326081326081326,0.064,0.10325,0.334,0.177,0.32175,3039
-0.1387053050080389,0.0174075190656438,0.0333551003976584,0.0713420191017579,-0.0458565986859877,0.0174075190656439,-0.1176629282768719,0.0009398167222747,0.0391373921366293,0.0069945224306606,0.0333551003976585,0.0009398167222747,-0.0036346476356163,-0.010809249984413,0.0012354556033916,0.071342019101758,0.0391373921366294,-0.0108092499844127,-0.0149057021064775,-0.0098294243935399,-0.0458565986859875,0.0069945224306606,0.0012354556033918,-0.0098294243935399,0.0139546305209521,0.0913811007268951,0.078853046594982,0.0775732531930879,0.0745248029670839,0.0839299920445505,0.0913811007268951,0.1039426523297491,0.0929125970448284,0.0893602225312934,0.0923495094139485,0.3216510903426791,0.3324372759856631,0.3339594290007513,0.3363467779323134,0.3323389021479713,0.166926272066459,0.1727150537634408,0.1816929626846982,0.1824292999536393,0.1815168390347388,0.3286604361370716,0.3120519713261648,0.3138617580766341,0.3173388966156699,0.3098647573587907,0.08025,0.093,0.33275,0.17975,0.31425,472
0.0704692922891201,0.0189326664008601,0.0303278813005908,-0.0488883576380589,-0.0291069954122169,0.0189326664008601,-0.0041530143454577,-0.0019613636888713,-0.0112997594574073,0.0026343937019733,0.0303278813005907,-0.0019613636888715,-0.0370383956397006,0.0075307364723431,0.0124357698020524,-0.0488883576380589,-0.0112997594574073,0.0075307364723431,0.0268484618945418,0.0026682144620688,-0.0291069954122169,0.0026343937019731,0.0124357698020525,0.0026682144620688,-0.0010646715122795,0.1092198581560283,0.1152754116978989,0.1139364739471805,0.1232443820224719,0.1209200719609354,0.1439716312056737,0.1473594548551959,0.1470378301213419,0.1484082397003745,0.1463634027242354,0.226418439716312,0.2339579784213515,0.2421484653818701,0.2317415730337078,0.2305962477512207,0.1867021276595744,0.1800113571834185,0.1766595289079229,0.1732209737827715,0.1775250578257517,0.3336879432624113,0.3233957978421351,0.3202177016416845,0.3233848314606741,0.3245952197378566,0.1175,0.14675,0.2335,0.178,0.32425,3289
0.1274968441375213,-0.0472329709477303,0.012886749683535,0.010230537453577,-0.0314042436041139,-0.0472329709477303,0.0367322054564853,0.02659069325736,-0.0154755694661798,-0.0214870118251759,0.012886749683535,0.0265906932573599,-0.0219355064598578,0.0009584132011,0.0116628076494296,0.0102305374535772,-0.0154755694661796,0.0009584132011001,-0.0024466045096873,0.0031360760080906,-0.0314042436041137,-0.0214870118251759,0.0116628076494298,0.0031360760080907,-0.0006926109349205,0.058457711442786,0.0701646090534979,0.0661365877712031,0.0663145539906103,0.0691040843214756,0.1060323383084577,0.0975308641975308,0.0985576923076923,0.1028169014084507,0.103425559947299,0.3336442786069651,0.3290123456790123,0.3454142011834319,0.3376760563380281,0.3340579710144927,0.17568407960199,0.1802469135802469,0.1773298816568047,0.1779342723004695,0.1769433465085639,0.326181592039801,0.3230452674897119,0.3125616370808678,0.3152582159624413,0.3164690382081686,0.067,0.10125,0.338,0.1775,0.31625,4074
0.0388473633623546,-0.0066021257068418,0.0221244346656888,-0.0215307245010216,-0.018292231355995,-0.006602125706842,0.1028759726032123,-0.0295394047798065,-0.0379249641305343,0.0172714083787403,0.0221244346656888,-0.0295394047798065,-0.0388415079131676,0.0407102945089415,0.0173006414171743,-0.0215307245010214,-0.0379249641305343,0.0407102945089417,-0.0069707718397622,-0.0159091892304092,-0.018292231355995,0.0172714083787403,0.0173006414171743,-0.0159091892304095,-0.0077824995747157,0.0908289241622574,0.0951239008792965,0.0924092409240924,0.0965346534653465,0.0962286158631415,0.1049382716049382,0.0935251798561151,0.1073294829482948,0.1082036775106082,0.1024494556765163,0.2962962962962963,0.3119504396482814,0.3147689768976898,0.2906647807637906,0.2977579056505962,0.1805555555555555,0.1834532374100719,0.1695544554455445,0.1779820839226779,0.1795619491964748,0.3273809523809524,0.315947242206235,0.3159378437843784,0.3266148043375766,0.3240020736132711,0.0945,0.10425,0.303,0.17675,0.3215,3496
0.0137722435128345,0.0159402066525565,-0.0209061925027036,-0.0075958374631308,0.0180327453722332,0.0159402066525564,0.0748934818391118,-0.0146810935013323,-0.0314021355737512,0.0045546498239578,-0.0209061925027036,-0.0146810935013326,0.0077096987247878,-0.0159634009831117,0.012116678371144,-0.0075958374631308,-0.0314021355737512,-0.0159634009831117,0.0261102602046895,0.0138227314763156,0.018032745372233,0.0045546498239577,0.0121166783711438,0.0138227314763156,-0.0276144189526896,0.0722411831626848,0.0720823798627002,0.074781378600823,0.0738063950941743,0.0719291014014839,0.1075085324232082,0.101067887109077,0.1108539094650205,0.1126806833114323,0.1087524045067326,0.330773606370876,0.3287566742944317,0.3215020576131687,0.3291721419185282,0.3200741962077494,0.1916951080773606,0.1962242562929061,0.193287037037037,0.1852825229960578,0.1876202253366309,0.2977815699658703,0.3018688024408848,0.2995756172839506,0.2990582566798073,0.3116240725474031,0.07325,0.10925,0.324,0.19025,0.30325,279
0.1165217912146328,-0.05318588730911,0.0375927355561017,-0.0539102242329816,-0.0124616244384285,-0.05318588730911,0.0385193197524187,0.0386363736458016,-0.0414112010350136,-0.0202695305441129,0.0375927355561017,0.0386363736458016,-0.0127198250310405,0.0083023281283439,-0.0088106400345131,-0.0539102242329816,-0.0414112010350133,0.0083023281283439,-0.0267490840931465,0.0271683683321011,-0.0124616244384285,-0.0202695305441129,-0.0088106400345131,0.027168368332101,0.0021317561308509,0.0466034755134281,0.0555555555555555,0.0507669831994156,0.0555937643282897,0.0534073506891271,0.1018957345971564,0.0930232558139534,0.0930119308497686,0.1007565337001375,0.0987110770801429,0.3293838862559242,0.3290267011197244,0.3466033601168736,0.3394085281980742,0.3452654415518121,0.1915481832543444,0.1892764857881137,0.1802410518626734,0.1866116460339293,0.1768121490556406,0.3305687203791469,0.3331180017226529,0.3293766739712686,0.317629527739569,0.3258039816232772,0.05275,0.09675,0.34225,0.18175,0.3265,1741
0.0020801709113398,-0.0099385099385098,0.0014945372088229,-0.0154020232043639,0.0126683548766555,-0.00993850993851,-0.0130250370490609,0.007936507936508,0.0172226843228144,-0.0029606740648244,0.0014945372088228,0.007936507936508,-0.0481623204837491,0.0072914731562326,0.0160936470646727,-0.0154020232043639,0.0172226843228143,0.0072914731562326,0.0406311316888781,-0.0298573779912623,0.0126683548766556,-0.0029606740648244,0.0160936470646729,-0.029857377991262,0.0049440056154843,0.1536796536796536,0.1555305305305305,0.1537698412698412,0.156371911573472,0.152049073348995,0.1681547619047619,0.1686686686686686,0.1651785714285714,0.1636324230602514,0.1669929522317932,0.1677489177489177,0.1666666666666666,0.1760912698412698,0.1667750325097529,0.1652962672931349,0.1952110389610389,0.1889389389389389,0.1908482142857142,0.1844386649328132,0.1979900809188201,0.3152056277056277,0.3201951951951952,0.3141121031746032,0.3287819679237104,0.3176716262072566,0.154,0.1665,0.168,0.19225,0.31925,4624
0.0393771683048019,-0.0296051405725115,-0.0123571582578698,0.0108953508140832,-0.0141458058263648,-0.0296051405725115,-0.1055225321343291,-0.0133744855967077,0.0909970022241563,0.0168003054600993,-0.0123571582578698,-0.0133744855967077,-0.0005696614583332,0.0028693429068755,0.0173969072164948,0.0108953508140833,0.0909970022241563,0.0028693429068755,-0.0214353723410298,-0.0419190151902595,-0.0141458058263648,0.0168003054600993,0.0173969072164948,-0.0419190151902595,0.0180058100400326,0.185640362225097,0.1989711934156378,0.1956380208333333,0.1911444734551784,0.195983676975945,0.1042475204829668,0.1119341563786008,0.1026041666666666,0.0920365535248041,0.0995489690721649,0.3239542906425183,0.3242798353909465,0.3201822916666667,0.3190818102697998,0.3144329896907216,0.189413540319103,0.174074074074074,0.1909505208333333,0.1956048738033072,0.1995274914089347,0.1967442863303148,0.1907407407407407,0.190625,0.2021322889469103,0.1905068728522336,0.19325,0.10125,0.32,0.1915,0.194,2886
0.0181895589238315,-0.0060957566431911,-0.029611021459164,0.0345460125026291,0.0092629733624519,-0.0060957566431909,-0.0201339337132326,-0.0132732804032946,0.0169302725082705,0.0121529283642215,-0.029611021459164,-0.0132732804032946,-0.0248520728675329,0.0324194502029792,0.0182087702995709,0.0345460125026292,0.0169302725082705,0.0324194502029792,-0.0071072213419156,-0.041703515040032,0.009262973362452,0.0121529283642215,0.0182087702995709,-0.0417035150400322,-0.0018162881674541,0.0679903730445246,0.0696721311475409,0.0713005632360471,0.0668576886341929,0.0686085390946502,0.1074007220216606,0.1088992974238875,0.1081669226830517,0.1049426934097421,0.1054526748971193,0.3351383874849579,0.3298204527712724,0.333589349718382,0.3149474689589303,0.3195730452674897,0.1684717208182912,0.1715456674473068,0.1688428059395801,0.1757402101241642,0.1817772633744856,0.3209987966305656,0.3200624512099922,0.318100358422939,0.3375119388729704,0.3245884773662551,0.06925,0.10675,0.3255,0.1745,0.324,1941
-0.0365473879460449,0.0093838006530184,0.0251237945351647,-0.0107642705897108,-0.0214345912902311,0.0093838006530183,-0.0169926696440347,0.0235961554707858,-0.0216935071242119,-0.0014791076050784,0.0251237945351646,0.0235961554707859,-0.0124635608985876,0.0011155206909647,-0.031576229586913,-0.0107642705897108,-0.0216935071242119,0.0011155206909649,0.0341750378148408,0.0096810180195511,-0.0214345912902311,-0.0014791076050781,-0.0315762295869128,0.009681018019551,0.0581484467536604,0.1215351812366737,0.1161497493734335,0.1143042350907519,0.1185121107266436,0.1197632058287796,0.2635039090262971,0.2705200501253132,0.2597234226447709,0.2717704728950403,0.2663934426229508,0.2819829424307036,0.2824248120300752,0.2928550849899164,0.2889273356401384,0.2983834244080146,0.1460554371002132,0.1476347117794486,0.1443388072601555,0.1395617070357555,0.1431010928961748,0.1869225302061123,0.1832706766917293,0.188778450014405,0.1812283737024221,0.1723588342440801,0.11725,0.266,0.28925,0.1445,0.183,100
0.0166666666666667,0.1022222222222222,0.0014316392269148,0.0285451197053405,-0.0493353783231083,0.1022222222222223,-0.1188148148148149,0.0105782231766483,-0.0190300798035605,0.0177232447171097,0.0014316392269148,0.0105782231766483,-0.0203546577892053,0.0145945468519097,0.0104415977562202,0.0285451197053406,-0.0190300798035605,0.0145945468519097,-0.0022079098114629,-0.0133150301099322,-0.0493353783231083,0.0177232447171097,0.0104415977562202,-0.0133150301099322,-0.0013235976764902,0.0491666666666666,0.0448888888888888,0.0499284180386542,0.0485727440147329,0.0524667689161554,0.0841666666666666,0.1048888888888888,0.0927582915771892,0.0955340699815838,0.0920884458077709,0.34875,0.3455555555555555,0.35635886423288,0.3441528545119705,0.3456032719836401,0.1758333333333333,0.1844444444444444,0.1783583870198043,0.1813996316758747,0.1834100204498977,0.3420833333333333,0.3202222222222222,0.3225960391314722,0.3303406998158379,0.3264314928425358,0.05,0.09375,0.34925,0.181,0.326,2804
-0.1342155009451795,0.0094545002177023,-0.0116024608778233,0.0009488195568455,0.033336214596479,0.0094545002177023,0.0037883671953189,-0.0226928443428204,0.0165668541709135,0.0052531733774747,-0.0116024608778231,-0.0226928443428204,0.0181657375917161,-0.0089964447402757,0.0116282362803237,0.0009488195568454,0.0165668541709136,-0.0089964447402759,0.0255547444333305,-0.0259368053552879,0.033336214596479,0.0052531733774748,0.0116282362803237,-0.0259368053552879,-0.0045755948075627,0.0652173913043478,0.0569563662374821,0.0581671415004748,0.0574454428754813,0.0555831676607024,0.2307971014492753,0.2321173104434907,0.2382874327318771,0.2291399229781771,0.2317760106030483,0.266304347826087,0.2692238912732475,0.2584678695789807,0.2656183140778776,0.2601888667992048,0.1945652173913043,0.1915236051502146,0.1965020576131687,0.1897732135216089,0.1998011928429423,0.2431159420289855,0.2501788268955651,0.2485754985754985,0.2580231065468549,0.252650762094102,0.0575,0.233,0.26325,0.19475,0.2515,3570
-0.0323664687370954,0.0339090322659167,-0.0189888887130496,-0.0099900526659466,0.0158881980976672,0.033909032265917,-0.0351320703681741,0.0080304444474504,0.0102186125846986,-0.0024072307762186,-0.0189888887130496,0.0080304444474503,0.0063758274863459,0.0082662066709923,-0.0134057757042462,-0.0099900526659466,0.0102186125846985,0.0082662066709923,-0.0160927115944418,-0.0029377604700415,0.0158881980976671,-0.0024072307762184,-0.013405775704246,-0.0029377604700415,0.015189371405909,0.0789760348583878,0.0739059590316573,0.0779526499865482,0.0772642390289449,0.0752845528455284,0.1729302832244008,0.1852886405959031,0.1775625504439063,0.1771708683473389,0.1794308943089431,0.3156318082788671,0.3072625698324022,0.3077750874361044,0.3071895424836601,0.3139024390243902,0.1802832244008714,0.1766759776536312,0.1770244821092278,0.1813725490196078,0.1790243902439024,0.2521786492374727,0.256866852886406,0.259685230024213,0.2570028011204481,0.2523577235772358,0.0765,0.179,0.30975,0.1785,0.25625,3684
0.0069548625519133,0.0300128660557579,0.0218380048888522,-0.0341529569223846,-0.016781409416454,0.0300128660557579,-0.063899112331313,0.0024224718102269,0.0172955974842766,0.0112033655041813,0.0218380048888524,0.0024224718102269,0.0282142049293815,-0.0219308568365173,-0.0224074972276411,-0.0341529569223844,0.0172955974842767,-0.0219308568365173,0.0358371899845733,-0.0031058710982696,-0.0167814094164537,0.0112033655041814,-0.0224074972276411,-0.0031058710982696,0.026120463194853,0.1318267419962335,0.1287657920310981,0.1298510048510048,0.1372838050314465,0.1349777321000342,0.1663527934714375,0.1824586977648202,0.1710845460845461,0.1685338050314465,0.1695786228160329,0.235247959824231,0.2399173955296404,0.2337144837144837,0.2457743710691824,0.2458890030832476,0.2192404268675455,0.2083333333333333,0.2166493416493416,0.2044025157232704,0.2126584446728331,0.2473320778405524,0.2405247813411078,0.2487006237006237,0.244005503144654,0.236896197327852,0.13275,0.1715,0.2405,0.212,0.24325,3661
-0.0005144032921811,-0.0494732268925817,0.0164361148296892,-0.0270586120100682,0.012546468401487,-0.0494732268925817,0.0941483704703836,0.0036391901918525,-0.0107337072573527,0.0052219036509719,0.016436114829689,0.0036391901918525,-0.0051450783051885,-0.0016332861110026,-0.0052601981656488,-0.0270586120100684,-0.0107337072573527,-0.0016332861110026,0.0364575151077176,0.0024582636557949,0.0125464684014868,0.0052219036509719,-0.005260198165649,0.002458263655795,-0.0053758239935877,0.1800925925925925,0.1889051808406647,0.1770414993306559,0.1848705501618123,0.1777416356877323,0.0894675925925926,0.0772238514173998,0.0849397590361445,0.0861650485436893,0.0848048327137546,0.3061342592592592,0.3101173020527859,0.31285140562249,0.3117583603020496,0.3128872366790582,0.1586805555555555,0.156158357771261,0.1547523427041499,0.1488673139158576,0.1541201982651796,0.265625,0.2675953079178885,0.2704149933065595,0.2683387270765912,0.2704460966542751,0.18,0.08525,0.31125,0.1545,0.269,530
-0.1517508769012359,0.0424443783505378,-0.0139542021550638,0.0164536637101025,0.0327567534797332,0.0424443783505379,0.0354729505224205,-0.0033457153080309,0.0034752753004227,-0.0249042352851232,-0.0139542021550636,-0.0033457153080309,0.0197694427656038,0.006962709883071,-0.0231568346923265,0.0164536637101028,0.0034752753004227,0.0069627098830711,-0.015013166444376,-0.002758735258616,0.0327567534797333,-0.0249042352851232,-0.0231568346923265,-0.002758735258616,0.0289950729171547,0.0947315096251266,0.0787589498806682,0.0833977331272539,0.080896686159844,0.0795557570262919,0.1003039513677811,0.1010342084327764,0.1051004636785162,0.1043859649122807,0.1073587186461166,0.3280141843971631,0.324582338902148,0.3171045852653271,0.3212475633528265,0.3309912360229676,0.2102330293819655,0.2130071599045346,0.2122617207624935,0.2169590643274853,0.2143396796615291,0.2667173252279635,0.2826173428798727,0.282135497166409,0.2765107212475634,0.2677546086430946,0.08225,0.10475,0.3235,0.21375,0.27575,1886
0.0506704639848106,-0.1218991375139717,0.0502646580726372,-0.0482180293501048,-2.409696619198876e-05,-0.1218991375139717,0.0665756695208813,-0.0044819756594538,-0.0432505022030342,0.0291031908154381,0.0502646580726372,-0.0044819756594538,-0.0058806526579384,-0.0020955645724074,0.0005397269367876,-0.0482180293501048,-0.0432505022030342,-0.0020955645724074,-0.0024204628640824,0.0238880249941664,-2.409696619198876e-05,0.0291031908154381,0.0005397269367874,0.0238880249941664,-0.0221028268326459,0.050314465408805,0.0594606542882404,0.0503359731221502,0.0555555555555555,0.0530012771392081,0.1057389937106918,0.0879752431476569,0.0946724262059035,0.0983263598326359,0.0915070242656449,0.3297955974842767,0.3488063660477453,0.3492920566354691,0.3479776847977684,0.3470625798212005,0.1878930817610063,0.1870026525198939,0.179625629949604,0.1796838679683867,0.1749680715197956,0.3262578616352201,0.3167550839964633,0.326073914086873,0.3184565318456532,0.3334610472541507,0.053,0.09425,0.34725,0.17925,0.32625,681
0.0166666666666667,-0.0427807486631015,0.0081068192656174,0.0594744121715075,-0.0319284802043422,-0.0427807486631015,-0.1343380327337546,0.0073672855798581,0.1161307978491282,-0.02717506368622,0.0081068192656176,0.0073672855798581,0.0169211005844577,-0.0381688653553025,-0.0003343583334702,0.0594744121715076,0.1161307978491283,-0.0381688653553025,-0.0266632742141084,0.0132642300334386,-0.0319284802043422,-0.0271750636862198,-0.0003343583334705,0.0132642300334387,0.0056908540195632,0.0491666666666666,0.052139037433155,0.0495946590367191,0.0470262793914246,0.0515964240102171,0.0975,0.106060606060606,0.0928111587982832,0.0826417704011065,0.0960408684546615,0.3466666666666667,0.3469251336898395,0.343586075345732,0.3628400184416782,0.3496168582375479,0.17,0.15975935828877,0.1876490224129709,0.1855693868142001,0.1783524904214559,0.3366666666666666,0.3351158645276292,0.3263590844062947,0.3219225449515906,0.3243933588761175,0.05,0.0935,0.3495,0.18075,0.32625,3794
0.0728478916782561,-0.0237976290068768,-0.0280206358637731,-0.0223880049588109,0.0219454496152299,-0.0237976290068768,0.0217900260630975,0.0313539098539714,-0.0142126831407698,-0.0175420206808329,-0.0280206358637731,0.0313539098539715,-0.0138335779636626,0.00023453742462,0.0011029417974404,-0.0223880049588109,-0.01421268314077,0.00023453742462,0.0317739686426554,-0.0039594803543301,0.02194544961523,-0.0175420206808329,0.0011029417974404,-0.0039594803543301,0.0043409653275371,0.1063907044299201,0.1174807779285391,0.1179653679653679,0.1173190235690235,0.1122317596566523,0.188634713144517,0.1802351876978742,0.1784730421094057,0.1868686868686868,0.1874821173104434,0.2176833696441539,0.2051108095884215,0.2146792601338056,0.2117003367003367,0.211516452074392,0.2024328249818446,0.2008141112618724,0.1979535615899252,0.1917087542087542,0.1987839771101573,0.2848583877995643,0.2963591135232926,0.2909287682014955,0.2924031986531986,0.2899856938483548,0.11475,0.18425,0.21175,0.198,0.29125,3944
-0.0833333333333332,-0.043360433604336,-0.0221586847748391,0.053867403314917,0.0188583078491334,-0.043360433604336,-0.0869485388620825,0.0088416490550419,0.0292812688716206,0.0054946421023843,-0.0221586847748391,0.0088416490550419,0.0036792337629093,-0.0175645060862994,0.0066809043010916,0.0538674033149172,0.0292812688716206,-0.0175645060862994,0.0117823021275296,-0.0042323483197321,0.0188583078491335,0.0054946421023842,0.0066809043010918,-0.0042323483197324,-0.0092366585927734,0.0541666666666666,0.0521680216802168,0.0511079342387419,0.0473066298342541,0.0490570846075433,0.09625,0.1002710027100271,0.0914343578746723,0.089548802946593,0.091743119266055,0.3575,0.3466576332429991,0.3484631879914224,0.3558931860036832,0.3474133537206931,0.17125,0.1757000903342366,0.1841791756016202,0.1788674033149171,0.1817660550458715,0.3208333333333333,0.3252032520325203,0.324815344293543,0.3283839779005524,0.3300203873598369,0.05,0.09225,0.34975,0.181,0.327,4666
-0.1220844368538731,0.0883279935401526,-0.031587469476763,0.0243497394806218,0.0133880941181869,0.0883279935401527,0.0314592984475936,0.0287089887205317,-0.0558585586438407,-0.0228405321185343,-0.031587469476763,0.0287089887205317,-0.0097651049296587,0.0190251379786277,-0.003577997652816,0.024349739480622,-0.0558585586438407,0.0190251379786277,0.0199131720445707,-0.0187947860798209,0.0133880941181869,-0.022840532118534,-0.0035779976528158,-0.0187947860798209,0.0188670178815523,0.0563847429519071,0.0458115183246073,0.0518372703412073,0.0490264255910987,0.0495772482705611,0.0870646766169154,0.0924956369982548,0.0927582915771892,0.1008344923504867,0.09768127081732,0.3602819237147595,0.3392233856893543,0.3526604628966833,0.3426054705609643,0.3504996156802459,0.1753731343283582,0.1897905759162303,0.1763302314483416,0.1761706073249884,0.1831283627978478,0.3208955223880597,0.3326788830715532,0.3264137437365784,0.3313630041724617,0.3191135024340251,0.05025,0.0955,0.34925,0.17975,0.32525,2018
0.0424798876032466,0.0356607897305778,-0.0262320842029482,0.0287444224438094,-0.0236965570179792,0.0356607897305778,-0.0019078140082071,-0.044805094552186,0.0120560579640325,0.0162813330177016,-0.0262320842029482,-0.044805094552186,0.0167375499161315,0.01289994175995,0.0013232083579675,0.0287444224438094,0.0120560579640325,0.0128999417599501,-0.025471847961362,-0.0053452805760862,-0.0236965570179792,0.0162813330177016,0.0013232083579676,-0.0053452805760862,0.0041250128447909,0.0924006908462867,0.0930587337909992,0.0990313961255845,0.0937261632341723,0.0987867177522349,0.1053540587219343,0.1094584286803966,0.1141449565798263,0.1079328756674294,0.1074712643678161,0.2560449050086356,0.2606788710907704,0.2453239812959252,0.2462814645308924,0.2491698595146871,0.2122193436960276,0.2158657513348588,0.2156813627254509,0.2240655987795576,0.2196679438058748,0.3339810017271157,0.3209382151029748,0.3258183032732131,0.3279938977879481,0.3249042145593869,0.0965,0.10925,0.2495,0.2185,0.32625,1096
-0.042240587695133,-0.0210803689064558,-0.0167391328398995,0.032559931742493,0.0218842056215003,-0.0210803689064558,-0.0190825145666566,0.0025980073125174,-0.0036988771735839,0.0173230646426416,-0.0167391328398995,0.0025980073125175,0.0274750300614986,-0.0271454905577226,0.0037625803519714,0.0325599317424931,-0.0036988771735839,-0.0271454905577226,0.0335761148522397,-0.0154958993139366,0.0218842056215003,0.0173230646426417,0.0037625803519716,-0.0154958993139366,-0.0106931745403946,0.1719696969696969,0.1684782608695652,0.1677619569185834,0.1596276112624886,0.1613891060724524,0.1056818181818181,0.1054750402576489,0.1032311062431544,0.1038828337874659,0.1017070628094865,0.232070707070707,0.2276570048309179,0.2219788243884629,0.2344459582198002,0.2273911910346625,0.1775252525252525,0.1841787439613526,0.1884811975173421,0.177338782924614,0.1863434975241073,0.3127525252525252,0.3142109500805153,0.3185469149324571,0.3247048138056312,0.3231691425592911,0.165,0.1035,0.22825,0.1835,0.31975,829
0.0939143607495026,-0.1040706605222734,-0.0277975574693338,0.0936594457280721,-0.0075863246052345,-0.1040706605222734,-0.0036892361111111,0.0009768788467767,0.0117151431209603,0.0108822903363132,-0.0277975574693341,0.0009768788467767,-0.0029834507730621,-0.0017659616280227,0.0084484806511547,0.0936594457280722,0.0117151431209603,-0.0017659616280227,-0.0371825466860034,0.0034068838157098,-0.0075863246052345,0.0108822903363133,0.0084484806511548,0.0034068838157097,-0.0127077797840118,0.0491551459293394,0.0598958333333333,0.0557580174927113,0.049168975069252,0.0546615581098339,0.1059907834101382,0.0963541666666666,0.0959062196307094,0.0948753462603878,0.0949553001277139,0.3525345622119815,0.3426649305555556,0.3440233236151603,0.3436057248384118,0.3401021711366539,0.1635944700460829,0.1783854166666666,0.1808187560738581,0.1872114496768236,0.1798850574712643,0.3287250384024577,0.3226996527777778,0.3234936831875607,0.3251385041551246,0.3303959131545338,0.05425,0.096,0.343,0.1805,0.32625,2805
-0.0619873868574976,0.1114496064991115,-0.0415265972630143,0.0058152995492121,0.0197414236836528,0.1114496064991115,-0.0918568610876302,0.0135549463640958,0.0187483309904217,-0.016567530328998,-0.0415265972630143,0.0135549463640958,-0.0085831756677008,0.010887124129733,0.0057701037365411,0.0058152995492122,0.0187483309904218,0.010887124129733,-0.0141354589814373,-0.0099034334613503,0.0197414236836528,-0.0165675303289982,0.005770103736541,-0.0099034334613503,0.0008946746595094,0.0536303630363036,0.0448717948717948,0.0525970931617822,0.0502063273727647,0.0495030581039755,0.0808580858085808,0.0993589743589743,0.0897664998808672,0.0892939018798716,0.0925076452599388,0.3642739273927393,0.3450091575091575,0.3527519656897784,0.3459422283356259,0.3477319062181447,0.1806930693069307,0.1783424908424908,0.179771265189421,0.1843191196698762,0.1835499490316004,0.3205445544554455,0.3324175824175824,0.325113176078151,0.3302384227418615,0.3267074413863404,0.0505,0.091,0.34975,0.18175,0.327,3829
0.0885964385153136,-0.0656557083309756,-0.0018722245431617,0.0067154671676274,0.0014144099846417,-0.0656557083309756,0.0883312317592247,0.0007818912054237,0.0014616613238087,-0.0168042623215274,-0.0018722245431617,0.0007818912054236,0.0034900259361516,0.0047759633935471,-0.0062099762886129,0.0067154671676274,0.0014616613238087,0.0047759633935471,-0.0060960627762562,-0.0033962782723262,0.0014144099846418,-0.0168042623215274,-0.0062099762886129,-0.003396278272326,0.0135291230690893,0.0587855297157622,0.0687347931873479,0.0646207584830339,0.064066852367688,0.0644087705559906,0.1094961240310077,0.0936739659367396,0.1026696606786427,0.1025998142989786,0.1044766379535369,0.334625322997416,0.3337388483373885,0.3328343313373254,0.3324048282265552,0.3360741320803967,0.1782945736434108,0.1792376317923763,0.1786427145708582,0.1805942432683379,0.1801096319498825,0.3187984496124031,0.3246147607461476,0.3212325349301397,0.3203342618384401,0.3149308274601932,0.0645,0.10275,0.334,0.1795,0.31925,4381
0.054820415879017,0.0253904055724076,-0.0167914252134615,-0.013875164690382,0.0043504536258159,0.0253904055724076,0.051739679105823,-0.0173303110889002,-0.0141384778012685,0.0025478397571421,-0.0167914252134611,-0.0173303110889004,-0.0008978238031094,0.0036105490825366,0.0083251787012339,-0.013875164690382,-0.0141384778012685,0.0036105490825367,-0.002119920798898,0.005203550658096,0.004350453625816,0.002547839757142,0.0083251787012339,0.0052035506580959,-0.013059288117563,0.0652173913043478,0.0672480620155038,0.0701586083397288,0.0699573863636363,0.0686998186998187,0.1047705314009661,0.101937984496124,0.1093630084420567,0.1090198863636363,0.1072261072261072,0.331219806763285,0.3313953488372093,0.3260424661038629,0.3245738636363636,0.323038073038073,0.1784420289855072,0.1784883720930232,0.1753645433614735,0.176373106060606,0.1750841750841751,0.3203502415458937,0.3209302325581395,0.319071373752878,0.3200757575757575,0.3259518259518259,0.069,0.1075,0.32575,0.176,0.32175,3891
-0.0062850012174335,-0.0245425838209343,-0.006419805632404,0.0120709212862498,0.0638644779749074,-0.0245425838209343,0.0101675700570375,-0.0045458235246367,0.0004264178393157,0.0270486791895938,-0.006419805632404,-0.0045458235246367,0.0260813854961043,-0.0144859857846235,-0.0073989984380786,0.0120709212862497,0.0004264178393157,-0.0144859857846235,0.0226570408652565,-0.0542146194378516,0.0638644779749073,0.0270486791895937,-0.0073989984380786,-0.0542146194378516,0.0088699863249149,0.1489301801801801,0.1516323024054982,0.1489501312335958,0.146213503649635,0.1385480572597137,0.2484515765765765,0.2400343642611684,0.2436023622047244,0.2423965936739659,0.2359406952965235,0.2556306306306306,0.2551546391752577,0.2473753280839895,0.2576794403892944,0.2558793456032719,0.2706925675675675,0.2738831615120275,0.2779691601049869,0.2677919708029197,0.2888548057259714,0.076295045045045,0.0792955326460481,0.0821030183727034,0.0859184914841849,0.0807770961145194,0.148,0.2425,0.254,0.274,0.0815,764
-0.1786478634422721,0.0646526847879547,0.023871093910651,-0.0203526538725618,0.0118982550648421,0.0646526847879548,0.1181719892961088,0.0098920782365277,-0.077017679827386,-0.0161899848756266,0.023871093910651,0.0098920782365278,-0.0020058513707672,-0.0079493726544588,-0.0021413926767328,-0.0203526538725618,-0.077017679827386,-0.0079493726544588,0.0052203976233172,0.0319379936153423,0.0118982550648421,-0.0161899848756268,-0.0021413926767328,0.0319379936153422,-0.0138935466496563,0.0916398713826366,0.0727232537577365,0.0758940224484468,0.0793324188385916,0.0768249106687085,0.0881564844587352,0.0831122900088417,0.0933176716262072,0.1015089163237311,0.0957759060745278,0.3116291532690246,0.3160919540229885,0.3198903680501174,0.321787837219936,0.3199336396120469,0.1859592711682743,0.1962864721485411,0.1836987731662751,0.1812985825331504,0.1764293006636038,0.322615219721329,0.3317860300618921,0.3271991647089532,0.3160722450845907,0.3310362429811128,0.07775,0.09425,0.31925,0.18225,0.3265,2767
-0.0866547689867143,0.017855426781218,-0.0323017367207496,0.0277544154751893,0.0349864708887585,0.017855426781218,-0.0506960861570791,0.0199274582290212,-0.0217113665389527,0.005343755521198,-0.0323017367207496,0.0199274582290212,-0.0034534142615252,0.0146643937354826,-0.0014239733049301,0.0277544154751891,-0.0217113665389527,0.0146643937354825,-0.0235434007134363,-0.0015783419384178,0.0349864708887585,0.005343755521198,-0.0014239733049299,-0.0015783419384178,-0.0107204984669668,0.1113821138211382,0.1006698187549251,0.1058109280138768,0.0996551724137931,0.0989138867339022,0.1038617886178861,0.1111111111111111,0.103642671292281,0.1080459770114942,0.1051848978536333,0.2975609756097561,0.2825059101654846,0.2892454466608846,0.2840229885057471,0.2886604603051461,0.1762195121951219,0.1851851851851851,0.1785920786354437,0.1855172413793103,0.1815360744763382,0.3109756097560975,0.3205279747832939,0.3227088753975137,0.3227586206896551,0.32570468063098,0.1025,0.10575,0.28825,0.18125,0.32225,4328
0.0756815843621397,-0.023391812865497,0.0098048007652528,-0.0266097240473062,-0.0020883858798166,-0.023391812865497,0.0012927054478301,0.0258131203715504,-0.0281946653756599,-0.0035598292416569,0.0098048007652526,0.0258131203715502,-0.0131666059765538,-0.005077710572265,0.0041168534790337,-0.0266097240473062,-0.0281946653756599,-0.005077710572265,-0.0015178175200001,0.0230415595075337,-0.0020883858798168,-0.0035598292416569,0.0041168534790337,0.0230415595075336,-0.0164454601637682,0.0665509259259259,0.0736842105263157,0.0712940543449018,0.073915900131406,0.0721503637833468,0.1215277777777777,0.1185964912280701,0.1156846919558784,0.1220981165133596,0.1191727297224467,0.3067129629629629,0.3017543859649123,0.3138283562012375,0.3113228208497591,0.3084748046348693,0.1953125,0.1956140350877193,0.1912160344363734,0.19053876478318,0.1858663433036917,0.3098958333333333,0.3103508771929824,0.3079768630616088,0.3021243977222952,0.3143357585556454,0.072,0.11875,0.30975,0.19025,0.30925,3295
-0.0005509641873278,-0.013570313438213,0.0108423686405338,0.033151356911148,-0.011425732737208,-0.0135703134382128,0.040221691338786,-0.0232731004003408,0.019306892559494,-0.004107383906851,0.0108423686405338,-0.023273100400341,-0.0044047919647616,-0.0012695523031596,0.013886800020053,0.033151356911148,0.019306892559494,-0.0012695523031593,-0.1134668130080192,0.0098303585441367,-0.011425732737208,-0.0041073839068512,0.0138868000200531,0.0098303585441367,-0.0077936038699275,0.1375757575757575,0.1393659180977542,0.1360091743119266,0.1329416884247171,0.1390710382513661,0.1918181818181818,0.1816380449141347,0.1936544342507645,0.1855961705831157,0.1900273224043716,0.2695454545454545,0.2788419198590929,0.2737003058103975,0.2728459530026109,0.2687158469945355,0.0925757575757575,0.0939013650374284,0.0958715596330275,0.1066144473455178,0.0948087431693989,0.3084848484848485,0.3062527520915896,0.3007645259938838,0.3020017406440383,0.3073770491803279,0.1375,0.18925,0.2725,0.09575,0.305,2194
-0.178784218296832,-0.0089320157868186,0.0260853040683843,-0.0023245002324501,0.0344383649822981,-0.0089320157868186,0.0128766158643931,-0.0053991974062377,-0.0070921985815604,-0.0006364793598836,0.0260853040683843,-0.0053991974062379,0.0085218446405036,0.0112643056681985,-0.0293842410630731,-0.0023245002324501,-0.0070921985815601,0.0112643056681988,-0.0322962962962962,0.0290598290598291,0.0344383649822979,-0.0006364793598836,-0.0293842410630731,0.029059829059829,0.0106508875739644,0.0704323570432357,0.0602836879432624,0.058191403081914,0.0598888888888888,0.0576923076923076,0.2845188284518828,0.2783687943262411,0.2835225736685591,0.284,0.2821794871794871,0.3002092050209205,0.3099143026004728,0.3056231413895647,0.3047777777777777,0.3173076923076923,0.1879358437935843,0.1888297872340425,0.1853879426872127,0.1935555555555555,0.182051282051282,0.1569037656903765,0.1626034278959811,0.1672749391727493,0.1577777777777777,0.1607692307692307,0.05975,0.282,0.30825,0.1875,0.1625,2357
-0.0333333333333332,-0.0598065083553209,0.018836432999523,0.0078268876611417,-0.002052861175263,-0.0598065083553209,-0.0210640880157244,-0.0072185041326786,0.0026579590567403,0.0216410295992518,0.0188364329995232,-0.0072185041326786,-0.0100265861101391,-0.0173043837947923,0.019641314638787,0.0078268876611419,0.0026579590567403,-0.0173043837947923,0.0435782383525126,-0.0076457737004098,-0.0020528611752628,0.0216410295992519,0.0196413146387871,-0.0076457737004098,-0.0228748234711251,0.0516666666666666,0.052990325417766,0.0490581783500238,0.0496086556169429,0.0501026430587631,0.1004166666666666,0.0967458223394898,0.0954339532665713,0.0944981583793738,0.0926995124454708,0.3429166666666666,0.3520228671943711,0.3530042918454936,0.3555478821362799,0.3426353605337439,0.1795833333333333,0.1805189094107299,0.1841320934668574,0.1731123388581952,0.1823838850397741,0.3254166666666667,0.3177220756376429,0.3183714830710539,0.3272329650092081,0.3321785989222479,0.05,0.09475,0.3495,0.181,0.32475,3425
-0.0163037265660723,0.0298689198060266,-0.0170487948265727,0.0083920008162431,0.0109156775823443,0.0298689198060267,-0.0022880018672764,-0.0090119524081786,0.017935475131795,-0.036076507774621,-0.0170487948265725,-0.0090119524081788,0.0113378684807256,-0.0096637369364642,0.0194275908561624,0.0083920008162432,0.017935475131795,-0.0096637369364642,0.0020414513277022,-0.0116373752737388,0.0109156775823442,-0.036076507774621,0.0194275908561623,-0.011637375273739,-0.0004488768967534,0.2195216049382716,0.2095483133218982,0.2196825396825396,0.2141873278236914,0.2136422136422136,0.1413966049382716,0.1460834762721555,0.147063492063492,0.1431359044995408,0.151008151008151,0.2669753086419753,0.2648656375071469,0.2595238095238095,0.2650367309458218,0.2574002574002574,0.1799768518518518,0.1782447112635792,0.1832539682539682,0.181129476584022,0.1836121836121836,0.1921296296296296,0.2012578616352201,0.1904761904761904,0.1965105601469237,0.1943371943371943,0.216,0.14575,0.2625,0.1815,0.19425,3979
-0.0442700900160817,-0.0167964476478539,0.0345714092415939,-0.0334212840809147,0.0023387071166259,-0.0167964476478537,0.0164584572674993,0.0256410256410257,-0.0557813911472448,0.0054132279358057,0.0345714092415939,0.0256410256410255,-0.0205128205128204,0.0124643874643873,-0.0049731964089647,-0.0334212840809147,-0.0557813911472448,0.0124643874643874,-0.0056584362139917,0.0196535746493765,0.0023387071166258,0.0054132279358057,-0.0049731964089645,0.0196535746493764,-0.0090606312903263,0.0989445910290237,0.0963414634146341,0.0914743589743589,0.0979166666666666,0.0945284075006997,0.104221635883905,0.1008130081300813,0.0998717948717948,0.1082175925925925,0.1019451441365799,0.313764291996482,0.3166666666666666,0.3316666666666666,0.3209490740740741,0.3266162888329135,0.1860158311345646,0.190040650406504,0.1777564102564102,0.1810185185185185,0.1764623565631122,0.2970536499560246,0.2961382113821138,0.2992307692307692,0.2918981481481481,0.3004478029666946,0.09475,0.1025,0.325,0.18,0.29775,911
0.0604952951365952,0.0471085700672979,0.0238605611535888,-0.0020630710285884,-0.0509374361930841,0.0471085700672979,-0.0156872220283317,0.010268856882721,-0.0048673261108496,-0.0131239137849821,0.0238605611535888,0.010268856882721,-0.024593846111826,0.0189937326501202,0.007621406223867,-0.0020630710285882,-0.0048673261108493,0.0189937326501202,-0.0523741992273461,0.0109681332251864,-0.0509374361930841,-0.0131239137849821,0.0076214062238672,0.0109681332251865,0.0001080964220083,0.0613026819923371,0.0621761658031088,0.0636930983847283,0.0653846153846153,0.0685736677115987,0.0919540229885057,0.098013816925734,0.0955090553108174,0.0969696969696969,0.0977664576802507,0.332375478927203,0.3370034542314335,0.3488742046010768,0.334032634032634,0.3379049111807732,0.1791187739463601,0.1796200345423143,0.175354870288791,0.1881118881118881,0.1767894461859979,0.3352490421455938,0.3231865284974093,0.3165687714145864,0.3155011655011655,0.3189655172413793,0.06525,0.0965,0.3405,0.17875,0.319,3145
-0.0175575439078885,-0.0281761109068379,0.0331311981344875,-0.0282047607524924,0.007825329442335,-0.0281761109068376,-0.0190142551832022,-0.0039933268413463,0.0269748419784338,0.0100302430321358,0.0331311981344875,-0.0039933268413465,0.0235034500674897,-0.0253057794342415,-0.0223771663393568,-0.0282047607524924,0.0269748419784336,-0.0253057794342415,0.0020372341088199,0.0261983911212647,0.0078253294423349,0.0100302430321359,-0.022377166339357,0.0261983911212646,-0.0037340285199458,0.1518704634282523,0.1534552845528455,0.1443051686784277,0.1534595605423095,0.1480820695807315,0.126465661641541,0.1253387533875338,0.1234911792014856,0.1196820944366526,0.1217662801070472,0.2603294249022892,0.2703252032520325,0.2629216960693283,0.2760635811126695,0.2752750520368718,0.1832774986041317,0.1734417344173441,0.1827607551841535,0.1778868630201028,0.1735801367826345,0.2780569514237856,0.2774390243902439,0.2865212008666047,0.2729079008882655,0.2812964614927148,0.14925,0.123,0.26925,0.17825,0.28025,999
0.0559315187247815,0.0272020682673314,-0.0436108222086082,0.003293258739039,0.0061248735354246,0.0272020682673315,-0.0062603770601383,0.0136153004785712,-0.0060826198506731,-0.0103182082978769,-0.043610822208608,0.0136153004785712,-0.0267437873615479,0.0218790218790219,0.0105903075186351,0.0032932587390391,-0.0060826198506731,0.0218790218790218,-0.016718695802983,-0.0051745018165805,0.0061248735354249,-0.0103182082978769,0.0105903075186351,-0.0051745018165803,-0.0007882056479011,0.063960639606396,0.0659070598748882,0.0707046332046332,0.0675268817204301,0.0673350398179749,0.1814268142681427,0.1876675603217158,0.1839607464607464,0.1876344086021505,0.188424345847554,0.2702952029520295,0.25547363717605,0.2659266409266409,0.2533333333333333,0.2562571103526735,0.1931119311193112,0.1949285075960679,0.1895109395109395,0.1969892473118279,0.1947525597269624,0.2912054120541205,0.2960232350312779,0.2898970398970399,0.294516129032258,0.293230944254835,0.06775,0.1865,0.259,0.19375,0.293,3653
0.049749280002339,-0.0597556823181486,-0.0009704134998593,-0.0110132024641356,0.023779770588246,-0.0597556823181486,0.0308243899850518,0.0156793411885125,-0.0105784487382092,-0.0089353930790201,-0.0009704134998593,0.0156793411885125,-0.001737909703767,0.0147047041494874,-0.0144288793303839,-0.0110132024641356,-0.0105784487382092,0.0147047041494875,-0.0118717857260306,0.0004328022917911,0.0237797705882459,-0.0089353930790201,-0.0144288793303839,0.0004328022917912,0.0123518211030105,0.0717439293598234,0.0800115540150202,0.0755732662192393,0.0763314967860422,0.0737046273205874,0.1528697571743929,0.1398035817446562,0.141988255033557,0.1457759412304866,0.1455389304516486,0.298289183222958,0.2933275563258232,0.2985178970917226,0.2936179981634527,0.3022998060404544,0.1834988962472406,0.1834199884459849,0.178831096196868,0.1836547291092745,0.1814214463840399,0.293598233995585,0.3034373194685153,0.305089485458613,0.3006198347107438,0.2970351898032696,0.0755,0.14425,0.298,0.1815,0.30075,2483
0.08447265625,0.0127337201805287,0.0057984400656814,0.0002185314685314,-0.0273779623905203,0.0127337201805287,-0.0924504936604198,-0.0189940490747533,0.0477607498884093,0.0259064053006636,0.0057984400656814,-0.0189940490747533,0.0158568381772049,-0.0074216970768694,-0.0043829928709744,0.0002185314685314,0.0477607498884093,-0.0074216970768694,-0.0067321955433843,-0.0084197101198646,-0.0273779623905201,0.0259064053006635,-0.0043829928709746,-0.0084197101198646,0.003843682290634,0.05859375,0.0631850419084461,0.0636288998357964,0.0639860139860139,0.0657521895929933,0.1276041666666666,0.1411992263056092,0.1317049808429118,0.123076923076923,0.1259015971148892,0.302734375,0.3102836879432624,0.2996715927750411,0.3067599067599068,0.3058346213292117,0.1787109375,0.1702127659574468,0.1800766283524904,0.1799533799533799,0.1802550231839258,0.3323567708333333,0.3151192778852353,0.3249178981937602,0.3262237762237762,0.3222565687789799,0.064,0.12925,0.3045,0.17875,0.3235,4076
-0.2166666666666665,-0.0888888888888888,0.073147486299738,0.05188246097337,-0.0487179487179485,-0.0888888888888888,0.0376296296296296,-0.0191406560241442,0.0021426385062748,0.0222222222222222,0.0731474862997378,-0.0191406560241442,-0.0082425531835172,-0.0085257014882071,0.0078994153332967,0.05188246097337,0.0021426385062749,-0.0085257014882071,-0.0447576187621268,0.0255703892067529,-0.0487179487179487,0.0222222222222222,0.0078994153332966,0.0255703892067528,-0.0216962524654831,0.0608333333333333,0.0544444444444444,0.0463426256850131,0.0474058769513315,0.0524358974358974,0.1020833333333333,0.0902222222222222,0.0955444365022635,0.0935491276400367,0.0916666666666666,0.3241666666666666,0.3564444444444444,0.3526328329759352,0.3527318640955004,0.3469871794871795,0.1720833333333333,0.1811111111111111,0.1830474148201096,0.189623507805326,0.1768589743589743,0.3408333333333333,0.3177777777777777,0.3224326900166785,0.3166896235078053,0.332051282051282,0.05,0.09375,0.34975,0.1815,0.325,2370
-0.000159967948764,0.0203773817219194,0.0046114785027692,-0.0298007369397692,0.0091274605080127,0.0203773817219194,-0.0305719921104534,-0.018971394693938,0.0180387449568204,0.0056471306471306,0.0046114785027691,-0.018971394693938,-0.0005160361002518,0.0090476083094677,-0.0004740496069977,-0.0298007369397694,0.0180387449568205,0.0090476083094678,0.0451405035728317,-0.0341197597374451,0.0091274605080127,0.0056471306471306,-0.0004740496069977,-0.0341197597374449,0.0192743764172336,0.2082833133253301,0.2040064102564102,0.2072896596017983,0.214456003467707,0.2063492063492063,0.1273509403761504,0.1339743589743589,0.1324662813102119,0.1276549631556133,0.129265873015873,0.2583033213285314,0.2644230769230769,0.2596339113680154,0.2571521456436931,0.2596230158730159,0.1979791916766706,0.1887820512820512,0.1905105973025048,0.1835717381881231,0.1988095238095238,0.2080832332933173,0.2088141025641025,0.2100995504174695,0.2171651495448634,0.2059523809523809,0.20825,0.13,0.2595,0.19225,0.21,4838
0.0333333333333334,-0.0080645161290322,-0.0233500119132714,-0.0041841004184099,0.024390243902439,-0.008064516129032,0.0413149882452692,0.013632369255049,-0.0685202681423493,0.0124246000524521,-0.0233500119132714,0.0136323692550489,-0.0055175733100483,0.0253382156145934,-0.008269553746288,-0.0041841004184099,-0.0685202681423493,0.0253382156145934,-0.0127948014189502,3.968658933461988e-05,0.024390243902439,0.0124246000524521,-0.008269553746288,3.968658933450886e-05,0.0015553737854451,0.0483333333333333,0.0504032258064516,0.0511675005956635,0.0502092050209205,0.048780487804878,0.09375,0.0891577060931899,0.0917321896592804,0.0993723849372384,0.0918445121951219,0.3579166666666666,0.3449820788530466,0.3516797712651894,0.3408879590887959,0.3526422764227642,0.18,0.1915322580645161,0.1747081248510841,0.1815434681543468,0.1792428861788617,0.32,0.3239247311827957,0.3307124136287824,0.3279869827986982,0.327489837398374,0.05,0.093,0.34975,0.17925,0.328,33
-0.017139889196676,0.0369018653690186,0.0222809771681951,-0.0407629651050704,-0.0067550012990389,0.0369018653690186,0.0093988708725775,-0.0293842410630731,0.0185200039214638,0.0069149316124073,0.0222809771681951,-0.0293842410630731,0.0051811087917839,0.009493907453091,-0.0063981225321834,-0.0407629651050702,0.0185200039214636,0.0094939074530912,0.0100330072857545,-0.0113944252681588,-0.0067550012990387,0.0069149316124073,-0.0063981225321834,-0.0113944252681588,0.0122040788803035,0.0773026315789473,0.0731954582319545,0.0743066457352171,0.0790979853479853,0.0765133800987269,0.0989583333333333,0.1017842660178426,0.1057692307692307,0.1008470695970696,0.1020394907768251,0.3114035087719298,0.3278588807785888,0.3168498168498168,0.3154761904761904,0.3205378020265004,0.1894188596491228,0.1786293592862936,0.1802721088435374,0.1801739926739926,0.1840737853988049,0.3229166666666667,0.3185320356853203,0.3228021978021978,0.3244047619047619,0.3168355416991426,0.076,0.10275,0.3185,0.182,0.32075,3789
0.1453489501388808,0.0360724442448735,-0.0432569974554708,0.0171270464755975,-0.0073736204003496,0.0360724442448735,-0.1552479815455594,0.0069381598793363,0.016616355279976,0.0274995447095246,-0.0432569974554706,0.0069381598793363,0.0173570019723865,-0.0299086027241366,0.0057156465825195,0.0171270464755977,0.016616355279976,-0.0299086027241366,0.0330376660042847,0.0027181030818049,-0.0073736204003496,0.0274995447095246,0.0057156465825196,0.0027181030818049,-0.0148185068389421,0.0559796437659033,0.0631372549019607,0.0683333333333333,0.0643781784558483,0.0659829721362229,0.1024173027989821,0.1227450980392156,0.1055128205128205,0.1044845122515025,0.103328173374613,0.339058524173028,0.3227450980392157,0.3193589743589743,0.3347202958853444,0.3231424148606811,0.1771628498727735,0.1772549019607843,0.1856410256410256,0.1742949607027276,0.1797600619195046,0.3253816793893129,0.3141176470588235,0.3211538461538462,0.322122052704577,0.3277863777089783,0.0655,0.10625,0.325,0.18025,0.323,1020
0.0374384640453051,0.0108524290503947,0.0172706753569525,-0.0478152244782561,-0.0032752459030225,0.0108524290503948,-0.0231147192956879,-0.0268940404867739,0.0012625548834491,0.0271858117487976,0.0172706753569527,-0.0268940404867739,-0.0053237087155033,0.0240392945661099,-0.0063793137048062,-0.0478152244782559,0.0012625548834491,0.0240392945661098,0.0053527079766146,-0.0111262051364795,-0.0032752459030223,0.0271858117487976,-0.0063793137048062,-0.0111262051364795,0.0056094476468788,0.0945716709075487,0.0971837488457987,0.0965531561461794,0.1029478458049886,0.0985717929099719,0.0892705682782018,0.0923361034164358,0.0926771871539313,0.0901360544217687,0.087796480489671,0.2958015267175573,0.3090951061865189,0.3026024363233665,0.2937641723356009,0.3029201734251466,0.1925360474978795,0.1835180055401662,0.1793327796234773,0.182766439909297,0.1857944401938281,0.3278201865988125,0.3178670360110803,0.3288344407530454,0.3303854875283447,0.3249171129813823,0.09825,0.09025,0.301,0.18375,0.32675,1647
-0.1031439602868173,0.0269014659258562,0.0501176941854909,-0.0496819007457307,-0.0120010120010121,0.0269014659258562,-0.0226105083062522,-0.0408872823845201,0.0323578284138741,0.0260211989702011,0.0501176941854908,-0.0408872823845201,0.0167006567727364,-0.0013587006013981,-0.0118569440603339,-0.0496819007457305,0.032357828413874,-0.0013587006013979,0.0060862129671545,-0.0033045494038401,-0.0120010120010118,0.0260211989702012,-0.0118569440603337,-0.0033045494038401,0.007065052131097,0.0714285714285714,0.0630081300813008,0.0615048793014894,0.067966903073286,0.0655270655270655,0.1097168597168597,0.1152993348115299,0.1173600410888546,0.1091016548463357,0.1098161098161098,0.3082368082368082,0.3377679231337768,0.319080636877247,0.3249408983451536,0.3283475783475783,0.185006435006435,0.1705469327420546,0.1764894709809964,0.175177304964539,0.1768324268324268,0.3256113256113256,0.3133776792313377,0.3255649717514124,0.3228132387706856,0.3194768194768195,0.06475,0.11275,0.3245,0.17625,0.32175,733
0.0,0.002659574468085,0.0123898022396951,0.014732965009208,-0.0222905457340507,0.0026595744680851,-0.0138448770182586,-0.0081922751306657,-0.0383605658085497,0.0337492708827361,0.0123898022396951,-0.0081922751306657,0.0053823461838273,-0.0106534922998142,0.0006038133090562,0.0147329650092081,-0.0383605658085497,-0.0106534922998142,0.0054231148825329,0.0172597081434735,-0.0222905457340507,0.0337492708827361,0.0006038133090562,0.0172597081434736,-0.0165813837204791,0.05,0.0498670212765957,0.0493805098880152,0.0492633517495395,0.0511145272867025,0.09375,0.0953014184397163,0.0947700738622825,0.0976058931860036,0.0908275685370228,0.3454166666666666,0.3526152482269503,0.3478675244222063,0.35347605893186,0.3495388162951576,0.1783333333333333,0.1879432624113475,0.1829282821062663,0.1800184162062615,0.1778759928260312,0.3325,0.31427304964539,0.3250536097212294,0.3196362799263352,0.3306430950550858,0.05,0.094,0.34975,0.181,0.32525,4582
0.0710234094228142,0.0473052187499299,-0.0493972262332516,0.0074434660470622,0.0084386312309273,0.0473052187499299,0.0042930289023097,0.0103711825187885,-0.0006474777797398,-0.0242649087291755,-0.0493972262332518,0.0103711825187886,0.0066207599019617,0.0071655869298835,-0.004179443944108,0.0074434660470622,-0.0006474777797398,0.0071655869298835,-0.0257491559469766,0.0087825486106453,0.0084386312309271,-0.0242649087291753,-0.0041794439441082,0.0087825486106454,0.0068656348059962,0.0675830469644902,0.0693085453359425,0.076343648208469,0.0722084878450762,0.07213608957795,0.1217067583046964,0.1272015655577299,0.1264250814332247,0.1278327152863617,0.1308498420901521,0.3221649484536082,0.3038160469667319,0.3049674267100977,0.3048001648125257,0.3082830892908412,0.2007445589919816,0.2023809523809523,0.200800760043431,0.207457766790276,0.200473729543497,0.2878006872852233,0.2972928897586432,0.2914630836047774,0.2877008652657602,0.2882572494975596,0.07275,0.12775,0.307,0.20225,0.29025,3274
-0.0091237268915869,-0.025888383343892,-0.0116910329879866,0.0231310024480572,0.0183360185243306,-0.0258883833438923,0.0390406348531547,-0.0121793776461429,0.0123894744970847,-0.01556366397673,-0.0116910329879866,-0.0121793776461429,0.0107930952227526,-0.0014243245666674,0.002742888148562,0.0231310024480572,0.0123894744970849,-0.0014243245666671,-0.0112885578420234,-0.007781705452454,0.0183360185243305,-0.01556366397673,0.0027428881485619,-0.0077817054524542,0.0075607737519113,0.090316573556797,0.0918170103092783,0.0905463474524248,0.0874297752808988,0.0878589263420724,0.199022346368715,0.1864261168384879,0.1963627992633517,0.1915964419475655,0.1970193508114856,0.2746741154562384,0.2748067010309278,0.2685696746470227,0.2718867041198501,0.2707553058676654,0.1738826815642458,0.1757946735395189,0.1782535297728668,0.1800093632958801,0.1793851435705368,0.2621042830540037,0.2711554982817869,0.2662676488643339,0.2690777153558052,0.2649812734082397,0.0895,0.194,0.2715,0.178,0.267,1620
0.0416941590473497,-0.0219724067450179,0.0184641629663079,-0.0502311393532819,0.0527713204795112,-0.0219724067450179,-0.0225651122150745,-0.0026828876278079,0.0084600745254201,0.0177909562638991,0.0184641629663079,-0.0026828876278082,-0.0090539430723313,0.015402589632519,-0.011641554754886,-0.0502311393532819,0.00846007452542,0.015402589632519,0.0116964944309595,-0.016964748075203,0.0527713204795112,0.0177909562638991,-0.0116415547548858,-0.016964748075203,-0.0042650267804007,0.0493527508090614,0.0526315789473684,0.0505490956072351,0.054086903676694,0.0487822769953051,0.2669902912621359,0.2671451355661882,0.2619509043927648,0.259039805530234,0.2566021126760563,0.1266181229773463,0.1293460925039872,0.1301679586563307,0.127013065937405,0.1305017605633802,0.2880258899676375,0.2719298245614035,0.2700258397932816,0.2710422364023093,0.2789025821596244,0.2690129449838188,0.2789473684210526,0.2873062015503876,0.2888179884533576,0.2852112676056338,0.0515,0.26125,0.129,0.27425,0.284,3135
0.0140253632317124,0.0474414971059266,-0.0042774027448357,-0.0078789970094317,-0.0351025357846639,0.0474414971059267,0.0034232692221071,-0.0229970771512082,-0.0076232856725999,0.0050388980958396,-0.0042774027448357,-0.0229970771512082,0.0092139966628008,0.0227108667888278,-0.0168327993044556,-0.0078789970094317,-0.0076232856725999,0.0227108667888278,-0.0030226055450535,-0.0244280997291257,-0.0351025357846639,0.0050388980958397,-0.0168327993044556,-0.0244280997291259,0.0805693025541188,0.1552910052910052,0.1500279642058165,0.1581736909323116,0.1587409420289855,0.1630286493860845,0.1419312169312169,0.148489932885906,0.15242656449553,0.1501358695652173,0.1482492041837198,0.3276455026455026,0.3337527964205816,0.3232439335887612,0.3188405797101449,0.3317417007730787,0.1854497354497354,0.1854026845637583,0.1798212005108556,0.1845561594202898,0.1884947703501591,0.1896825396825396,0.1823266219239373,0.1863346104725415,0.1877264492753623,0.1684856753069577,0.1575,0.149,0.32625,0.184,0.18325,2689
-0.0999999999999998,-0.0938845822566751,0.0525686977299879,-0.0292072322670375,0.0030792917628945,-0.0938845822566751,0.1186427097730505,0.0028371290353452,0.0068989971955977,-0.0277567253416297,0.0525686977299881,0.0028371290353452,-0.0003297319750088,0.0249300850942916,-0.0223837286838604,-0.0292072322670375,0.0068989971955978,0.0249300850942917,-0.0639100435042487,0.0110434080921703,0.0030792917628945,-0.0277567253416295,-0.0223837286838604,0.0110434080921703,0.0257206200541543,0.055,0.0546942291128337,0.0473715651135005,0.0514603616133518,0.0498460354118552,0.1058333333333333,0.0852713178294573,0.0964755077658303,0.0960825220213259,0.0994354631768026,0.3304166666666667,0.3477605512489233,0.3488649940262843,0.3400556328233657,0.3565563253784963,0.185,0.1785099052540913,0.175268817204301,0.1912378303198887,0.1777649473954324,0.32375,0.3337639965546942,0.3320191158900836,0.3211636532220677,0.3163972286374134,0.05,0.09675,0.34875,0.17975,0.32475,2707
0.0233984959306122,-0.0399311432825979,0.0086958140263285,-0.0060995731256043,-0.0149105185737112,-0.0399311432825979,0.0025420927236872,0.0129408905356408,0.0422127222183287,-0.0149340292880963,0.0086958140263284,0.0129408905356407,-0.0110013541566997,-0.0160799642508508,0.0153008889997091,-0.0060995731256041,0.0422127222183288,-0.0160799642508508,0.007093959053264,0.0053927833857623,-0.0149105185737112,-0.0149340292880961,0.0153008889997093,0.0053927833857625,-0.0045408778906685,0.2150964812712826,0.2290448343079922,0.2183347469607011,0.2215934309809143,0.2235340417158599,0.0889141127506621,0.0852826510721247,0.0843935538592027,0.0818908122503328,0.0867768595041322,0.2921869088157396,0.2909356725146199,0.2979926491376873,0.2994895694629383,0.2902400629673357,0.1888951948543322,0.1798245614035087,0.1907690132880972,0.1864181091877496,0.1867375049193231,0.2149073023079833,0.2149122807017544,0.2085100367543115,0.2106080781180648,0.212711530893349,0.22025,0.0855,0.29475,0.18775,0.21175,297
0.1329766151407055,-0.0901050815075035,-0.0001734046769719,0.0434796529311944,-0.0219598372020217,-0.0901050815075035,0.0751987963209203,0.0119718960894886,-0.0293213449135096,-0.0021454675693626,-0.0001734046769716,0.0119718960894887,-0.0173762496146563,-0.0015448403931739,0.0162425272448081,0.0434796529311946,-0.0293213449135096,-0.0015448403931739,0.0482176064224619,-0.024607191759788,-0.0219598372020215,-0.0021454675693626,0.0162425272448081,-0.0246071917597883,0.0007418734575843,0.050287356321839,0.0632260947274352,0.0580100574712643,0.0554781801299907,0.0592736705577172,0.1016522988505747,0.0862377122430741,0.0921336206896551,0.0959842154131847,0.093450064850843,0.3480603448275862,0.3438337801608579,0.3540469348659004,0.3485376044568245,0.3423476005188067,0.1716954022988505,0.1847631814119749,0.1797772988505747,0.170844939647168,0.1839169909208819,0.3283045977011494,0.3219392314566577,0.3160320881226053,0.3291550603528319,0.321011673151751,0.058,0.09325,0.348,0.1795,0.32125,2339
0.0290565384599148,-0.0028864238070236,0.0063891829098939,0.0264447559821225,-0.0275238784622737,-0.0028864238070234,-0.0384159038514626,0.0259784357058455,-0.0043842011055126,-0.0082513600827851,0.006389182909894,0.0259784357058454,-0.0026204957869115,-0.0279542176808125,0.0096013351693191,0.0264447559821225,-0.0043842011055126,-0.0279542176808125,0.0349624188008027,0.000380187541827,-0.0275238784622737,-0.0082513600827853,0.0096013351693193,0.0003801875418272,-0.0004890792569585,0.0682087781731909,0.0704527712724434,0.0698011599005799,0.0683922558922559,0.0721835524619747,0.1070581257413997,0.1108508977361436,0.103976801988401,0.1072180134680134,0.1076308326888373,0.2998220640569395,0.2939110070257611,0.3025407346037006,0.3101851851851852,0.2988527971126579,0.1927639383155397,0.1988680718188915,0.2035349351008009,0.191077441077441,0.1979247228667182,0.33214709371293,0.3259172521467603,0.3201463684065175,0.3231271043771044,0.3234080948698118,0.07025,0.10675,0.30175,0.198,0.32325,653
-0.0176899577165012,3.236692509112071e-05,-0.0116797262762162,0.0041701772465192,0.013849231421088,3.236692509089867e-05,-0.0454447496205676,0.0171369375856688,0.0191856128483672,-0.00926675088437,-0.011679726276216,0.0171369375856689,-0.005038243663038,-0.0202091864464442,0.0133172053101978,0.0041701772465193,0.0191856128483672,-0.0202091864464442,0.0227903489667095,-0.0032007406891814,0.0138492314210881,-0.00926675088437,0.0133172053101979,-0.0032007406891811,-0.0111924357210926,0.1066030230708035,0.1047466095645967,0.1059734513274336,0.1043131739334271,0.103299293008641,0.1167462211614956,0.1220556745182012,0.1147492625368731,0.1145100796999531,0.1178318931657502,0.285799522673031,0.2776588151320485,0.2839233038348082,0.2882090951711205,0.278737889499869,0.1770087509944312,0.1743397573162027,0.1813421828908554,0.1736990154711673,0.1783189316575019,0.3138424821002387,0.3211991434689507,0.3140117994100295,0.3192686357243319,0.3218119926682377,0.10475,0.11675,0.2825,0.17775,0.31825,3774
0.093877423487322,0.1006883193248243,-0.0450011772544423,-0.0243329466888759,0.0082940825498448,0.1006883193248244,-0.0442714118359619,-0.0018421554125793,-0.0267951488355058,0.0114093687406168,-0.0450011772544423,-0.0018421554125793,0.0230691012833301,-0.007595748918985,-0.0098279472577931,-0.0243329466888757,-0.0267951488355058,-0.007595748918985,0.0237819358391315,0.007938640521246,0.0082940825498448,0.0114093687406167,-0.0098279472577931,0.0079386405212459,0.0002603861837657,0.0573122529644268,0.0568814638027048,0.0660963244613434,0.0647890588780713,0.0627253992787223,0.0942028985507246,0.109387430389817,0.1049429657794676,0.1075567918405192,0.1035548686244204,0.3435441370223979,0.3293556085918854,0.3211660329531052,0.3312471024571163,0.3319809376609995,0.1841238471673254,0.1845664280031821,0.1811153358681875,0.175475197032916,0.178323029366306,0.3208168642951252,0.3198090692124105,0.3266793409378961,0.3209318497913769,0.3234157650695518,0.06325,0.10475,0.32875,0.17975,0.3235,1255
0.1184573002754821,0.0224032586558045,0.0240062967335694,-0.0360302602897806,-0.0368182989992735,0.0224032586558046,0.0542597716120307,-0.0299018700240696,-0.0312565530752415,0.0202610641981025,0.0240062967335694,-0.0299018700240696,-0.0018728565806487,0.0123886456749644,0.0012404455559906,-0.0360302602897806,-0.0312565530752415,0.0123886456749643,0.011964512948238,0.0011675467809559,-0.0368182989992733,0.0202610641981024,0.0012404455559908,0.0011675467809559,-0.0016853595430368,0.0606060606060606,0.0672097759674134,0.0670995670995671,0.0712270803949224,0.0712812580562,0.12,0.1160896130346232,0.1264204545454545,0.1265867418899859,0.1202629543696829,0.3006060606060606,0.3172097759674134,0.3085768398268398,0.304184297132111,0.3076179427687548,0.1836363636363636,0.1827902240325865,0.1750541125541125,0.1751292900799247,0.1770430523330755,0.3351515151515151,0.3167006109979633,0.322849025974026,0.3228725905030559,0.3237947924722866,0.06875,0.12275,0.308,0.17725,0.32325,4520
0.0296774935491521,-0.0329076984678458,-0.0195967164449899,-0.0038316990463598,0.0244008027434282,-0.0329076984678458,0.0134429409970612,0.016783798954006,-0.0269580480450264,0.0018166392536891,-0.0195967164449899,0.016783798954006,0.0063861845695973,0.0384330897363828,-0.0135867331305539,-0.0038316990463598,-0.0269580480450264,0.0384330897363828,-0.0564138918426777,0.0045978101151822,0.0244008027434282,0.0018166392536891,-0.0135867331305536,0.0045978101151822,-0.0072317141796673,0.1809651474530831,0.1926372857642532,0.1901547876169906,0.1872146118721461,0.1819492502883506,0.2460902591599642,0.2350472193074501,0.234251259899208,0.2446727549467275,0.2378171856978085,0.2360366398570152,0.2276145505421476,0.2300215982721382,0.2226027397260274,0.2346453287197231,0.0549597855227882,0.0562259531304651,0.052645788336933,0.0578386605783866,0.0544982698961937,0.2819481680071492,0.2884749912556838,0.29292656587473,0.2876712328767123,0.2910899653979238,0.1865,0.23825,0.2315,0.05475,0.289,230
0.0270994924830029,0.0664870729973435,-0.0250067927781056,0.0008424500568505,-0.0200878844946641,0.0664870729973433,-0.0032454716898382,-0.0071972733829015,0.0009829039171137,-0.0105941397332125,-0.0250067927781056,-0.0071972733829015,-0.0061173769992857,-0.0003856283407432,0.0208029179836808,0.0008424500568506,0.0009829039171137,-0.0003856283407432,0.024299367570567,-0.0252993829636165,-0.0200878844946641,-0.0105941397332125,0.0208029179836808,-0.0252993829636165,0.0122848028830935,0.0717514124293785,0.0688465783664459,0.0755942509673853,0.0736878693083072,0.0752314814814814,0.1409604519774011,0.1514900662251655,0.1520867882808181,0.1508515815085158,0.1525997150997151,0.3090395480225988,0.3036699779249448,0.3033443891652846,0.3016162669447341,0.2952279202279202,0.23954802259887,0.2395143487858719,0.2398424543946932,0.2339242266249565,0.245815527065527,0.2387005649717514,0.2364790286975717,0.2291321171918187,0.2399200556134862,0.2311253561253561,0.07375,0.151,0.3015,0.23975,0.234,3276
0.014157789522688,0.0099944540809704,0.0008220143750307,-0.0025934285653617,-0.0096383524672114,0.0099944540809703,0.0164584572674993,0.0058607372245298,0.0596881057778548,-0.0536636298234556,0.0008220143750304,0.0058607372245297,0.0075868238570444,-0.0085315082558328,-0.0013332170236004,-0.0025934285653617,0.0596881057778548,-0.0085315082558328,-0.0244157101466406,0.0035711045528873,-0.0096383524672114,-0.0536636298234556,-0.0013332170236004,0.0035711045528873,0.0208877951721795,0.1698113207547169,0.1705284552845528,0.1721084080239009,0.1726967180703835,0.1739102062124771,0.1014755684567005,0.1008130081300813,0.1018992744344857,0.0963819691577698,0.1080005220569042,0.1950895016932752,0.1941056910569105,0.193768672641912,0.1969157769869513,0.195510310623858,0.21129656507015,0.198170731707317,0.2125480153649167,0.2158956109134045,0.209997389715479,0.3223270440251572,0.3363821138211382,0.3196756295347844,0.3181099248714907,0.3125815713912817,0.17225,0.1025,0.19525,0.21075,0.31925,3230
0.0268166089965398,-0.0425378682278598,0.0273141465175027,-0.0443159132551207,0.0053025101091019,-0.0425378682278598,-0.0182460711424572,-0.0273408348598065,0.0459634117053459,0.0170948051708558,0.0273141465175026,-0.0273408348598067,0.0178873875569272,-0.0103732605465285,-0.0091666467737701,-0.0443159132551207,0.0459634117053459,-0.0103732605465283,-0.003717255183441,0.0068866711166826,0.005302510109102,0.0170948051708557,-0.0091666467737698,0.0068866711166826,-0.0012768298283598,0.0661764705882353,0.0708925750394944,0.0661426380368098,0.0710134821013482,0.067639429312581,0.1099877450980392,0.1074249605055292,0.1083844580777096,0.100650860065086,0.1036964980544747,0.3170955882352941,0.334913112164297,0.3201687116564417,0.3293816829381683,0.328988326848249,0.1871936274509804,0.1710110584518167,0.1811094069529652,0.1799163179916318,0.1780155642023346,0.3195465686274509,0.3157582938388625,0.3241947852760736,0.3190376569037657,0.3216601815823606,0.068,0.1055,0.326,0.17925,0.32125,691
-0.0158568911604577,-0.079211646777449,0.0590803881065021,-0.038794271791587,0.0024302167305816,-0.0792116467774493,0.0712759169779172,-0.0028171509924466,0.0119606172842803,-0.0138578845261538,0.059080388106502,-0.0028171509924466,-0.0266882256407374,0.0140049211514409,0.0040014326282424,-0.038794271791587,0.0119606172842803,0.014004921151441,-0.0245355460527427,0.0076912084465136,0.0024302167305816,-0.0138578845261538,0.0040014326282423,0.0076912084465134,-0.0047515785186789,0.0637450199203187,0.0677205308352849,0.0590427056463169,0.065184340554922,0.062597503900156,0.1152058432934926,0.0991412958626073,0.1070507308684436,0.105473204104903,0.1082293291731669,0.2735723771580345,0.2915690866510538,0.2985096016050444,0.2866780691752185,0.2895865834633385,0.2277556440903054,0.2166276346604215,0.2161794210375466,0.2246294184720638,0.2175637025481019,0.3197211155378486,0.3249414519906323,0.3192175408426483,0.3180349676928924,0.3220228809152366,0.06275,0.10675,0.29075,0.21925,0.3205,2754
0.0023104389834067,-0.0163582212444597,0.007694745879066,-0.0103777605619903,0.0164110963353643,-0.0163582212444599,-0.0200927539726585,0.012197386669406,0.0231769779942837,-0.002292433313384,0.007694745879066,0.0121973866694061,-0.0090129576961373,0.0083011256878379,-0.0198854590176795,-0.0103777605619905,0.0231769779942837,0.0083011256878379,-0.0074413539377187,-0.0178818729837524,0.0164110963353643,-0.0022924333133842,-0.0198854590176797,-0.0178818729837524,0.0341412524075924,0.2065217391304347,0.2103861517976032,0.2054071876030333,0.209148196436332,0.2036029030585796,0.1908212560386473,0.1915224145583666,0.1854599406528189,0.1833985223815732,0.1881804043545878,0.250805152979066,0.2496671105193076,0.2550280250576986,0.2506518904823989,0.2577760497667185,0.1937399355877616,0.1873058144695961,0.190158259149357,0.1931768796175575,0.1951788491446345,0.1581119162640901,0.1611185086551265,0.163946587537092,0.1636245110821382,0.1552617936754795,0.207,0.18775,0.25275,0.19175,0.16075,4863
0.0058915544639854,-0.0225186193806605,-0.0163969260190528,0.0171572500514766,0.0457779915399507,-0.0225186193806607,0.0064634465892218,0.0071134656071435,0.0032504172832998,-0.0039767486381594,-0.016396926019053,0.0071134656071434,0.0345734793674397,-0.0091987889614533,-0.0381501508678636,0.0171572500514766,0.0032504172833,-0.009198788961453,-0.0540134857261163,0.0264868292958793,0.0457779915399508,-0.0039767486381592,-0.0381501508678634,0.0264868292958793,0.001279610499048,0.1501103752759381,0.1544003115264797,0.153475935828877,0.148409255242227,0.1440875232774674,0.328228476821192,0.3189252336448598,0.3187165775401069,0.3199566160520607,0.3222765363128491,0.2375827814569536,0.2320872274143302,0.2256684491978609,0.2359002169197397,0.2426675977653631,0.1132726269315673,0.1148753894080996,0.1163101604278075,0.1214750542299349,0.1121973929236499,0.1708057395143488,0.1797118380062305,0.1858288770053476,0.1742588575560376,0.1787709497206704,0.151,0.321,0.23375,0.11525,0.179,969
0.0138067061143983,0.1092130387343154,-0.0331716993608111,0.0322466084238938,-0.016109596618071,0.1092130387343153,-0.1270182586389014,-0.0103588774411185,0.0447142492288953,0.0055622944191281,-0.0331716993608111,-0.0103588774411185,0.0117076214480996,-0.0209224614847327,0.0073627342336973,0.0322466084238937,0.0447142492288953,-0.0209224614847329,0.0203676562743788,-0.0069472602924878,-0.016109596618071,0.0055622944191281,0.0073627342336971,-0.0069472602924878,-0.0030840382620174,0.0512820512820512,0.0463209219858156,0.0537249283667621,0.0503231763619575,0.0528376990241397,0.0837339743589743,0.1059397163120567,0.0949737344794651,0.0897968605724838,0.0934771443246019,0.3605769230769231,0.3526152482269503,0.3449140401146132,0.3563019390581717,0.3464304057524396,0.1746794871794871,0.1724290780141844,0.1842765042979942,0.1768236380424746,0.181753980482794,0.3297275641025641,0.3226950354609929,0.3221107927411652,0.3267543859649123,0.3255007704160246,0.052,0.094,0.349,0.1805,0.3245,633
0.0860610172046658,-0.0109815601806448,-0.0181704260651627,-0.0381086330453419,0.0256672125278065,-0.0109815601806446,-0.0501995379122033,0.0262984304367228,0.0329104864664089,-0.027025735982733,-0.0181704260651627,0.0262984304367226,-0.0251850776600377,0.0111642067567032,0.0151864287752101,-0.0381086330453419,0.0329104864664088,0.0111642067567033,-0.0642485673196564,0.0213634814866051,0.0256672125278066,-0.0270257359827328,0.0151864287752101,0.0213634814866051,-0.0241965937439505,0.0607769423558897,0.0672302737520128,0.0677083333333333,0.0690342240975152,0.0647931303669008,0.1046365914786967,0.108695652173913,0.1007781124497992,0.1000937646507266,0.1062971636742128,0.3380325814536341,0.323268921095008,0.3403614457831325,0.3282934833567745,0.3269581056466302,0.1845238095238095,0.1719001610305958,0.1757655622489959,0.1891701828410689,0.1739526411657559,0.3120300751879699,0.3289049919484702,0.3153865461847389,0.3134083450539147,0.3279989591465001,0.0665,0.1035,0.332,0.17775,0.32025,4092
0.0023299623240136,-0.0138462429754939,0.0400497672522899,-0.0337603376033761,-0.0100110609099941,-0.0138462429754937,0.0220471937456155,0.0167343184095607,-0.0264710723116734,-0.0017265481269965,0.04004976725229,0.0167343184095607,-0.0200327101490418,-0.0031938490009351,0.0039910214973439,-0.0337603376033759,-0.0264710723116732,-0.0031938490009351,0.0135694714880727,0.0113890377950667,-0.0100110609099941,-0.0017265481269965,0.003991021497344,0.0113890377950666,-0.0075223477555155,0.0818089430894308,0.0831353919239905,0.0787159190853122,0.0847683476834768,0.0828209069946195,0.1067073170731707,0.1029295328582739,0.1034887129873937,0.1080360803608036,0.1054317191903663,0.2728658536585366,0.2794932699920823,0.2899442978598651,0.2851578515785158,0.2831155521393799,0.2101117886178861,0.2086302454473476,0.20389914980944,0.2004920049200492,0.2009351780681527,0.3285060975609756,0.3258115597783056,0.3239519202579888,0.3215457154571545,0.3276966436074814,0.082,0.10525,0.28425,0.20325,0.32525,4077
-0.1126974870464585,0.0164585530535408,0.0270229312613227,-0.0042974588938715,-0.0120422676476488,0.0164585530535406,-0.0072554625478244,0.0013292628107013,-0.0042639138240574,0.0051839243939781,0.0270229312613226,0.0013292628107014,-0.0211160426709704,0.0087365591397849,0.0045284976160552,-0.0042974588938715,-0.0042639138240572,0.0087365591397848,0.0250651041666667,-0.0155122655122654,-0.0120422676476488,0.0051839243939783,0.0045284976160552,-0.0155122655122654,0.0025174440758857,0.06203288490284,0.0548324356672651,0.0542434715821812,0.0559895833333333,0.0564213564213564,0.2739162929745889,0.2805206463195691,0.2781298003072197,0.2796875,0.277056277056277,0.2111360239162929,0.2167115499700778,0.2215821812596006,0.2151041666666666,0.216017316017316,0.1606875934230194,0.1606822262118492,0.1586021505376344,0.1559895833333333,0.1624819624819624,0.2922272047832586,0.2872531418312388,0.287442396313364,0.2932291666666666,0.288023088023088,0.05575,0.2785,0.217,0.16,0.28875,1321
0.013012000024987,0.0229677729677729,-0.0387934916236805,0.0071828511939932,0.0282969336499203,0.0229677729677729,0.0505642361111111,-0.0482180293501048,0.0763308573197152,-0.01014998707008,-0.0387934916236802,-0.0482180293501048,0.0169664567890052,-0.0123939934209551,0.0100823348770417,0.0071828511939933,0.0763308573197152,-0.0123939934209551,-0.0229074365758594,0.0019830679278199,0.0282969336499204,-0.01014998707008,0.0100823348770417,0.0019830679278199,-0.0139304087439562,0.056998556998557,0.0564236111111111,0.0599903241412675,0.0573351903435468,0.056115852081717,0.0937950937950937,0.0911458333333333,0.10062893081761,0.0886722376973073,0.0969743987587277,0.3578643578643579,0.3611111111111111,0.3386550556361877,0.348769730733519,0.3410266356348591,0.1782106782106782,0.1657986111111111,0.1817247218190614,0.1836118848653667,0.1791440393069563,0.3131313131313131,0.3255208333333333,0.3190009675858732,0.32161095636026,0.3267390742177398,0.05775,0.096,0.3445,0.1795,0.32225,1831
-0.0833333333333332,-0.0097001763668429,-0.0136103151862465,0.0997229916897506,-0.0250511247443763,-0.0097001763668429,0.0388473633623546,-0.0018546312720144,-0.0210711965097929,0.0038789885415653,-0.0136103151862463,-0.0018546312720142,-0.0290008565884789,0.0263700270129403,0.0190714340124575,0.0997229916897507,-0.0210711965097929,0.0263700270129403,-0.01544135890097,-0.0288677780987827,-0.025051124744376,0.0038789885415652,0.0190714340124573,-0.0288677780987827,-0.0017156585996211,0.0541666666666666,0.0504850088183421,0.0506805157593123,0.0450138504155124,0.0512525562372188,0.0954166666666666,0.0908289241622574,0.0946752626552053,0.0964912280701754,0.094133435582822,0.35375,0.349647266313933,0.3591212989493791,0.3397968605724838,0.3423440695296523,0.1625,0.1843033509700176,0.1757402101241642,0.1832871652816251,0.1857106339468302,0.3341666666666666,0.3247354497354497,0.3197827125119388,0.3354108956602031,0.3265593047034765,0.05,0.0945,0.349,0.1805,0.326,2178
-0.0226835832372165,0.0083389677710165,0.0048124094753071,-0.0160427807486631,0.017187121762285,0.0083389677710163,-0.0919944672280326,-0.0205665350690138,0.0511643528884907,0.0147783251231526,0.0048124094753072,-0.0205665350690136,0.0116172822293202,0.0077502587431101,-0.0164557689048026,-0.0160427807486631,0.0511643528884908,0.00775025874311,-0.0201446280991735,-0.0048901715568381,0.0171871217622852,0.0147783251231526,-0.0164557689048026,-0.0048901715568383,0.0108526263729085,0.1303921568627451,0.1264367816091954,0.1268864177918983,0.1295454545454545,0.1253086419753086,0.1006535947712418,0.1108374384236453,0.1035875033095048,0.0963068181818181,0.1,0.313235294117647,0.321223316912972,0.3110934604183214,0.312310606060606,0.3199294532627866,0.2235294117647059,0.208743842364532,0.2182949430765157,0.2244318181818181,0.2210758377425044,0.2321895424836601,0.2327586206896551,0.2401376754037596,0.237405303030303,0.2336860670194003,0.1275,0.1015,0.31475,0.22,0.23625,1417
0.0082644628099174,-0.0904222952415725,0.061993689775731,-0.0455680399500624,-0.0109156076898011,-0.0904222952415723,-0.0219190013064305,-0.0097180741384572,0.0196742024276881,0.0303148076175669,0.0619936897757312,-0.009718074138457,0.01127472721215,-0.0092670041189879,-0.0197724028090675,-0.0455680399500624,0.0196742024276881,-0.0092670041189879,0.0413142280015149,-0.0084420683822641,-0.0109156076898011,0.0303148076175669,-0.0197724028090677,-0.0084420683822641,0.0183836281651057,0.0818181818181818,0.0899598393574297,0.0773855205935021,0.0862593632958801,0.0834005376344086,0.1131313131313131,0.1060240963855421,0.1047582501918649,0.1017088014981273,0.1006048387096774,0.3055555555555556,0.3289156626506024,0.3220772576106421,0.3287687265917603,0.3321908602150538,0.1861111111111111,0.1744979919678715,0.1796495267331798,0.1706460674157303,0.179502688172043,0.3133838383838384,0.3006024096385542,0.3161294448708109,0.3126170411985018,0.3043010752688172,0.0825,0.10375,0.32575,0.178,0.31,1782
0.0681312537129144,-0.0096085181409413,-0.0098440815923646,0.0185937740105552,-0.0168841489610818,-0.0096085181409413,-0.0425147510284595,-0.0037340404414931,-0.0127762681678686,0.037999037999038,-0.0098440815923646,-0.0037340404414931,-0.0104747045186366,0.0067578345132291,0.0072407723570641,0.0185937740105552,-0.0127762681678686,0.0067578345132291,0.0345645641389694,-0.0268401103554174,-0.0168841489610818,0.037999037999038,0.0072407723570639,-0.0268401103554172,-0.0034437559267539,0.068259385665529,0.0739538239538239,0.0739710789766407,0.0718880060537268,0.0744867639113992,0.174914675767918,0.1806156806156806,0.1738969225064887,0.1754634884600832,0.1666666666666666,0.2269624573378839,0.2255892255892256,0.2271041898405636,0.2232311766931517,0.2231226364127498,0.2161547212741752,0.223063973063973,0.2187615869484612,0.2126371547483919,0.2261615343057806,0.3137087599544937,0.2967772967772967,0.3062662217278457,0.3167801740446462,0.3095623987034036,0.07325,0.17325,0.22475,0.22025,0.3085,4715
-0.005643417285829,-0.0130909521153423,-0.0227421992127874,0.0542811055631567,0.0167139571355885,-0.0130909521153423,0.0166598502875273,0.0013417291035656,0.0011118059898547,-0.0155615419582242,-0.0227421992127874,0.0013417291035655,0.0100673530123741,0.0118491207815826,-0.00245821925878,0.0542811055631567,0.0011118059898547,0.0118491207815827,-0.1038871437731836,-0.0001540707315226,0.0167139571355886,-0.0155615419582244,-0.00245821925878,-0.0001540707315226,0.0131181908585732,0.1209286209286209,0.1218241869918699,0.1229847494553376,0.1137226970560303,0.1182401466544454,0.3322938322938323,0.322535569105691,0.3275599128540305,0.3276353276353276,0.3331041857622976,0.1955994455994456,0.190993394308943,0.1893246187363834,0.1889838556505223,0.1917201344332416,0.0829868329868329,0.0876524390243902,0.0867102396514161,0.0968660968660968,0.0877635197066911,0.2681912681912682,0.2769944105691057,0.2734204793028322,0.2727920227920228,0.2691720134433241,0.12025,0.328,0.19125,0.08775,0.27275,4701
0.0380092450140937,0.0533558127226796,-0.040619273834396,0.0294376268505665,-0.0228327747092795,0.0533558127226795,-0.060579278301053,0.0169578638726598,-0.0159740411167326,0.0079220579548303,-0.040619273834396,0.0169578638726597,0.0262435894369638,-0.0026706501511069,-0.0188682614946378,0.0294376268505666,-0.0159740411167323,-0.0026706501511064,-0.0011885510918432,0.0015556266386708,-0.0228327747092795,0.0079220579548305,-0.0188682614946378,0.0015556266386708,0.0216807860160095,0.0738327904451683,0.0726549413735343,0.0798675292667898,0.074490662139219,0.0785024154589372,0.0941910966340933,0.1055276381909547,0.0978126925446703,0.1010894170911148,0.0987117552334943,0.2814875135722041,0.2659128978224455,0.2634011090573013,0.2712224108658743,0.2756038647342995,0.2858306188925081,0.2992043551088777,0.2952865064695009,0.2948500282965478,0.2940418679549114,0.264657980456026,0.2567001675041876,0.2636321626617375,0.2583474816072439,0.2531400966183575,0.07675,0.0995,0.2705,0.2945,0.25875,4118
-0.1107919180312171,-0.0272213662044169,-0.0060894890124438,-0.0238671739882394,0.0556900726392253,-0.0272213662044171,-0.0914400617499422,0.0119917084794357,0.0175523276568573,0.0168819437112119,-0.0060894890124438,0.0119917084794359,0.0128790474009424,0.0018353118319077,-0.016805981063328,-0.0238671739882394,0.0175523276568573,0.0018353118319077,-0.0082218828574514,0.0022675736961451,0.0556900726392251,0.0168819437112119,-0.016805981063328,0.0022675736961451,-0.0036113210716386,0.0819209039548022,0.0757575757575757,0.0741990998146677,0.0755102040816326,0.0696428571428571,0.115819209039548,0.1230598669623059,0.1113979348689436,0.1107709750566893,0.1108465608465608,0.3166666666666666,0.3109756097560975,0.3106963198305533,0.314172335600907,0.3200396825396825,0.188135593220339,0.1805247597930524,0.1834127614508869,0.1852607709750567,0.1833333333333333,0.297457627118644,0.3096821877309682,0.3202938840349483,0.3142857142857143,0.3161375661375661,0.07375,0.11275,0.31475,0.18375,0.315,1652
-0.075202626449164,0.0167592286096092,-0.0267812757034264,0.0332795286355658,0.0203194689821091,0.0167592286096091,-0.0430904778438498,-0.012035335910405,0.0007936733796889,0.0240634636964154,-0.0267812757034267,-0.012035335910405,0.0086214104331249,0.0030173683233053,0.0001693196767562,0.0332795286355656,0.0007936733796888,0.0030173683233052,0.0217690510477308,-0.0220145224966825,0.0203194689821091,0.0240634636964155,0.0001693196767562,-0.0220145224966825,-0.0022582295780744,0.0766081871345029,0.0700559049615653,0.0731581658938691,0.0688788335847159,0.0698022378350247,0.117251461988304,0.1243885394828791,0.1206852138073158,0.1191553544494721,0.1163804319542024,0.3321637426900585,0.3273934311670161,0.3207109737248841,0.3225238813474108,0.3234452250845693,0.1602339181286549,0.1656184486373165,0.1652498712004121,0.1621417797888386,0.1693989071038251,0.3137426900584795,0.3125436757512229,0.3201957753735188,0.3273001508295626,0.3209731980223783,0.07125,0.11925,0.3235,0.16575,0.32025,1483
-0.0384256277754933,0.0120125348189414,0.0219333195490206,0.0054479139414271,-0.014382143774948,0.0120125348189414,-0.005859375,-0.0025715874339726,-0.0136107274401473,0.0112134909596661,0.0219333195490206,-0.0025715874339728,-0.0039874299846294,-0.0068242872743859,-0.0060926216136689,0.0054479139414271,-0.0136107274401473,-0.0068242872743859,0.0194133268215255,-0.001493275139146,-0.014382143774948,0.0112134909596661,-0.0060926216136687,-0.001493275139146,0.0160444082500098,0.186397400185701,0.17734375,0.1755629691409508,0.1785220994475138,0.1820815948076031,0.1580779944289693,0.1609375,0.1604114539894356,0.1621777163904235,0.1582058414464534,0.2931754874651811,0.3005208333333333,0.3009452321378927,0.3017955801104972,0.3015762633286972,0.1800139275766016,0.1834635416666666,0.1822351959966638,0.1774861878453038,0.1812702828001854,0.1823351903435469,0.177734375,0.180845148735057,0.1800184162062615,0.1768660176170607,0.1795,0.16,0.29975,0.181,0.17975,2275
0.0099254968936413,-0.0794670566676678,-0.0251987436266614,0.0045163761643601,0.0463387450737076,-0.0794670566676676,-0.0562984088931139,0.0260887876121501,-0.0043696128578671,0.0032038912764849,-0.0251987436266611,0.0260887876121502,0.0004187157740903,-0.0122446930636304,0.0026123981933056,0.0045163761643602,-0.0043696128578671,-0.0122446930636306,0.0664378674226988,-0.0232363015704175,0.0463387450737078,0.003203891276485,0.0026123981933057,-0.0232363015704175,0.0020155256515789,0.0497512437810945,0.0542432195975503,0.0515162368672397,0.0500230520977409,0.0479214780600461,0.1028192371475953,0.1006124234470691,0.0927650429799426,0.0956662056247118,0.0949448293559148,0.3577943615257048,0.3398950131233595,0.3488538681948424,0.353273397879207,0.3480882730305363,0.1799336650082919,0.1815398075240595,0.1829632282712512,0.1687413554633471,0.1849499615088529,0.3097014925373134,0.3237095363079615,0.323901623686724,0.332295988934993,0.3240954580446497,0.05025,0.09525,0.349,0.18075,0.32475,877
-0.0348186023861698,-0.0235055199083977,0.0169353903259483,-0.0146396396396395,0.0133850427968076,-0.0235055199083977,-0.0888171956439645,0.0126353852540285,0.0335731414868105,-0.0038315158924553,0.0169353903259481,0.0126353852540285,-0.0221837450189417,0.0037195994277539,0.0105549307770969,-0.0146396396396397,0.0335731414868104,0.0037195994277539,0.018,-0.0285204991087342,0.0133850427968075,-0.0038315158924553,0.0105549307770969,-0.0285204991087344,0.0123527399400317,0.0765765765765765,0.0757394084732214,0.0727467811158798,0.0750833333333333,0.0730095068330362,0.1067004504504504,0.1135091926458833,0.1029327610872675,0.10075,0.1046494355317884,0.2863175675675675,0.2875699440447642,0.2977110157367668,0.2901666666666667,0.2881758764111705,0.2536599099099099,0.2416067146282973,0.2490701001430615,0.2455,0.2571301247771836,0.2767454954954955,0.2815747402078337,0.2775393419170243,0.2885,0.2770350564468211,0.074,0.10425,0.29125,0.25,0.2805,3525
-0.0166856867622871,0.0162368672397326,0.0011997760012886,-0.0197460487193872,0.0243213175507693,0.0162368672397325,0.021037037037037,-0.0129939008220631,-0.0062782888012848,-0.0112359550561798,0.0011997760012886,-0.0129939008220631,0.0088914964029594,0.0044363043086617,-0.0105705179583595,-0.0197460487193872,-0.0062782888012848,0.0044363043086615,0.0042380320059768,0.0181458459448686,0.0243213175507691,-0.0112359550561798,-0.0105705179583597,0.0181458459448684,-0.0169871929750731,0.1774116523400191,0.1716666666666666,0.1742906390877751,0.177945685501533,0.1702559300873907,0.1844555873925501,0.1835555555555555,0.1899363564041368,0.1886771791502409,0.1896067415730337,0.313872970391595,0.3183333333333333,0.3114558472553699,0.312855891371003,0.3175717852684145,0.1940066857688634,0.1914444444444444,0.1894059931052771,0.1894437144108629,0.1867977528089887,0.1302531041069723,0.135,0.134911164147441,0.13107752956636,0.1357677902621722,0.1745,0.1875,0.31425,0.19025,0.1335,2016
0.1113664655750262,0.0548102926607223,0.0189431704885343,-0.0101239904447731,-0.0574768173705331,0.0548102926607224,0.1240088946789156,-0.0556639717498372,0.0001802432223246,0.0018499547830524,0.0189431704885343,-0.0556639717498375,0.0182237600922722,0.0037285607755406,-0.0064220990586787,-0.0101239904447731,0.0001802432223246,0.0037285607755406,0.03788117652358,-0.0238043364667415,-0.0574768173705331,0.0018499547830523,-0.0064220990586787,-0.0238043364667415,0.0333312645870123,0.0655367231638418,0.0697077409162717,0.0723529411764705,0.074496644295302,0.0779889152810768,0.0997175141242937,0.0924170616113744,0.1113725490196078,0.1054809843400447,0.1053048297703879,0.3127118644067796,0.3364928909952606,0.3129411764705882,0.3175615212527964,0.3207970440749538,0.188135593220339,0.186216429699842,0.1855555555555555,0.1791946308724832,0.1906835576669306,0.3338983050847458,0.3151658767772511,0.3177777777777777,0.3232662192393736,0.3052256532066508,0.07375,0.1055,0.31875,0.18625,0.31575,426
0.009645898136802,0.0146715170204052,-0.00468531130754,-0.026411942791523,0.0049974005557089,0.0146715170204053,-0.0159535493722637,0.0062096465563002,-0.0042957389471436,0.0037567335427541,-0.0046853113075397,0.0062096465563004,-0.0175765726370908,0.0028352859359118,0.0044652474241653,-0.026411942791523,-0.0042957389471436,0.0028352859359117,0.0210197710718003,-0.0007190498623887,0.0049974005557088,0.0037567335427542,0.0044652474241653,-0.0007190498623887,-0.0059468632398698,0.1275080906148867,0.1268610421836228,0.1293532338308457,0.1321505376344086,0.1281065846784524,0.1985436893203883,0.2047146401985111,0.2002487562189054,0.2023655913978494,0.200743018191135,0.1514563106796116,0.1498138957816377,0.1533996683250414,0.1503225806451613,0.150076863950807,0.1988673139158576,0.1945822994210091,0.1932006633499171,0.1896774193548387,0.1938893159108378,0.3236245954692556,0.3240281224152191,0.3237976782752902,0.3254838709677419,0.3271842172687676,0.12875,0.2015,0.15075,0.19375,0.32525,626
-0.0272358209795327,-0.0520976840142839,-0.0129436682036756,0.0565525144604319,0.0098720506244016,-0.0520976840142839,0.0385193197524187,-0.004820073209101,-0.0132013915955713,0.0123219510111687,-0.0129436682036756,-0.004820073209101,0.0101051960395603,0.009771411722225,-0.0095567327497125,0.0565525144604319,-0.0132013915955711,0.009771411722225,-0.0234283158037098,-0.007664250427074,0.0098720506244017,0.0123219510111687,-0.0095567327497123,-0.0076642504270743,0.0055324089884569,0.0968169761273209,0.0991602067183462,0.0954699407281964,0.0889199255121042,0.0933195592286501,0.1357206012378426,0.1240310077519379,0.129621789443974,0.1307029795158286,0.1274104683195592,0.2990716180371353,0.296673126614987,0.2922664408693198,0.292364990689013,0.2980716253443526,0.1688770999115826,0.1813630490956072,0.1772509173017217,0.183193668528864,0.1803719008264462,0.2995137046861185,0.2987726098191214,0.305390911656788,0.3048184357541899,0.3008264462809917,0.09425,0.129,0.29525,0.179,0.3025,1589
-0.0551540461343857,0.0181229264198696,-0.0129505434216181,0.0425777620221617,-0.0166573213486709,0.0181229264198696,-0.03481860238617,-0.0014036562709129,0.0020001551366866,0.0087363628219658,-0.0129505434216179,-0.0014036562709129,0.0213902601147278,-0.0001890043035586,-0.0257180809159047,0.0425777620221617,0.0020001551366864,-0.0001890043035586,-0.0053421567426004,-0.0186288633314348,-0.0166573213486709,0.0087363628219659,-0.0257180809159045,-0.0186288633314348,0.0725179902911586,0.1208151382823871,0.1124249249249249,0.1159828372217752,0.1096248462484624,0.1164072632944228,0.1089883551673944,0.1148648648648648,0.1111558058460713,0.1107779827798278,0.1100302637267617,0.3147743813682678,0.3111861861861862,0.3041029766693483,0.3108087330873308,0.3187418936446173,0.2594614264919941,0.2704579579579579,0.2710512201662644,0.2724477244772447,0.2760484219628188,0.1959606986899563,0.191066066066066,0.1977071600965406,0.196340713407134,0.1787721573713791,0.1145,0.111,0.31075,0.271,0.19275,2223
-0.3465681748230225,-0.0095571409341768,0.036633340532117,0.0335315412714793,0.0063936409193019,-0.0095571409341768,-0.0640083899677961,0.0308121485536568,-0.0029587282483325,-0.0102898418140668,0.0366333405321172,0.0308121485536569,0.0110955498775405,-0.0385037432786292,-0.0064006480604545,0.0335315412714793,-0.0029587282483325,-0.0385037432786292,0.0074461157011823,0.0321685957949794,0.0063936409193019,-0.0102898418140668,-0.0064006480604545,0.0321685957949793,-0.0089918385742053,0.0767543859649122,0.057544757033248,0.0549118995896693,0.0550887021475256,0.0566355624675997,0.0986842105263157,0.104006820119352,0.09473811247888,0.0980392156862745,0.098755832037325,0.3326023391812865,0.3346121057118499,0.3414192614047791,0.3585434173669468,0.3474598237428719,0.1725146198830409,0.1790281329923273,0.1853729181752353,0.1771708683473389,0.1727579056505961,0.3194444444444444,0.3248081841432225,0.3235578083514361,0.3111577964519141,0.324390876101607,0.057,0.09775,0.34525,0.1785,0.3215,2217
0.0370689621700116,0.0631064712574448,-0.0236276416303309,0.0212692972807965,-0.0289174003986414,0.0631064712574448,0.012224470492451,-0.0151187328757074,-0.0098254581305305,0.0010431584716843,-0.0236276416303311,-0.0151187328757071,0.012013370514603,0.0054006248415945,-0.0034485723336945,0.0212692972807966,-0.0098254581305308,0.0054006248415944,0.0269017661796711,-0.0243529095322605,-0.0289174003986414,0.0010431584716843,-0.0034485723336947,-0.0243529095322607,0.0270061358239808,0.0705346985210466,0.0686274509803921,0.0749807247494217,0.0716920239741816,0.0753681995792004,0.1353811149032992,0.1427335640138408,0.1466846569005397,0.1459197786998617,0.1443492636008416,0.3319112627986348,0.3291522491349481,0.3203546646106399,0.322498847395113,0.3253681995792005,0.176905574516496,0.1825259515570934,0.1797738370598817,0.1758875057630244,0.1851517883979561,0.2852673492605233,0.2769607843137255,0.2782061166795168,0.2840018441678192,0.2697625488428013,0.07325,0.1445,0.32425,0.18075,0.27725,4483
-0.0178907233925089,0.0261815592248921,0.0042568021707201,0.0500674252841494,-0.0394797002864635,0.026181559224892,-0.0966000066137353,0.0070215184884855,0.0246069934274534,0.0162161911324882,0.0042568021707202,0.0070215184884857,-0.0042384549993415,-0.0088278426899519,0.004797616002226,0.0500674252841495,0.0246069934274534,-0.0088278426899519,-0.0346247598877642,0.0058599293646772,-0.0394797002864633,0.0162161911324882,0.004797616002226,0.0058599293646772,-0.0061217177146262,0.0707434052757793,0.06768038163387,0.0692041522491349,0.0660203139427516,0.0722438391699092,0.1360911270983213,0.1532498509242695,0.1387687427912341,0.1363111726685134,0.1374837872892347,0.2877697841726618,0.2869707811568276,0.2902249134948096,0.2915512465373961,0.2876134889753566,0.171462829736211,0.1760584376863446,0.1820934256055363,0.1867497691597414,0.1794422827496757,0.3339328537170263,0.3160405485986881,0.3197087658592848,0.3193674976915974,0.3232166018158236,0.0695,0.13975,0.289,0.1805,0.32125,1485
-0.0070144904605566,-0.0545174165457185,0.028145862725191,0.0228095831950163,-0.0121424668550702,-0.0545174165457182,0.0253636587771202,0.0072165779712949,0.0398332053110939,-0.0082644218375076,0.0281458627251911,0.0072165779712949,-0.0071976173000658,-0.0227976206497455,0.001504094238557,0.0228095831950163,0.039833205311094,-0.0227976206497455,0.0055643625742179,-0.0102313970503598,-0.0121424668550702,-0.0082644218375076,0.0015040942385569,-0.0102313970503598,0.0130687639852642,0.1601153039832285,0.1676682692307692,0.1545248078266946,0.1553732762719924,0.1609306522299561,0.1096698113207547,0.1013621794871794,0.1032494758909853,0.0998573466476462,0.1048594998711008,0.2317872117400419,0.2367788461538461,0.2402166317260657,0.2439372325249643,0.2381412735241041,0.1712526205450733,0.1682692307692307,0.1792452830188679,0.1742748454588683,0.1770430523330755,0.3271750524109014,0.3259214743589743,0.3227638015373864,0.3265572990965287,0.3190255220417633,0.159,0.104,0.2385,0.17525,0.32325,1739
0.1374647310790462,0.0157972876040503,-0.0005666776619048,0.0097316792587754,-0.0419563373947313,0.0157972876040503,-0.0574692223582833,0.0239696832244387,0.0078168422795377,-0.0146080048262433,-0.0005666776619048,0.0239696832244388,0.0088225363691079,-0.0235101541560989,-0.0032395241812306,0.0097316792587756,0.0078168422795378,-0.0235101541560989,0.0451629967599022,-0.0057754510473937,-0.0419563373947313,-0.0146080048262433,-0.0032395241812306,-0.0057754510473937,0.0208385234132061,0.065121412803532,0.0743073047858942,0.0755427841634738,0.0747652582159624,0.0786677034733022,0.097682119205298,0.1049538203190596,0.0968710089399744,0.0984741784037558,0.1006998444790046,0.3264348785871964,0.3184298908480268,0.3233716475095785,0.3339201877934272,0.3273068947641265,0.1757726269315673,0.176112510495382,0.1816730523627075,0.1694835680751173,0.1785251425609124,0.3349889624724061,0.3261964735516373,0.3225415070242656,0.323356807511737,0.3148004147226542,0.0755,0.09925,0.32625,0.1775,0.3215,2480
-0.2221426345672119,0.0172429196819441,0.0582175325299352,-0.0607720196588401,0.0237169452439865,0.017242919681944,0.0292018264046236,-0.0366133297575379,0.0531245382474361,-0.0097256474068068,0.0582175325299351,-0.0366133297575377,-0.0109534446003103,0.0339168910269807,-0.0107239524445814,-0.0607720196588401,0.053124538247436,0.0339168910269805,-0.0454164846671318,-0.010694403648638,0.0237169452439864,-0.0097256474068068,-0.0107239524445814,-0.010694403648638,0.0154919558172842,0.0876887340301974,0.0705128205128205,0.0675728920409771,0.0761103924105217,0.0700483091787439,0.1054006968641114,0.1041181041181041,0.1111767796164959,0.1015523932729624,0.10829307568438,0.298780487804878,0.3288655788655789,0.3207249802994484,0.3064898663216904,0.3206521739130434,0.2049941927990708,0.1829836829836829,0.186695560809036,0.2020267356619232,0.1953166935050993,0.3031358885017421,0.3135198135198135,0.3138297872340425,0.3138206123329021,0.3056897477187332,0.07175,0.10725,0.31725,0.19325,0.3105,2584
0.0397805212620028,-0.1034350412588753,0.0305680834586123,0.007537904153574,-0.0139010401477592,-0.1034350412588753,0.0380054945546636,0.012803599538586,-0.0833507486169862,0.0439666544272639,0.0305680834586123,0.0128035995385861,0.010180507709136,-0.0089864459145287,-0.016164492353585,0.007537904153574,-0.0833507486169862,-0.0089864459145287,0.0328090513597737,0.0147441583710241,-0.0139010401477592,0.0439666544272639,-0.0161644923535848,0.0147441583710242,-0.001508669684006,0.0648148148148148,0.0744818652849741,0.0654366543665436,0.0669911914696337,0.0684383202099737,0.1064814814814814,0.0928324697754749,0.0952644526445264,0.1045433472415391,0.092257217847769,0.328395061728395,0.334412780656304,0.3353013530135301,0.3417941585535466,0.3442257217847769,0.178395061728395,0.1947322970639032,0.1813653136531365,0.1738525730180806,0.1770997375328084,0.3219135802469136,0.3035405872193437,0.3226322263222632,0.3128187297171998,0.3179790026246719,0.0675,0.0965,0.33875,0.17975,0.3175,2893
0.0276889106352015,-0.0172513239997902,-0.0213989658883431,0.0374662324219243,-0.0178663098454052,-0.0172513239997902,0.0444882752575059,0.0051391980652431,0.00812493405086,-0.0143857057437304,-0.0213989658883431,0.0051391980652431,-0.0086284835305212,0.0247839836978815,-6.322069757414006e-05,0.0374662324219243,0.00812493405086,0.0247839836978815,-0.0161052685058171,-0.0310081457772357,-0.0178663098454054,-0.0143857057437304,-6.322069757414006e-05,-0.0310081457772357,0.0349257960902528,0.1584867075664621,0.1658119658119658,0.1664880314397999,0.1568930041152263,0.1659122085048011,0.0991820040899795,0.0931623931623931,0.0969989281886388,0.0967078189300411,0.0989026063100137,0.238241308793456,0.232051282051282,0.2352625937834941,0.2274691358024691,0.2332647462277091,0.1949130879345603,0.2008547008547008,0.197481243301179,0.205761316872428,0.2087791495198902,0.3091768916155419,0.3081196581196581,0.3037692032868881,0.3131687242798354,0.2931412894375857,0.163,0.0975,0.23325,0.2025,0.30375,149
0.0946129470348573,-0.0384487084656774,-0.0188792328438718,0.0208634579632307,0.0038711832459483,-0.0384487084656777,0.0151429610950104,0.0159086763251629,-0.0023097133705269,-0.0104554187069265,-0.0188792328438718,0.0159086763251629,-0.0683230840441713,0.0086147955695337,0.0158218726432044,0.0208634579632307,-0.0023097133705269,0.0086147955695337,0.0002199390454644,-0.0065296501642619,0.0038711832459482,-0.0104554187069265,0.0158218726432041,-0.0065296501642619,0.0059330424225618,0.0531914893617021,0.0610088616223585,0.0598591549295774,0.0575242718446601,0.0585225679843005,0.2539007092198581,0.2407975460122699,0.2406103286384976,0.2450647249190938,0.2470563498738435,0.1446808510638297,0.1397409679618268,0.1517018779342723,0.1407766990291262,0.139753294084665,0.2521276595744681,0.2580947511929107,0.255281690140845,0.2574433656957929,0.2591813849172975,0.2960992907801418,0.3003578732106339,0.2925469483568075,0.2991909385113269,0.2954864031398935,0.05875,0.2445,0.142,0.2575,0.29725,676
0.0268484618945418,0.0326807802303857,-0.0022982635342185,-0.0082027747006383,-0.0288411940164614,0.0326807802303857,0.0312731120537569,-0.0298015617164553,0.0288460471259391,-0.0211255975047541,-0.0022982635342185,-0.0298015617164553,0.0147689011325374,-0.0214824299331342,0.0119760479041916,-0.0082027747006383,0.0288460471259391,-0.0214824299331342,0.0306156185941942,0.0003092406735822,-0.0288411940164614,-0.0211255975047539,0.0119760479041916,0.0003092406735824,0.016099537452042,0.1732209737827715,0.1721828211189913,0.1784090909090909,0.1794600938967136,0.1831337325349301,0.1022940074906367,0.1024428684003152,0.1089015151515151,0.1026995305164319,0.1079840319361277,0.3307584269662921,0.3398345153664303,0.3251262626262626,0.3370892018779343,0.3260479041916168,0.1789559925093633,0.1723798266351457,0.1813131313131313,0.1720657276995305,0.1774451097804391,0.2147705992509363,0.2131599684791174,0.20625,0.2086854460093896,0.2053892215568862,0.178,0.10575,0.33,0.1775,0.20875,1261
-0.0958821284298276,0.062010334152041,0.0087045939690029,0.0193808307299475,-0.0188692480359147,0.0620103341520409,0.0081448808606968,0.007552076605785,-0.0375308399915037,0.0023651368760065,0.0087045939690026,0.0075520766057849,-0.0056526256589168,-0.0178715331576926,0.0128769310754605,0.0193808307299475,-0.0375308399915037,-0.0178715331576926,0.0416500904331512,-0.0055547726418641,-0.0188692480359147,0.0023651368760063,0.0128769310754605,-0.0055547726418638,-0.0038248697916667,0.0813692480359147,0.0696457326892109,0.0736036838978015,0.0728109733183013,0.0756510416666666,0.0970819304152637,0.1026570048309178,0.1027183600713012,0.1073844419391206,0.1032552083333333,0.2780583613916947,0.2783816425120773,0.2820855614973262,0.2855129650507328,0.2768880208333333,0.2174523007856341,0.2300724637681159,0.2257130124777183,0.2125140924464487,0.2229817708333333,0.3260381593714927,0.3192431561996779,0.3158793820558526,0.3217775272453965,0.3212239583333333,0.07425,0.1035,0.2805,0.22175,0.32,4917
0.0209200872496529,0.0524724087820588,0.0166779138147111,0.015671509174108,-0.0484968053487038,0.0524724087820589,0.0159241366970835,0.0058111041097808,-0.0064412238325282,-0.0209671796404202,0.0166779138147112,0.0058111041097809,-0.0086081644768705,0.0017782961475049,0.0013572263684319,0.0156715091741082,-0.0064412238325282,0.0017782961475049,-0.0053052246011129,-0.0006659068683743,-0.0484968053487038,-0.0209671796404202,0.001357226368432,-0.0006659068683743,0.0185233283085584,0.0802845528455284,0.0776972624798711,0.0806324110671936,0.0807149362477231,0.0859767380385937,0.0980691056910569,0.1018518518518518,0.1028985507246376,0.1041666666666666,0.1056701030927835,0.3109756097560975,0.3144122383252818,0.3189723320158102,0.3156876138433515,0.3158207771609833,0.1801321138211382,0.1841787439613526,0.1826745718050066,0.1839708561020036,0.1831218609569125,0.3305386178861789,0.3218599033816425,0.3148221343873518,0.315459927140255,0.3094105207507269,0.082,0.1035,0.31625,0.183,0.31525,12
0.1141028294248567,0.0239625466306029,-0.03235881709803,-0.0362032053827789,0.0188674039817775,0.0239625466306029,0.0787327550287583,0.005725759098799,-0.0237673482923537,-0.0226716215826923,-0.03235881709803,0.0057257590987991,0.0020155256515789,0.0140303691423447,-0.0041081355885845,-0.0362032053827789,-0.0237673482923537,0.0140303691423449,0.0103221108196916,-0.0041031288706205,0.0188674039817774,-0.0226716215826923,-0.0041081355885848,-0.0041031288706205,0.0091161315893777,0.0671067106710671,0.0739348370927318,0.0782011803951757,0.0784923928077455,0.0743207941483803,0.0973597359735973,0.0918964076858813,0.0991788555298947,0.1021207929921622,0.1020114942528735,0.3352585258525852,0.322890559732665,0.3240954580446497,0.3201936376210235,0.3260841170323929,0.1872937293729372,0.1850459482038429,0.1782140107775211,0.1788842784693407,0.1814916405433646,0.3129812981298129,0.3262322472848789,0.3203104952527585,0.3203088981097279,0.3160919540229885,0.07575,0.09975,0.32475,0.18075,0.319,1833
0.0131605555420741,0.0560100692259283,-0.0004691531785128,0.0052395260579549,-0.0255996123718,0.0560100692259283,0.0199693376545246,-0.0184602475351374,-0.0530848175025338,0.0358922510291037,-0.0004691531785128,-0.0184602475351374,0.0248299319727891,-0.0297701376539549,-0.0039032006245121,0.005239526057955,-0.0530848175025338,-0.0297701376539551,0.0485828539581056,0.0242538300493541,-0.0255996123717998,0.0358922510291037,-0.0039032006245121,0.0242538300493542,-0.0189913105795933,0.0500821018062397,0.0479074889867841,0.0507738095238095,0.0504840940525587,0.0520491803278688,0.1071428571428571,0.1112334801762114,0.1155952380952381,0.1195251267865375,0.1094262295081967,0.3501642036124794,0.3564610866372981,0.3413095238095238,0.3604195481788843,0.3513661202185792,0.1798029556650246,0.1903450807635829,0.1861309523809523,0.1719686491470723,0.1763661202185792,0.312807881773399,0.2940528634361233,0.3061904761904762,0.297602581834947,0.3107923497267759,0.05075,0.1135,0.35,0.18075,0.305,3248
-0.1127907953304778,-0.0469169236941748,0.0423519835284542,0.0074700935067647,-0.0102500420083688,-0.0469169236941748,0.0154458944468154,0.0171059309615205,-0.010479125306096,-0.0077055517417337,0.0423519835284541,0.0171059309615204,-0.0074262137078211,0.0033335673425276,-0.008061768074526,0.0074700935067648,-0.010479125306096,0.0033335673425278,0.011964512948238,-0.0080274381572618,-0.0102500420083688,-0.0077055517417337,-0.008061768074526,-0.0080274381572618,0.0172084520073128,0.0701058201058201,0.065955766192733,0.0603318250377073,0.0625293841090738,0.0636457526465272,0.1104497354497354,0.1038704581358609,0.1036953242835595,0.1066055477197931,0.1063129357087529,0.3174603174603174,0.3258293838862559,0.3339617898441427,0.330394922425952,0.3341724761167054,0.1759259259259259,0.1791074249605055,0.1766591251885369,0.1751292900799247,0.1786728634133746,0.326058201058201,0.3252369668246445,0.3253519356460533,0.3253408556652562,0.3171959721146398,0.063,0.1055,0.3315,0.17725,0.32275,1491
-0.02528465889349,-0.0286345509731491,0.0044158509448536,0.0299051052502609,-0.0032141889618335,-0.0286345509731491,0.0143090471704208,-0.0364421469378546,0.0295060036251683,0.033925132323087,0.0044158509448536,-0.0364421469378546,0.0009101729328571,-0.0154439892102706,0.0245717834573062,0.0299051052502609,0.0295060036251683,-0.0154439892102706,0.0122401772956349,-0.013559987982666,-0.0032141889618333,0.033925132323087,0.0245717834573062,-0.013559987982666,-0.0381745847542427,0.107398568019093,0.1077494692144373,0.1042874396135265,0.1016174402250351,0.105086686293752,0.1211217183770883,0.1160651096956829,0.1220410628019323,0.1142756680731364,0.1137553156689565,0.3434765314240254,0.3575725406935598,0.3446859903381642,0.3503281762775433,0.3365227347072293,0.1724343675417661,0.1725053078556263,0.1804951690821256,0.1755743084857008,0.1801602878639188,0.255568814638027,0.2461075725406935,0.2484903381642512,0.2582044069385841,0.2644749754661433,0.10475,0.11775,0.345,0.17775,0.25475,2727
-0.0133286271137078,0.0377370712432538,0.0045164794328674,0.0090424873033568,-0.0178493574590801,0.0377370712432538,-0.0310579917515361,-0.0071159727123029,-0.0276555364942028,0.0084381654128096,0.0045164794328673,-0.0071159727123029,0.018121301775148,0.0002432075602806,-0.022468345302991,0.0090424873033569,-0.0276555364942028,0.0002432075602807,0.0073026294851927,-0.0019072819149639,-0.0178493574590801,0.0084381654128096,-0.022468345302991,-0.0019072819149639,0.0417395800777995,0.227238944630249,0.2157874617737003,0.2232371794871795,0.2222222222222222,0.2282527184101987,0.1048866592344853,0.1123853211009174,0.109775641025641,0.1120144534778681,0.1080802399700037,0.2588257153474544,0.2618501529051987,0.2552884615384615,0.259936766034327,0.2658417697787776,0.1828316610925306,0.1896024464831804,0.1844551282051282,0.1831526648599819,0.1848518935133108,0.2262170196952805,0.220374617737003,0.2272435897435897,0.2226738934056007,0.212973378327709,0.22425,0.109,0.26,0.1845,0.22225,3686
0.0856610133027357,0.0019960079840318,-0.0218944350680878,-0.009123813654029,0.0044124825409714,0.0019960079840321,0.0470411600426303,-0.026492330840157,0.0322464889498921,-0.007253525062417,-0.0218944350680876,-0.026492330840157,0.027245668172309,0.0051730998806207,-0.0167206293114283,-0.009123813654029,0.0322464889498921,0.0051730998806206,0.0016630328235607,-0.0146859681820259,0.0044124825409714,-0.0072535250624172,-0.0167206293114283,-0.0146859681820261,0.0272210898467722,0.0763473053892215,0.0833333333333333,0.0853281853281853,0.0842618384401114,0.0831315577078288,0.1032934131736526,0.0986312399355877,0.1062419562419562,0.1001624883936861,0.1042507398439601,0.3308383233532934,0.3323268921095008,0.3149292149292149,0.322075208913649,0.3291633037395749,0.1811377245508982,0.1737117552334943,0.1785714285714285,0.1792014856081708,0.1821361312886736,0.3083832335329341,0.3119967793880837,0.3149292149292149,0.3142989786443825,0.3013182674199623,0.0835,0.1035,0.32375,0.1795,0.30975,1424
0.0557609772873884,-0.0060191930524602,-0.0378759206963812,-0.0104612458392774,0.0065285847522138,-0.0060191930524602,-0.0004939147173919,0.0007746870990388,0.0381840915648743,-0.0161949709549482,-0.0378759206963812,0.0007746870990389,0.0295710120783007,-0.0014478764478764,-0.0017225774429943,-0.0104612458392774,0.0381840915648745,-0.0014478764478764,-0.0081872412953494,-0.0067470904380775,0.0065285847522137,-0.0161949709549482,-0.0017225774429943,-0.0067470904380775,0.0087617503852838,0.1654778887303851,0.1763048635824436,0.1818877551020408,0.1770833333333333,0.1741058655221745,0.1413456966238706,0.1405693950177935,0.140391156462585,0.1351351351351351,0.1427753934191702,0.2542796005706134,0.2448102016607354,0.2377551020408163,0.2453547297297297,0.2454220314735336,0.149548264384213,0.1423487544483986,0.1482142857142857,0.1492117117117117,0.1489985693848354,0.2893485496909177,0.2959667852906287,0.2917517006802721,0.2932150900900901,0.2886981402002861,0.17525,0.1405,0.245,0.148,0.29125,4605
-0.0247287329775391,-0.013190924920176,-0.0207916901576887,0.0152528511171992,0.0265786355171832,-0.013190924920176,-0.0910076209035626,0.0338472745505674,0.0127080418247373,-0.0091359893461708,-0.020791690157689,0.0338472745505674,0.0024533413137065,-0.0177364809746254,0.0031180667985849,0.015252851117199,0.0127080418247373,-0.0177364809746254,0.0032149596449608,0.0086905052635263,0.0265786355171828,-0.0091359893461708,0.0031180667985848,0.0086905052635262,-0.0146553084583909,0.0917132216014897,0.0906805877803557,0.0913608562691131,0.0881348698250106,0.0871212121212121,0.1091713221601489,0.1175560711523588,0.1041029561671763,0.1063807084933845,0.1087344028520499,0.3337988826815642,0.3159319412219644,0.3261977573904179,0.3327998292787025,0.3259803921568627,0.1922718808193668,0.19276875483372,0.1987130479102956,0.1946222791293214,0.1935531788472965,0.2730446927374301,0.2830626450116009,0.2796253822629969,0.2780623132735809,0.2846108140225787,0.0895,0.10775,0.327,0.19525,0.2805,4595
0.0189289012003693,-0.0153189405552718,0.010194404931247,-0.0193587416817906,0.0093892669480575,-0.0153189405552718,0.0043830709774719,-0.0041109070235283,-0.0155116616449055,0.0131700909432782,0.0101944049312471,-0.0041109070235283,-0.0238130021913804,0.0218080149114632,0.0053228351100691,-0.0193587416817908,-0.0155116616449058,0.0218080149114632,0.0056282203725723,-0.0045713640724647,0.0093892669480576,0.0131700909432782,0.0053228351100691,-0.0045713640724645,-0.0125334497657512,0.0745614035087719,0.0771642394822006,0.0752252252252252,0.0774712643678161,0.0752864157119476,0.2091557017543859,0.2050970873786407,0.2068468468468468,0.2091954022988505,0.2032869612656846,0.2288925438596491,0.2322006472491909,0.2367567567567567,0.2262068965517241,0.2300190943807965,0.1847587719298245,0.1840614886731391,0.1772972972972973,0.1802298850574712,0.1820785597381342,0.3026315789473684,0.3014765372168285,0.3038738738738739,0.3068965517241379,0.309328968903437,0.076,0.206,0.23125,0.18125,0.3055,731
-0.1971494899981394,0.0451202969943599,-0.0318677513057368,0.0254582348779152,0.0378200039753225,0.04512029699436,-0.0682498424700694,0.0279250618593142,-0.0064412238325282,-0.014045791290939,-0.0318677513057366,0.0279250618593142,-5.008827200270183e-05,0.0130628231198619,-0.0103144253357359,0.0254582348779154,-0.0064412238325282,0.0130628231198619,-0.0330907283779251,0.0026320206661329,0.0378200039753227,-0.014045791290939,-0.0103144253357361,0.0026320206661332,0.0076540231723088,0.0607553366174055,0.0484601449275362,0.0523672883787661,0.0494579945799458,0.0488306347982523,0.0878489326765188,0.0982789855072463,0.089430894308943,0.0925925925925925,0.0932922127987663,0.3596059113300492,0.338768115942029,0.3485174557627929,0.343947606142728,0.352094577229504,0.1798029556650246,0.1856884057971014,0.1820899091343854,0.1906052393857271,0.1840143921870984,0.3119868637110016,0.328804347826087,0.3275944524151123,0.3233965672990063,0.3217681829863788,0.05075,0.092,0.3485,0.1845,0.32425,1231
0.1134751773049645,0.0328820116054158,-0.0149836968243697,-0.0521393500116904,0.002659574468085,0.0328820116054158,0.0099547839105578,0.0213013468827423,0.048999048999049,-0.0627815315315316,-0.0149836968243697,0.0213013468827422,0.0052728539228519,-0.0065797185654072,-0.0027672182468694,-0.0521393500116904,0.0489990489990489,-0.006579718565407,0.0329392038793747,-0.0155932030932031,0.002659574468085,-0.0627815315315316,-0.0027672182468692,-0.0155932030932031,0.0315755208333333,0.0833333333333333,0.0909090909090909,0.0954084675014907,0.0989010989010989,0.09375,0.0984042553191489,0.1007371007371007,0.0995825879546809,0.0967643467643467,0.1081380208333333,0.2836879432624113,0.2735462735462735,0.2780262373285629,0.2813390313390313,0.2802734375,0.2154255319148936,0.1947174447174447,0.2060971973762671,0.198005698005698,0.2079427083333333,0.3191489361702128,0.3400900900900901,0.3208855098389982,0.324989824989825,0.3098958333333333,0.094,0.10175,0.2795,0.20475,0.32,1634
-0.0993189182040601,0.0738268473399639,0.0042404967439042,0.0038521728662573,-0.0088000530656464,0.0738268473399639,-0.0818864505888605,-0.0287672629057738,0.0237776967634787,0.024108367371739,0.0042404967439042,-0.0287672629057738,0.02315296566077,-0.0146126275158533,-0.0050049796593574,0.0038521728662572,0.0237776967634787,-0.0146126275158533,0.017094017094017,-0.0049779280548509,-0.0088000530656466,0.024108367371739,-0.0050049796593576,-0.0049779280548509,0.0018951669545974,0.0780516431924882,0.0657582938388625,0.0706989247311827,0.0707264957264957,0.0716248037676609,0.0977112676056338,0.1141390205371248,0.1085349462365591,0.1029914529914529,0.1029565672422815,0.3086854460093897,0.3189178515007899,0.3028225806451612,0.3145299145299145,0.3115515436944008,0.1942488262910798,0.1903633491311216,0.1978494623655914,0.1916666666666666,0.1959706959706959,0.3213028169014084,0.3108214849921011,0.3200940860215053,0.32008547008547,0.3178963893249607,0.071,0.1055,0.31,0.195,0.3185,3936
0.1194745895798442,0.0341514153396567,-0.0097441399945914,-0.0422373131294337,-0.00897213464776,0.0341514153396568,0.0221911925889223,-0.0203960207530107,-0.0081213693531103,0.0048988263264693,-0.0097441399945912,-0.0203960207530107,-0.009129319450732,-0.0040659289720617,0.0216867822879985,-0.0422373131294337,-0.0081213693531103,-0.0040659289720617,0.0296772303692718,-0.0002451794040623,-0.00897213464776,0.0048988263264694,0.0216867822879984,-0.0002451794040623,-0.0191912349553793,0.0596555965559655,0.0654362416107382,0.0684101654846335,0.0706115779645191,0.0683578621223857,0.1439114391143911,0.1456935123042505,0.1520390070921985,0.1502100840336134,0.148270074877356,0.2847478474784747,0.287751677852349,0.2845744680851064,0.2831465919701214,0.2758843273947844,0.1860393603936039,0.1799496644295302,0.179225768321513,0.1732026143790849,0.1785437645236251,0.3256457564575645,0.321168903803132,0.3157505910165484,0.3228291316526611,0.3289439710818487,0.06775,0.149,0.282,0.1785,0.32275,1210
0.0761736793482825,-0.0225524409921573,-0.0153228807663059,0.0453990453990453,-0.0169539739432214,-0.0225524409921571,0.0983388196808044,0.0234069061578985,-0.0977202466564168,0.0025650057679341,-0.0153228807663059,0.0234069061578984,0.0067396746127493,0.0002352387673488,-0.0115387445958619,0.0453990453990453,-0.0977202466564168,0.0002352387673488,0.0376057508924642,0.0020731956215828,-0.0169539739432211,0.0025650057679341,-0.0115387445958621,0.0020731956215827,0.012901495434571,0.0582010582010582,0.0644208037825059,0.0639653414882772,0.0601398601398601,0.0640681003584229,0.1081349206349206,0.0953506698187549,0.1032747196738022,0.116083916083916,0.1054787506400409,0.332010582010582,0.3193459416863672,0.3247961264016309,0.3269230769230769,0.3307731694828469,0.1706349206349206,0.1962174940898345,0.1787079510703363,0.172027972027972,0.1783794162826421,0.3310185185185185,0.3246650906225374,0.3292558613659531,0.3248251748251748,0.3213005632360471,0.063,0.10575,0.327,0.17875,0.3255,3268
0.036860879904875,0.0348791121680538,-0.0129827172744561,0.0150684375126924,-0.0255351366233049,0.0348791121680538,-0.0622275069361872,-0.0109154056065492,0.0022067882430987,0.0069122838067706,-0.0129827172744563,-0.0109154056065492,0.0230836913203251,-0.0260342962379214,0.006098799318116,0.0150684375126923,0.0022067882430986,-0.0260342962379211,0.0122100274555667,0.0078735344387784,-0.0255351366233052,0.0069122838067706,0.0060987993181161,0.0078735344387784,-0.0005651656481733,0.1396551724137931,0.1399425287356321,0.1468824940047961,0.1428150765606596,0.1487025948103792,0.069971264367816,0.0770114942528735,0.0732913669064748,0.0723400078523753,0.0719988594240091,0.2816091954022988,0.2810344827586207,0.2715827338129496,0.2852375343541421,0.2763045337895637,0.209051724137931,0.2117816091954023,0.2177757793764988,0.2096584216725559,0.2105788423153692,0.2997126436781609,0.2902298850574712,0.2904676258992806,0.289948959560267,0.2924151696606786,0.145,0.0725,0.278,0.21225,0.29225,1934
0.0761736793482825,0.0614926347574162,0.0028490028490028,-0.0064010064010064,-0.0331732380207752,0.0614926347574162,-0.0353266675918522,-0.0395773891917852,0.0388360568309152,0.0191565952674305,0.0028490028490029,-0.0395773891917849,0.0085291184192282,0.0105620874851642,-0.0035312615453351,-0.0064010064010064,0.0388360568309155,0.0105620874851644,-0.0275971115131954,-0.0063952206250879,-0.0331732380207752,0.0191565952674306,-0.0035312615453351,-0.0063952206250876,0.0080535536970482,0.0582010582010582,0.0591259640102827,0.0628205128205128,0.0634032634032634,0.0650899139953088,0.0912698412698412,0.1006855184233076,0.1010989010989011,0.0934731934731934,0.0953870211102423,0.3402777777777778,0.3547557840616966,0.3383394383394383,0.3376456876456876,0.3424550430023456,0.1798941798941798,0.1718080548414738,0.1768620268620268,0.1836829836829837,0.1798931456867344,0.3303571428571428,0.313624678663239,0.3208791208791209,0.3217948717948718,0.3171748762053687,0.063,0.09725,0.34125,0.17875,0.31975,553
0.0557795857036873,0.0095166882807521,0.0002699345950718,0.0098015586085,-0.0296010296010296,0.009516688280752,-0.048620086876455,0.0178586347678043,-0.038965356739145,0.0258532448837653,0.0002699345950719,0.0178586347678044,0.0025904842569351,-0.0034853881803209,-0.0077739136684327,0.0098015586085,-0.0389653567391448,-0.0034853881803209,0.0200617283950615,0.0047190047190045,-0.0296010296010296,0.0258532448837655,-0.0077739136684329,0.0047190047190047,0.0025988481586936,0.10882140274765,0.1141532016756433,0.1152188900379179,0.1141203703703703,0.1186615186615186,0.1379248011569052,0.1460203470975463,0.1367631851085832,0.1446759259259259,0.1356499356499356,0.2416847433116413,0.2374326750448833,0.2411237504308859,0.2425925925925925,0.2436293436293436,0.1782357194504699,0.187013764213046,0.1806273698724577,0.1763888888888889,0.1791505791505791,0.3333333333333333,0.3153800119688809,0.3262668045501551,0.3222222222222222,0.3229086229086229,0.11525,0.13925,0.24175,0.18,0.32375,491
-0.1499999999999999,0.0123456790123456,0.068100358422939,-0.0359116022099448,-0.0335124072652852,0.0123456790123457,0.1088342058359695,-0.0177441479711493,-0.0304305884416382,0.0024377335710156,0.068100358422939,-0.017744147971149,0.007549577557671,-0.0023300791434814,-0.0120932211393429,-0.0359116022099446,-0.0304305884416382,-0.0023300791434812,0.0397627260055147,-0.005259148388264,-0.0335124072652852,0.0024377335710157,-0.0120932211393429,-0.005259148388264,0.0203059747396006,0.0575,0.0493827160493827,0.046594982078853,0.0517955801104972,0.0516756203632642,0.0933333333333333,0.0842151675485008,0.0961768219832736,0.0973756906077348,0.094269634177539,0.325,0.3549382716049383,0.3461170848267622,0.3495626151012891,0.3529675108723458,0.1875,0.1865079365079365,0.1814217443249701,0.1738029465930018,0.1819519058582757,0.3366666666666666,0.3249559082892416,0.3296893667861409,0.3274631675874769,0.3191353287285751,0.05,0.0945,0.34875,0.181,0.32575,2962
0.0393518518518517,-0.0525012382367509,-0.0046429715017612,0.0562476406191014,-0.0162892901499951,-0.0525012382367509,0.0138263024300351,-0.0124756218422585,0.0060450634038917,0.0094105993065874,-0.004642971501761,-0.0124756218422583,-0.0082918005083292,0.0020340084471729,0.0140551517889765,0.0562476406191014,0.0060450634038918,0.0020340084471728,-0.0063841694145572,-0.0120790564229205,-0.0162892901499951,0.0094105993065874,0.0140551517889763,-0.0120790564229205,-0.0054939895857437,0.0576388888888888,0.063150074294205,0.0602785782901056,0.0566251415628539,0.0609773574089997,0.1770833333333333,0.1659237246161466,0.1703490233749599,0.1672329180822952,0.1666666666666666,0.2614583333333333,0.2634967805844477,0.2624079410822926,0.2597206493016232,0.2565921467469189,0.2083333333333333,0.2194155522535908,0.2203009926352865,0.2221593053982635,0.2234164517053597,0.2954861111111111,0.2880138682516097,0.2866634646173551,0.2942619856549641,0.292347377472055,0.06,0.16825,0.26025,0.22075,0.29075,2329
0.0656756529772403,-0.0056845011078421,0.0035125904691121,0.0005009235778467,-0.0260017681561361,-0.0056845011078419,0.0007104119865877,-0.0185234789751753,0.0106472767976024,0.0036676675277824,0.0035125904691121,-0.0185234789751753,-0.0365283013239972,0.0058907733206677,0.0265355349988606,0.0005009235778467,0.0106472767976024,0.0058907733206678,-0.0046333578422792,-0.0077741140571438,-0.0260017681561361,0.0036676675277824,0.0265355349988605,-0.0077741140571438,0.0005090976932814,0.1177248677248677,0.1267162471395881,0.1255574136008918,0.1259368836291913,0.1292762227876731,0.2197420634920635,0.2183447749809305,0.2225473801560758,0.2161735700197238,0.2176986146451795,0.1489748677248677,0.1522692601067887,0.1549609810479375,0.1486193293885601,0.1455329375176703,0.2111441798941798,0.2090007627765064,0.2100055741360089,0.2122287968441814,0.2128922815945716,0.3024140211640211,0.2936689549961861,0.2869286510590858,0.2970414201183431,0.2945999434549053,0.126,0.2185,0.1495,0.21125,0.29475,2195
0.1135734072022159,-0.0551069030601194,0.006206723352348,-0.0219724067450177,-0.0028883183568677,-0.0551069030601196,0.0995026268394875,-0.0434587377327662,-0.0090336026535751,0.0314610487374715,0.006206723352348,-0.0434587377327662,0.0237683014038918,-0.0118586716359068,-0.0059338994463564,-0.0219724067450179,-0.0090336026535748,-0.0118586716359065,0.0330376660042847,0.0010063935590811,-0.0028883183568679,0.0314610487374715,-0.0059338994463564,0.0010063935590812,-0.0030921574459648,0.0631578947368421,0.0751763668430335,0.0708077709611452,0.0728155339805825,0.0714557926829268,0.0997076023391812,0.0850970017636684,0.0986068507157464,0.0953536754507628,0.0915269308943089,0.3239766081871345,0.3401675485008818,0.3182515337423313,0.3298659269533056,0.3279344512195122,0.1842105263157894,0.1818783068783069,0.1823875255623722,0.1742949607027276,0.1800685975609756,0.3289473684210526,0.3176807760141093,0.3299463190184049,0.3276699029126214,0.3290142276422764,0.07125,0.0945,0.326,0.18025,0.328,3064
-0.0062930991901934,-0.0017375849629788,0.0331683915971385,-0.0232362923242805,-0.0048389337833292,-0.0017375849629788,-0.0109230995324709,-0.008887954440077,0.0068167303155507,0.0187034715329302,0.0331683915971385,-0.0088879544400772,-0.0141297576946834,0.0326019416368807,-0.0305838582754189,-0.0232362923242803,0.0068167303155506,0.0326019416368809,-0.0283355226121224,0.0026283267480112,-0.0048389337833292,0.0187034715329301,-0.0305838582754192,0.0026283267480112,0.0075921354367644,0.158742736397253,0.1580241040279099,0.1525176862255514,0.1614155251141552,0.1585133418043202,0.2632065504490227,0.2656200444021567,0.2650853100291302,0.260958904109589,0.2578356628547226,0.193608029582673,0.2020298128766254,0.2030794839783603,0.1937214611872146,0.2063744176196527,0.1867406233491812,0.181255946717412,0.1765501456512692,0.1876712328767123,0.1820203303684879,0.19770206022187,0.1930700919758959,0.2027673741156887,0.1962328767123287,0.1952562473528166,0.15775,0.26275,0.20025,0.1825,0.19675,657
-0.0586011342155008,-0.0115747495379827,-0.0142708125263555,-0.0110755995095379,0.0349346931472536,-0.0115747495379825,-0.0243115508644089,0.0139013079083173,-0.0084179628716021,0.0011139650712109,-0.0142708125263553,0.0139013079083173,-0.0072489089113971,-0.003937161180058,0.0072331562462581,-0.0110755995095377,-0.0084179628716021,-0.003937161180058,-0.0221074007885744,0.0211354828399057,0.0349346931472536,0.0011139650712108,0.0072331562462583,0.0211354828399057,-0.0256312553980593,0.0608695652173913,0.058165548098434,0.0583205717202654,0.0581368469717984,0.0554912551440329,0.1130434782608695,0.1144668158090976,0.1101965288412455,0.1126907073509015,0.1116255144032921,0.331159420289855,0.3219612229679344,0.3288667687595712,0.3277854831252889,0.3241383744855967,0.1822463768115942,0.1817673378076062,0.1809596733027054,0.1842348589921405,0.1764403292181069,0.3126811594202898,0.3236390753169276,0.3216564573762123,0.3171521035598705,0.3323045267489712,0.0575,0.11175,0.3265,0.18025,0.324,2374
-0.000813160693063,0.0023522900235229,0.0399955988336908,-0.0175733021712234,-0.0143215622667678,0.0023522900235229,-0.0336088154269971,0.0076670317634173,-0.0003074715588808,0.0087750087750086,0.0399955988336909,0.0076670317634174,-0.0064353800745149,0.0116044787945468,-0.020607526631623,-0.0175733021712234,-0.0003074715588806,0.0116044787945468,-0.0049540165749624,0.002029892672508,-0.0143215622667676,0.0087750087750088,-0.020607526631623,0.0020298926725081,0.0129346113902099,0.1095890410958904,0.1092424242424242,0.1051204819277108,0.1114242765877489,0.111068211068211,0.1371765601217656,0.1421212121212121,0.1364457831325301,0.1375422773393461,0.1362934362934363,0.1992009132420091,0.2059090909090909,0.2088353413654618,0.2050920706501315,0.2117760617760617,0.2256468797564688,0.2218181818181818,0.2191767068273092,0.2228485531754979,0.2212998712998713,0.3283866057838661,0.3209090909090909,0.3304216867469879,0.3230928222472755,0.3195624195624195,0.1095,0.1375,0.2075,0.22175,0.32375,2225
-0.0166666666666666,0.0177777777777777,-0.0050071530758226,0.0185185185185184,-0.0073960724305024,0.0177777777777777,0.013925925925926,-0.0065172468605947,0.0086419753086419,-0.0045056533197314,-0.0050071530758224,-0.0065172468605945,0.0043000321325579,-0.0037487415885126,0.0001017958762817,0.0185185185185184,0.008641975308642,-0.0037487415885126,-0.0030864197530864,0.0003967241916743,-0.0073960724305024,-0.0045056533197314,0.0001017958762817,0.0003967241916744,0.0020970791338577,0.0508333333333333,0.0491111111111111,0.0502503576537911,0.049074074074074,0.0503698036215251,0.0920833333333333,0.0924444444444444,0.0943609918931807,0.0929398148148148,0.0941724049987248,0.35125,0.3517777777777778,0.347997138769671,0.3508101851851852,0.3494644223412395,0.1766666666666666,0.1784444444444444,0.1806747734859322,0.1805555555555555,0.1799285896454986,0.3291666666666666,0.3282222222222222,0.3267167381974249,0.3266203703703704,0.326064779393012,0.05,0.09375,0.3495,0.18,0.32675,4264
0.0140783298978115,-0.048298514466093,0.0082355164134255,-0.0363527309378497,0.0236692589143033,-0.0482985144660927,0.0587100437972103,-0.0034996419674644,-0.0137710478716446,0.0218676492450736,0.0082355164134256,-0.0034996419674644,0.0077332880057763,0.0156118118785439,-0.0201244924145127,-0.0363527309378497,-0.0137710478716446,0.0156118118785439,0.0205232419765292,0.003052472067343,0.0236692589143033,0.0218676492450734,-0.0201244924145127,0.0030524720673428,-0.0084760125890761,0.186092715231788,0.197866344605475,0.1871955462769659,0.1956115779645191,0.1842824273799252,0.1084988962472406,0.0974235104669887,0.1038622129436325,0.1049253034547152,0.1012366983031348,0.2375275938189845,0.2403381642512077,0.2376478775226165,0.2357609710550887,0.2443198159332758,0.1849889624724061,0.1809581320450885,0.1757132915796798,0.1748366013071895,0.1779551337359793,0.2828918322295806,0.2834138486312399,0.295581071677105,0.2888655462184873,0.2922059246476848,0.18875,0.1035,0.2395,0.1785,0.28975,1170
0.1518737672583826,0.0600273662918674,0.0096375569088865,-0.0752688172043012,-0.0187110187110186,0.0600273662918674,0.0202464457017349,0.0018981175168365,-0.0402328212437455,0.0014542218718552,0.0096375569088866,0.0018981175168365,0.0023244304672709,-0.0036513071722799,-0.0028915486255993,-0.075268817204301,-0.0402328212437452,-0.0036513071722799,0.0269535186711488,0.0173302936276287,-0.0187110187110186,0.0014542218718552,-0.0028915486255993,0.0173302936276287,-0.0033640921671811,0.0551282051282051,0.0610982211910286,0.0643735588009223,0.0698924731182795,0.0662162162162162,0.1012820512820512,0.105568445475638,0.1075454778375608,0.1120850864890135,0.1075933075933076,0.3221153846153846,0.3246326372776489,0.3244939789905201,0.326437587657784,0.3261904761904762,0.1916666666666666,0.1854215003866976,0.1789008455034589,0.1734455352968677,0.1751608751608751,0.3298076923076923,0.3232791956689868,0.3246861388675378,0.3181393174380552,0.3248391248391248,0.065,0.10775,0.32525,0.17825,0.32375,132
0.0,-0.0570175438596491,0.0265804597701149,-0.018390804597701,-0.0015349194167306,-0.0570175438596489,0.0258541089566021,0.0226104053236539,0.0006049606775558,-0.0232796111537476,0.0265804597701149,0.0226104053236539,0.0060196195005944,-0.029198044655833,-0.0008586139266004,-0.018390804597701,0.0006049606775559,-0.029198044655833,0.0322631787554498,0.0158872981007577,-0.0015349194167304,-0.0232796111537478,-0.0008586139266002,0.0158872981007577,-0.0008978238031094,0.05,0.0528508771929824,0.0486709770114942,0.050919540229885,0.0500767459708365,0.1004166666666666,0.0925438596491228,0.0928520114942528,0.0949425287356321,0.097211563059606,0.33875,0.3401315789473684,0.3459051724137931,0.3581609195402299,0.3482987976464569,0.1845833333333333,0.181140350877193,0.1865421455938697,0.1754022988505747,0.1783704272192376,0.32625,0.3333333333333333,0.32602969348659,0.3205747126436781,0.3260424661038629,0.05,0.095,0.348,0.18125,0.32575,471
0.0833333333333334,0.0172101449275361,0.0052418394091018,-0.0344827586206897,-0.0040774719673801,0.0172101449275362,-0.1371691871455578,-0.0055060032528411,0.0529735132433781,0.0124872579001019,0.0052418394091018,-0.0055060032528411,0.0050417236996439,0.0170318700549654,-0.0140853485706624,-0.0344827586206895,0.0529735132433782,0.0170318700549654,-0.0349583828775268,-0.0084712995184363,-0.0040774719673801,0.0124872579001019,-0.0140853485706624,-0.0084712995184363,0.0168710078650319,0.0458333333333333,0.0491394927536231,0.0497379080295449,0.0517241379310344,0.050203873598369,0.0904166666666666,0.1046195652173913,0.0925065522992613,0.0871264367816092,0.0908511722731906,0.3479166666666666,0.3516757246376811,0.3479866571360495,0.3437931034482758,0.3546763506625892,0.1875,0.1716485507246377,0.1781629735525375,0.1875862068965517,0.1827854230377166,0.3283333333333333,0.3229166666666667,0.3316059089826066,0.3297701149425287,0.3214831804281345,0.05,0.092,0.34975,0.18125,0.327,3225
-0.0158568911604577,0.0449215919018124,-0.010322882529872,0.011803029428181,-0.0126038228393905,0.0449215919018126,-0.0024277547184587,-0.0055295714301737,-0.0236308836732077,-0.0103409818323401,-0.010322882529872,-0.0055295714301739,-0.0156283884399079,0.0029343693172425,0.0281641020406426,0.011803029428181,-0.0236308836732077,0.0029343693172424,-0.0153296313799622,0.0141604253801511,-0.0126038228393907,-0.0103409818323403,0.0281641020406429,0.014160425380151,-0.0276480705740649,0.1912350597609561,0.1797935103244837,0.1901932826362484,0.1860280797101449,0.1906226696495153,0.1349048251438689,0.1415929203539823,0.142031051964512,0.1445878623188405,0.142710663683818,0.2657149181053563,0.2644542772861357,0.2671102661596958,0.2622282608695652,0.2555928411633109,0.1818282425852146,0.1883480825958702,0.1834600760456273,0.186820652173913,0.1813944817300522,0.2263169544046038,0.225811209439528,0.2172053231939163,0.2203351449275362,0.2296793437733035,0.18825,0.14125,0.263,0.184,0.2235,1405
0.0137722435128345,-0.0385502416745642,-0.0077823753863501,-0.0051139313208965,0.0227487697182883,-0.0385502416745642,0.0513865237598033,0.0117191055147786,0.0031993274112633,-0.0249563663419349,-0.0077823753863501,0.0117191055147788,0.0095804944266059,-0.012196269520782,-0.0047581912092136,-0.0051139313208965,0.0031993274112634,-0.012196269520782,-0.0208249573747871,0.0218637021449207,0.0227487697182883,-0.0249563663419347,-0.0047581912092136,0.0218637021449207,-0.0025298121479915,0.0722411831626848,0.0760738052026618,0.0738200589970501,0.0736245954692556,0.0715836526181353,0.1430602957906712,0.1306715063520871,0.1361356932153392,0.1373092926490984,0.1411877394636015,0.2846985210466439,0.279189352692075,0.2797935103244838,0.2859454461396209,0.2838441890166028,0.1811717861205916,0.1796733212341197,0.1824483775811209,0.1840036985668053,0.176309067688378,0.3188282138794084,0.3343920145190562,0.3278023598820059,0.3191169671752196,0.3270753512132822,0.07325,0.13775,0.2825,0.18025,0.32625,2876
-0.0460879720999891,0.0122897067633865,-0.0379624311813402,0.0168165762655381,0.0474731524907106,0.0122897067633866,-0.0082834671401215,-0.0201522284790724,-0.0270553429230042,0.0385368357855721,-0.03796243118134,-0.0201522284790724,0.0191279859316721,0.009462457979512,-0.0055269844477885,0.0168165762655382,-0.027055342923004,0.009462457979512,-0.0088601660465144,-0.002297400783819,0.0474731524907103,0.0385368357855718,-0.0055269844477885,-0.002297400783819,-0.0252951879197744,0.1184694628403237,0.1118581907090464,0.1175492453312867,0.1113455227379278,0.107873665480427,0.1009933774834437,0.1030969845150774,0.1043105653619851,0.1050164088138771,0.0983096085409252,0.3381162619573216,0.3323145884270578,0.3195190585827577,0.3226676043131739,0.3275504151838671,0.1747608535688005,0.1825590872045639,0.1760680480941417,0.1793248945147679,0.1781583629893238,0.2676600441501103,0.2701711491442543,0.2825530826298286,0.2816455696202531,0.2881079478054567,0.11325,0.10225,0.32575,0.17775,0.281,4504
-0.0390386633584232,0.0302088618298662,0.0029220488527499,0.0276256775132832,-0.0202232986470634,0.0302088618298663,0.0153999485596706,0.0060944411434609,-0.0202392083528129,-0.0126057856292434,0.0029220488527499,0.0060944411434605,-0.0236579912578653,0.0103993486552681,0.0124581017410781,0.0276256775132834,-0.0202392083528129,0.0103993486552682,-0.0307473508416131,0.008525220868168,-0.0202232986470636,-0.0126057856292436,0.0124581017410781,0.0085252208681679,-0.0034211427477284,0.1137747336377473,0.1061921296296296,0.1091800356506238,0.1064749883122954,0.1117144512018534,0.1396499238964992,0.1417824074074074,0.1431224004753416,0.146914446002805,0.145815233130611,0.2796803652968037,0.2787905092592592,0.2871360665478312,0.2775829827021973,0.2770055024616276,0.1733257229832572,0.1818576388888889,0.1763963161021984,0.1837307152875175,0.176730379380249,0.2935692541856925,0.2913773148148148,0.2841651812240047,0.2852968676951846,0.2887344338256588,0.1095,0.144,0.2805,0.17825,0.28775,4692
-0.0439853394630187,-0.0234479229489921,-0.0173258128488433,0.0317374932759547,0.0221318101192596,-0.0234479229489921,0.0038520111081249,-0.0469079694854732,0.0355000191065764,0.0310405047602951,-0.0173258128488433,-0.0469079694854732,0.0106271353207928,0.0152861439990151,0.0085778337283899,0.0317374932759547,0.0355000191065764,0.0152861439990152,-0.0419417412424405,-0.0169097797963777,0.0221318101192595,0.0310405047602951,0.00857783372839,-0.0169097797963777,-0.0204965301149806,0.0780379041248606,0.0765027322404371,0.076045104510451,0.0723776223776223,0.0730956471935853,0.1560758082497212,0.1519125683060109,0.1596534653465346,0.1470862470862471,0.1477663230240549,0.3082497212931995,0.3172131147540983,0.2997799779977997,0.2983682983682983,0.3004009163802978,0.173076923076923,0.1724043715846994,0.176017601760176,0.1862470862470862,0.1817726231386025,0.2845596432552954,0.2819672131147541,0.2885038503850385,0.2959207459207459,0.2969644902634593,0.07475,0.1525,0.303,0.17875,0.291,2826
-0.0716503415259497,0.0288204105202373,-0.0260486778381221,0.0241934604607551,0.0186244644228149,0.0288204105202373,0.0997830986824561,0.0014328003135941,-0.0191349734739167,-0.0319080141450129,-0.0260486778381221,0.001432800313594,0.0132011426249297,-0.0253754095185156,0.0051845191406324,0.0241934604607551,-0.0191349734739167,-0.0253754095185156,0.0557596354388177,-0.0028024546567029,0.018624464422815,-0.0319080141450127,0.0051845191406325,-0.0028024546567029,0.0035113148036624,0.0691214470284237,0.0626410835214447,0.0661801397205588,0.0629395218002813,0.0632987220447284,0.1075581395348837,0.0996990218209179,0.1105913173652694,0.1128691983122362,0.1142838125665601,0.3427002583979328,0.3335214446952596,0.3295908183632735,0.3424753867791842,0.3322683706070287,0.1734496124031007,0.1811512415349887,0.1822604790419161,0.1678387248007501,0.1782481363152289,0.3071705426356589,0.322987208427389,0.311377245508982,0.313877168307548,0.3119009584664536,0.0645,0.11075,0.334,0.17775,0.313,287
-0.1232888217015202,0.048306191163334,-0.0056338350074851,-0.0292247134352396,0.0321331784746418,0.048306191163334,0.0554899645808736,-0.0166459410519885,-0.0148220674536463,3.405982949677977e-06,-0.0056338350074851,-0.0166459410519885,-0.0114093680280955,0.0100365228249734,0.0130765935263337,-0.0292247134352396,-0.0148220674536463,0.0100365228249734,0.0247041231543739,-0.0143482336947904,0.0321331784746419,3.405982949677977e-06,0.0130765935263338,-0.0143482336947906,-0.0127265557826006,0.0707671957671957,0.0599567099567099,0.0633549316054715,0.0648411569464201,0.0609756097560975,0.0916005291005291,0.0909090909090909,0.0978521718262539,0.0976766239924134,0.0962496721741411,0.3492063492063492,0.353030303030303,0.3512119030477562,0.343764817449028,0.3427091528979806,0.1808862433862433,0.1783549783549783,0.1739860811135109,0.1714082503556187,0.1782717020718594,0.3075396825396825,0.3177489177489177,0.3135949124070074,0.3223091512565196,0.3217938630999213,0.063,0.09625,0.34725,0.17575,0.31775,1869
0.0062672584115518,-0.0126496345409699,0.0196098262875374,-0.0143489180063667,-0.0218494177331949,-0.0126496345409699,0.0089381896526625,-0.0056293381428649,0.009276235050952,0.0064530485091234,0.0196098262875374,-0.0056293381428649,-0.0129286829810066,0.0029122069749955,0.0124119823367945,-0.0143489180063667,0.0092762350509523,0.0029122069749956,-0.0039113539491277,0.0031897926634769,-0.0218494177331949,0.0064530485091233,0.0124119823367944,0.0031897926634768,-0.0204081632653059,0.2052058111380145,0.2091121495327103,0.2024505708716235,0.2094630515683147,0.2110119047619047,0.2708837772397094,0.2651090342679127,0.2690058479532163,0.2650186071238702,0.2657738095238095,0.2933817594834544,0.3009345794392523,0.3031189083820663,0.2983785220627326,0.2955357142857143,0.1589991928974979,0.1552959501557632,0.1562935115566694,0.1573631047315258,0.15625,0.0715294592413236,0.0695482866043613,0.0691311612364243,0.0697767145135566,0.0714285714285714,0.2065,0.2675,0.29925,0.15675,0.07,3114
0.0310077519379845,-0.01836764923715,-0.0277604662096413,0.034351410488923,-0.0152128774502402,-0.01836764923715,0.0246392686653955,0.0417411563189684,-0.0165147938617891,-0.0166273858384073,-0.0277604662096411,0.0417411563189684,0.0093120686876965,0.0076323246127625,-0.0219001929548201,0.0343514104889232,-0.0165147938617891,0.0076323246127625,-0.0294813157357041,0.0133053307224054,-0.0152128774502404,-0.0166273858384076,-0.0219001929548203,0.0133053307224054,0.0177528623183469,0.125,0.1313694267515923,0.1325811001410437,0.1245686680469289,0.130962461191081,0.1598837209302325,0.1531316348195329,0.1504466384579219,0.1595928226363009,0.1596104995766299,0.1821705426356589,0.1698513800424628,0.1755994358251058,0.1758971704623878,0.1811318092012419,0.233204134366925,0.245488322717622,0.2396567936060178,0.2486197377501725,0.238286762630539,0.2997416020671835,0.3001592356687898,0.3017160319699106,0.2913216011042098,0.290008467400508,0.129,0.157,0.17725,0.2415,0.29525,3625
-0.0548523206751054,0.0124475499920995,0.0390579273353076,-0.0300494307007255,-0.0060012320410149,0.0124475499920996,-0.0182600705472122,-0.010788443701668,-0.0135249630878684,0.0231022527436238,0.0390579273353075,-0.010788443701668,-0.0201938368289975,0.033530063658153,-0.0072989221170232,-0.0300494307007255,-0.0135249630878684,0.0335300636581531,0.0064960365058504,-0.0140027923074752,-0.0060012320410149,0.0231022527436238,-0.0072989221170232,-0.0140027923074752,0.0018951669545974,0.0833333333333333,0.0780166435506241,0.0759144237405107,0.0813739050253573,0.0794740973312401,0.178006329113924,0.183541377716135,0.1821946169772256,0.1826878745965882,0.1760858189429618,0.2320675105485232,0.2441054091539528,0.2463768115942029,0.233402489626556,0.2432626896912611,0.1861814345991561,0.1831946370781322,0.1746894409937888,0.1795758414015675,0.1832810047095761,0.3204113924050633,0.3111419325011558,0.3208247066942719,0.3229598893499308,0.3178963893249607,0.079,0.18025,0.2415,0.18075,0.3185,2312
0.0071323090457786,0.0004304366540724,-0.022286135803113,0.0477457108658067,-0.0092384612052696,0.0004304366540724,0.021249403447467,-0.0024863678236533,-0.0110893672537508,0.0023767138555825,-0.022286135803113,-0.002486367823653,0.0089187495962933,-0.0215274200387585,0.0158515403244069,0.0477457108658067,-0.0110893672537508,-0.0215274200387585,0.000437855757803,0.0073076822336886,-0.0092384612052696,0.0023767138555824,0.015851540324407,0.0073076822336886,-0.0212201753135254,0.127831715210356,0.1286945812807881,0.1316193399846508,0.1226027397260274,0.1299394518801784,0.1014563106796116,0.0993431855500821,0.1017523663341008,0.1026255707762557,0.1012587635436583,0.333009708737864,0.326559934318555,0.3228447173190074,0.3327625570776256,0.3205863607393244,0.1737864077669902,0.1845238095238095,0.1864287541570734,0.1824200913242009,0.1811663479923518,0.263915857605178,0.2608784893267651,0.2573548222051676,0.2595890410958904,0.2670490758444869,0.12875,0.1015,0.32575,0.1825,0.2615,4923
0.041627478976718,0.0711275479487399,-0.0161533340341288,-0.0079515041816229,-0.0170126954853251,0.0711275479487401,-0.119919041996964,0.0384898548163853,0.0010912448585578,-0.0253986519809306,-0.0161533340341286,0.0384898548163854,-0.0021865889212828,0.0201066576214973,-0.0153850569763769,-0.0079515041816229,0.0010912448585579,0.0201066576214972,-0.0256725060939271,-0.0015252989235245,-0.0170126954853251,-0.0253986519809303,-0.0153850569763771,-0.0015252989235245,0.0290184532393312,0.1085356880058866,0.1051948051948051,0.115079365079365,0.1141505078485688,0.115176687763713,0.0894039735099337,0.1077922077922077,0.0925453514739229,0.0961449676823638,0.0986946202531645,0.2987490802060338,0.2826839826839827,0.2946428571428571,0.2880886426592798,0.2985232067510548,0.1819352465047829,0.1803030303030303,0.1768707482993197,0.1851338873499538,0.1807753164556962,0.3213760117733628,0.324025974025974,0.3208616780045351,0.3164819944598337,0.3068301687763713,0.11325,0.09625,0.294,0.1805,0.316,1618
-0.051862673484295,-0.0936069759599171,0.041184041184041,-0.0108582924116904,0.0038496646426161,-0.0936069759599171,0.0229441314688247,0.0304303539597656,0.0086060902737087,-0.0200475865155833,0.0411840411840411,0.0304303539597656,-0.0159863945578231,-0.015454725579552,0.0060834906649884,-0.0108582924116904,0.0086060902737087,-0.0154547255795522,0.0381674396594342,-0.004478605949886,0.0038496646426162,-0.0200475865155833,0.0060834906649883,-0.004478605949886,0.0006921668704353,0.0972972972972973,0.1011586452762923,0.0886904761904762,0.0935043920480813,0.092143906020558,0.1022522522522522,0.0913547237076648,0.0906547619047619,0.0926953305594082,0.095374449339207,0.3355855855855856,0.339349376114082,0.3555952380952381,0.3554091539528433,0.347870778267254,0.1822072072072072,0.178698752228164,0.1830357142857142,0.1733703190013869,0.1810572687224669,0.2826576576576576,0.2894385026737968,0.2820238095238095,0.2850208044382801,0.2835535976505139,0.0925,0.0935,0.35,0.18025,0.28375,994
0.0604952951365952,0.0178345683334306,0.0336732905554635,-0.0013333544140357,-0.0510098641552545,0.0178345683334306,-0.0908122686318464,0.023128068359227,0.0026928456885375,-0.001030338318295,0.0336732905554636,0.0231280683592272,0.0044609575683096,-0.0289428411823249,-0.002112198045852,-0.0013333544140354,0.0026928456885376,-0.0289428411823249,0.0047849786861269,0.0261616261088926,-0.0510098641552545,-0.001030338318295,-0.002112198045852,0.0261616261088927,-0.001935323415517,0.0613026819923371,0.0640862944162436,0.063052817791256,0.0653370013755158,0.0685783936361303,0.096743295019157,0.1074450084602368,0.0962218852666161,0.098234754699679,0.098601488324352,0.3186462324393359,0.3221235194585448,0.3282789992418499,0.3392939018798716,0.3304464973056197,0.1819923371647509,0.1812605752961082,0.1870103613848875,0.1808803301237964,0.1769951244547087,0.3413154533844189,0.3250846023688663,0.3254359363153905,0.3162540119211371,0.3253784962791891,0.06525,0.0985,0.32975,0.18175,0.32475,1803
-0.0209750311547527,0.0036558083701641,-0.0183774584482783,0.0648366487292663,-0.0141571198964789,0.0036558083701641,0.0037675986515961,0.0008479225896552,0.0068116897385189,-0.0072094600058472,-0.0183774584482783,0.0008479225896552,-0.0167237507370745,0.0066139759391294,0.0111449595774208,0.064836648729266,0.0068116897385188,0.0066139759391292,-0.0345480615750883,-0.0095788213615299,-0.0141571198964789,-0.0072094600058472,0.0111449595774208,-0.0095788213615297,0.0059997108149923,0.076062639821029,0.0742276422764227,0.0758691206543967,0.0696696696696696,0.0755547054322876,0.2553131991051454,0.2552845528455285,0.2560327198364008,0.2545045045045045,0.2580974241264983,0.2074944071588366,0.2035772357723577,0.2071574642126789,0.2024024024024024,0.2014792144861004,0.1297539149888143,0.1378048780487805,0.1378323108384458,0.1435435435435435,0.1400790614639122,0.3313758389261745,0.3291056910569105,0.3231083844580777,0.3298798798798799,0.3247895944912012,0.0745,0.25625,0.20375,0.13875,0.32675,2642
0.0024193295001099,-0.0458097614400883,-0.0185978382723099,0.0174866830076546,0.0216895152811328,-0.0458097614400883,-0.0316242470545833,0.0575817547827725,0.0106602257895875,-0.0370334525619364,-0.0185978382723099,0.0575817547827727,0.0036773605593289,-0.0136557365463032,-0.007754748315949,0.0174866830076546,0.0106602257895876,-0.0136557365463032,0.0557298432471753,-0.0270933593217383,0.0216895152811328,-0.0370334525619362,-0.007754748315949,-0.0270933593217383,0.0271941919642222,0.1027508090614886,0.1077184054283291,0.1049155773420479,0.1011988716502115,0.1007659799260433,0.1027508090614886,0.1013570822731128,0.0925925925925925,0.097202632816173,0.1018885367142102,0.3116909385113268,0.2883799830364716,0.3048747276688453,0.3101786553831688,0.3083729529846804,0.1741504854368932,0.1753604749787956,0.1796704793028322,0.1673718852844381,0.1820522979397781,0.3086569579288026,0.3271840542832909,0.3179466230936819,0.3240479548660084,0.3069202324352879,0.103,0.09825,0.306,0.17725,0.3155,4802
-0.0282302928921662,0.0249707491224738,0.0161605217160205,0.0171507199370976,-0.0259567046270647,0.0249707491224736,0.0312224408850196,-0.0107637177454806,0.0342707480103954,-0.030390922087673,0.0161605217160204,-0.0107637177454806,-0.0183911802217653,0.0025530507405914,0.0141742909270583,0.0171507199370976,0.0342707480103956,0.0025530507405915,-0.0540163777929472,0.0082539102146945,-0.0259567046270647,-0.0303909220876728,0.0141742909270584,0.0082539102146945,0.0038451576913114,0.092797783933518,0.0879963898916967,0.0887915129151291,0.0887021475256769,0.0925925925925925,0.1350415512465373,0.1341756919374248,0.139990774907749,0.1337535014005602,0.1427091427091427,0.2666204986149584,0.2739169675090253,0.2759840098400984,0.2703081232492997,0.2671587671587672,0.175438596491228,0.1723826714801444,0.1780442804428044,0.188141923436041,0.177026677026677,0.3301015697137581,0.3315282791817088,0.3171894218942189,0.319094304388422,0.3205128205128205,0.09025,0.1385,0.271,0.1785,0.32175,3535
-0.1155886437629487,-0.0107387001326395,-0.0062893081761006,0.0153143522722482,0.0233493637266152,-0.0107387001326395,0.0140603566529492,0.0280689494525973,-0.0044815329933549,-0.0292078349800657,-0.0062893081761006,0.0280689494525971,0.017633796131482,0.0010584232118333,-0.0270901402093819,0.0153143522722483,-0.0044815329933549,0.0010584232118333,-0.0432766365999239,0.0217967550412726,0.0233493637266151,-0.0292078349800659,-0.0270901402093819,0.0217967550412725,0.0212088982779281,0.0674931129476584,0.0611496913580246,0.060880503144654,0.0595734816875289,0.0590873634945397,0.109159779614325,0.1064814814814814,0.1049685534591195,0.1084840055632823,0.1111544461778471,0.3333333333333333,0.3219521604938271,0.3254088050314465,0.3308993973110802,0.3402236089443577,0.1769972451790633,0.1805555555555555,0.1795597484276729,0.1875289754288363,0.1758320332813312,0.3130165289256198,0.3298611111111111,0.3291823899371069,0.3135141400092721,0.313702548101924,0.0605,0.108,0.33125,0.17975,0.3205,4831
0.0038395962813659,0.0177423375264383,0.0325162697353921,-0.0043285897098221,-0.0345201902642908,0.0177423375264381,-0.0015423752578971,-0.0133662520443424,0.0163124191756698,-0.000610352605102,0.032516269735392,-0.0133662520443427,-0.0153693170952919,0.0391663753340926,-0.011682524388775,-0.0043285897098224,0.0163124191756698,0.0391663753340927,-0.048771088575249,-0.0138482535109321,-0.0345201902642908,-0.0006103526051017,-0.011682524388775,-0.0138482535109321,0.0279593565990834,0.0869149952244508,0.0857019810508182,0.084412955465587,0.0876276694521819,0.0902618866005593,0.095033428844317,0.0968992248062015,0.0980431848852901,0.0951717734447539,0.0968090516145436,0.2987106017191977,0.3128768303186908,0.3134952766531714,0.2966573816155989,0.3123569794050343,0.180276981852913,0.1765719207579672,0.1724696356275303,0.1882544103992572,0.1819857615052123,0.3390639923591213,0.3279500430663221,0.331578947368421,0.332288765088208,0.3185863208746504,0.08725,0.09675,0.30875,0.1795,0.32775,3911
-0.0394557823129251,0.0264273248566442,0.019916142557652,-0.0130047912388775,0.0072278911564626,0.0264273248566441,-0.0142265837011046,-0.0139177011645645,-0.0042967056201195,0.0131305576331755,0.0199161425576518,-0.0139177011645648,-0.0111348443495116,-0.0011343139660524,0.0098863182589598,-0.0130047912388775,-0.0042967056201195,-0.0011343139660524,0.0224973190706485,-0.0144714970176982,0.0072278911564626,0.0131305576331755,0.0098863182589596,-0.0144714970176982,-0.0127314814814814,0.1819047619047619,0.1703752181500872,0.1715146750524109,0.1772758384668035,0.173735119047619,0.0929761904761904,0.0968586387434555,0.0968291404612159,0.0959103353867214,0.0942460317460317,0.3116666666666666,0.3224258289703315,0.3215408805031446,0.3183607118412047,0.3148561507936508,0.2466666666666666,0.2445462478184991,0.2437762054507337,0.238021902806297,0.2470238095238095,0.1667857142857143,0.1657940663176265,0.1663390985324947,0.1704312114989733,0.1701388888888889,0.175,0.0955,0.318,0.2435,0.168,2107
-0.0273078276108402,0.0365585785433113,0.0092729203640743,0.0384997324622584,-0.0326759803087466,0.0365585785433114,-0.0037256191102343,-0.0285139696904404,-0.0148101057191967,0.0244190859102465,0.0092729203640744,-0.0285139696904404,-0.0022832662476754,-0.0046994004213254,0.0104573728030795,0.0384997324622584,-0.0148101057191967,-0.0046994004213256,-0.0144014651903459,0.0051447322078304,-0.0326759803087466,0.0244190859102465,0.0104573728030797,0.0051447322078304,-0.0098855745289843,0.100932994062765,0.0946581196581196,0.0973389355742296,0.0944674012855831,0.1014604150653343,0.0939355385920271,0.0978632478632478,0.1002801120448179,0.0989439853076216,0.0951191391237509,0.2947413061916878,0.305982905982906,0.2981792717086834,0.2988980716253444,0.2943889315910837,0.1745122985581,0.1841880341880342,0.1823529411764705,0.1841138659320477,0.1805662311042787,0.3358778625954198,0.3173076923076923,0.3218487394957983,0.3235766758494031,0.3284652831155521,0.09825,0.0975,0.2975,0.1815,0.32525,3044
0.0543905008139423,-0.0663142585444984,0.0100568285368722,0.0383459550426733,-0.020756475731597,-0.0663142585444986,-0.025226285004738,-0.0059473689304414,0.0567141820565034,-0.0046705677539093,0.0100568285368722,-0.0059473689304414,-9.173181058508284e-05,-0.0222333146149207,0.0122609872241314,0.0383459550426733,0.0567141820565035,-0.0222333146149205,0.0141340978824001,-0.0089856489645536,-0.0207564757315967,-0.0046705677539091,0.0122609872241317,-0.0089856489645536,-0.0027913759941664,0.0557909604519774,0.0629125412541254,0.0584066471163245,0.0567375886524822,0.0602246320681642,0.1076977401129943,0.1035478547854785,0.1016006842619745,0.0952718676122931,0.1014717273431448,0.3375706214689266,0.3430280528052805,0.3410312805474095,0.3485815602836879,0.3368190033565711,0.1694915254237288,0.1662541254125412,0.1801686217008797,0.1737588652482269,0.1778337206300025,0.3294491525423729,0.3242574257425742,0.3187927663734115,0.3256501182033097,0.3236509166021172,0.059,0.101,0.341,0.17625,0.32275,416
-0.1037527593818983,0.0158718413555811,-0.0292318724427385,0.0296524723500104,0.0136105616238065,0.0158718413555809,0.017924950324064,0.0364018076361953,-0.045294516231443,-0.0112094609301311,-0.0292318724427385,0.0364018076361953,0.0079381178411565,-0.0134897867673673,-0.0157305539471144,0.0296524723500104,-0.045294516231443,-0.0134897867673673,0.0115399473828471,0.0268690173270325,0.0136105616238066,-0.0112094609301314,-0.0157305539471144,0.0268690173270327,-0.0023120818575363,0.0833333333333333,0.0743016759776536,0.0777070063694267,0.0732612383375742,0.0744724025974025,0.2201986754966887,0.2197392923649906,0.2156050955414012,0.2338846480067854,0.2262581168831169,0.2019867549668874,0.1891061452513966,0.194692144373673,0.1988973706530958,0.1993371212121212,0.1906732891832229,0.2054003724394786,0.1991507430997877,0.1942324003392705,0.191220238095238,0.3038079470198676,0.3114525139664804,0.3128450106157112,0.2997243426632739,0.3087121212121212,0.0755,0.22375,0.19625,0.1965,0.308,977
-0.0584741921000517,0.0228282708141659,0.007433518165308,0.0015226779161778,0.0199491230419066,0.0228282708141659,0.0558994062698059,-0.0279973521280323,-0.0118496450474387,-0.0026632116893399,0.007433518165308,-0.0279973521280323,0.0213702011605801,-0.0249760736006916,0.0084451068057626,0.0015226779161779,-0.0118496450474387,-0.0249760736006914,0.0168853139263941,0.0107858243451465,0.0199491230419066,-0.0026632116893399,0.0084451068057626,0.0107858243451463,-0.0269972451790632,0.1796759941089838,0.1658749010292953,0.1684881602914389,0.1694915254237288,0.1663636363636363,0.102847324496809,0.0993665874901029,0.1081967213114754,0.1064971751412429,0.105530303030303,0.2270495827196858,0.2351543942992874,0.2238615664845173,0.2344632768361582,0.2268181818181818,0.2209131075110456,0.2238717339667458,0.226775956284153,0.2175141242937853,0.2188636363636363,0.2695139911634757,0.2757323832145685,0.2726775956284153,0.2720338983050847,0.2824242424242424,0.16975,0.10525,0.22875,0.22125,0.275,2417
0.0757959988729219,-0.0330297675683022,0.0195219601774073,-0.0069027018179559,-0.0242085661080073,-0.0330297675683022,0.0035617687593376,0.0204332511081577,-0.0071851739996686,-0.0099453034885637,0.0195219601774075,0.0204332511081577,-0.0136187365697477,-0.0276762915216024,0.0041614916052669,-0.0069027018179559,-0.0071851739996686,-0.0276762915216024,0.0519174139345981,0.0115146350351349,-0.0242085661080073,-0.0099453034885639,0.0041614916052669,0.011514635035135,0.0129833650635123,0.1051282051282051,0.1175071360608943,0.1115293770298199,0.1145351823317925,0.1165037243947858,0.2714285714285714,0.261814145258484,0.2573811632713315,0.2646379044684129,0.2653631284916201,0.2767399267399267,0.2764827148747225,0.2860938883968113,0.2900616332819722,0.2810754189944134,0.1633699633699633,0.1634157944814462,0.16674047829938,0.1538263995891114,0.1603817504655493,0.1833333333333333,0.1807802093244529,0.1782550930026572,0.1769388803287108,0.1766759776536312,0.11375,0.26275,0.28225,0.16225,0.179,505
-0.0109920884968144,0.0056927717674809,-0.0263737759144984,0.0155578378789608,0.0232685694998207,0.0056927717674808,-0.0191981308823205,0.0081333068835548,-0.0005791529579928,0.013651698318652,-0.0263737759144986,0.0081333068835548,0.0085245757960269,0.006435138186275,-0.0035204696622987,0.0155578378789608,-0.000579152957993,0.0064351381862749,0.0030380060760122,-0.0261817709467537,0.0232685694998204,0.0136516983186519,-0.0035204696622987,-0.026181770946754,-0.0156034259312227,0.1743961352657004,0.1715179968701095,0.177049476345251,0.1698162729658792,0.1684861717612809,0.2647342995169082,0.2713615023474178,0.2640845070422535,0.2664041994750656,0.2626152353226589,0.2368357487922705,0.2288732394366197,0.2287829541350668,0.229265091863517,0.2315623483745754,0.1562801932367149,0.1588419405320813,0.1577284218129288,0.158267716535433,0.1629063561377972,0.1677536231884058,0.1694053208137715,0.1723546406644998,0.1762467191601049,0.1744298884036875,0.1725,0.26625,0.23075,0.15875,0.17175,4152
0.1283448165358116,-0.0156644227568953,-0.0039407353419291,0.0022612303890714,-0.031769859794227,-0.0156644227568953,-0.0920541192669857,0.0211139192142482,0.0217854816564276,0.0012673975130973,-0.0039407353419291,0.0211139192142482,-0.0061460948028608,-0.0151524365997539,0.0087893819963759,0.0022612303890715,0.0217854816564276,-0.0151524365997537,0.037219051107516,-0.0141594840644159,-0.031769859794227,0.0012673975130975,0.008789381996376,-0.0141594840644159,0.0091218161599001,0.0860759493670886,0.1002968617472434,0.0991391476150155,0.0985267034990791,0.1018872736546799,0.0997890295358649,0.1072943172179813,0.0961755574372001,0.0961095764272559,0.0981254781943381,0.2964135021097046,0.2890161153519932,0.2970646344905447,0.2997237569060773,0.29265493496557,0.180590717299578,0.1770568278201865,0.1837425910245554,0.1742633517495396,0.1835628666156592,0.3371308016877637,0.3263358778625954,0.3238780694326841,0.3313766114180478,0.3237694465697526,0.09875,0.09825,0.29525,0.181,0.32675,4255
0.0411159391764699,0.0056204063986164,0.0083391022733602,0.0022947221390799,-0.0270203233757575,0.0056204063986166,-0.0133744855967079,-0.0161042944785274,0.0080290080290079,0.0233510402833112,0.0083391022733602,-0.0161042944785276,0.0120064737099628,0.000743632645473,-0.0067093588834845,0.0022947221390802,0.0080290080290079,0.0007436326454731,0.0271732929075586,-0.0266625804474409,-0.0270203233757575,0.0233510402833111,-0.0067093588834843,-0.0266625804474409,0.0178727321788543,0.0616083009079118,0.0638888888888888,0.0637142126789366,0.0641025641025641,0.0659860557768924,0.178988326848249,0.1824074074074074,0.1828987730061349,0.1785547785547785,0.175796812749004,0.3232814526588846,0.33125,0.3220858895705521,0.3257575757575757,0.3281872509960159,0.1783398184176394,0.1773148148148148,0.1786170756646216,0.1738927738927738,0.18351593625498,0.2577821011673151,0.2451388888888888,0.2526840490797546,0.2576923076923076,0.2465139442231075,0.06425,0.18,0.326,0.17875,0.251,3941
-0.0030477219243085,0.0535035512546756,-0.0398687549473859,0.0329537612146307,-0.0170353419781339,0.0535035512546756,-0.044932079414838,0.0030701195911627,0.0001306165099268,-0.0004349717268377,-0.0398687549473857,0.0030701195911627,0.0229052947683344,-0.017488716956802,0.0072772929334059,0.0329537612146306,0.0001306165099268,-0.0174887169568018,0.009375,-0.00518341307815,-0.0170353419781337,-0.0004349717268377,0.0072772929334061,-0.0051834130781498,0.0049067863220468,0.1211180124223602,0.1142894461859979,0.1255641521598968,0.1167708333333333,0.1228070175438596,0.1509661835748792,0.1666666666666666,0.1590103159252095,0.1594791666666666,0.1595693779904306,0.2688060731538992,0.2577063740856844,0.2525789813023855,0.2630208333333333,0.2566188197767145,0.1934092477570738,0.1999738766980146,0.2034977433913604,0.198125,0.2010366826156299,0.2657004830917874,0.2613636363636363,0.2593488072211476,0.2626041666666667,0.2599681020733652,0.12075,0.1595,0.2585,0.2,0.26125,414
-0.0499999999999998,-0.1359649122807016,0.028175740210124,0.0951061865189288,-0.0355862775217614,-0.1359649122807018,-0.0710987996306555,0.0247825868395917,-0.0120522913933032,0.0217479181825531,0.0281757402101241,0.0247825868395917,-0.0053967810882777,-0.029190379054256,0.01041231108705,0.0951061865189289,-0.0120522913933032,-0.0291903790542562,-0.0141624655018506,0.0280596794759961,-0.0355862775217612,0.0217479181825531,0.0104123110870498,0.0280596794759961,-0.0276049372228945,0.0525,0.056798245614035,0.0485912129894937,0.0452446906740535,0.051779313876088,0.1079166666666666,0.1017543859649122,0.0926456542502387,0.0961449676823638,0.0929339477726574,0.3391666666666666,0.3403508771929824,0.3508834765998089,0.3591874422899354,0.3453661034306196,0.1633333333333333,0.1826754385964912,0.1857688634192932,0.183056325023084,0.1754352278545826,0.3370833333333333,0.3184210526315789,0.3221107927411652,0.3163665743305632,0.3344854070660522,0.05,0.095,0.349,0.1805,0.3255,4148
-0.0148981217100789,-0.006081605399455,-0.0056948988246696,0.0096776694649439,0.0073157699237038,-0.006081605399455,-0.0171632323435553,0.0025892153551727,0.0166095841819304,-0.0033286396499976,-0.0056948988246698,0.0025892153551727,0.0113378684807256,0.0207976080552257,-0.0195407853487479,0.0096776694649439,0.0166095841819303,0.0207976080552257,-0.0640393080675154,0.0096033872429129,0.0073157699237039,-0.0033286396499976,-0.0195407853487479,0.009603387242913,0.0087109525048635,0.1329516539440203,0.1317966903073286,0.1317460317460317,0.1297322253000923,0.1300416341399947,0.1063931297709923,0.1075650118203309,0.1054761904761904,0.1039935364727608,0.1061020036429872,0.2639949109414758,0.2618203309692671,0.2595238095238095,0.2570406278855032,0.2676294561540463,0.1787531806615776,0.1775019700551615,0.1767460317460317,0.1920590951061865,0.1787665886026541,0.3179071246819338,0.3213159968479117,0.3265079365079365,0.3171745152354571,0.3174603174603174,0.131,0.10575,0.2625,0.1805,0.32025,1183
-0.022246807904944,-0.0194920387677397,0.0354792776608315,-0.0091290293760537,-0.0222891295174099,-0.0194920387677395,0.0641276041666667,-0.0183571777940816,0.0646058611502898,-0.0320137185427453,0.0354792776608315,-0.0183571777940816,-0.0029951696542107,-0.0023797032252412,0.0011692019371918,-0.0091290293760535,0.0646058611502899,-0.0023797032252412,0.0093120686876965,-0.0206352849187008,-0.0222891295174099,-0.0320137185427455,0.0011692019371918,-0.020635284918701,0.026561629813957,0.0820353063343717,0.0818142361111111,0.0774027879677182,0.0809826046074283,0.0820387026437721,0.097871235721703,0.08984375,0.0977622890682318,0.0897978373295721,0.0990733169801035,0.3286604361370716,0.3470052083333333,0.3417706040596723,0.3415608838740009,0.3403515944399018,0.1788681204569055,0.1657986111111111,0.177671802396674,0.1755994358251058,0.1809076042518397,0.3125649013499481,0.3155381944444444,0.3053925165077036,0.3120592383638928,0.2976287816843826,0.08025,0.096,0.34075,0.17725,0.30575,485
0.0751615881809787,-0.0344586566016635,-0.0095713158960584,-0.0274448497481325,0.0177898734566477,-0.0344586566016635,0.0652705688974953,0.0043874723866783,-0.0129997063451363,-0.0226888725165557,-0.0095713158960586,0.0043874723866784,-0.0177230464564981,-0.0115531601762848,0.0220540131460077,-0.0274448497481327,-0.0129997063451363,-0.011553160176285,0.0299153677744012,0.0071531254790685,0.0177898734566477,-0.0226888725165557,0.0220540131460077,0.0071531254790685,-0.0134054751035872,0.1098245614035087,0.1228419654714475,0.1198865937626569,0.1220090759075907,0.116637452527023,0.1947368421052631,0.1759628154050465,0.1874240583232077,0.1906971947194719,0.1925211802512416,0.207719298245614,0.2048472775564409,0.2093965168084244,0.2081270627062706,0.2012123867952089,0.2075438596491228,0.2046259406817175,0.2043337383556095,0.1959570957095709,0.2005550686532281,0.2801754385964912,0.2917220008853475,0.2789590927501013,0.2832095709570957,0.2890739117732983,0.11875,0.18825,0.20575,0.202,0.28525,893
-0.0070914086284992,-0.0821761263289122,-0.0129650778648533,0.0110635633023692,0.0389921687076894,-0.0821761263289122,0.1171451488740908,-0.0060259526127086,-0.043813108778306,0.0268710630353109,-0.0129650778648533,-0.0060259526127086,-0.0050777310821448,0.0167557449879349,0.0028276798354479,0.0110635633023693,-0.043813108778306,0.0167557449879349,-0.0054281382952712,-0.0018770391336013,0.0389921687076892,0.0268710630353109,0.0028276798354479,-0.0018770391336013,-0.0290890936392209,0.1349502487562189,0.1450116009280742,0.1357373204338903,0.1325174825174825,0.1287750493931696,0.1166044776119403,0.0951276102088167,0.1083992963940193,0.1124708624708624,0.1048546429579452,0.2879353233830846,0.2859628770301624,0.2856933450600997,0.2794871794871795,0.2834462320067739,0.1767723880597015,0.1865815931941222,0.1757549105834066,0.1797202797202797,0.1790855207451312,0.2837375621890547,0.2873163186388244,0.294415127528584,0.2958041958041958,0.30383855489698,0.134,0.10775,0.28425,0.17875,0.29525,805
0.0748299319727889,0.0011937922801431,-0.0027367268746578,-0.0076065437115764,-0.0231750484204902,0.0011937922801431,-0.0099756105761645,-0.0053469087183428,-0.0118064402089441,0.0343807339748222,-0.0027367268746578,-0.0053469087183428,0.0041250128447909,0.0009250176759421,-0.0020079565951791,-0.0076065437115766,-0.0118064402089441,0.0009250176759419,0.0104493358040179,0.0005350257743295,-0.0231750484204904,0.0343807339748222,-0.0020079565951791,0.0005350257743297,-0.0202562836574746,0.0809523809523809,0.0873955431754874,0.0877394636015325,0.0881655725747629,0.0895278167367929,0.1792857142857143,0.1812906220984215,0.1804597701149425,0.1816192560175054,0.1733286582515194,0.3271428571428571,0.3279944289693593,0.3249042145593869,0.3259482129832239,0.3269050958391772,0.2302380952380952,0.2311977715877437,0.2282886334610472,0.2261123267687819,0.2283777466105656,0.1823809523809524,0.1721216341689879,0.1786079182630906,0.1781546316557257,0.1818606825619448,0.0875,0.1795,0.32625,0.2285,0.17825,555
0.0155621231558464,0.00044543050112,-0.0198391140733293,0.0049767958572989,0.0066188559218309,0.0004454305011198,-0.0123749086275042,0.0012223233988793,-0.0188924239952139,0.022112715890189,-0.0198391140733293,0.0012223233988793,-0.0229948434124334,0.0358530473365978,0.0074359561475141,0.0049767958572989,-0.0188924239952139,0.0358530473365978,-0.0216620941929583,-0.0159325084968899,0.0066188559218308,0.022112715890189,0.0074359561475142,-0.0159325084968899,-0.0095974910831386,0.1695694242864054,0.1721732745961821,0.1756672873991309,0.1713927469135802,0.1711099020674646,0.1134494436381228,0.1149045521292217,0.1133612662942271,0.1156442901234567,0.1109902067464635,0.2738268021286889,0.2681718061674009,0.2746741154562384,0.2588734567901234,0.2665034457743924,0.2149250120948234,0.2200807635829662,0.2082557417752948,0.220679012345679,0.2194414218353282,0.2282293178519593,0.224669603524229,0.2280415890751086,0.2334104938271605,0.2319550235763511,0.17225,0.1135,0.2685,0.216,0.22975,3825
0.1,-0.0175438596491228,-0.0066953610712578,-0.0795191863153028,0.040868454661558,-0.0175438596491226,-0.0156971375807939,0.0019884718971027,0.0449424532204296,-0.0196948309470996,-0.0066953610712576,0.0019884718971028,0.0071543892078298,7.36264195472236e-05,-0.0072359006213456,-0.0795191863153026,0.0449424532204297,7.362641954711258e-05,0.0381674396594342,-0.0220656353900412,0.040868454661558,-0.0196948309470994,-0.0072359006213458,-0.0220656353900412,0.0193919642988212,0.045,0.0508771929824561,0.0503347680535628,0.0539759593157651,0.047956577266922,0.0966666666666666,0.0964912280701754,0.0948110951697752,0.0907304669440591,0.0968710089399744,0.3508333333333333,0.3478070175438597,0.3460066953610712,0.3484743411927878,0.351021711366539,0.1945833333333333,0.1721491228070175,0.1802367288378766,0.1733703190013869,0.1842273307790549,0.3129166666666667,0.3326754385964912,0.328610712577714,0.3334489135460009,0.3199233716475095,0.05,0.095,0.3485,0.18025,0.32625,1197
-0.0973936899862824,0.0090814768183353,0.0031867911271705,0.0244641369385745,0.0116976118725899,0.0090814768183354,-0.0285506397344226,-0.0022254082314194,0.0192159520788798,0.0049048401527712,0.0031867911271706,-0.0022254082314194,0.0100758477096966,-0.0131428001396578,-0.0029234150609223,0.0244641369385746,0.0192159520788797,-0.0131428001396578,-0.0157200747738592,0.0086361904148484,0.0116976118725901,0.0049048401527711,-0.002923415060922,0.0086361904148483,-0.0149649928929487,0.1111111111111111,0.1003305004721435,0.1009273373983739,0.0987730061349693,0.1000656167979002,0.1748971193415638,0.1815391879131256,0.1768927845528455,0.1731083844580777,0.1756342957130358,0.326954732510288,0.3287299338999055,0.3246951219512195,0.3323108384458078,0.3289588801399825,0.1987654320987654,0.1998347497639282,0.2064278455284552,0.2069529652351738,0.2019903762029746,0.1882716049382716,0.189565627950897,0.1910569105691057,0.1888548057259713,0.1933508311461067,0.10125,0.1765,0.328,0.20375,0.1905,4253
0.1645356681174391,0.03870040936241,-0.0331318973294281,-0.1120153450422007,0.0400973208260865,0.0387004093624099,-0.021762043524087,0.0116100352320827,0.0156560023264973,-0.015115604775731,-0.0331318973294283,0.0116100352320825,0.0044098152206261,0.0026492130278945,-0.0046998499654389,-0.1120153450422007,0.0156560023264973,0.0026492130278948,0.0020372341088199,0.0099191631927459,0.0400973208260865,-0.0151156047757308,-0.0046998499654389,0.0099191631927462,-0.0015402385088072,0.0507544581618655,0.0583989501312336,0.0627627627627627,0.0675549322113137,0.0583140877598152,0.1526063100137174,0.1622047244094488,0.1569069069069069,0.1562646096306685,0.1611496022581472,0.2866941015089163,0.2742782152230971,0.2762762762762762,0.2767648433847592,0.2788042083654093,0.1982167352537722,0.1754593175853018,0.1777777777777777,0.1778868630201028,0.1764819091608929,0.3117283950617284,0.3296587926509186,0.3262762762762762,0.3215287517531557,0.3252501924557351,0.06075,0.15875,0.2775,0.17825,0.32475,4058
0.1166666666666667,0.0053050397877983,-0.011904761904762,0.0179806362378976,-0.0166666666666666,0.0053050397877985,-0.0037829483544291,0.0311986863711001,0.009432404767932,-0.0385635584574575,-0.0119047619047618,0.0311986863711001,-0.0054421768707482,-0.00309556741092,0.0003663003663003,0.0179806362378976,0.009432404767932,-0.00309556741092,0.0141481851335331,-0.0100365287087278,-0.0166666666666666,-0.0385635584574577,0.0003663003663002,-0.010036528708728,0.0189349112426036,0.0441666666666666,0.04973474801061,0.050595238095238,0.0491009681881051,0.0508333333333333,0.09375,0.0946065428824049,0.0913095238095238,0.0933609958506224,0.0978846153846153,0.3541666666666667,0.3390804597701149,0.3519047619047619,0.351083448593822,0.3498717948717949,0.1775,0.1790450928381962,0.1813095238095238,0.1781927155371138,0.1825641025641025,0.3304166666666667,0.3375331564986737,0.3248809523809524,0.3282618718303365,0.3188461538461538,0.05,0.09425,0.35,0.18075,0.325,1293
0.0452599645160137,-0.088736430497325,-0.0031712800399279,-0.0077188253909048,0.0225172230124028,-0.0887364304973248,-0.0532807894399591,0.0244947672320462,0.0362208021555883,0.0044045320627497,-0.0031712800399279,0.0244947672320461,0.0123985346330938,-0.0103901430353572,-0.0155674153878553,-0.0077188253909046,0.0362208021555882,-0.0103901430353572,0.0016630328235607,0.0010392211628709,0.0225172230124028,0.0044045320627497,-0.0155674153878553,0.0010392211628708,0.0066226066255442,0.1105111591072714,0.1260212418300653,0.1161170756646216,0.1166434540389972,0.1131436314363143,0.1110511159107271,0.1074346405228758,0.0995015337423312,0.09830547818013,0.1015507377295995,0.3270338372930165,0.3180147058823529,0.3219580777096114,0.3293871866295265,0.3310749774164408,0.1808855291576674,0.1729983660130719,0.1813650306748466,0.1792014856081708,0.1793134598012646,0.2705183585313175,0.275531045751634,0.2810582822085889,0.2764623955431755,0.2749171936163806,0.11575,0.102,0.326,0.1795,0.27675,2221
-0.0728992896700591,0.0025582919123754,0.0211584399860053,0.0130034401142232,0.0048477261210874,0.0025582919123753,0.0498517058269842,-0.0074368167970573,0.0017874376435726,-0.0241175724449671,0.0211584399860053,-0.0074368167970571,0.0156490403648089,-0.0185892538833716,-0.0182875390569843,0.0130034401142232,0.0017874376435726,-0.0185892538833716,-0.0130249784130749,0.0297377920163802,0.0048477261210873,-0.0241175724449669,-0.0182875390569843,0.0297377920163801,0.0154458944468154,0.1563750714694111,0.1453771289537712,0.1426661573720397,0.1438547486033519,0.1450434439178515,0.1366495140080045,0.1301703163017031,0.1380188439011968,0.1367551210428305,0.1403041074249605,0.3203259005145797,0.3296836982968369,0.3221288515406162,0.3333333333333333,0.3332345971563981,0.176672384219554,0.1786800486618004,0.1823274764451235,0.1813314711359404,0.1736769352290679,0.2099771297884505,0.216088807785888,0.2148586707410237,0.2047253258845437,0.2077409162717219,0.14575,0.137,0.32725,0.179,0.211,3504
0.0159146286258625,-0.032805663530693,-0.0259169297391954,0.0365056079169541,0.0059725783052012,-0.0328056635306932,0.0347119767014572,-0.0077027552462551,0.0306671353550848,-0.0280203113877619,-0.0259169297391954,-0.0077027552462551,0.017949997123744,-0.0103140800182712,-0.0020731344273192,0.036505607916954,0.0306671353550848,-0.0103140800182714,-0.0094907328244082,-0.0005679544163739,0.0059725783052012,-0.0280203113877619,-0.0020731344273192,-0.0005679544163739,0.0141769864278669,0.0715922107674685,0.0751366120218579,0.0746354566385264,0.0700942170240415,0.0723154949282966,0.1102520045819014,0.1030444964871194,0.1075722691225377,0.1034762833008447,0.1097411682406435,0.3341924398625429,0.3282591725214676,0.3199027884369403,0.3291098115659519,0.3264253235396992,0.2471363115693012,0.2486338797814207,0.2591455615246866,0.2589343729694607,0.2566456803077999,0.2368270332187858,0.2449258391881342,0.2387439242773087,0.2383853151397011,0.2348723329835607,0.07275,0.10675,0.32575,0.2565,0.23825,3654
0.0137421026581652,-0.0102568623993417,-0.009754748072505,0.0205496781947278,-0.0047825896187092,-0.0102568623993417,0.0543787824848699,-0.0217090405769653,-0.0166251636177887,0.0211710514660288,-0.009754748072505,-0.0217090405769651,0.0236679039767843,-0.016208376614468,-0.0042235394348071,0.0205496781947276,-0.0166251636177889,-0.016208376614468,0.004741168285707,0.0145611401062891,-0.0047825896187092,0.0211710514660289,-0.0042235394348069,0.0145611401062891,-0.0121448566201591,0.1055295950155763,0.1080974842767295,0.108043758043758,0.1048011844331641,0.1075117370892018,0.1070872274143302,0.1002358490566037,0.1083011583011583,0.1077622673434856,0.1037558685446009,0.3269080996884735,0.3307783018867924,0.316087516087516,0.328997461928934,0.3251173708920187,0.1929517133956386,0.2002751572327044,0.2001930501930502,0.1960659898477157,0.194131455399061,0.2675233644859813,0.2606132075471698,0.2673745173745174,0.2623730964467005,0.2694835680751173,0.107,0.106,0.32375,0.197,0.26625,4758
-0.0136998553986968,-0.0160536476325949,0.0150403434536274,-0.048139552294677,0.0192338018424974,-0.0160536476325949,0.0117315008490316,-0.0136041210036159,-0.0529555652751454,0.0443830260763897,0.0150403434536277,-0.0136041210036159,0.0119960240192806,0.0050870037786249,-0.0145413707101498,-0.048139552294677,-0.0529555652751452,0.005087003778625,0.0369932704629337,-3.649648356418567e-06,0.0192338018424974,0.04438302607639,-0.0145413707101498,-3.649648356418567e-06,-0.0023590432595417,0.0656370656370656,0.0657894736842105,0.0637761377613776,0.0678670360110803,0.0635046113306982,0.1013513513513513,0.0985797827903091,0.1011070110701107,0.1050323176361957,0.0953227931488801,0.3336550836550837,0.3433583959899749,0.3346863468634686,0.3370267774699907,0.3436758893280632,0.1891891891891892,0.1900584795321637,0.1795817958179582,0.1738227146814404,0.1805006587615283,0.3101673101673101,0.3022138680033417,0.3208487084870848,0.3162511542012927,0.31699604743083,0.06475,0.09975,0.33875,0.1805,0.31625,3006
-0.1238293444328824,0.0901571546732836,0.0471627807942084,-0.0613764552249174,-0.0068122620717292,0.0901571546732836,0.0292159763313608,-0.0022636879072521,-0.0197194063473131,-0.017155398948877,0.0471627807942083,-0.0022636879072523,-0.0097956990418512,-0.0123428363508186,0.0060147319079735,-0.0613764552249174,-0.0197194063473133,-0.0123428363508186,0.0630014667031673,-0.0051037604121526,-0.0068122620717292,-0.0171553989488773,0.0060147319079734,-0.0051037604121526,0.0045876573691858,0.0870967741935483,0.0705128205128205,0.0738448844884488,0.0822566752799311,0.078027950310559,0.0946236559139784,0.1009615384615384,0.1042354235423542,0.1060508182601205,0.1057841614906832,0.2887096774193548,0.3036858974358974,0.3059680968096809,0.306739879414298,0.301177536231884,0.2053763440860215,0.1973157051282051,0.1958883388338834,0.1813092161929371,0.1944875776397515,0.3241935483870968,0.3275240384615384,0.3200632563256325,0.3236434108527132,0.3205227743271222,0.0775,0.104,0.303,0.1935,0.322,2093
0.2333333333333334,-0.0506329113924048,-0.053763440860215,0.0096952908587257,0.0320910973084886,-0.0506329113924051,0.098435079848315,-0.0187075601530481,0.0380681884591558,-0.0234033073878974,-0.053763440860215,-0.0187075601530479,0.0065218415316692,0.0074696267172362,0.0028347321474951,0.0096952908587257,0.0380681884591559,0.0074696267172363,0.0024631486867042,-0.022651021145541,0.0320910973084886,-0.0234033073878974,0.002834732147495,-0.0226510211455412,0.0118211745946015,0.0383333333333333,0.0525316455696202,0.0526881720430107,0.0495152354570637,0.0483954451345755,0.10375,0.0890295358649789,0.1005973715651135,0.0949907663896583,0.1010610766045548,0.3675,0.3552742616033755,0.3464755077658303,0.3461449676823638,0.3477613871635611,0.17875,0.1736286919831223,0.1791517323775388,0.1800554016620498,0.1845885093167701,0.3116666666666666,0.3295358649789029,0.3210872162485065,0.3292936288088642,0.3181935817805383,0.05,0.09875,0.34875,0.1805,0.322,2187
0.0648518528461614,-0.037017099193265,-0.0101864580028903,-0.042161509256088,0.0653256121101291,-0.037017099193265,0.01451122230343,-0.0012663073887564,-0.0024091047545204,0.0002735100774317,-0.01018645800289,-0.0012663073887562,0.004414827155352,0.0142581552877014,-0.0087590591792272,-0.042161509256088,-0.0024091047545204,0.0142581552877015,-0.0395782282616767,0.0263435390740044,0.0653256121101291,0.0002735100774317,-0.008759059179227,0.0263435390740043,-0.0354991669870561,0.0902417962003454,0.10007215007215,0.0974829931972789,0.1005685856432125,0.0901960784313725,0.2994386873920552,0.2845598845598845,0.2891156462585034,0.2894456289978678,0.2886710239651416,0.3093696027633851,0.3066378066378066,0.3048979591836734,0.3018834399431414,0.3089324618736383,0.1221934369602763,0.1175324675324675,0.115578231292517,0.1218905472636815,0.1141612200435729,0.1787564766839378,0.1911976911976912,0.1929251700680272,0.1862117981520966,0.1980392156862745,0.0965,0.28875,0.30625,0.11725,0.19125,3036
0.0617376618502533,-0.0392512194963527,-0.0035043007327173,0.0086972139901492,0.0059767335585853,-0.039251219496353,-0.0090198006646311,0.0049290416487478,-0.0035515250898641,0.0117030057306278,-0.0035043007327175,0.0049290416487478,0.0042906075356047,-0.0146712169721703,0.002083066077788,0.0086972139901491,-0.0035515250898641,-0.0146712169721705,0.0326245095413892,-0.0045989810155431,0.0059767335585853,0.0117030057306278,0.002083066077788,-0.0045989810155431,-0.007227571954363,0.0684931506849315,0.0758653390232337,0.0732558139534883,0.0723651033787191,0.0725636984502232,0.182648401826484,0.1773352299668089,0.1748837209302325,0.1763741805345436,0.1736931967428421,0.2696917808219178,0.267425320056899,0.2675968992248062,0.2726928895612708,0.2681901759915944,0.1638127853881278,0.1658368895211,0.1676744186046511,0.1598587997982854,0.1660099816128185,0.3153538812785388,0.3135372214319583,0.3165891472868217,0.318709026727181,0.3195429472025217,0.073,0.17575,0.26875,0.16525,0.31725,3918
-0.0087624777040564,0.0160089731824206,0.0137733975506455,-0.0246901994686019,-0.001377875039545,0.0160089731824207,-0.0846560846560846,-0.0064593660808172,0.0039840637450199,0.0304668876097448,0.0137733975506454,-0.0064593660808172,0.0036222870164894,-0.0082348488974353,-0.0019335729114908,-0.0246901994686017,0.0039840637450198,-0.008234848897435,0.0170643969790015,0.0068217159850626,-0.0013778750395452,0.0304668876097446,-0.0019335729114908,0.0068217159850625,-0.0135875520490904,0.1177730192719486,0.1148809523809523,0.1151419558359621,0.1196325807879592,0.1169108669108669,0.1033190578158458,0.1138888888888888,0.1056782334384858,0.1045816733067729,0.1018009768009768,0.3126338329764453,0.319047619047619,0.3158517350157728,0.3196104471004869,0.3176129426129426,0.1928979300499643,0.1875,0.1898002103049421,0.1850376272687029,0.1869658119658119,0.2733761598857958,0.2646825396825397,0.273527865404837,0.2711376715360779,0.2767094017094017,0.11675,0.105,0.317,0.18825,0.273,1272
0.0430261877496599,-0.114981588600201,0.0306725686199786,0.0231701783792499,-0.0201010761391819,-0.1149815886002008,-0.0413075445545947,0.0125655869426319,0.0514331285122359,-0.0075463162872946,0.0306725686199786,0.0125655869426319,-0.002006855275543,-0.0028829049868122,-0.005865821686565,0.0231701783792499,0.051433128512236,-0.0028829049868122,-0.0631703661856899,0.0185221375371854,-0.0201010761391822,-0.0075463162872946,-0.005865821686565,0.0185221375371853,0.0020631772930314,0.0595716198125836,0.0694076038903625,0.0603406326034063,0.0608076563958916,0.063501291989664,0.1050870147255689,0.0981432360742705,0.0930656934306569,0.0894024276377217,0.0949612403100775,0.3319946452476573,0.3381962864721485,0.3431873479318735,0.3434873949579832,0.3445090439276486,0.1743641231593038,0.1693191865605658,0.1790145985401459,0.1897759103641456,0.1751937984496124,0.3289825970548862,0.3249336870026525,0.3243917274939172,0.3165266106442577,0.3218346253229974,0.06225,0.09425,0.3425,0.1785,0.3225,290
-0.1486164025657823,-0.0227337070381064,0.0102100638795197,0.0229771185340557,0.008299882142172,-0.0227337070381064,-0.0249455013872375,-0.0020830002309508,0.0205573357565322,0.0030828667608533,0.0102100638795197,-0.0020830002309508,0.0137972825874902,-0.0189637296073272,-0.0040113546902202,0.0229771185340558,0.0205573357565322,-0.0189637296073272,-0.002870749581763,0.009412684147867,0.008299882142172,0.0030828667608532,-0.0040113546902205,0.0094126841478668,-0.0035744905564214,0.0582922824302134,0.0519037356321839,0.0502318392581143,0.0495839112343966,0.0503287809812847,0.1186371100164203,0.1188936781609195,0.1162416280267903,0.1136153490522422,0.115642387455741,0.3201970443349753,0.3241738505747126,0.3190365790829469,0.3296347665279704,0.3247976732422863,0.1761083743842364,0.176544540229885,0.1836682122617207,0.1807674526121128,0.1785533636823469,0.3267651888341543,0.3284841954022988,0.3308217413704276,0.3263985205732778,0.3306777946383409,0.05075,0.116,0.3235,0.18025,0.3295,4827
0.0759304637673986,-0.0184584324753047,0.0182706130526085,0.0113975993705974,-0.0322149739479566,-0.0184584324753045,-0.0337901701323253,-0.0095390744141172,0.0290556658047187,0.0064559634751655,0.0182706130526086,-0.0095390744141172,-0.014889082119762,0.0152117443259992,0.0073531218416711,0.0113975993705975,0.0290556658047186,0.0152117443259992,-0.0139096931679703,-0.0184420298646872,-0.0322149739479564,0.0064559634751654,0.0073531218416712,-0.0184420298646872,0.0054620073104748,0.0464344941956882,0.051177536231884,0.0493319016941064,0.0496772706316274,0.0518688024408848,0.093698175787728,0.0951086956521739,0.0928775948460987,0.0893268787459658,0.0914060513602847,0.3428689883913765,0.3525815217391304,0.3544500119303269,0.3439372982941447,0.3466819221967963,0.1786898839137645,0.1754981884057971,0.1780004772130756,0.1832641770401106,0.1840833968980422,0.3383084577114428,0.3256340579710144,0.3253400143163922,0.3337943752881512,0.3259598271039918,0.05025,0.092,0.34925,0.18075,0.32775,252
0.0623070740486202,-0.0296870365129751,-0.0226125193337678,-0.0042987278333985,0.0246471810466132,-0.0296870365129751,0.0026623393256759,0.0305914718580704,0.0082276623521195,-0.0281329258449043,-0.022612519333768,0.0305914718580703,-0.010669062223618,-0.0165230575318544,0.0060448420876082,-0.0042987278333983,0.0082276623521195,-0.0165230575318544,0.0114789907870679,0.0034014201692075,0.0246471810466131,-0.0281329258449043,0.0060448420876082,0.0034014201692074,0.0073344938583349,0.1373720136518771,0.1508491508491508,0.149812734082397,0.1471297636275928,0.1428891879766711,0.257679180887372,0.2495837495837495,0.2425944841675179,0.248191027496382,0.2572902646926873,0.2502844141069397,0.2372627372627372,0.2473612529792305,0.2487940183309213,0.2432705248990578,0.1734926052332195,0.1713286713286713,0.1756043581886278,0.170767004341534,0.1721624046657694,0.1811717861205916,0.1909756909756909,0.1846271705822267,0.1851181862035697,0.1843876177658142,0.1465,0.25025,0.24475,0.17275,0.18575,3245
-0.1692263982909625,-0.0457976536856601,0.0014086742393997,0.0660048643991551,0.0085960186308332,-0.0457976536856601,0.0057626519973051,-0.0069515150043248,0.0210527836779514,0.0028560908376207,0.0014086742393997,-0.0069515150043246,0.0004416198323765,0.0098894130043923,-0.0040748499051161,0.0660048643991552,0.0210527836779517,0.0098894130043923,-0.0706267888112186,0.0092842958370887,0.0085960186308333,0.0028560908376208,-0.0040748499051159,0.0092842958370887,-0.003295533114304,0.0721997300944669,0.0645780051150895,0.061663014365717,0.0576741996233521,0.061219195849546,0.1022267206477732,0.0971867007672634,0.0984295105916727,0.0956920903954802,0.0974708171206225,0.3417678812415654,0.3446291560102302,0.3420988556123691,0.3388653483992467,0.3436446173800259,0.1653171390013495,0.1732736572890025,0.1752495738982225,0.1895009416195857,0.1753566796368352,0.3184885290148448,0.3203324808184143,0.3225590455320185,0.3182674199623352,0.3223086900129702,0.06175,0.09775,0.34225,0.177,0.32125,350
0.0477162194333912,-0.0274608595951522,9.811819627780773e-05,-0.0157561837148401,0.0041685262605009,-0.0274608595951522,0.014697115209511,0.0014123670388843,-0.0100446774363454,0.0096290866315063,9.811819627769668e-05,0.0014123670388842,-0.0056362678309307,0.0019445897602553,0.0047040296809335,-0.0157561837148398,-0.0100446774363454,0.0019445897602554,-0.0071064995648855,0.0120764335959252,0.004168526260501,0.0096290866315063,0.0047040296809336,0.0120764335959252,-0.0190687825353292,0.0942760942760942,0.10171862509992,0.0989902862985685,0.1005598621877691,0.0985873159002104,0.1071127946127946,0.1027178257394084,0.1041027607361963,0.105297157622739,0.1032461677186654,0.3259680134680134,0.3255395683453237,0.3278374233128834,0.3253660637381567,0.3244664863240156,0.1965488215488215,0.1954436450839328,0.1931237218813906,0.1948751076658053,0.1911632100991884,0.2760942760942761,0.2745803357314149,0.2759458077709611,0.2739018087855297,0.28253681995792,0.099,0.10425,0.326,0.1935,0.27725,1187
0.0746248925903891,0.0076716687564886,-0.0344839613132297,-0.0042291265873719,0.017220536729982,0.0076716687564886,0.0005197891141308,0.0072802013100519,-0.020571085522324,0.003853337596123,-0.0344839613132297,0.0072802013100521,-0.0013764453918894,0.0212842587682126,-0.0078366335412558,-0.0042291265873719,-0.0205710855223242,0.0212842587682124,-0.0502476486152605,0.0303528502560881,0.0172205367299821,0.0038533375961231,-0.0078366335412558,0.0303528502560881,-0.025290354178503,0.0853658536585365,0.0915422885572139,0.0954311454311454,0.092640136927685,0.0906614054866591,0.1662149954832881,0.167412935323383,0.1662805662805662,0.1709456568249893,0.1668545659526494,0.3349141824751581,0.3213930348258706,0.3241956241956242,0.3168592212237912,0.3262871101089816,0.1955736224028907,0.1987562189054726,0.1906048906048906,0.2045357295678219,0.1888387824126268,0.2179313459801264,0.2208955223880597,0.2234877734877735,0.2150192554557124,0.227358136039083,0.09225,0.1675,0.32375,0.19475,0.22175,1961
0.1423316179965693,-0.0327604121027,0.025793919150696,-0.0137426641894482,-0.0378041393981474,-0.0327604121027,-0.0784187348294707,0.0006700457871217,0.0763235145257615,0.0022579692594041,0.0257939191506961,0.0006700457871217,-0.0165906175825185,-0.016746244192519,0.0254831599846993,-0.0137426641894482,0.0763235145257618,-0.016746244192519,-0.0218091150107309,-0.0061590460329841,-0.0378041393981474,0.0022579692594039,0.025483159984699,-0.0061590460329841,-0.0202201892130049,0.0544619422572178,0.0655802861685214,0.0618620861339307,0.0643726591760299,0.0659005628517823,0.1624015748031496,0.1695813460519342,0.1571446352999751,0.1452481273408239,0.1568949343339587,0.3261154855643045,0.334525702172761,0.3403037092357481,0.3403558052434457,0.3262195121951219,0.1804461942257217,0.1644144144144144,0.1809808314662683,0.1818820224719101,0.1790963101938711,0.2765748031496063,0.2658982511923688,0.2597087378640776,0.2681413857677903,0.2718886804252658,0.0635,0.15725,0.33475,0.178,0.2665,422
0.0267099907872668,-0.0211570036335921,0.0165762805653394,-0.0197136068837091,-0.0124863189836021,-0.0211570036335919,0.0798727924135511,-0.0024313113019975,-0.0452327792938063,0.0137048873621259,0.0165762805653396,-0.0024313113019975,0.006756544532094,0.0079017458168528,-0.0219110791732513,-0.0197136068837089,-0.0452327792938065,0.0079017458168528,0.0056282203725723,0.0147783251231526,-0.0124863189836021,0.0137048873621259,-0.0219110791732515,0.0147783251231526,0.0183350502895847,0.1306641837368094,0.1370903277378097,0.1320246343341031,0.1368965517241379,0.1359262883235486,0.1064556176288019,0.0959232613908872,0.1045034642032332,0.1089655172413793,0.1028212654924983,0.319366852886406,0.3255395683453237,0.3225558121632024,0.322183908045977,0.3318656229615134,0.1848230912476722,0.1894484412470023,0.1798178085706954,0.1802298850574712,0.1785714285714285,0.2586902545003103,0.2519984012789768,0.2610982807287657,0.2517241379310345,0.2508153946510111,0.13425,0.10425,0.32475,0.18125,0.2555,90
0.0989042675893887,-0.0414036859378943,0.0164855751217684,-0.0125132674152284,-0.0149765427643449,-0.0414036859378943,-0.0069565964867037,0.0027837766417903,-0.0006154498286115,0.0087723917603587,0.0164855751217685,0.0027837766417904,-0.0294535275264715,0.0197101396676766,0.0133249970692822,-0.0125132674152281,-0.0006154498286115,0.0197101396676768,0.0029842831362297,-0.0177611148981291,-0.0149765427643449,0.0087723917603589,0.0133249970692822,-0.0177611148981293,-0.0032839022921449,0.0612745098039215,0.0708154506437768,0.0668789808917197,0.0688509021842355,0.0690184049079754,0.1213235294117647,0.117310443490701,0.1161756900212314,0.1165716999050332,0.1154780163599182,0.3088235294117647,0.3131258941344778,0.3232484076433121,0.3078110161443494,0.3098159509202454,0.1776960784313725,0.1756080114449213,0.1720408704883227,0.1749762583095916,0.1786170756646216,0.3308823529411764,0.323140200286123,0.321656050955414,0.3317901234567901,0.3270705521472393,0.068,0.1165,0.314,0.1755,0.326,3729
-0.0294832565987017,0.0439469232951262,0.0123695804598303,0.0030886962935643,-0.0147384896308855,0.0439469232951261,-0.0112667466931191,0.0087107857649074,-0.0406551799411363,-0.0075550657274747,0.0123695804598302,0.0087107857649073,-0.007195897687279,-0.0089337262223423,-0.0001113709767235,0.0030886962935644,-0.0406551799411363,-0.0089337262223423,0.0187497247544808,0.0141108307634799,-0.0147384896308855,-0.0075550657274745,-0.0001113709767235,0.0141108307634799,0.0050366845131866,0.1925133689839572,0.1787819253438114,0.1846868884540117,0.1864224137931034,0.1897560975609756,0.1216577540106951,0.1286836935166994,0.1261415525114155,0.1324233716475095,0.1282113821138211,0.2523395721925133,0.2532743942370661,0.2573385518590998,0.2577825670498084,0.2555284552845528,0.1734625668449197,0.1810740013097577,0.1755544683626875,0.1707375478927203,0.1715447154471544,0.2600267379679144,0.2581859855926653,0.2562785388127854,0.2526340996168582,0.2549593495934959,0.187,0.12725,0.2555,0.174,0.25625,2236
-0.072388660824332,-0.0411882641759304,0.0143932708980314,0.043520887357362,0.0251023188822901,-0.0411882641759304,-0.0158722146329768,0.0021041981115029,0.0316904320099493,0.0124836553479258,0.0143932708980316,0.0021041981115029,-0.0073773656836981,-0.0010403825810232,-0.000314552036871,0.0435208873573621,0.0316904320099492,-0.001040382581023,-0.0429345734111503,-0.0171178020026177,0.0251023188822901,0.0124836553479258,-0.000314552036871,-0.0171178020026179,-0.0130906903199963,0.1721183800623053,0.1671107164002368,0.1581898800208659,0.1535148975791433,0.1564710778193924,0.1465472481827622,0.1429840142095914,0.1404538341158059,0.1362895716945996,0.1389929255097794,0.3149013499480789,0.3188277087033748,0.3218570683359416,0.3198324022346369,0.3196004993757803,0.1712097611630322,0.173327412670219,0.1791862284820031,0.1866852886405959,0.1820640865584686,0.1952232606438214,0.1977501480165778,0.2003129890453834,0.2036778398510242,0.2028714107365792,0.1605,0.14075,0.3195,0.179,0.20025,670
0.0133587689947363,-0.0142303253139448,-0.0068778878392872,0.0350003463488856,-0.0035667963683527,-0.0142303253139448,-0.0027268702407281,0.0009972562354712,0.0132228142885337,0.0027383066903493,-0.0068778878392872,0.0009972562354712,0.0221946348328818,-0.0007889210614155,-0.0246640445755488,0.0350003463488856,0.0132228142885335,-0.0007889210614158,-0.1169559107656235,0.0392879066912216,-0.0035667963683527,0.0027383066903493,-0.024664044575549,0.0392879066912217,0.003125,0.1267833981841764,0.1303285968028419,0.1293838085873484,0.1240024554941682,0.1289583333333333,0.2855058365758754,0.2822676139727649,0.2812192723697148,0.2777777777777778,0.2807291666666666,0.2559987029831387,0.2539964476021314,0.2486070140937397,0.2544505831798649,0.2605208333333333,0.1309987029831388,0.1339550029603315,0.1358570960340872,0.1516267648864334,0.1304166666666666,0.2007133592736705,0.1994523386619301,0.2049328089151098,0.1921424186617557,0.199375,0.1285,0.2815,0.25425,0.13575,0.2,3040
-0.1512874836060223,0.0310542130162382,0.0272384442539265,-0.0308463106999021,0.0130342148138864,0.0310542130162382,0.0288180096418732,-0.0024296752384402,-0.0154253377144943,-0.0114292679267926,0.0272384442539265,-0.0024296752384402,-0.0116241541139558,-0.0090828119916583,0.0233784334608759,-0.0308463106999024,-0.0154253377144943,-0.0090828119916586,0.0309296086622258,-0.0015308759791641,0.0130342148138863,-0.0114292679267928,0.0233784334608759,-0.0015308759791641,-0.0282897101591346,0.0682137834036568,0.0574100378787878,0.0576361221779548,0.0610776439089692,0.0584777227722772,0.170534458509142,0.1709280303030303,0.1764276228419654,0.178714859437751,0.1780115511551155,0.3052039381153305,0.3145123106060606,0.3173970783532536,0.3165997322623828,0.3064150165016501,0.2566807313642756,0.2528409090909091,0.2512616201859229,0.2412985274431057,0.2493811881188118,0.1993670886075949,0.2043087121212121,0.197277556440903,0.2023092369477911,0.2077145214521452,0.05925,0.176,0.31375,0.249,0.202,26
-0.0171694163378155,0.0220428176632555,0.0097563626975392,0.0169059936501796,-0.024887622825767,0.0220428176632555,0.0133454889169097,-0.006498841764335,-0.0284297287665495,0.0141462788012565,0.0097563626975392,-0.0064988417643347,-0.0154570179560569,0.0046746292696324,0.0122571990370655,0.0169059936501796,-0.0284297287665495,0.0046746292696324,-0.0087556998442421,0.0046715052708817,-0.024887622825767,0.0141462788012566,0.0122571990370655,0.0046715052708817,-0.0118674840073116,0.1223146223146223,0.1175993511759935,0.1190767973856209,0.1182170542635659,0.1232427366447985,0.1004851004851004,0.1013787510137875,0.1034177559912854,0.1056711546307629,0.1012964698531708,0.303014553014553,0.3079886455798865,0.3107298474945534,0.3045695634434924,0.3022492970946579,0.2007969507969507,0.2100567721005677,0.2032952069716775,0.2060383516931864,0.2032958450484223,0.2733887733887734,0.2629764801297648,0.2634803921568627,0.2655038759689923,0.2699156513589503,0.12025,0.10275,0.306,0.20425,0.26675,429
0.0424926246053517,-0.0316071467150602,0.0202612256987757,0.0819060232985159,-0.0632480148392842,-0.0316071467150602,0.0192895598301003,0.0114817905791776,-0.0324131663043798,0.0069036679206171,0.020261225698776,0.0114817905791778,0.0103451943545374,-0.0324977279528606,-0.0003818530731851,0.081906023298516,-0.0324131663043796,-0.0324977279528608,-0.0153883860576671,0.0336669295608379,-0.063248014839284,0.0069036679206171,-0.0003818530731853,0.0336669295608377,-0.0070409772689681,0.066546762589928,0.0716966966966966,0.068091844813935,0.0638075313807531,0.0738957370313302,0.1145083932853717,0.1088588588588588,0.1097255212457112,0.1145978614597861,0.1102336928608115,0.3093525179856115,0.3121246246246246,0.3124835048825548,0.3260111576011157,0.3158705701078582,0.164568345323741,0.18506006006006,0.1850752177355502,0.1820083682008368,0.1732152028762198,0.3450239808153477,0.3222597597597597,0.3246239113222486,0.3135750813575081,0.3267847971237801,0.0695,0.111,0.31575,0.17925,0.3245,683
-0.002128248636511,-0.063552700121549,0.0136785689330692,0.0108983227748246,0.0001008432043315,-0.0635527001215487,-0.0709442800788955,0.0388305094751755,0.0565550041356492,-0.0433187946074544,0.0136785689330694,0.0388305094751755,-0.0012904867390854,-0.0218059942022015,-0.0016535987530759,0.0108983227748246,0.0565550041356492,-0.0218059942022015,-0.0069584545576815,0.0062869178266584,0.0001008432043316,-0.0433187946074544,-0.0016535987530759,0.0062869178266583,0.0151273603287631,0.1109857035364936,0.1177884615384615,0.1092350984906625,0.1095430107526881,0.1107388316151202,0.110609480812641,0.1113782051282051,0.0999616270145817,0.0981182795698924,0.1085051546391752,0.3212942061700526,0.3131009615384615,0.3261703760552571,0.3328533026113671,0.3262886597938144,0.214635063957863,0.2047275641025641,0.2217319007418777,0.2185099846390168,0.2156357388316151,0.2424755455229496,0.2530048076923077,0.2429009976976208,0.2409754224270353,0.2388316151202749,0.11075,0.104,0.32575,0.217,0.2425,4463
-0.0571625344352617,-0.0077074058116712,-0.0087330509865719,0.017800381436745,0.019676987093589,-0.0077074058116712,-0.031556477301182,-0.0012682731459847,0.0234094499497342,0.0060507122486171,-0.0087330509865721,-0.0012682731459849,0.0038293488463632,0.029717122891554,-0.0156220888418574,0.0178003814367451,0.0234094499497343,0.0297171228915541,-0.0810634586858365,0.0061141341203403,0.0196769870935891,0.0060507122486173,-0.0156220888418574,0.0061141341203404,-0.0018932452052466,0.1162878787878787,0.1108478146392838,0.1109606356085229,0.108041958041958,0.1078355314197052,0.1594696969696969,0.163243812532912,0.1584507042253521,0.1545454545454545,0.1572924747866563,0.2327651515151515,0.231042654028436,0.2298663777537017,0.2238927738927739,0.2343547970002586,0.1755681818181818,0.174565560821485,0.1734380642831347,0.1932400932400932,0.1776570985259891,0.3159090909090909,0.3203001579778831,0.3272842181292885,0.3202797202797203,0.3228600982673907,0.11,0.15825,0.23075,0.17875,0.32225,3945
0.0912830714632184,-0.0593646176946995,-0.0297114218201444,0.0521681898974134,0.0168758348080195,-0.0593646176946995,0.0037110397741502,-0.0061779003915796,0.0270852780244215,0.0004308487720809,-0.0297114218201444,-0.0061779003915796,0.0163389456894305,-0.0126942521123287,-0.0025475506564491,0.0521681898974135,0.0270852780244214,-0.0126942521123287,0.0235437267743804,-0.0266386397364426,0.0168758348080196,0.0004308487720808,-0.0025475506564489,-0.0266386397364424,0.0176920254861002,0.0529327610872675,0.0617079889807162,0.0599806903210234,0.0552112029384756,0.0572669826224328,0.1602288984263233,0.1506887052341597,0.1521844074342264,0.1471533516988062,0.1511848341232227,0.3555078683834048,0.3473829201101928,0.3396089790007241,0.3496326905417815,0.346129541864139,0.1720314735336194,0.1765840220385675,0.1838040067583876,0.1772268135904499,0.1863349131121643,0.2592989985693848,0.2636363636363636,0.2644219164856384,0.2707759412304867,0.259083728278041,0.05825,0.15125,0.34525,0.1815,0.26375,3523
0.0146845219116449,0.0316490602859447,0.0049082659806614,-0.0159558540445738,-0.0175620876793027,0.0316490602859446,0.0245389422344155,-0.0138630250362092,0.0073368281451883,-0.0243772800850425,0.0049082659806614,-0.0138630250362092,-0.0085457637032182,-0.0036462666333547,0.0133269195027823,-0.0159558540445736,0.0073368281451884,-0.0036462666333547,0.020524975656602,-0.0014805672169395,-0.0175620876793027,-0.0243772800850425,0.0133269195027823,-0.0014805672169395,0.0100374921971039,0.1911512027491408,0.1878600823045267,0.1930477963997517,0.1970954356846473,0.1974070450097847,0.0980455326460481,0.0987654320987654,0.1026536312849162,0.1005071461502996,0.1037181996086105,0.2671821305841924,0.2722222222222222,0.2707945375543141,0.2694790225910558,0.2649217221135029,0.1836340206185567,0.1794238683127572,0.1814090626939788,0.1770401106500691,0.1810176125244618,0.2599871134020619,0.2617283950617284,0.2520949720670391,0.255878284923928,0.2529354207436399,0.194,0.10125,0.2685,0.18075,0.2555,1541
-0.0145969715003637,-0.0041064803141095,-0.0015775555832981,0.0017649320239052,0.0104948942481177,-0.0041064803141099,-0.0160407986167891,-0.035932713834579,0.0512333965844403,0.0119746612668336,-0.0015775555832984,-0.035932713834579,-0.0125008576388729,0.0009124422058841,0.0299032983828299,0.0017649320239051,0.0512333965844402,0.000912442205884,-0.0231370593173201,-0.0035398495189498,0.0104948942481176,0.0119746612668338,0.02990329838283,-0.0035398495189498,-0.0451710936308662,0.1440727699530516,0.1425831202046036,0.1422240128928283,0.1417493796526054,0.1405097250167672,0.0981514084507042,0.0993179880647911,0.1012624227773301,0.0927419354838709,0.096579476861167,0.3107394366197183,0.3213981244671782,0.3141283910824604,0.3099669148056245,0.300972501676727,0.2011443661971831,0.1911764705882352,0.2013161428955143,0.20616211745244,0.2022132796780684,0.2458920187793427,0.2455242966751918,0.2410690303518667,0.249379652605459,0.2597250167672703,0.142,0.09775,0.31025,0.2015,0.2485,2031
0.0479103127773614,0.0033993760491417,0.0018752499563866,-0.0108011320972678,-0.0431966390101012,0.0033993760491417,0.0656027592200875,-0.0258530808887249,-0.0230438552794229,0.0287390988743597,0.0018752499563867,-0.0258530808887249,-0.002372618512888,0.0081330092134089,0.0175770555275301,-0.010801132097268,-0.0230438552794227,0.0081330092134089,0.0135751089972253,-0.009102667349977,-0.0431966390101012,0.0287390988743597,0.0175770555275304,-0.009102667349977,-0.0037218848935349,0.1420993858179788,0.1487426431246656,0.1489701189440092,0.1508620689655172,0.1556970983722576,0.1552205471803461,0.1455323702514713,0.1597766173484189,0.1593390804597701,0.1512738853503184,0.2867113344500279,0.2946762974852862,0.2879315346678271,0.2849137931034483,0.2822009907997169,0.2931323283082077,0.2966827180310326,0.2876414273281114,0.2860632183908046,0.2926397735314933,0.1228364042434394,0.1143659711075441,0.1156803017116333,0.1188218390804597,0.1181882519462137,0.14925,0.15575,0.28725,0.29,0.11775,2232
0.0093105570944905,0.0311890838206627,0.0065042073179624,0.0083089321020095,-0.023391812865497,0.0311890838206627,-0.1425185185185185,0.0010159785720883,0.0388334125851956,0.0085199824330258,0.0065042073179624,0.0010159785720883,0.0114305075032932,-0.0245427799972253,8.433023720877397e-05,0.0083089321020097,0.0388334125851956,-0.024542779997225,-0.0039322942634087,0.0110119366461237,-0.023391812865497,0.0085199824330258,8.433023720899602e-05,0.0110119366461237,-0.0002760028537656,0.112938596491228,0.1104444444444444,0.1132585203657522,0.1130527817403709,0.1166666666666666,0.0908260233918128,0.1071111111111111,0.0936547520088667,0.0901093675701379,0.0929512516469038,0.2987938596491228,0.3004444444444444,0.2973122748683846,0.3081312410841654,0.3007246376811594,0.1737938596491228,0.1684444444444444,0.1795511221945137,0.1759391345696624,0.1733201581027668,0.3236476608187134,0.3135555555555555,0.3162233305624827,0.3127674750356633,0.3163372859025033,0.114,0.09375,0.30075,0.17525,0.31625,4120
0.0725326991676575,0.0369680024852437,-0.0187686494694279,-0.013917451815008,-0.0012571839080459,0.0369680024852439,0.0421513763037103,-0.0221784415332801,0.0242417426883445,-0.012873669123669,-0.0187686494694281,-0.0221784415332804,-0.0083348867353623,-0.0123477306153696,0.0267377112135177,-0.0139174518150078,0.0242417426883445,-0.0123477306153696,0.0343201094180719,-0.0113268608414238,-0.0012571839080459,-0.0128736691236692,0.0267377112135177,-0.0113268608414238,-0.0164388020833332,0.0672413793103448,0.0698198198198198,0.0738607270865335,0.073509015256588,0.0725911458333333,0.0979885057471264,0.0974610974610974,0.1040066564260112,0.0992834026814609,0.1030598958333333,0.3316091954022988,0.3327190827190827,0.3282130056323604,0.3295191863153028,0.316796875,0.1827586206896551,0.1758804258804258,0.1824756784434203,0.1740638002773925,0.1822916666666666,0.3204022988505747,0.3241195741195741,0.3114439324116743,0.3236245954692556,0.3252604166666666,0.0725,0.10175,0.3255,0.18025,0.32,3235
-0.2982271086048116,0.1153573956121728,0.0422442862495316,0.0047770700636943,-0.0113140204978452,0.1153573956121726,-0.0148263656840175,-0.0078285045361425,-0.0111479638842824,-0.0096251852586457,0.0422442862495316,-0.0078285045361428,-0.0240051903114184,0.0073529411764705,0.0143150283369161,0.0047770700636943,-0.0111479638842821,0.0073529411764705,-0.0288065843621398,0.0113971945367293,-0.0113140204978452,-0.0096251852586457,0.0143150283369162,0.0113971945367293,-0.0168210063906579,0.1019108280254777,0.0694444444444444,0.0751838235294117,0.078125,0.0793881506090808,0.0889065817409766,0.1019900497512437,0.1012867647058823,0.1016203703703703,0.1014673311184939,0.3256369426751592,0.3426616915422885,0.3481617647058823,0.3375,0.3351328903654485,0.179140127388535,0.1820066334991708,0.1786764705882353,0.1851851851851851,0.1779485049833887,0.3044055201698514,0.3038971807628524,0.2966911764705882,0.2975694444444444,0.306063122923588,0.0785,0.1005,0.34,0.18,0.301,254
0.0218522372528615,0.0332445496695275,-0.0298814150966753,0.0041033935364063,0.0119387105494946,0.0332445496695275,-0.0205369918357041,0.0095779910392623,0.0065421277248217,-0.0150276171839152,-0.0298814150966753,0.0095779910392624,0.0038141314286038,0.0009484576340149,-0.0004570731920865,0.0041033935364064,0.0065421277248217,0.0009484576340149,0.0210607718231029,-0.0166114307789275,0.0119387105494945,-0.0150276171839154,-0.0004570731920867,-0.0166114307789277,0.012468462684836,0.0758064516129032,0.0749235474006116,0.0798158096699923,0.0771819870009285,0.0765747499324141,0.1053763440860215,0.1112385321100917,0.1079559989767203,0.1082869080779944,0.1106380102730467,0.3354838709677419,0.3226299694189602,0.3245075466871323,0.3254410399257196,0.3258988915923222,0.178763440860215,0.1783256880733945,0.1793297518546943,0.175719591457753,0.1824817518248175,0.3045698924731183,0.3128822629969419,0.3083908928114607,0.3133704735376044,0.3044065963773993,0.0775,0.109,0.32575,0.1795,0.30825,1029
0.0759304637673986,-0.1517694382742509,-0.0028485165309977,0.0631556764978056,0.0008708712175138,-0.1517694382742509,0.0092417745479664,0.0152110390923269,-0.0001490606773124,0.0044808458479984,-0.0028485165309974,0.0152110390923269,0.0179853780986215,-0.0149317389295431,-0.0151618260824539,0.0631556764978057,-0.0001490606773124,-0.0149317389295431,0.0232288391685235,-0.0066244219120097,0.0008708712175139,0.0044808458479985,-0.0151618260824537,-0.0066244219120097,0.0186514053202969,0.0464344941956882,0.0578764142732811,0.0503931379556826,0.0470764272559852,0.0502062387213199,0.1102819237147595,0.0948651000870322,0.0942935430069097,0.0957642725598526,0.0953209590100541,0.3507462686567164,0.3444299390774586,0.3434596140100071,0.3549723756906077,0.3550528486723382,0.1695688225538971,0.1810269799825935,0.1837026447462473,0.1767955801104972,0.1821990203660737,0.3229684908789386,0.3218015665796345,0.3281510602811532,0.3253913443830571,0.317220933230214,0.05025,0.09575,0.34975,0.181,0.32325,4392
0.0048674959437533,0.0279531353941813,0.0156573796914576,0.0024013279827233,-0.0549029009829777,0.0279531353941813,0.0057487657482749,-0.0129296642448832,0.0008532040055683,-0.0033775809138258,0.0156573796914575,-0.0129296642448835,-0.0282897101591346,0.0093863856240093,0.0288977351343382,0.0024013279827233,0.0008532040055682,0.0093863856240095,-0.015008291515568,0.0061433360402431,-0.0549029009829777,-0.0033775809138258,0.0288977351343382,0.0061433360402431,-0.0155761032581098,0.0534883720930232,0.0522475189725627,0.0529084158415841,0.0536209286209286,0.056701030927835,0.2775193798449612,0.2838587273788674,0.2891914191419142,0.2852564102564102,0.2864642993508973,0.1988372093023255,0.2046117921774664,0.2077145214521452,0.2001039501039501,0.1961626575028636,0.239922480620155,0.2402948044366608,0.2382425742574257,0.2441094941094941,0.2390225276823215,0.2302325581395349,0.2189871570344425,0.2119430693069307,0.2169092169092169,0.2216494845360824,0.05375,0.2855,0.202,0.2405,0.21825,3800
-0.0031102181764726,-0.0026667565415579,0.036058052662955,-0.0466805523952882,-0.007416362219516,-0.0026667565415581,0.0138067061143984,-0.0101344638007552,-0.0061992103894332,0.0028971197692696,0.036058052662955,-0.0101344638007552,-0.0035038306018071,-0.0196377287128572,-0.0001158689032949,-0.0466805523952882,-0.006199210389433,-0.0196377287128572,-0.0288022106493783,0.0572317878411687,-0.007416362219516,0.0028971197692698,-0.0001158689032949,0.0572317878411686,-0.0223485183053178,0.1477079796264855,0.1476426799007444,0.1419404517453798,0.1541237113402062,0.1483420593368237,0.2020373514431239,0.1987179487179487,0.2035420944558521,0.2027491408934708,0.2009162303664921,0.2347198641765704,0.2459677419354838,0.24435318275154,0.2482817869415807,0.2435282140779523,0.1269100169779287,0.1220016542597187,0.1236310746064339,0.1247422680412371,0.1143106457242583,0.2886247877758913,0.2856699751861042,0.286533196440794,0.2701030927835051,0.2929028504944735,0.14725,0.2015,0.2435,0.12125,0.2865,4310
-0.1492125194749103,0.0306057213832983,0.0250958380362608,0.0003891102792201,-0.0059161509215215,0.0306057213832982,-0.0108219748283258,-0.0084095768377996,-0.0115384993671263,0.0210607894057024,0.0250958380362609,-0.0084095768377996,0.012983705014512,0.0031192601044275,-0.01591261947309,0.00038911027922,-0.0115384993671263,0.0031192601044274,-0.0069416077609067,0.0152190846233646,-0.0059161509215215,0.0210607894057023,-0.01591261947309,0.0152190846233645,-0.0191198419556639,0.0844671201814059,0.0712504794783275,0.0716554559043348,0.0734714003944773,0.0739348370927318,0.2106009070294784,0.2196010740314538,0.2190769805680119,0.2197567389875082,0.2126745435016111,0.2174036281179138,0.2248753356348293,0.2201046337817638,0.2223044049967127,0.2265485141424991,0.2534013605442177,0.2564250095895665,0.2527092675635276,0.2552596975673898,0.2496419620479771,0.2341269841269841,0.2278481012658227,0.2364536621823617,0.2292077580539119,0.2372001432151808,0.0735,0.21725,0.223,0.2535,0.23275,2509
-0.0952699190614092,0.0369469268079664,-0.0197175885279483,0.0101575456053067,0.0125190532562693,0.0369469268079666,0.0025648332858364,-0.0286050156739809,0.0254557064901892,0.0009766783510548,-0.0197175885279483,-0.0286050156739812,0.02174794550173,-0.0229438997821351,0.0127466227548562,0.0101575456053069,0.0254557064901893,-0.0229438997821349,0.0136316872427983,-0.0029664189850813,0.0125190532562692,0.000976678351055,0.0127466227548562,-0.0029664189850815,-0.0122167425728445,0.0733830845771144,0.0645245559038662,0.0683210784313725,0.0663194444444444,0.0661612234318299,0.1536069651741293,0.1590909090909091,0.1640625,0.1554398148148148,0.1593442198030067,0.277363184079602,0.2797805642633229,0.2660845588235294,0.2782407407407407,0.2685329186106791,0.1781716417910447,0.1754179728317659,0.1841299019607843,0.1775462962962962,0.1805339554173146,0.3174751243781094,0.3211859979101358,0.3174019607843137,0.3224537037037037,0.3254276827371695,0.067,0.1595,0.272,0.18,0.3215,2292
-0.1715881620091912,-0.0151529074066782,-0.0151622838190004,0.0428017538639671,0.0235856331970686,-0.015152907406678,-0.1788649016181545,0.0300288981027766,-0.0116170827507666,0.0285532338631334,-0.0151622838190002,0.0300288981027767,-0.0105442176870749,0.0032452480296707,0.0031477617949561,0.0428017538639672,-0.0116170827507666,0.0032452480296707,-0.0316703452162414,0.0107819775594322,0.0235856331970688,0.0285532338631335,0.0031477617949561,0.0107819775594323,-0.0213078372674166,0.0588723051409618,0.0510114335971855,0.0510119047619047,0.0480992118683356,0.0490648219318472,0.0961857379767827,0.1116974494283201,0.0919047619047619,0.0958507185906351,0.0920445810914681,0.3553067993366501,0.3394898856640281,0.3536904761904761,0.3488641631896152,0.3488982833717653,0.1720563847429519,0.1818381706244503,0.1791666666666666,0.1854427445526194,0.177811939533692,0.3175787728026534,0.3159630606860158,0.3242261904761905,0.3217431617987946,0.3321803740712272,0.05025,0.09475,0.35,0.17975,0.32525,1323
-0.0245164685759395,0.0176413681304931,-0.0055088200783564,0.0108826149258355,0.0044368675278124,0.0176413681304931,-0.0096932460301781,-0.0330127081396116,0.0154461167017938,0.0283292288619726,-0.0055088200783566,-0.0330127081396118,0.0125260395530666,0.0008429482113692,0.0217940712990218,0.0108826149258356,0.0154461167017939,0.0008429482113693,-0.0028726787729558,-0.0371431880030108,0.0044368675278124,0.0283292288619725,0.021794071299022,-0.0371431880030108,-0.0048034506420939,0.1933774834437086,0.1854201917653694,0.1897897897897898,0.1866959064327485,0.1879125412541254,0.1451434878587196,0.1491821771009588,0.1526276276276276,0.1454678362573099,0.1435643564356435,0.2790286975717439,0.2866610265087422,0.274024024024024,0.277266081871345,0.2714521452145214,0.2818984547461368,0.2805978567399887,0.2847597597597597,0.2858187134502924,0.2955858085808581,0.1005518763796909,0.0981387478849407,0.0987987987987988,0.1047514619883041,0.1014851485148514,0.18875,0.14775,0.2775,0.285,0.101,1550
0.2166666666666666,-0.047486033519553,-0.0181211254172628,0.041723979825768,-0.0237914452037459,-0.047486033519553,-0.0663420825400789,0.0162855689026354,-0.0092238965776039,0.0130495214421353,-0.0181211254172626,0.0162855689026355,0.0165799906262983,-0.0157302073637652,-0.0105914766331045,0.041723979825768,-0.0092238965776039,-0.0157302073637652,0.0401031289989133,-0.0092686301275912,-0.0237914452037457,0.0130495214421353,-0.0105914766331047,-0.0092686301275912,0.0164250104785905,0.0391666666666666,0.0523743016759776,0.0509060562708631,0.0479138010087116,0.0511895722601872,0.09375,0.095437616387337,0.0880424415832141,0.0903255387436955,0.0883320678309288,0.3558333333333333,0.3438081936685289,0.3437052932761087,0.3549977074736359,0.3532017210832701,0.1741666666666666,0.1834264432029795,0.1846089651883643,0.1744612563044475,0.1834345735256897,0.3370833333333333,0.3249534450651769,0.3327372436814497,0.3323016964695094,0.323842065299924,0.05,0.0895,0.3495,0.18175,0.32925,4647
-0.0034039526494944,0.0006202266317166,0.0464719462009435,0.0117432247061877,-0.0330126619760486,0.0006202266317166,-0.0085350302540339,-0.0274401423882224,0.0138653504990138,0.010830491607351,0.0464719462009435,-0.0274401423882224,-0.0038667459845329,0.006056361239288,0.0057601925160707,0.0117432247061877,0.0138653504990139,0.0060563612392882,-0.0212915618321023,-0.0012056209930288,-0.0330126619760489,0.0108304916073509,0.0057601925160708,-0.0012056209930291,-0.0015183231721789,0.081275720164609,0.0809497616428309,0.0772357723577235,0.0800487987987988,0.0836740256200599,0.2271090534979424,0.2291895856252292,0.2334857723577235,0.224099099099099,0.2247887707822295,0.1563786008230452,0.1685001833516685,0.1646341463414634,0.1630067567567567,0.1630553284273644,0.2193930041152263,0.2189218921892189,0.220655487804878,0.2267267267267267,0.2222676478604524,0.3158436213991769,0.3024385771910524,0.3039888211382114,0.3061186186186186,0.3062142273098937,0.081,0.22725,0.164,0.222,0.30575,315
0.016788860712934,-0.0113558083309004,0.0310005292227878,-0.024179403658231,-0.0064172627614791,-0.0113558083309002,0.0116165937219119,0.0140208778230438,-0.0105448154657292,-0.0010243794524662,0.0310005292227879,0.0140208778230437,-0.0219808799683021,-0.0216804553188991,0.0163308507196539,-0.024179403658231,-0.0105448154657292,-0.0216804553188993,0.0384615384615385,-0.0002271630178607,-0.0064172627614791,-0.0010243794524664,0.0163308507196537,-0.0002271630178605,-0.0105358169949068,0.1509229098805646,0.1552431165787932,0.148741418764302,0.1572115384615384,0.154485049833887,0.1438653637350705,0.140597539543058,0.140255530129672,0.14375,0.1423957179771133,0.2117263843648208,0.2154364381956649,0.223302822273074,0.2232371794871795,0.2149317091177556,0.2662866449511401,0.2627416520210896,0.2656369183829138,0.25,0.2600590623846437,0.2271986970684039,0.2259812536613942,0.2220633104500381,0.225801282051282,0.2281284606866002,0.1535,0.14225,0.2185,0.26,0.22575,1242
-0.060579278301053,0.0147834608728288,0.0275898724391187,0.0037908842457903,-0.0203426177099856,0.0147834608728288,0.0128728270289194,-0.0185037415327871,0.0083553743741557,0.0037957760940905,0.0275898724391187,-0.0185037415327871,0.0180870589524434,-0.0127705303143901,-0.0134865407726765,0.0037908842457903,0.0083553743741556,-0.0127705303143899,0.002314102344881,0.0082822044732719,-0.0203426177099854,0.0037957760940906,-0.0134865407726765,0.0082822044732721,0.0157489831178712,0.1055276381909547,0.0980290456431535,0.0967548076923077,0.0991228070175438,0.1015240904621435,0.1187185929648241,0.1189488243430152,0.1227297008547008,0.1194931773879142,0.120042608980662,0.3033919597989949,0.3177731673582296,0.3063568376068376,0.3159844054580896,0.316207800721075,0.2129396984924623,0.2119640387275242,0.2164797008547008,0.2132553606237816,0.211979678793838,0.2594221105527638,0.2532849239280774,0.257678952991453,0.2521442495126705,0.2502458210422812,0.0995,0.1205,0.312,0.21375,0.25425,2450
0.0990544204192289,-0.0417025379661835,-0.0131246098162121,-0.0093564688460798,0.0097113344681897,-0.0417025379661835,0.0514961850618619,-0.021094049026296,0.0005636959085359,0.0137231761878142,-0.0131246098162123,-0.021094049026296,0.0188670178815523,-0.0070953290563491,-0.0055232774299471,-0.0093564688460798,0.0005636959085358,-0.0070953290563491,-0.0203081330561831,0.0200273739020222,0.0097113344681895,0.0137231761878141,-0.0055232774299471,0.0200273739020222,-0.0118124460832567,0.0639671361502347,0.073960880195599,0.071931847296951,0.0716643092880716,0.0703104952527585,0.1065140845070422,0.0969845150774246,0.1044068665129387,0.1021923620933522,0.100846805234796,0.329518779342723,0.3321108394458028,0.3191135024340251,0.3275577557755775,0.3270464459840903,0.1784037558685446,0.1766503667481662,0.1780040994107097,0.1803394625176803,0.1732101616628175,0.3215962441314554,0.3202933985330073,0.3265436843453753,0.3182461103253182,0.3285860918655376,0.071,0.10225,0.32525,0.17675,0.32475,1578
0.115736489473863,-0.0981693597323583,-0.0015605711224466,0.0787042973220687,-0.0369490108052199,-0.0981693597323583,0.0194058438833054,-0.0107548236113308,0.0282154932143795,0.0117897238640271,-0.0015605711224466,-0.0107548236113308,0.0023244304672709,-0.0125660092215058,0.0085052724651223,0.0787042973220687,0.0282154932143797,-0.0125660092215058,0.0093120686876965,-0.0199397107220886,-0.0369490108052201,0.0117897238640273,0.0085052724651223,-0.0199397107220886,0.0071510957324105,0.0656565656565656,0.0815390749601275,0.0743658724058416,0.0684062059238364,0.0769934640522875,0.1147586980920314,0.1024720893141945,0.105623879067384,0.1015514809590973,0.1032679738562091,0.3257575757575757,0.3287480063795853,0.3244939789905201,0.3293370944992947,0.3224836601307189,0.1632996632996633,0.1722488038277512,0.1794773251345119,0.1755994358251058,0.1807843137254902,0.3305274971941638,0.3149920255183413,0.3160389444017422,0.3251057827926657,0.3164705882352941,0.07425,0.1045,0.32525,0.17725,0.31875,4625
0.1333333333333333,0.0034364261168385,-0.0486757337151038,0.061779621945597,-0.003611971104231,0.0034364261168384,0.0080419456548693,-0.005468271480123,0.0030561853293598,0.0012554126371112,-0.0486757337151038,-0.005468271480123,-0.0046411277395557,-0.0055796967287802,0.0173178113501362,0.061779621945597,0.0030561853293598,-0.0055796967287802,-0.0088082607495152,0.0004810251974415,-0.003611971104231,0.0012554126371112,0.0173178113501363,0.0004810251974415,-0.0188122829382688,0.0433333333333333,0.049828178694158,0.0524337866857551,0.0469110189027201,0.0501805985552115,0.0966666666666666,0.0962199312714776,0.0975304223335719,0.0967035500230521,0.0968782249742002,0.36625,0.3511597938144329,0.3508709138630398,0.3511987090825265,0.3432017543859649,0.1695833333333333,0.1801975945017182,0.181758530183727,0.1823420931304748,0.1806630546955624,0.3241666666666666,0.3225945017182131,0.317406346933906,0.3228446288612264,0.3290763673890609,0.05,0.097,0.34925,0.18075,0.323,3116
0.0406506095302309,-0.0411668048103068,-0.0140395055711251,0.021793424971787,-0.0048586572438162,-0.0411668048103071,-0.0404917949499568,0.0300048878167225,0.0164393596621635,-0.012517146776406,-0.0140395055711251,0.0300048878167227,-0.004487113616457,-0.0006485994931562,0.0022349936143039,0.0217934249717869,0.0164393596621635,-0.0006485994931562,0.0017634750509397,-0.0203061372891215,-0.0048586572438162,-0.012517146776406,0.002234993614304,-0.0203061372891215,0.021267361111111,0.1357479387514723,0.1473251028806584,0.1434865900383141,0.1384162303664921,0.1421875,0.1054181389870435,0.1053497942386831,0.0982120051085568,0.0995855148342059,0.1025173611111111,0.3308303886925795,0.3164609053497942,0.3277139208173691,0.3264616055846422,0.3255208333333333,0.1868374558303887,0.1878600823045267,0.1911238825031928,0.1906631762652705,0.1948784722222222,0.2411660777385159,0.2430041152263374,0.239463601532567,0.2448734729493892,0.2348958333333333,0.1415,0.10125,0.32625,0.191,0.24,69
0.0030087770834446,0.0358876638990971,0.0180869194288002,-0.0162130415294972,-0.0217752650333828,0.0358876638990971,0.02686245037962,0.0077991600904516,0.0165524439717988,-0.0327680734412851,0.0180869194288002,0.0077991600904517,0.0097577914631091,-0.0166276260696862,-0.006896733711438,-0.0162130415294972,0.0165524439717988,-0.0166276260696862,0.0175804049430422,0.0064283542544411,-0.0217752650333828,-0.0327680734412851,-0.006896733711438,0.0064283542544411,0.0176381446359105,0.0590717299578059,0.0571236559139784,0.0581783500238435,0.0602106227106227,0.0605401844532279,0.0896624472573839,0.0905017921146953,0.0922746781115879,0.0914606227106227,0.0960474308300395,0.3431786216596343,0.3467741935483871,0.3460896518836433,0.3553113553113553,0.3519104084321475,0.1849507735583685,0.1789874551971326,0.1850262279446828,0.1788003663003663,0.1808300395256917,0.3231364275668073,0.3266129032258064,0.3184310920362422,0.3142170329670329,0.3106719367588932,0.05925,0.093,0.3495,0.182,0.31625,859
0.0341815738641135,-0.0576487611978218,0.0313949124017773,-0.0142325086459165,-0.0096362753367584,-0.0576487611978218,0.0702039594783262,-0.0196894008037553,-0.0438413361169103,0.0306787377980382,0.0313949124017773,-0.0196894008037553,0.0085650899709724,0.0103081361406917,-0.0137598658364972,-0.0142325086459165,-0.0438413361169103,0.0103081361406917,0.0298887883232941,-0.0083154160556799,-0.0096362753367584,0.0306787377980382,-0.0137598658364972,-0.0083154160556799,0.0094414235000946,0.0608465608465608,0.0666318719554627,0.061022120518688,0.0638966480446927,0.0636070853462157,0.1266534391534391,0.1113430758524704,0.1221078057462496,0.125,0.1160762211486849,0.3174603174603174,0.3342032011134307,0.3249427917620137,0.3243715083798882,0.3322597960279119,0.181547619047619,0.1868475991649269,0.1771548436308161,0.1736499068901303,0.1804884594739667,0.3134920634920635,0.3009742519137091,0.3147724383422324,0.3130819366852886,0.3075684380032206,0.063,0.11975,0.32775,0.179,0.3105,2753
0.1833333333333333,-0.0146804835924005,-0.0179211469534048,0.01441190144119,-0.0125448028673835,-0.0146804835924005,-0.002264042882583,0.0188249422747167,0.0135929065406378,-0.024728795078118,-0.0179211469534048,0.0188249422747166,-0.0020426253516785,0.0148784677960905,-0.0088330240949041,0.0144119014411902,0.0135929065406378,0.0148784677960904,-0.0244659322931761,-0.0087116984134125,-0.0125448028673833,-0.024728795078118,-0.0088330240949041,-0.0087116984134125,0.0235196865195379,0.0408333333333333,0.05073402417962,0.0508960573476702,0.0492794049279404,0.0506272401433691,0.0979166666666666,0.0967184801381692,0.0946833930704898,0.0951882845188284,0.0988863287250384,0.355,0.3421848013816925,0.3494623655913978,0.3435611343561134,0.3518305171530978,0.1766666666666666,0.1768134715025906,0.1765830346475507,0.1836355183635518,0.1808115719406042,0.3295833333333333,0.3335492227979275,0.3283751493428913,0.3283356578335658,0.3178443420378904,0.05,0.0965,0.34875,0.17925,0.3255,1632
-0.0147133434804667,0.0015976155094898,0.0181268163226065,-0.0071246753134119,-0.0130949808911837,0.00159761550949,0.0122566071443909,-0.0066041699073764,-0.0087205518677599,-0.0070425512584209,0.0181268163226064,-0.0066041699073766,-0.0266735659130294,0.0077933323711936,0.0329881215632179,-0.0071246753134119,-0.0087205518677599,0.0077933323711936,0.0351133513526675,-0.0155536471325943,-0.0130949808911837,-0.0070425512584209,0.0329881215632179,-0.0155536471325945,-0.0174777235970891,0.1666666666666666,0.1639875916525662,0.1612726704190119,0.1654202279202279,0.1664008506113769,0.2950279046169457,0.2918781725888325,0.2974515322076297,0.2980769230769231,0.2975810738968634,0.2616692034500253,0.2682600112803158,0.2736085053158223,0.2644230769230769,0.2577086656034024,0.1178335870116692,0.1180203045685279,0.1160881801125703,0.1128917378917379,0.1188197767145135,0.158802638254693,0.1578539199097574,0.1515791119449656,0.1591880341880341,0.1594896331738437,0.16425,0.2955,0.2665,0.117,0.15675,1650
0.0315751542723299,0.0517056200849797,0.0379090720162346,-0.0545320088163419,-0.0055726946720415,0.0517056200849798,0.0164300065632272,0.0018044304526433,0.0103241999159531,-0.0276084964455505,0.0379090720162345,0.0018044304526433,-0.0375546199249505,0.014745184310599,0.0049538350499876,-0.0545320088163421,0.0103241999159531,0.0147451843105991,0.001894751620429,-0.0028987896522827,-0.0055726946720415,-0.0276084964455505,0.0049538350499878,-0.0028987896522827,0.009440971900706,0.0721476510067114,0.070647931303669,0.0716757741347905,0.0785626346568174,0.074915165753067,0.1012304250559284,0.1049960967993755,0.1065573770491803,0.105647891658972,0.1096972069955625,0.2200782997762863,0.2283372365339578,0.2373406193078324,0.2253770390889504,0.2276168102323153,0.2855145413870246,0.2679547228727557,0.2667577413479053,0.2702369959987688,0.2715348472983555,0.3210290827740492,0.328064012490242,0.3176684881602914,0.3201754385964912,0.3162359697206995,0.0745,0.10675,0.22875,0.27075,0.31925,3860
0.0166666666666667,0.0865800865800865,-0.0261904761904763,-0.0512820512820513,0.0282051282051282,0.0865800865800866,-0.0524540394670265,-0.0117501546072975,-0.0038446402082767,0.016983016983017,-0.026190476190476,-0.0117501546072975,-0.0047619047619049,0.0246420246420244,-0.0009157509157509,-0.0512820512820513,-0.0038446402082765,0.0246420246420245,-0.0406376839943274,0.0048413125336201,0.0282051282051282,0.0169830169830169,-0.0009157509157509,0.0048413125336201,-0.0110453648915187,0.0491666666666666,0.0456709956709956,0.0513095238095238,0.0525641025641025,0.0485897435897435,0.0879166666666666,0.1012987012987013,0.0973809523809523,0.0966200466200466,0.0946153846153846,0.3591666666666667,0.3541125541125541,0.3516666666666667,0.3413752913752914,0.3503205128205128,0.1879166666666666,0.1794372294372294,0.1743452380952381,0.186013986013986,0.1778846153846154,0.3158333333333333,0.3194805194805195,0.325297619047619,0.3234265734265734,0.3285897435897436,0.05,0.09625,0.35,0.17875,0.325,3106
0.0145447042556271,-0.0083580609683606,-0.0155129159817222,-0.0107030865317334,0.0244531697209613,-0.0083580609683606,-0.0155663757257067,0.0093779698836263,0.0201779688559323,-0.0171843245805076,-0.0155129159817222,0.0093779698836261,0.0281757798928935,-0.0312877114421326,-0.0086024112908975,-0.0107030865317334,0.0201779688559323,-0.0312877114421323,0.0099514223417664,0.0242862266046777,0.0244531697209614,-0.0171843245805076,-0.0086024112908975,0.0242862266046776,-0.0084735228794499,0.0810536980749746,0.0829374505146476,0.0835259373394966,0.083130328867235,0.0802387267904509,0.1061296859169199,0.1068883610451306,0.1042629686697483,0.1031262687779131,0.1070586501620984,0.3295339412360689,0.3214568487727632,0.315356959424756,0.334652862362972,0.3272914824638963,0.2074468085106383,0.2011084718923198,0.2116718027734977,0.2032074705643524,0.2002652519893899,0.2758358662613981,0.2876088677751385,0.2851823317925013,0.2758830694275274,0.2851458885941644,0.08225,0.10525,0.3245,0.20525,0.28275,1074
-0.028742798226337,0.0141476217911784,0.006843512149914,0.0041138474711936,-0.0055370595454091,0.0141476217911785,0.0759468570295458,-0.0360230084514283,0.0053623940494724,0.0042014514104872,0.006843512149914,-0.0360230084514285,0.0180547527170656,-0.0046113306982873,-0.0060482266493355,0.0041138474711938,0.0053623940494723,-0.0046113306982873,-0.0020559830994415,0.0030314389071349,-0.0055370595454091,0.0042014514104872,-0.0060482266493355,0.003031438907135,0.0048308634746182,0.0979877515310586,0.0939024390243902,0.0945981554677206,0.0948581560283687,0.0957774049217002,0.1010498687664042,0.0947154471544715,0.1061923583662714,0.101950354609929,0.102069351230425,0.3140857392825896,0.3276422764227642,0.3105401844532279,0.3177083333333333,0.3181627516778523,0.1872265966754155,0.1869918699186991,0.188866930171278,0.188386524822695,0.1874300894854586,0.2996500437445319,0.2967479674796748,0.2998023715415019,0.2970966312056737,0.2965604026845637,0.09525,0.1025,0.31625,0.188,0.298,4001
0.008,-0.0434227330779053,0.0195448460508702,-0.0066401062416998,-0.0006802721088434,-0.0434227330779055,0.0213492657672866,-0.0155564787887179,0.0298491008295468,0.0076107071180961,0.0195448460508701,-0.0155564787887181,-0.0107363859722693,-0.0016160258564137,0.0131956397016638,-0.0066401062416998,0.0298491008295469,-0.0016160258564135,0.0053067940720518,-0.014535960466524,-0.0006802721088434,0.0076107071180963,0.0131956397016638,-0.0145359604665238,-0.0093016798556158,0.124,0.1304278416347382,0.1225568942436412,0.1258300132802124,0.1250850340136054,0.1361666666666666,0.1277139208173691,0.1325301204819277,0.1266046923417441,0.1295068027210884,0.3051666666666666,0.3160919540229885,0.3145917001338688,0.3117529880478087,0.3071428571428571,0.1895,0.1826309067688378,0.1885542168674698,0.1872509960159362,0.1909863945578231,0.2451666666666666,0.2431353767560664,0.2417670682730923,0.2485613103142983,0.2472789115646258,0.125,0.1305,0.31125,0.18825,0.245,787
-0.0055096418732782,-0.0245901639344261,0.0162459263582858,-0.0078936215299851,-0.0034904013961605,-0.0245901639344261,0.0257995162590701,-0.0240419615995228,-0.0305609690855592,0.0558750321860782,0.0162459263582859,-0.0240419615995228,-0.008685256705889,0.004272880677375,0.0071778265201406,-0.0078936215299851,-0.0305609690855592,0.0042728806773749,0.0148255008394867,-0.0114231318419801,-0.0034904013961605,0.0558750321860784,0.0071778265201407,-0.0114231318419801,-0.0076275118351816,0.0553030303030303,0.0563524590163934,0.0541064740502942,0.0554341491841491,0.0551919720767888,0.0625,0.0594262295081967,0.0624665596575708,0.0628642191142191,0.0575916230366492,0.3064393939393939,0.3189890710382513,0.3142054574638844,0.3101689976689977,0.3092641070389761,0.2882575757575757,0.2947404371584699,0.2847779561262707,0.2817599067599067,0.2892670157068063,0.2875,0.2704918032786885,0.2844435527019797,0.2897727272727273,0.2886852821407795,0.055,0.061,0.3115,0.286,0.2865,2605
-0.1166666666666664,0.0418894830659536,-0.0033404915294679,0.0073360843649701,0.0053763440860216,0.0418894830659537,-0.0151848780348309,-0.0080169244765648,-0.0077308402415612,0.0108457850393335,-0.0033404915294679,-0.0080169244765648,-0.0015667414254938,0.0032351370609122,0.0026906460739328,0.0073360843649702,-0.0077308402415612,0.0032351370609122,0.0199213288201782,-0.0135009025722074,0.0053763440860216,0.0108457850393334,0.0026906460739328,-0.0135009025722077,0.0007102390036833,0.0558333333333333,0.0479055258467023,0.0501670245764733,0.0496331957817514,0.0497311827956989,0.0895833333333333,0.0949197860962566,0.0942495824385588,0.0942228335625859,0.0924859190988223,0.3504166666666666,0.3520499108734403,0.3497971844428537,0.3481201283814764,0.3483102918586789,0.1804166666666666,0.1831550802139037,0.1811620138391791,0.1781292984869326,0.1842037890424987,0.32375,0.3219696969696969,0.3246241947029348,0.3298945437872536,0.325268817204301,0.05,0.0935,0.34925,0.18175,0.3255,3630
-0.0351926281737084,0.0010679900106798,0.0080640717132938,0.0387207734857992,-0.0145458990343478,0.0010679900106799,-0.0498003997924079,0.0234536637039245,-0.0234970243194772,0.0087411011985221,0.0080640717132938,0.0234536637039243,0.0012196479198864,0.0331599989547675,-0.0297609503958709,0.0387207734857992,-0.0234970243194772,0.0331599989547677,-0.0632810950208293,-0.0005506288761374,-0.0145458990343478,0.0087411011985221,-0.0297609503958709,-0.0005506288761374,0.0279524208708021,0.1306930693069307,0.1261151662611516,0.1252319109461966,0.1213615023474178,0.1280864197530864,0.1026402640264026,0.1078669910786699,0.1003401360544217,0.1051643192488262,0.1018518518518518,0.2673267326732673,0.2631792376317923,0.2691713048855906,0.2605633802816901,0.2775205761316872,0.1706270627062706,0.1816707218167072,0.1716141001855287,0.1887323943661971,0.1775977366255144,0.3287128712871287,0.3211678832116788,0.3336425479282622,0.3241784037558685,0.3149434156378601,0.12625,0.10275,0.2695,0.1775,0.324,2121
-0.101862861672612,0.074074074074074,0.0120051085568326,0.0016056978426416,-0.0216120555585348,0.0740740740740739,-0.0710037294238683,0.0262345679012345,-0.0109305363454741,-0.0017064109210298,0.0120051085568326,0.0262345679012344,-0.0071440329218106,-0.0036371087546744,-0.0061632394447324,0.0016056978426414,-0.0109305363454743,-0.0036371087546744,-0.0266632742141084,0.0227057785120032,-0.0216120555585348,-0.0017064109210298,-0.0061632394447324,0.0227057785120031,-0.0017358045772675,0.0798850574712643,0.0671296296296296,0.0716296296296296,0.0723835869064084,0.0740668740279937,0.1333333333333333,0.154224537037037,0.1402222222222222,0.1455739972337482,0.1442457231726283,0.2778735632183908,0.2738715277777778,0.2832592592592592,0.2822729368372522,0.282983411093831,0.1804597701149425,0.1827256944444444,0.1814074074074074,0.1855693868142001,0.1766459305339554,0.328448275862069,0.3220486111111111,0.3234814814814815,0.3142000922083909,0.3220580611715915,0.0725,0.144,0.28125,0.18075,0.3215,1874
-0.0680529300567107,0.0174116688728235,0.0170569528765539,-0.0229571823774723,0.0161517015736963,0.0174116688728235,-0.0640106620449847,-0.0101605085467568,0.0225318094170552,0.0120993013953476,0.0170569528765539,-0.0101605085467568,-0.0124799817061567,0.0037961995175062,0.0065316579269948,-0.0229571823774721,0.0225318094170553,0.0037961995175063,-0.015954957075565,0.0061705747980258,0.0161517015736964,0.0120993013953476,0.0065316579269949,0.0061705747980257,-0.0194427102684842,0.1228260869565217,0.1129976580796253,0.1130384504191963,0.1176400759734093,0.1131425543190249,0.104891304347826,0.1135831381733021,0.1078346342873663,0.1043447293447293,0.1054583995760466,0.2833333333333333,0.2911787665886026,0.2918473547267997,0.2871557454890788,0.2863672496025437,0.1795289855072463,0.1715456674473068,0.1748337669846776,0.1783000949667616,0.1744170641229464,0.3094202898550725,0.3106947697111631,0.3124457935819601,0.3125593542260209,0.3206147323794382,0.115,0.10675,0.28825,0.1755,0.3145,811
0.1120109400252189,-0.0266453029493798,0.0021800197394823,0.0367582694044098,-0.0407835514843228,-0.0266453029493798,-0.0505210743164341,-0.0010590447657818,0.016559570694857,0.026539840469226,0.0021800197394823,-0.0010590447657821,0.003890970402278,-0.0186514233759456,0.0075397977944184,0.03675826940441,0.0165595706948571,-0.0186514233759453,0.0088998386954392,-0.0013544589698801,-0.0407835514843226,0.0265398404692261,0.0075397977944186,-0.0013544589698799,-0.0135407257605493,0.0608272506082725,0.0703252032520325,0.0683506686478454,0.0659820585457979,0.0712936732766761,0.1578467153284671,0.1615176151761517,0.153912828132739,0.1512039660056657,0.1496694995278564,0.3357664233576642,0.3368563685636856,0.3351906884596334,0.3427762039660056,0.3339628580421782,0.1700121654501216,0.1735772357723577,0.1797919762258543,0.1749291784702549,0.1767390620081838,0.2755474452554745,0.2577235772357724,0.2627538385339277,0.2651085930122757,0.2683349071451054,0.0685,0.15375,0.3365,0.1765,0.26475,387
-0.1880894037276304,0.1070289577752263,0.0078200847086938,-0.0286998018714954,0.0054838283022514,0.1070289577752264,0.0009076261705915,-0.0244781386730068,0.000232418293902,0.0093733218336561,0.0078200847086938,-0.0244781386730068,-0.0007488585314776,0.0084976917415346,0.0019894432336273,-0.0286998018714954,0.000232418293902,0.0084976917415346,0.01733399618153,-0.0143177726392311,0.0054838283022515,0.009373321833656,0.0019894432336273,-0.0143177726392313,0.0022049506316885,0.0597014925373134,0.0448717948717948,0.0498570407433881,0.0516921650440426,0.0499744376278118,0.0841625207296849,0.0941644562334217,0.0965570645699309,0.0942280945757997,0.0933665644171779,0.3470149253731343,0.3583112290008842,0.3500119132713843,0.3467779323133982,0.3490541922290388,0.1849087893864013,0.1797082228116711,0.1782225399094591,0.1766342141863699,0.1823236196319018,0.324212271973466,0.3229442970822281,0.3253514415058375,0.3306675938803894,0.3252811860940695,0.05025,0.09425,0.34975,0.17975,0.326,2882
-0.0928215285841131,0.0569297664641345,-0.0154832360139014,0.0324667358160181,-0.0005903187721369,0.0569297664641345,0.0125735005483453,-0.0183440863800299,0.0019608119736489,-0.0195785631325702,-0.0154832360139014,-0.0183440863800299,0.0121987100078261,-0.0016530099632592,0.0062276904382166,0.0324667358160181,0.0019608119736488,-0.0016530099632592,0.0049282346320488,-0.0280508964719492,-0.0005903187721369,-0.0195785631325702,0.0062276904382166,-0.0280508964719492,0.0448979591836733,0.1322314049586777,0.1141114982578397,0.122873471557682,0.1170715249662618,0.1210714285714285,0.1353305785123967,0.1416957026713124,0.1461323763955342,0.1432186234817813,0.1463095238095238,0.3183539944903581,0.3192508710801394,0.3096757044125465,0.3140182186234818,0.3115476190476191,0.2389807162534435,0.2465156794425087,0.247408293460925,0.2457827260458839,0.2539285714285714,0.1751033057851239,0.1784262485481997,0.173910154173312,0.1799089068825911,0.1671428571428571,0.121,0.1435,0.3135,0.247,0.175,1175
0.090324721585991,0.0223149454909902,0.0012599798644366,-0.0128403198520372,-0.0312775320367617,0.0223149454909902,-0.023976924463674,-0.0426445148987171,0.0145658806913133,0.0408732467845174,0.0012599798644366,-0.0426445148987171,0.0057825865778329,0.012054837665215,0.0013801937703561,-0.0128403198520372,0.0145658806913132,0.012054837665215,-0.017484877969518,-0.0040148594199194,-0.0312775320367617,0.0408732467845175,0.001380193770356,-0.0040148594199194,-0.0040093373364669,0.0861917326297273,0.0926356589147286,0.0946306169078446,0.0959666203059805,0.0977135461604831,0.1051011433597185,0.1100775193798449,0.112084285351612,0.1059341678256838,0.1031061259706643,0.3278364116094986,0.3422480620155039,0.3263518659558263,0.3242929995363931,0.3277969513948806,0.1820580474934037,0.1771317829457364,0.1775831429296775,0.1828929068150208,0.1804716709807305,0.2988126649076517,0.2779069767441861,0.2893500888550393,0.2909133055169216,0.2909117054932413,0.09475,0.1075,0.32825,0.17975,0.28975,3197
0.0392173988994671,0.0110944171398983,-0.0248474606180306,0.0187130142650846,0.00619499425512,0.0110944171398983,-0.0097335342901052,0.0099447455505228,-0.0306998639476179,0.0074698770215807,-0.0248474606180306,0.0099447455505227,0.0095610583457138,-0.0002540592034527,-0.0086032253581149,0.0187130142650846,-0.0306998639476179,-0.0002540592034527,0.026228141376033,-0.008711600183402,0.00619499425512,0.0074698770215807,-0.0086032253581149,-0.008711600183402,0.0107321680714386,0.0514018691588785,0.0529064486830154,0.0548293391430646,0.0524988537368179,0.053168567807351,0.0907320872274143,0.0926430517711171,0.0908375695957395,0.0945667125171939,0.0910646387832699,0.352803738317757,0.3408265213442325,0.340958605664488,0.3443374598807886,0.347211660329531,0.1783489096573208,0.1873297002724795,0.1817961752602275,0.176983035304906,0.1833333333333333,0.3267133956386293,0.3262942779291553,0.3315783103364803,0.3316139385602934,0.3252217997465145,0.0535,0.09175,0.34425,0.18175,0.32875,2623
-0.023492500765228,-0.0615522910604877,-0.0085493956461697,0.0149724192277383,0.0253921705534608,-0.0615522910604875,0.0200864005908731,-0.0030805906004212,0.0255839575686104,-0.0048793005656342,-0.0085493956461697,-0.0030805906004214,-0.0114810174272044,0.0133382720891298,0.0070025003873673,0.0149724192277385,0.0255839575686105,0.01333827208913,0.0034035846620725,-0.0266075468546298,0.0253921705534609,-0.0048793005656344,0.0070025003873673,-0.02660754685463,0.0038563696955253,0.067550505050505,0.0700624512099921,0.0665642601126472,0.0650118203309692,0.0643241167434715,0.113320707070707,0.1046057767369242,0.1070788530465949,0.1040189125295508,0.1072708653353814,0.3282828282828283,0.3265027322404371,0.329237071172555,0.3211583924349881,0.3232206861239119,0.1736111111111111,0.1717408274785324,0.1738991295442908,0.1756501182033097,0.1809395801331285,0.3172348484848485,0.3270882123341139,0.3232206861239119,0.334160756501182,0.3242447516641065,0.066,0.10675,0.3255,0.17625,0.3255,1351
0.05,-0.047486033519553,-0.0193133047210301,0.0,0.0259740259740259,-0.047486033519553,-0.1027537634073012,-0.0003649800326617,0.0321640760587288,0.0176873187060502,-0.0193133047210301,-0.0003649800326617,0.018626650375255,-0.0160287290882017,-0.0078423357898238,0.0,0.0321640760587288,-0.0160287290882017,-0.0057537754330756,0.0115526730172588,0.0259740259740259,0.0176873187060501,-0.0078423357898238,0.0115526730172588,-0.0069171081169463,0.0475,0.0523743016759776,0.0509656652360515,0.05,0.0487012987012987,0.09375,0.0986964618249534,0.0895326657129232,0.0866213151927437,0.0879169849758085,0.35625,0.3496275605214152,0.3429899856938483,0.3551020408163265,0.3522408963585434,0.18375,0.1778398510242085,0.186695278969957,0.1848072562358276,0.1816271963330787,0.31875,0.321461824953445,0.3298164043872198,0.323469387755102,0.3295136236312707,0.05,0.0895,0.3495,0.18375,0.32725,410
0.0487509385810959,-0.0183027694277939,-0.0082495754738629,-0.0039231413924838,-0.0052348076777177,-0.0183027694277939,-0.0492739024594979,-0.0128083958493314,0.0395878417280469,0.0113270188458157,-0.0082495754738629,-0.0128083958493314,0.0196171823400904,-0.0114641497191059,-0.0058421516754849,-0.0039231413924836,0.0395878417280469,-0.0114641497191059,-0.0100836188541291,0.0129350495384875,-0.005234807677718,0.0113270188458157,-0.0058421516754849,0.0129350495384875,-0.0086942940441483,0.1279429987608426,0.1369617224880382,0.1356095679012345,0.135027662517289,0.135204081632653,0.1064126394052044,0.1096491228070175,0.1058384773662551,0.100363070539419,0.1033163265306122,0.3266728624535316,0.3281499202551834,0.3176440329218107,0.3277143845089903,0.3258928571428571,0.2419454770755886,0.2314593301435406,0.2437628600823045,0.243430152143845,0.2378826530612245,0.1970260223048327,0.1937799043062201,0.197145061728395,0.1934647302904564,0.197704081632653,0.1345,0.1045,0.324,0.241,0.196,4212
0.0594292220489592,0.1137785499311204,0.0004641550064043,-0.1378293716602174,0.0334625441300654,0.1137785499311204,0.0015210473764266,0.0152746058257869,-0.0153341171859691,-0.0258761536880145,0.0004641550064043,0.0152746058257869,-0.0046411277395557,0.0107770619581643,-0.005477703463308,-0.1378293716602174,-0.0153341171859691,0.0107770619581643,0.0162037037037036,0.0051976823449215,0.0334625441300654,-0.0258761536880145,-0.005477703463308,0.0051976823449215,0.0053414380167362,0.0472636815920398,0.0445326278659612,0.0502266762109281,0.0571759259259259,0.0485685071574642,0.0837479270315091,0.0943562610229276,0.0930565497494631,0.095949074074074,0.0969452965235173,0.3490878938640133,0.3439153439153439,0.3508709138630398,0.3454861111111111,0.3511630879345603,0.2048092868988391,0.1827601410934744,0.1780601288475304,0.1770833333333333,0.1790644171779141,0.3150912106135987,0.3344356261022927,0.3277857313290384,0.3243055555555555,0.324258691206544,0.05025,0.0945,0.34925,0.18,0.326,109
0.0010020436817947,-0.0567824296333872,0.0135060311052237,-0.0486806238145227,0.0180987790821618,-0.0567824296333869,-0.053627231474719,0.0168285599143981,0.0520887191928834,-0.0011677305193176,0.0135060311052235,0.016828559914398,-0.0111984080901921,0.0147371093569682,-0.0042109431514878,-0.0486806238145229,0.0520887191928833,0.0147371093569681,0.0042228779182141,-0.0069370076866328,0.0180987790821617,-0.0011677305193178,-0.0042109431514878,-0.0069370076866328,-0.0006365495158366,0.1431064572425829,0.1513840830449827,0.1413152610441767,0.1502234993614304,0.1406573498964803,0.0763525305410122,0.0761245674740484,0.0710341365461847,0.0684865900383141,0.0723343685300207,0.3275159976730657,0.3264129181084198,0.3357178714859438,0.3271072796934866,0.333398033126294,0.1368528214077952,0.1237024221453287,0.1285768072289156,0.129948914431673,0.1314052795031056,0.3161721931355439,0.3223760092272203,0.3233559236947791,0.3242337164750958,0.3222049689440994,0.14325,0.07225,0.332,0.1305,0.322,4995
-0.1000833151334255,-0.0767449998654068,0.0112596762843067,0.036641774218894,0.0047506235976886,-0.0767449998654068,0.0394856022375507,-0.0018214936247724,-0.0181164088533178,0.0127782644363798,0.0112596762843069,-0.0018214936247722,-0.0034013605442175,-0.001254870880391,0.0030897855325336,0.0366417742188942,-0.0181164088533178,-0.001254870880391,0.0176483450388356,-0.0089887878370795,0.0047506235976886,0.0127782644363797,0.0030897855325335,-0.0089887878370795,-0.0026610725870674,0.0558292282430213,0.0546448087431694,0.0501785714285714,0.0488904299583911,0.0505089058524173,0.0985221674876847,0.0878870673952641,0.0916666666666666,0.0931576514100785,0.0903307888040712,0.3460591133004926,0.3506375227686703,0.3511904761904761,0.3504392048081368,0.3489185750636132,0.1736453201970443,0.1835154826958105,0.1804761904761904,0.1770688858067498,0.1818702290076335,0.3259441707717569,0.3233151183970856,0.3264880952380952,0.3304438280166435,0.3283715012722646,0.05075,0.0915,0.35,0.18025,0.3275,3429
-0.1045364891518736,0.0090424873033568,0.0006675305297051,0.0246424877857422,0.0037249453083425,0.0090424873033569,0.0042552529425035,0.0074300947195281,-0.0022418863200142,-0.0093808676838453,0.0006675305297051,0.007430094719528,0.0076038107388289,0.0071145549125642,-0.0140626894378572,0.0246424877857422,-0.0022418863200142,0.0071145549125642,0.0031485289348067,-0.0130932412818927,0.0037249453083427,-0.0093808676838453,-0.0140626894378572,-0.0130932412818927,0.0235934714284898,0.0717948717948717,0.0644122383252818,0.0649566105155691,0.0633982382939267,0.0647578785549577,0.1025641025641025,0.1030595813204508,0.1027309851965288,0.1037320352341214,0.1044709198052779,0.3262820512820513,0.324074074074074,0.3240173557937723,0.3241770978210477,0.3310914681014604,0.1753205128205128,0.1801529790660225,0.1784711587544665,0.1791840519239684,0.1821035101204202,0.3240384615384615,0.3283011272141707,0.3298238897396631,0.3295085767269355,0.3175762234178836,0.065,0.1035,0.3265,0.17975,0.32525,2809
0.0004164931278634,-0.0409745293466223,-0.0369497343010152,0.0166549378372037,0.0421090554601903,-0.0409745293466223,-0.1105101856859562,0.0433778657430315,-0.0147019513499064,0.0086696128860875,-0.0369497343010152,0.0433778657430314,-0.0139411128869837,-0.0068825769486078,0.0106982675087666,0.0166549378372037,-0.0147019513499064,-0.0068825769486078,0.0550931430836306,-0.0223081605614638,0.0421090554601902,0.0086696128860874,0.0106982675087666,-0.0223081605614638,-0.0093069748934888,0.0612244897959183,0.0637596899224806,0.0635131712259371,0.0602298850574712,0.0586708203530633,0.1119047619047619,0.1193798449612403,0.1028368794326241,0.1090804597701149,0.1065680166147455,0.341156462585034,0.3147286821705426,0.3335866261398176,0.331264367816092,0.3254802699896157,0.1782312925170068,0.1839147286821705,0.1824974670719351,0.1712643678160919,0.1852933541017653,0.3074829931972789,0.3182170542635659,0.3175658561296859,0.3281609195402299,0.3239875389408099,0.06125,0.1075,0.329,0.18125,0.321,2594
-0.1485969100490969,0.0180311137228218,0.0113356384731673,0.016031264214171,0.0081791978217168,0.0180311137228218,-0.0299645352417763,0.0338025437213327,-0.0336263180594595,-0.0090534859207218,0.0113356384731674,0.0338025437213328,-0.0068309388698506,-0.0094051840089233,-0.0019685274418326,0.0160312642141708,-0.0336263180594595,-0.0094051840089233,-0.0088082607495152,0.0223864729852064,0.0081791978217169,-0.0090534859207218,-0.0019685274418326,0.0223864729852064,-0.0096418283056352,0.0855704697986577,0.0731566820276497,0.073655494933749,0.0733056708160442,0.073890649762282,0.1065436241610738,0.1117511520737327,0.1048324240062353,0.1121484555094513,0.1094823032223983,0.3171140939597315,0.3099078341013825,0.3229410236425045,0.3237667127708621,0.3213814051769678,0.1778523489932885,0.1868279569892473,0.1824499870096128,0.1823420931304748,0.1767036450079239,0.3129194630872483,0.3183563748079877,0.3161210704078981,0.3084370677731674,0.3185419968304279,0.0745,0.1085,0.32075,0.18075,0.3155,2836
-0.0177777238200456,-0.0088502181268097,-0.0242021770014511,0.0289689984811936,0.007295026745147,-0.0088502181268101,-0.0077150953577209,0.0106982471089638,-0.016673937278852,0.017734896671725,-0.0242021770014513,0.0106982471089638,-0.0158854802592622,0.0132132637603097,0.0095548372475448,0.0289689984811934,-0.016673937278852,0.0132132637603097,-0.0077662721893492,-0.0125214128395465,0.007295026745147,0.0177348966717251,0.0095548372475448,-0.0125214128395465,-0.0098408882101639,0.1460511033681765,0.1447700063011972,0.1469730123997082,0.1393429487179487,0.1424531636620714,0.1334204413472706,0.1332703213610586,0.1308351568198395,0.1344551282051282,0.1299045599151643,0.2340301974448315,0.2260554505356017,0.2321298322392414,0.2254807692307692,0.226316719688936,0.2524680603948896,0.2643352236925015,0.2565645514223195,0.2620192307692308,0.2632555673382821,0.2340301974448315,0.2315689981096408,0.2334974471188913,0.2387019230769231,0.2380699893955461,0.1435,0.13225,0.2285,0.26,0.23575,2372
0.0072069988823371,-0.0004635175012277,-0.0069977811913295,0.0250101768286024,-0.0158411796386057,-0.0004635175012275,-0.0077147008852478,0.0166588758138053,-0.0256282933899882,0.0048629032793083,-0.0069977811913295,0.0166588758138054,-0.0325858738557149,0.0202113470811532,0.0216437755297858,0.0250101768286024,-0.0256282933899882,0.0202113470811532,-0.0167202523000897,-0.0064874485094656,-0.0158411796386055,0.0048629032793084,0.0216437755297858,-0.0064874485094656,-0.0246360081254977,0.1154121863799283,0.1163038839095177,0.117063492063492,0.1133425669436749,0.1180915371329879,0.1953405017921147,0.1967562953478446,0.1919973544973545,0.2002539242843952,0.194300518134715,0.3172043010752688,0.3097524541186513,0.3252645502645502,0.3086334256694367,0.3081822107081174,0.1759856630824372,0.1851259069568928,0.1768518518518518,0.1835180055401662,0.1816709844559585,0.1960573476702509,0.1920614596670934,0.1888227513227513,0.1942520775623268,0.197754749568221,0.11625,0.19525,0.315,0.1805,0.193,1235
-0.048950427313958,0.015079472897704,0.0091318851736565,0.0026327093939665,0.0016073025294442,0.0150794728977041,-0.1180942965421463,-0.0022124791945763,-0.0097961836668367,0.0468871634164353,0.0091318851736563,-0.0022124791945763,0.0209077224672689,-0.0417500733979234,0.0033602227653656,0.0026327093939664,-0.0097961836668369,-0.0417500733979234,0.0690149873324988,-0.0002785031984124,0.0016073025294444,0.0468871634164353,0.0033602227653658,-0.0002785031984124,-0.0209994468715646,0.1135488837567359,0.1066176470588235,0.1072614734299517,0.1079650092081031,0.1080760095011876,0.1172055427251732,0.1330532212885154,0.1192632850241545,0.1201657458563535,0.1134204275534441,0.2734795996920708,0.2766106442577031,0.2702294685990338,0.2875230202578269,0.275072578516759,0.180523479599692,0.1827731092436974,0.1885567632850241,0.1685082872928177,0.1810504090789126,0.3152424942263279,0.3009453781512605,0.3146890096618358,0.3158379373848987,0.3223805753496965,0.10825,0.119,0.276,0.181,0.31575,2146
0.0477162194333911,0.0035348290800003,0.0042195779089942,-0.0193910268481483,-0.0035745656972223,0.0035348290800004,0.0136678306574615,0.0086793381393897,-0.0085532885507795,-0.0118352910331029,0.0042195779089942,0.0086793381393897,0.0014228582852061,-0.0267372105939807,0.0140233723920886,-0.0193910268481483,-0.0085532885507795,-0.0267372105939807,0.029072764490088,0.0125889576308957,-0.0035745656972221,-0.0118352910331029,0.0140233723920885,0.0125889576308959,-0.0147815811387546,0.0707070707070707,0.0739875389408099,0.0739366963402571,0.075689783743475,0.0745154115030187,0.1865881032547699,0.1846906987093903,0.1856247939333992,0.1888516032811334,0.1894661582459485,0.2516835016835017,0.2505562972852692,0.2523903725684141,0.2595078299776286,0.2492055926278996,0.2278338945005611,0.2254116599910992,0.2294757665677547,0.2170022371364653,0.2206863679694947,0.2631874298540965,0.2653538050734312,0.2585723705901747,0.2589485458612975,0.2661264696536384,0.07425,0.18725,0.25275,0.2235,0.26225,4975
0.0751580141208767,0.0085017636411407,-0.0394669930443625,-0.0050402016080643,-0.0149432226230623,0.0085017636411406,-0.0220814061516412,0.0170860275362039,-0.0013688178799031,-0.00120177146845,-0.0394669930443627,0.0170860275362038,0.0053213678866131,0.0420031165887518,-0.0098505651950853,-0.0050402016080643,-0.0013688178799029,0.042003116588752,-0.1017628205128204,0.0073872641611846,-0.0149432226230623,-0.00120177146845,-0.0098505651950855,0.0073872641611845,0.0139290291789536,0.1482059282371295,0.1588875923765072,0.1665745856353591,0.1610576923076923,0.1626446514253457,0.2124284971398856,0.2189809412679891,0.2105893186003683,0.2145432692307692,0.2145074795371154,0.235179407176287,0.2223842862699338,0.2250460405156537,0.2167467948717948,0.2284786903753881,0.1045241809672386,0.1041423570595099,0.0996316758747698,0.1145833333333333,0.1032317245272368,0.2996619864794592,0.2956048230260599,0.298158379373849,0.2930689102564102,0.2911374541349139,0.16025,0.21425,0.22625,0.104,0.29525,599
0.2692389455782312,-0.048561316418459,0.0087288909173892,0.0496198479391756,-0.0745240125035522,-0.0485613164184592,-0.0062461799913535,-0.03669392806773,0.0575380731443155,0.0103366062445346,0.0087288909173893,-0.03669392806773,0.0183969759141496,0.0091883398726902,-0.0116238003281137,0.0496198479391757,0.0575380731443155,0.0091883398726901,-0.0722176025272054,0.0065932596397467,-0.0745240125035522,0.0103366062445346,-0.0116238003281139,0.0065932596397467,0.0173911589914886,0.040922619047619,0.0587194337194337,0.0555111821086262,0.0532212885154061,0.0601733447001989,0.1357886904761904,0.1303088803088803,0.134251863684771,0.1220488195278111,0.1281614094913327,0.3102678571428571,0.3244851994851995,0.3072417465388711,0.3101240496198479,0.3166382495026996,0.1979166666666666,0.1962676962676962,0.2063365282215122,0.2232893157262905,0.2068769536800227,0.3151041666666667,0.2902187902187902,0.2966586794462194,0.2913165266106443,0.2881500426257459,0.056,0.1295,0.313,0.20825,0.29325,1434
0.014201941193,0.0928656551822272,0.0182931314468718,-0.0426013758919796,-0.0280921061590206,0.0928656551822273,-0.0301961951420526,-0.0238166330451838,0.0177638453500521,0.0047546438523882,0.0182931314468718,-0.0238166330451838,0.0266010886932052,-0.0171626515509368,-0.0137177456159842,-0.0426013758919796,0.0177638453500521,-0.0171626515509368,0.0322631787554498,0.0025081650697413,-0.0280921061590206,0.0047546438523881,-0.0137177456159842,0.0025081650697413,0.0170926479515849,0.0662949194547707,0.0610047846889952,0.0660197869101978,0.0701149425287356,0.0691391941391941,0.0947955390334572,0.1076555023923445,0.1069888381532217,0.1026436781609195,0.1040031397174254,0.3224907063197026,0.3363237639553429,0.3197615423642821,0.3341379310344827,0.3330062794348508,0.1889714993804213,0.178030303030303,0.1843607305936073,0.1754022988505747,0.1807953950811093,0.3274473358116481,0.3169856459330143,0.322869101978691,0.3177011494252874,0.3130559916274202,0.06725,0.1045,0.3285,0.18125,0.3185,4996
-0.075257555604431,-0.0147797288299211,-0.0019899487367416,0.023480711455334,0.0112847351283842,-0.0147797288299211,-0.0316693427103842,-0.0469577387912623,0.0151113686647832,0.0513065002359695,-0.0019899487367416,-0.0469577387912623,0.0387818169365238,-0.0147369529826522,-0.0170234255176802,0.023480711455334,0.0151113686647833,-0.0147369529826522,-0.0176406608128989,0.0144496838657832,0.0112847351283842,0.0513065002359693,-0.0170234255176802,0.014449683865783,-0.0080306309982511,0.0830636461704422,0.0783917340521114,0.0774037235399132,0.0754361150400754,0.0763782542113323,0.0941208198489751,0.0956873315363881,0.0971053302728895,0.0913484205563413,0.0879913221031138,0.3274002157497303,0.3420934411500449,0.3140780413159908,0.3315652993870815,0.332312404287902,0.1725997842502697,0.1740790655884995,0.1793547564396837,0.1798679867986798,0.1741960183767228,0.3228155339805825,0.3097484276729559,0.3320581484315226,0.3217821782178218,0.329122001020929,0.07725,0.09275,0.32675,0.17675,0.3265,538
0.0053233620070365,-0.0639448912612257,-0.0080796511615437,0.0543735224586288,0.0013117781221003,-0.0639448912612254,0.0496198479391756,-0.0210231018944309,0.0126547072729801,0.0083093940451579,-0.0080796511615435,-0.0210231018944309,0.0323428990152601,-0.0186396163620317,-0.0144688039366898,0.0543735224586288,0.01265470727298,-0.0186396163620317,0.0235232969501868,-0.00831577277774,0.0013117781221004,0.0083093940451579,-0.0144688039366898,-0.00831577277774,0.0166957575015226,0.0579399141630901,0.0619747899159663,0.0587206396801599,0.0550827423167848,0.0581735889243876,0.1266094420600858,0.1130952380952381,0.1215017491254372,0.1174940898345153,0.1180111821086262,0.3361945636623748,0.3405112044817927,0.3227136431784108,0.3397163120567376,0.338325346112886,0.1666666666666666,0.1740196078431372,0.179535232383808,0.1721040189125295,0.1777156549520766,0.3125894134477825,0.3103991596638655,0.3175287356321839,0.3156028368794326,0.3077742279020234,0.05825,0.119,0.3335,0.17625,0.313,721
0.063342566943675,-0.0115532734274712,-0.0063490179789948,-0.0317329373590717,0.0083785387938767,-0.011553273427471,0.0204243505849692,0.010091566530096,0.0162346764533476,-0.0215373593547107,-0.0063490179789948,0.0100915665300959,-0.0329164807798307,0.0049387864572717,0.0183703706331895,-0.0317329373590717,0.0162346764533476,0.0049387864572718,0.0114818781989898,-0.0054696562740732,0.0083785387938768,-0.0215373593547107,0.0183703706331895,-0.0054696562740732,-0.0048855596294345,0.1112280701754385,0.1201219512195121,0.1195039458850056,0.1225182863113897,0.1177550485182271,0.1036842105263158,0.1004065040650406,0.1014656144306651,0.1008359456635318,0.1047075793338578,0.2231578947368421,0.2195121951219512,0.2290492296129274,0.2206548241030999,0.2176763703120902,0.2468421052631579,0.2353658536585365,0.2380683953400977,0.2365029606408916,0.240558615263572,0.3150877192982456,0.3245934959349593,0.311912814731304,0.3194879832810867,0.3193023865722528,0.11875,0.1025,0.22175,0.23925,0.31775,4410
0.0409241563360881,0.0330073119252224,-0.0107726198151729,-0.0316847392090111,-0.0072531810516633,0.0330073119252223,0.0058001864640314,-0.0492959048055903,0.0431568463737714,-0.0067705318265334,-0.0107726198151731,-0.0492959048055903,0.0159133921663832,0.0233647683407177,-0.0043437082294677,-0.0316847392090111,0.0431568463737714,0.0233647683407177,-0.0003058627541883,-0.0150788323318979,-0.0072531810516633,-0.0067705318265334,-0.0043437082294677,-0.0150788323318982,0.0193820163477406,0.1687973484848484,0.1701907131011608,0.1778959810874704,0.1815765141007859,0.1772765598650927,0.0971827651515151,0.0999170812603648,0.1054542384329618,0.0961627369394359,0.1011804384485666,0.2494081439393939,0.2589137645107794,0.2428233704829449,0.2409847434119278,0.2478218100056211,0.1859611742424242,0.1724709784411277,0.1760385005065856,0.1803051317614424,0.1829679595278246,0.2986505681818182,0.2985074626865671,0.2977879094900371,0.3009708737864077,0.2907532321528949,0.176,0.1005,0.24675,0.18025,0.2965,1872
-0.0666666666666666,0.0462962962962962,-0.0085836909871244,0.0355677154582764,-0.0132214594457158,0.0462962962962963,0.0123456790123456,-0.0027552588353734,0.0031413082028676,-0.0092663220046897,-0.0085836909871244,-0.0027552588353734,0.0025944823417607,0.0080937721596939,-0.0052135792405481,0.0355677154582763,0.0031413082028677,0.0080937721596938,-0.0305143277048038,0.0020949397622209,-0.0132214594457156,-0.0092663220046895,-0.0052135792405481,0.0020949397622209,0.0089529753035347,0.0533333333333333,0.0476851851851851,0.0504291845493562,0.0482216142270861,0.0506610729722857,0.0858333333333333,0.0888888888888888,0.0902479732951836,0.0897172822617419,0.090833968980422,0.3525,0.350462962962963,0.3485932284215546,0.3466712266301869,0.3513221459445715,0.17625,0.1821759259259259,0.1812708631378159,0.1883264933880529,0.1823671497584541,0.3320833333333333,0.330787037037037,0.3294587505960896,0.327063383492932,0.3248156623442664,0.05,0.09,0.3495,0.18275,0.32775,2845
-0.0035430431868237,0.0399341080781951,0.0289127322823691,0.0162105246615277,-0.0501105379513633,0.0399341080781951,-0.0066365367552057,-0.0077781657713664,-8.131600985517018e-05,0.0007640176007018,0.0289127322823691,-0.0077781657713664,-0.0165621399369075,0.0282299386926875,-0.0035405535630006,0.0162105246615277,-8.131600985517018e-05,0.0282299386926875,-0.0445662245314444,-0.0064012301419329,-0.0501105379513633,0.0007640176007017,-0.0035405535630006,-0.0064012301419327,0.0182509676838599,0.0740112994350282,0.0708048595292331,0.0716176859941752,0.0725544738062123,0.077445652173913,0.105367231638418,0.1104783599088838,0.1106036536934074,0.1097589244320816,0.1096661490683229,0.3056497175141243,0.3171981776765376,0.3199629335451416,0.3058646267964766,0.3158643892339544,0.1768361581920904,0.1797646165527714,0.1746756685199894,0.1877607788595271,0.1809006211180124,0.338135593220339,0.321753986332574,0.3231400582472862,0.3240611961057024,0.3161231884057971,0.07375,0.10975,0.31475,0.17975,0.322,2053
-0.016460409377198,-0.0307848583326773,-0.0026493019658475,0.0357980651280048,0.0205375064676737,-0.0307848583326773,0.0089763184009806,0.003544553081221,-0.0231283855602479,0.0279066858042255,-0.0026493019658475,0.0035445530812209,0.0128402788281355,0.0142184278623068,-0.0231895616613251,0.0357980651280049,-0.0231283855602479,0.0142184278623068,-0.005937158200916,-0.0163108391450641,0.0205375064676737,0.0279066858042253,-0.0231895616613251,-0.0163108391450641,-0.0090705109869504,0.1837252189949285,0.1863143631436314,0.1812288613303269,0.1742794997281131,0.1770378457059679,0.2218764407561088,0.2133178474641889,0.2144870349492671,0.2202283849918433,0.2092430858806404,0.2223374827109266,0.2209639953542392,0.2189026681698609,0.2185970636215334,0.2268922852983988,0.1477639465191332,0.156794425087108,0.1510710259301014,0.1541598694942903,0.155749636098981,0.2242969110189027,0.2226093689508323,0.2343104096204434,0.2327351821642196,0.2310771470160116,0.18075,0.21525,0.22175,0.15325,0.229,2907
0.0509900482199652,0.0365699194222114,0.0106717144699119,0.0065287811030845,-0.0572408031573188,0.0365699194222114,-0.0193463441568095,-0.0382775521871086,0.0389973193578506,0.0087247357229877,0.0106717144699121,-0.0382775521871086,0.0035706404228771,0.0073433595486669,0.0011695816338451,0.0065287811030845,0.0389973193578506,0.0073433595486669,-0.0733051390490837,0.0300717988344761,-0.0572408031573183,0.0087247357229878,0.0011695816338451,0.0300717988344761,-0.0036642481011428,0.1081871345029239,0.1098310291858679,0.11278342455043,0.1132557189542483,0.1205254515599343,0.10453216374269,0.1105990783410138,0.1126531144123012,0.1042687908496732,0.1075533661740558,0.3163377192982456,0.3319892473118279,0.318608287724785,0.3174019607843137,0.319376026272578,0.2026681286549707,0.1960445468509984,0.2025019546520719,0.218954248366013,0.1978653530377668,0.2682748538011696,0.2515360983102918,0.2534532186604117,0.2461192810457516,0.254679802955665,0.114,0.1085,0.31975,0.204,0.25375,2254
0.0428929600615876,-0.0477250218913349,0.0306041849176372,-0.0367275401780824,-0.0012599797116954,-0.0477250218913349,-0.0035038306018071,0.0070305521391071,0.0020648916650849,0.0071530112597874,0.0306041849176372,0.0070305521391071,-0.0074242467631355,0.013487142929151,-0.0120454483289591,-0.0367275401780824,0.0020648916650849,0.0134871429291512,-0.0409392515176005,0.0201208688603646,-0.0012599797116956,0.0071530112597874,-0.0120454483289591,0.0201208688603646,-0.0026230030715341,0.0856610800744879,0.0937713894592744,0.0867609254498714,0.0927871148459383,0.0896127681841967,0.12756052141527,0.12217659137577,0.1208940302770636,0.1214985994397759,0.1208791208791208,0.2828212290502793,0.2896988364134155,0.2939160239931448,0.2878151260504201,0.2952642595499738,0.1850558659217877,0.1781314168377823,0.1760925449871465,0.1858076563958917,0.1749084249084249,0.318901303538175,0.3162217659137577,0.3223364752927735,0.3120915032679738,0.3193354264782836,0.0895,0.12175,0.29175,0.1785,0.3185,3912
0.0740786669378292,-0.0294245321965369,-0.0102463116089039,-0.0217847706173017,0.0087155786140041,-0.0294245321965367,-0.0784475671324118,0.0485353291057827,0.0038190823470675,-0.0011647408697914,-0.0102463116089039,0.0485353291057826,-0.0284340520797681,0.0155887490466123,-0.0050778038728138,-0.0217847706173017,0.0038190823470675,0.0155887490466124,0.0005054804979125,-0.0052309138641415,0.0087155786140041,-0.0011647408697914,-0.0050778038728138,-0.0052309138641417,0.0053557591969929,0.1039346696362286,0.1155529037390612,0.1134001484780994,0.1146953405017921,0.111271676300578,0.1078322197475872,0.1129673826571201,0.0996659242761692,0.1043499511241446,0.1048720066061106,0.2268002969561989,0.2136038186157517,0.2308834446919079,0.2210003258390355,0.2256399669694467,0.2613214550853749,0.2547732696897374,0.2517631774313288,0.2556207233626588,0.2570878062207542,0.3001113585746102,0.3031026252983294,0.3042873051224944,0.3043336591723689,0.3011285439031104,0.11225,0.10475,0.2245,0.25575,0.30275,177
0.0184884722472609,-0.0535149363664904,0.0120079039367685,-0.0730390347353411,0.0422663760440497,-0.0535149363664904,-0.0408478178589104,0.0052095604596978,0.0368421511906943,-0.0014212943189251,0.0120079039367686,0.0052095604596978,0.0031987515472886,0.0081594134980195,-0.0118828180522263,-0.0730390347353411,0.0368421511906943,0.0081594134980194,-0.0252466999871843,0.0080721160139759,0.0422663760440498,-0.0014212943189249,-0.0118828180522263,0.0080721160139758,-0.000391396633989,0.0633074935400516,0.0679517133956386,0.0637254901960784,0.0692110177404295,0.0617738187451587,0.1127260981912144,0.1113707165109034,0.1064425770308123,0.1030578898225957,0.1071520784921249,0.3233204134366925,0.3255451713395638,0.3262032085561497,0.3245798319327731,0.331138652207591,0.1915374677002584,0.171923676012461,0.1770435446906035,0.1830065359477124,0.1770591272915053,0.3091085271317829,0.323208722741433,0.326585179526356,0.3201447245564892,0.3228763232636199,0.0645,0.107,0.32725,0.1785,0.32275,2890
-0.0519354049170168,-0.1145625857851988,0.0392862287834424,-0.0148987131084317,0.0105599109607742,-0.114562585785199,-0.0225715629665483,0.037036896990047,0.0150977710492377,-0.0191477702541904,0.0392862287834424,0.037036896990047,-0.015820548623495,0.0182894301819206,-0.0120843364304521,-0.0148987131084317,0.0150977710492378,0.0182894301819206,-0.0291698378697886,-0.0050776286348528,0.0105599109607743,-0.0191477702541902,-0.0120843364304521,-0.0050776286348528,0.0196815082663659,0.0665349143610013,0.0704960835509138,0.0607651460294472,0.0641923436041083,0.062582085631731,0.1067193675889328,0.097911227154047,0.092203717113203,0.0943043884220354,0.0975833990018387,0.3316864295125165,0.3324630113141862,0.3507120444122616,0.3389355742296919,0.3494221171526136,0.181159420289855,0.175805047867711,0.1752353367125271,0.1837068160597572,0.1794063567113212,0.3138998682476943,0.3233246301131419,0.3210837557325609,0.3188608776844071,0.3110060415024954,0.06325,0.09575,0.34525,0.1785,0.31725,3673
-0.0043617998163452,0.0432831881762997,0.0364167995746943,-0.0349978659837815,-0.0318875024757379,0.0432831881762999,-0.0494185882498969,0.0034468594288572,0.0197718376768927,-0.0072500892676943,0.0364167995746943,0.0034468594288571,-0.0040137938832043,-0.0159200818948781,0.0043736792962798,-0.0349978659837815,0.0197718376768926,-0.0159200818948779,0.0213581961251073,0.005431280493418,-0.0318875024757379,-0.0072500892676943,0.0043736792962799,0.005431280493418,0.0014097142124823,0.0662878787878787,0.0631433095803642,0.0635964912280701,0.0683098591549295,0.0681045751633987,0.1006944444444444,0.1104513064133016,0.1048872180451127,0.103169014084507,0.1060130718954248,0.3203914141414141,0.331353919239905,0.3338345864661654,0.3377934272300469,0.3310457516339869,0.1837121212121212,0.1739904988123515,0.1803258145363408,0.1737089201877934,0.1765359477124183,0.3289141414141414,0.3210609659540775,0.3173558897243108,0.317018779342723,0.3183006535947712,0.066,0.10525,0.3325,0.1775,0.31875,80
-0.0682048816963092,0.0288661174737123,0.0215070295016996,-0.0183155363835656,0.0020237292170947,0.0288661174737124,0.0855052583447645,0.0117744503709417,-0.0394805553092332,-0.0235082074162533,0.0215070295016998,0.0117744503709416,-0.0232370087473432,0.0021788463423276,0.0111219693796825,-0.0183155363835654,-0.039480555309233,0.0021788463423277,0.0441933772354171,-0.0095415725352154,0.0020237292170947,-0.0235082074162533,0.0111219693796826,-0.0095415725352154,0.0009270087099512,0.1054852320675105,0.0958994708994709,0.0966261808367071,0.1005586592178771,0.0985501567398119,0.0917721518987341,0.0864197530864197,0.093387314439946,0.0982309124767225,0.0967215256008359,0.3021097046413502,0.3051146384479717,0.3159244264507422,0.3080772811918063,0.305316091954023,0.1822784810126582,0.1860670194003527,0.1786099865047233,0.1710893854748603,0.1807079414838035,0.3183544303797468,0.3264991181657848,0.3154520917678812,0.3220437616387337,0.3187042842215256,0.09875,0.0945,0.30875,0.179,0.319,2561
-0.0754820936639117,0.0065107306486615,-0.0406199057636051,0.0600566332783905,0.0238333095475952,0.0065107306486617,-0.0178546719294911,0.0050607030252801,-0.0407841889590554,0.0214408554688965,-0.0406199057636049,0.00506070302528,0.0178024660652199,-0.0007170492242474,-0.0112882520504375,0.0600566332783906,-0.0407841889590554,-0.0007170492242474,-0.0153883860576671,0.0085294926896839,0.0238333095475954,0.0214408554688965,-0.0112882520504375,0.0085294926896839,-0.0042659739901274,0.0739393939393939,0.0683023872679045,0.0715426185212478,0.0646211064621106,0.0671114599686028,0.0936363636363636,0.0959328028293545,0.0937730287398673,0.0980939098093909,0.0922291993720565,0.353030303030303,0.3375331564986737,0.3332105133873741,0.3394932589493259,0.3430795395081109,0.1684848484848485,0.1865605658709107,0.1793785310734463,0.1820083682008368,0.1777210884353741,0.3109090909090909,0.3116710875331565,0.3220953082780644,0.3157833565783356,0.3198587127158556,0.06875,0.09425,0.33925,0.17925,0.3185,1723
-0.1220844368538731,-0.0606407888291153,-0.0633039235559158,0.029577387786343,0.0874484064710979,-0.0606407888291153,0.020767082106232,-0.0053638777988922,-0.0063333234064941,0.0127708900522107,-0.0633039235559158,-0.0053638777988922,0.0111729284149489,0.0043908914530786,-0.0031651084327126,0.0295773877863431,-0.0063333234064941,0.0043908914530788,0.0125488065048504,-0.0144945870195294,0.087448406471098,0.0127708900522107,-0.0031651084327126,-0.0144945870195294,-0.0056097790348228,0.0563847429519071,0.053297199638663,0.0534310221586847,0.0487637362637362,0.0458557175748273,0.0978441127694859,0.0903342366757,0.0927448177269478,0.092834249084249,0.0910718853926835,0.3718905472636816,0.3516260162601626,0.3458422682868716,0.3482142857142857,0.3508569966743413,0.1766169154228855,0.1831526648599819,0.1812008577555396,0.1797161172161172,0.1846380148375543,0.2972636815920398,0.3215898825654923,0.3267810340719561,0.3304716117216117,0.3275773855205935,0.05025,0.09225,0.34975,0.182,0.32575,1617
0.0740740740740739,0.0022111663902709,-0.0076425631981187,-0.0142209720268793,-0.0053763440860215,0.0022111663902707,-0.0014191067877857,0.0014653364570444,-0.0169499432047453,0.0089873214572299,-0.0076425631981187,0.0014653364570446,0.0213039948489683,-0.0175200986265215,-0.0052910052910053,-0.0142209720268791,-0.016949943204745,-0.0175200986265215,0.0636722641921238,-0.0087261618498857,-0.0053763440860217,0.00898732145723,-0.0052910052910053,-0.0087261618498857,0.0045091918140826,0.0694444444444444,0.0748341625207296,0.0755731922398589,0.0760665729020159,0.0754032258064516,0.2005555555555555,0.2012852404643449,0.200705467372134,0.2044069385841537,0.1991935483870967,0.2380555555555555,0.2359038142620232,0.2312169312169312,0.2403891233005157,0.2375,0.1802777777777778,0.1807628524046434,0.1808641975308642,0.1664322550398499,0.1793010752688172,0.3116666666666666,0.3072139303482587,0.3116402116402116,0.3127051101734646,0.3086021505376344,0.075,0.201,0.23625,0.17775,0.31,1654
-0.026157086795937,0.0439582101320717,0.013157894736842,-0.0393353067167232,0.0085941853538556,0.0439582101320716,-0.0066069099019483,0.0035444200496504,-0.0100543045472993,-0.0230913439252411,0.0131578947368421,0.0035444200496506,-0.004487113616457,-0.0027907856771203,-0.0018478651631954,-0.0393353067167232,-0.0100543045472993,-0.0027907856771203,0.0453628279840409,-0.0011363573761311,0.0085941853538555,-0.0230913439252413,-0.0018478651631954,-0.0011363573761311,0.0090802321103592,0.1559758771929824,0.1453183520599251,0.15,0.1579789666209419,0.1506936838262139,0.106359649122807,0.1119850187265917,0.1108556832694763,0.112368541380887,0.1138189120116831,0.3219572368421052,0.3250936329588015,0.3277139208173691,0.3271604938271605,0.3268528660094925,0.1894188596491228,0.1840823970037453,0.1827586206896551,0.1739826245999085,0.1824571011317999,0.2262883771929824,0.2335205992509363,0.2286717752234993,0.2285093735711019,0.2261774370208105,0.152,0.11125,0.32625,0.18225,0.22825,2328
-0.0286767009403039,0.0536942976530477,0.0048949190145676,0.0374762698831296,-0.0376262824064805,0.053694297653048,0.0026618850037878,0.0090750938570843,-0.0424988795572791,0.0019889481918491,0.0048949190145677,0.0090750938570844,-0.0201262238806823,-0.0077232052231042,0.0203964338143431,0.0374762698831299,-0.0424988795572789,-0.0077232052231042,-0.0117177145701514,0.0208317494387044,-0.0376262824064805,0.0019889481918491,0.0203964338143431,0.0208317494387043,-0.0247911867957937,0.0686641697877653,0.063165905631659,0.0664232641557776,0.064248458985301,0.0692615543506325,0.1036204744069912,0.1092085235920852,0.1085062772226492,0.114153627311522,0.1092822101729925,0.3236579275905119,0.3222983257229833,0.3317960543171919,0.3277619724988146,0.3186160599018848,0.1691635455680399,0.1832191780821918,0.1771073533179605,0.1778093883357041,0.1720888200361477,0.3348938826466916,0.3221080669710807,0.3161670509864207,0.3160265528686581,0.3307513555383424,0.06675,0.1095,0.32525,0.17575,0.32275,4613
0.0700393240514402,0.0255218505607884,-0.0024298299119063,-0.0290080439248208,-0.007368412501117,0.0255218505607884,-0.0696478788192467,0.0006055291557248,0.0354085446726418,-0.010381608031148,-0.0024298299119061,0.0006055291557248,-0.0110123199879079,0.0083934348059323,0.0035711947234877,-0.029008043924821,0.0354085446726416,0.0083934348059322,0.009602280411556,-0.0163576945145154,-0.007368412501117,-0.010381608031148,0.0035711947234877,-0.0163576945145154,0.01429969222222,0.0902061855670103,0.0945243804956035,0.0972356935014549,0.0998137802607076,0.0977147360126083,0.1015893470790378,0.1115107913669064,0.1041868735855156,0.1005586592178771,0.1053322826372471,0.2583762886597938,0.2575939248601119,0.2605884254768832,0.2555865921787709,0.256829524560021,0.2302405498281786,0.2158273381294964,0.2218719689621726,0.2216014897579143,0.2274100341476228,0.3195876288659793,0.3205435651478817,0.3161170384739735,0.32243947858473,0.3127134226425007,0.097,0.10425,0.25775,0.22375,0.31725,221
0.071396488465634,0.0079109439018734,-0.0118711695923801,-0.0788898341060064,0.0505738317022363,0.0079109439018733,-0.0215195239974856,0.0062012368771381,-0.0237913693102473,0.0201058599237408,-0.0118711695923803,0.006201236877138,0.0054969601616067,0.0012804940271043,-0.0084142956280361,-0.0788898341060062,-0.0237913693102473,0.0012804940271043,0.0282201087032316,0.0105616318423562,0.0505738317022363,0.0201058599237408,-0.0084142956280359,0.0105616318423563,-0.0211011631466175,0.059662775616083,0.0637417218543046,0.0650127226463104,0.0693186718413109,0.0610006313131313,0.1498054474708171,0.1542494481236203,0.1500636132315521,0.1545924967658473,0.1479640151515151,0.3313878080415045,0.3254690949227373,0.3256997455470738,0.3270806382061233,0.3302556818181818,0.2084954604409857,0.1978476821192053,0.193002544529262,0.1877964639931005,0.1912089646464646,0.2506485084306096,0.2586920529801324,0.2662213740458015,0.2612117291936179,0.269570707070707,0.06425,0.151,0.3275,0.19325,0.264,93
-0.053627231474719,-0.0009094135391713,0.057850257605808,-0.0497259049026086,-0.0118362150247242,-0.0009094135391713,0.0330682938856015,-0.0220768601798855,0.0886792150837095,-0.045260142427727,0.0578502576058078,-0.0220768601798855,0.0007102445251335,-0.0143357869983316,0.0024229627995117,-0.0497259049026088,0.0886792150837094,-0.0143357869983316,-0.0286767009403039,0.014148653024527,-0.0118362150247242,-0.045260142427727,0.0024229627995118,0.0141486530245271,0.0062569085882224,0.0761245674740484,0.0723157051282051,0.0680703188879803,0.0758426966292134,0.0731051665355363,0.1040945790080738,0.1005608974358974,0.106295993458708,0.0947773616312942,0.1087070548124836,0.2880622837370242,0.3125,0.3055328427364404,0.3101331668747399,0.3050091791240493,0.2102076124567474,0.1824919871794871,0.2031207413464159,0.2059925093632958,0.1974167322318384,0.3215109573241061,0.3321314102564102,0.3169801035704551,0.3132542655014565,0.3157618672960923,0.07225,0.104,0.30575,0.20025,0.31775,2609
0.0563812219863175,-0.0311845094914064,-0.020375827867034,0.0029015683205546,0.0065070793851713,-0.0311845094914064,0.0676867120418044,-0.0012265542095615,0.0014365978138595,-0.0370730431285737,-0.0203758278670342,-0.0012265542095617,0.0153709066607262,-3.759539832315362e-05,0.000241919367223,0.0029015683205546,0.0014365978138594,-3.759539832315362e-05,-0.0095306176113743,0.0094844526336529,0.0065070793851714,-0.0370730431285735,0.0002419193672231,0.009484452633653,0.0129427417396343,0.1111111111111111,0.1214219759926131,0.1201492537313432,0.1174083403302546,0.116983791402396,0.1861288039631988,0.1682825484764543,0.1807213930348258,0.1802406940945983,0.1871916842847075,0.1709129511677282,0.1677054478301015,0.1649253731343283,0.1675062972292191,0.1674594785059901,0.2968860580325548,0.2973222530009233,0.2977611940298507,0.3005877413937867,0.2949260042283298,0.2349610757254069,0.2452677746999076,0.2364427860696517,0.234256926952141,0.2334390415785764,0.11775,0.1805,0.1675,0.29775,0.2365,3382
0.0813220743923665,-0.0539149568648607,-0.0252102573376895,-0.0048299707034564,0.0006443285084118,-0.0539149568648607,0.0229441314688247,0.0265407030348774,-0.0056465695900631,-0.0009747610670332,-0.0252102573376893,0.0265407030348772,-0.0147851234301537,0.016699799977379,0.0134638309866701,-0.0048299707034562,-0.0056465695900631,0.0166997999773791,-0.0311569785808889,0.0098726675949687,0.0006443285084118,-0.0009747610670332,0.0134638309866701,0.0098726675949687,-0.026828870820498,0.1547972304648862,0.177584670231729,0.1727479283614006,0.1693138500635324,0.1683914306463326,0.0985410484668644,0.0913547237076648,0.0910184442662389,0.0940279542566709,0.0935911401597676,0.3196092977250247,0.303475935828877,0.3163592622293504,0.3065438373570521,0.3075526506899056,0.197700296735905,0.1978609625668449,0.1934643143544507,0.2028801355357899,0.1948075526506899,0.2293521266073195,0.2297237076648841,0.2264100507885592,0.2272342227869546,0.2356572258533043,0.1685,0.0935,0.31175,0.19675,0.2295,4415
0.1022080071823359,0.0037685313343377,-0.028679137124022,0.0147467211687394,-0.0048621083905986,0.0037685313343377,0.019609590713742,0.0003439410697804,-0.0078928637006074,-0.0104028312005486,-0.028679137124022,0.0003439410697805,0.0116172822293202,-0.0003234784807464,-0.0107476278599174,0.0147467211687395,-0.0078928637006072,-0.0003234784807462,-0.0033256786503541,0.0083224235876241,-0.0048621083905986,-0.0104028312005486,-0.0107476278599174,0.008322423587624,0.0181787550618184,0.0489296636085626,0.0542946150422785,0.0560630129732592,0.0536963036963036,0.0547649849072876,0.1865443425076452,0.1835781041388518,0.1871855970346836,0.1887279387279387,0.1891979301423027,0.3237767584097859,0.3146417445482866,0.3110934604183214,0.3148518148518148,0.318132815868909,0.2465596330275229,0.252225189141077,0.2503309504898067,0.2510822510822511,0.248167313497197,0.1941896024464831,0.195260347129506,0.195326979083929,0.1916416916416916,0.1897369555843036,0.0545,0.18725,0.31475,0.25025,0.19325,1397
-0.0103814768537802,0.0031232618833697,0.0001708445935451,0.0120954326049456,-0.0084735648645424,0.0031232618833696,-0.0147277929406799,-0.0161492585891653,0.0090435424563793,0.018720806208393,0.0001708445935451,-0.0161492585891653,0.0321997734270205,-0.0152859808074874,-0.0022519515429872,0.0120954326049456,0.0090435424563793,-0.0152859808074872,0.0080628860953856,-0.0094209690265292,-0.0084735648645422,0.0187208062083932,-0.0022519515429872,-0.0094209690265292,0.0004901793144328,0.1485260770975056,0.1465408805031446,0.1469748858447488,0.145221971407073,0.1482456140350877,0.1981292517006802,0.2016771488469601,0.2019596651445966,0.1969525959367946,0.1950292397660818,0.2189625850340136,0.2225366876310272,0.2119482496194825,0.2223476297968397,0.2194931773879142,0.2188208616780045,0.2194968553459119,0.2248858447488584,0.2197140707298721,0.2235867446393762,0.2155612244897959,0.2097484276729559,0.2142313546423135,0.2157637321294206,0.2136452241715399,0.147,0.19875,0.219,0.2215,0.21375,4686
0.0136054421768707,0.0024856096284667,-0.0043003985735263,0.0336720462243474,-0.0180109631949882,0.0024856096284668,0.0439962967435495,-0.039464695852361,-0.0026003749853122,0.0304657493381063,-0.0043003985735263,-0.0394646958523612,-0.0005153516574267,0.0217301518059079,0.0005408386870997,0.0336720462243476,-0.0026003749853122,0.0217301518059079,-0.0854151713030235,0.0181398391671552,-0.018010963194988,0.0304657493381063,0.0005408386870997,0.0181398391671553,-0.0154967502264324,0.069047619047619,0.0698260073260073,0.0703010279001468,0.0676429567642956,0.0712607674236491,0.0907738095238095,0.0869963369963369,0.0945912873225648,0.0912366341236634,0.0882276168102323,0.3419642857142857,0.3539377289377289,0.3406754772393539,0.3331008833100883,0.3403158444270425,0.1732142857142857,0.1797161172161172,0.175354870288791,0.1945606694560669,0.1759984338292874,0.325,0.3095238095238095,0.3190773372491434,0.3134588563458856,0.3241973375097886,0.07,0.091,0.3405,0.17925,0.31925,1292
-0.1045364891518736,-0.0344827586206897,0.0047233468286099,-0.0100564573041637,0.0352390584409145,-0.0344827586206895,-0.000572510679526,0.0441621294615849,0.0307216422369853,-0.0525286467361834,0.0047233468286098,0.0441621294615849,-0.0126192674669129,-0.0357985943451901,0.0194615179350799,-0.0100564573041637,0.0307216422369854,-0.0357985943451903,0.0171632578626939,0.0116742468857242,0.0352390584409146,-0.0525286467361834,0.0194615179350799,0.0116742468857243,-0.0144456825945407,0.0717948717948717,0.0672413793103448,0.0646929824561403,0.0656536697247706,0.0627094612013405,0.1125,0.1088122605363984,0.1039473684210526,0.1054090214067278,0.1144624903325599,0.2836538461538461,0.2724137931034482,0.2885964912280702,0.2952025993883792,0.2794534673885022,0.2201923076923077,0.2113026819923371,0.2258040935672514,0.2142584097859327,0.215455014178912,0.3118589743589743,0.3402298850574712,0.3169590643274854,0.3194762996941896,0.3279195668986852,0.065,0.10875,0.285,0.218,0.32325,2164
0.0066416577675145,-0.0076656546868472,-0.0135674641584946,0.0189390247864081,0.0119863434283888,-0.0076656546868469,-0.0357224363747319,0.006745810111189,0.0243174828794917,0.0178224915664088,-0.0135674641584944,0.0067458101111889,-0.0036900884294606,-0.0039322128266694,0.0120241008235324,0.0189390247864081,0.0243174828794917,-0.0039322128266694,-0.0082090415076887,-0.028936095812571,0.011986343428389,0.0178224915664088,0.0120241008235324,-0.028936095812571,-0.0291493158834028,0.1644008056394763,0.1667686658506731,0.1677454153182308,0.1623655913978494,0.1635162601626016,0.2058157099697885,0.2115463076295389,0.2028721682847896,0.1992831541218638,0.200609756097561,0.3131923464249748,0.3069155446756426,0.3101402373247033,0.3102150537634409,0.3052845528455284,0.11404833836858,0.113423092615259,0.1167071197411003,0.1172043010752688,0.1196138211382113,0.2025427995971802,0.2013463892288861,0.2025350593311758,0.210931899641577,0.2109756097560975,0.1655,0.20425,0.309,0.11625,0.205,2939
0.0438285106433838,0.0019960079840318,-0.0004381480940558,-0.0399369328569751,0.0104536689333197,0.0019960079840321,-0.156995372018512,-0.0009203865623561,0.0706974613744869,0.0127530501691038,-0.0004381480940558,-0.0009203865623561,0.0054420869411946,0.0302354003932194,-0.021375390949595,-0.0399369328569749,0.0706974613744869,0.0302354003932195,0.0179078167214598,-0.0513193464340024,0.0104536689333197,0.0127530501691038,-0.021375390949595,-0.0513193464340024,0.0416293725165262,0.0798403193612774,0.0833333333333333,0.0835365853658536,0.0868347338935574,0.0826271186440678,0.1057884231536926,0.1226415094339622,0.1060975609756097,0.0985060690943043,0.1046481766820749,0.3076347305389221,0.3077830188679245,0.3058265582655826,0.2982026143790849,0.3140729327170005,0.18562874251497,0.165880503144654,0.1731029810298103,0.1753034547152194,0.1876605033384694,0.3211077844311377,0.3203616352201258,0.3314363143631436,0.3411531279178338,0.3109912686183873,0.0835,0.106,0.3075,0.1785,0.3245,3668
0.0234346446793269,-0.0323176659523156,-0.0047956154373145,-0.0254034702444267,0.0230197304983283,-0.0323176659523156,0.0804379956705598,0.0169756970663086,-0.0106358391219023,-0.0223294004671963,-0.0047956154373143,0.0169756970663086,-0.0072334522393975,0.0277529628967899,-0.0181716237225069,-0.025403470244427,-0.0106358391219025,0.0277529628967899,0.0033289484281457,-0.0124306377307767,0.0230197304983283,-0.0223294004671965,-0.0181716237225069,-0.0124306377307767,0.0249146595477243,0.184326710816777,0.1948499594484996,0.1896551724137931,0.1935449050086355,0.1844050258684405,0.1060706401766004,0.0944849959448499,0.1010057471264367,0.1038428324697754,0.1050443458980044,0.2913907284768212,0.2850770478507705,0.2920977011494253,0.2819516407599309,0.295269770879527,0.1979028697571744,0.1950527169505271,0.1876436781609195,0.1923575129533678,0.1953991130820399,0.2203090507726269,0.2305352798053528,0.2295977011494253,0.2283031088082901,0.2198817442719881,0.18875,0.10275,0.29,0.193,0.2255,812
0.0080419456548694,0.0539855134408141,-0.0233904160124507,-0.0618233246446739,0.053737735943025,0.0539855134408141,0.0020049008687903,0.0015938226691687,-0.0008380686634985,-0.0310765015502199,-0.0233904160124505,0.0015938226691687,-0.0106727616246693,-0.0040912658197769,0.0349873897442096,-0.0618233246446739,-0.0008380686634985,-0.0040912658197769,0.0221816852164552,0.0007804875930694,0.053737735943025,-0.0310765015502199,0.0349873897442095,0.0007804875930695,-0.0383925608587525,0.0721649484536082,0.0688225538971807,0.0744516527649057,0.0772476468679,0.0688405797101449,0.2376861397479954,0.2507462686567164,0.2508495520543713,0.251460564751704,0.2590579710144927,0.2760595647193585,0.2693200663349917,0.2726289774482545,0.2708536189548848,0.2603121516164994,0.27262313860252,0.2569651741293532,0.2578004324992277,0.2510548523206751,0.2565496098104793,0.1414662084765177,0.1541459369817578,0.1442693852332406,0.1493833171048361,0.1552396878483835,0.07275,0.25125,0.26975,0.25675,0.1495,1258
0.0190212373037858,-0.0164096372317654,0.0360733293908929,-0.0273105444022425,-0.0003732736095558,-0.0164096372317656,0.0112513650566519,-0.0051629935989814,-0.0217647146148698,0.0131564351163668,0.0360733293908929,-0.0051629935989816,0.0294786011867187,-0.0232055291710104,-0.0148218981592158,-0.0273105444022427,-0.0217647146148698,-0.0232055291710104,0.0427460175270023,0.018163966617575,-0.0003732736095558,0.0131564351163667,-0.0148218981592158,0.018163966617575,-0.0121020069413007,0.1164912280701754,0.1206986444212721,0.1144662921348314,0.1219931271477663,0.1187943262411347,0.2436842105263157,0.2370524852276677,0.2409878277153558,0.244968090328915,0.236595744680851,0.171578947368421,0.1789190128606187,0.172752808988764,0.1821305841924398,0.1806382978723404,0.1743859649122807,0.1734445603058741,0.173689138576779,0.1624938635247913,0.1666666666666666,0.293859649122807,0.2898852971845672,0.2981039325842696,0.2884143348060873,0.297304964539007,0.11875,0.23975,0.178,0.16975,0.29375,889
-0.0101886870440406,-0.0176359534005616,0.0077879609311131,0.0360659232316773,-0.0114090376271167,-0.0176359534005619,0.0239161907367509,-0.00501709647525,-0.0092914180544423,0.0040703212955746,0.0077879609311131,-0.0050170964752498,0.000268744961032,-0.0436603700313444,0.0255080093190055,0.0360659232316772,-0.0092914180544423,-0.0436603700313444,-0.0135106117996683,0.016159514040828,-0.0114090376271165,0.0040703212955747,0.0255080093190056,0.0161595140408281,-0.0185759498220732,0.1603674540682414,0.1615497076023392,0.1575136612021858,0.1530245346869712,0.1605611847233047,0.174015748031496,0.1669103313840156,0.1718579234972677,0.1725888324873096,0.1703039750584567,0.1513123359580052,0.1532651072124756,0.1524590163934426,0.15915820642978,0.1486100285788516,0.1898950131233595,0.1988304093567251,0.2056010928961748,0.1996615905245347,0.1938165757339568,0.3244094488188976,0.3194444444444444,0.3125683060109289,0.3155668358714044,0.3267082359054299,0.15875,0.171,0.1525,0.197,0.32075,1451
-0.1976985761206542,0.0483982853382187,-0.0005677113687501,0.0274751100286287,0.0108139338091542,0.0483982853382188,0.0804545072991308,0.0174516129815336,-0.0493317934334267,-0.0265423799258386,-0.0005677113687501,0.0174516129815336,0.0030480011923268,-0.0119141342570723,-0.0019696908150919,0.0274751100286287,-0.0493317934334269,-0.0119141342570723,0.0474831549742369,-0.004348689077753,0.0108139338091541,-0.0265423799258386,-0.0019696908150919,-0.004348689077753,0.0109315070068602,0.080545229244114,0.0639952153110047,0.0672881785895484,0.0654022988505747,0.0665227629513343,0.0994423791821561,0.0960925039872408,0.1026763064434297,0.1096551724137931,0.1072736787022501,0.3286864931846344,0.3227671451355662,0.3274987316083206,0.3324137931034482,0.3291470434327577,0.176270136307311,0.1901913875598086,0.1834094368340943,0.1726436781609195,0.1820381998953427,0.3150557620817844,0.3269537480063796,0.3191273465246068,0.3198850574712644,0.315018315018315,0.06725,0.1045,0.3285,0.18125,0.3185,3316
-0.031588646515634,-0.039671682626539,-0.0104781547068724,-0.0224507911864384,0.0425254892534503,-0.039671682626539,0.0219146482122259,-0.0049769143131257,0.001881698437372,0.0047119623043015,-0.0104781547068724,-0.0049769143131259,0.0223263411547226,-0.0023548960145405,-0.0175900244174194,-0.0224507911864382,0.0018816984373721,-0.0023548960145405,0.0353882272228142,-0.0134661620898965,0.0425254892534503,0.0047119623043015,-0.0175900244174194,-0.0134661620898965,0.0152835366464355,0.0665374677002584,0.0670588235294117,0.0651758409785932,0.0659480760315252,0.0617571059431524,0.1104651162790697,0.1039215686274509,0.1067787971457696,0.1060500695410292,0.1057493540051679,0.3304263565891472,0.3286274509803921,0.3196992864424057,0.3277700509967547,0.3327519379844961,0.1837855297157622,0.1794117647058823,0.1801732925586136,0.1733889661566991,0.1821705426356589,0.3087855297157623,0.3209803921568627,0.3281727828746177,0.3268428372739916,0.3175710594315245,0.0645,0.10625,0.327,0.17975,0.3225,2559
0.0382811033965095,-0.0083491845292329,-0.0070261211813724,-0.002260690247011,0.0062484979572218,-0.0083491845292327,0.0233040914572238,0.0164840417660331,-0.0113887611469607,-0.0305226309648098,-0.0070261211813724,0.0164840417660331,-0.0127462428248064,-0.0231660535540854,0.020615511843582,-0.002260690247011,-0.0113887611469607,-0.0231660535540854,0.0400673526513221,0.0098668831967716,0.0062484979572217,-0.0305226309648098,0.020615511843582,0.0098668831967716,-0.0075715604801478,0.0702054794520548,0.0736094904706339,0.0735129068462401,0.0731650303880318,0.0725438596491228,0.2160388127853881,0.2092570984052897,0.2107182940516274,0.2166900420757363,0.2207894736842105,0.2990867579908676,0.2921042395954881,0.3007856341189674,0.3038803179055633,0.2908771929824561,0.1786529680365297,0.1802800466744457,0.1823793490460157,0.1711079943899018,0.1764912280701754,0.2360159817351598,0.2447491248541423,0.2326038159371492,0.2351566152407667,0.2392982456140351,0.073,0.21425,0.297,0.17825,0.2375,3574
0.0638046457879899,-0.0237360260904446,-0.0005864521927219,-0.0159594405318499,-0.0086135917410854,-0.0237360260904444,-0.0137926205979137,0.0028588026661774,0.0113777355402444,0.0141113653699466,-0.0005864521927219,0.0028588026661774,0.0106586818351759,-0.0130617232713103,-0.007314568065734,-0.0159594405318497,0.0113777355402443,-0.0130617232713103,-0.0077936038699275,0.0305339852363148,-0.0086135917410854,0.0141113653699466,-0.0073145680657338,0.0305339852363147,-0.0237765466297321,0.1296630565583634,0.1417874396135265,0.138581223628692,0.1407103825136612,0.1396929824561403,0.1765944645006016,0.1748792270531401,0.1720068565400843,0.1705373406193078,0.1700657894736842,0.3161853188929001,0.3150966183574879,0.3126318565400844,0.320127504553734,0.3183114035087719,0.1859205776173285,0.1809178743961352,0.1853902953586498,0.1844262295081967,0.1774122807017543,0.1916365824308062,0.1873188405797101,0.1913897679324894,0.1841985428051001,0.1945175438596491,0.1385,0.1725,0.316,0.183,0.19,2680
0.1,-0.049222797927461,-0.0437589670014348,0.0436781609195401,0.0218790218790219,-0.049222797927461,0.1364421416234889,-0.0109945659042083,-0.0112560300160802,-0.0149305486093049,-0.0437589670014346,-0.0109945659042083,-0.0106852693136603,0.0125166971750853,0.0145300044869628,0.0436781609195402,-0.0112560300160799,0.0125166971750853,-0.0133967499009115,-0.0093640438468025,0.021879021879022,-0.0149305486093049,0.0145300044869627,-0.0093640438468025,-0.0093270324930556,0.045,0.052461139896373,0.0521879483500717,0.0478160919540229,0.0489060489060489,0.10125,0.0833333333333333,0.0975609756097561,0.0975862068965517,0.0979407979407979,0.36375,0.3523316062176165,0.3522238163558106,0.3441379310344827,0.3434362934362934,0.1733333333333333,0.1832901554404145,0.1789813486370157,0.1836781609195402,0.1829472329472329,0.3166666666666666,0.3285837651122625,0.3190459110473457,0.3267816091954023,0.3267696267696268,0.05,0.0965,0.3485,0.18125,0.32375,4651
0.0597450097475977,0.0266318486059135,-0.0003296797590175,0.0101325532980209,-0.0511797815633503,0.0266318486059137,-0.0116684080338875,0.0035256366562346,0.0084889257588327,-0.0062636968134983,-0.0003296797590175,0.0035256366562345,-0.0113691846271883,0.004487351944979,0.0056887483777796,0.0101325532980209,0.0084889257588326,0.004487351944979,-0.0465724751439036,0.0187705213611949,-0.0511797815633503,-0.0062636968134983,0.0056887483777798,0.0187705213611949,0.00059956866851,0.0653477218225419,0.067649086521889,0.0695229127432517,0.0687957875457875,0.0730569948186528,0.2353117505995204,0.2445708376421923,0.2408976773383553,0.2396978021978022,0.2432642487046632,0.2655875299760192,0.2645639434677697,0.2685185185185185,0.264308608058608,0.2639896373056994,0.1801558752997601,0.1804550155118924,0.1811833019460138,0.1904761904761904,0.1785837651122625,0.2535971223021582,0.2427611168562564,0.2398775894538606,0.2367216117216117,0.2411053540587219,0.0695,0.24175,0.2655,0.182,0.24125,4811
0.15,0.1049382716049383,0.0307582260371959,0.0241075567918405,-0.099616858237548,0.1049382716049384,0.0761736793482825,-0.0060984071475249,-0.0326904160932906,-0.0136025461695961,0.030758226037196,-0.0060984071475249,-0.0141199056080523,0.0114362991570844,0.0058777637091483,0.0241075567918405,-0.0326904160932903,0.0114362991570843,-0.0058785865858352,-0.0032381429436727,-0.0996168582375478,-0.0136025461695961,0.0058777637091483,-0.0032381429436727,0.0146944407745041,0.0425,0.044753086419753,0.0484620886981402,0.0487946221604079,0.0549808429118773,0.0845833333333333,0.0873015873015873,0.0950762994754411,0.0975892443208159,0.0957854406130268,0.33875,0.35163139329806,0.3544349070100143,0.345503013444599,0.3474457215836526,0.1754166666666666,0.1856261022927689,0.177694325226514,0.1808066759388039,0.1803320561941251,0.35875,0.3306878306878307,0.3243323795898903,0.3273064441353732,0.321455938697318,0.05,0.0945,0.3495,0.17975,0.32625,4679
-0.0166666666666666,-0.0639269406392692,0.0630952380952379,0.0325538743695551,-0.0652395514780834,-0.0639269406392692,-0.0508538187277163,0.0163078930202217,0.0013378304535432,0.0057671093237261,0.0630952380952382,0.0163078930202217,-0.0197278911564626,-0.0080565926508155,0.0113950779088394,0.0325538743695552,0.0013378304535434,-0.0080565926508155,0.0300122289095456,-0.0134088254553152,-0.0652395514780834,0.005767109323726,0.0113950779088393,-0.0134088254553152,0.0036223413043545,0.0508333333333333,0.0531963470319634,0.046845238095238,0.0483723062815222,0.0532619775739041,0.0970833333333333,0.0958904109589041,0.0897619047619047,0.0911279229711141,0.09072375127421,0.3279166666666667,0.3442922374429223,0.3569047619047619,0.3528198074277854,0.3460117227319062,0.1758333333333333,0.1815068493150685,0.1832142857142857,0.17629527739569,0.1841870540265035,0.3483333333333333,0.3251141552511415,0.3232738095238095,0.3313846859238881,0.325815494393476,0.05,0.09125,0.35,0.18175,0.327,2964
-0.0899722552516846,0.0473280150969291,0.017110762800418,-0.0096071367301422,-0.0089879872094027,0.0473280150969289,-0.0250751837825795,-0.0243526684758028,-0.0015222395485259,0.027419294504919,0.0171107628004179,-0.0243526684758028,0.0117079889807162,0.0422885572139303,-0.028138528138528,-0.0096071367301424,-0.0015222395485259,0.0422885572139303,-0.0336377812430386,-0.0093642065362411,-0.0089879872094029,0.027419294504919,-0.0281385281385282,-0.0093642065362411,0.0085908170593568,0.1580459770114942,0.1381374378109452,0.1425189393939394,0.1463930348258706,0.1463032581453634,0.255316091954023,0.2747201492537313,0.2745265151515151,0.268407960199005,0.2606516290726817,0.216235632183908,0.2253575870646766,0.2174242424242424,0.2106965174129353,0.2261904761904762,0.1691091954022988,0.1677549751243781,0.1604166666666666,0.1731343283582089,0.1690685045948204,0.2012931034482758,0.1940298507462686,0.2051136363636363,0.2013681592039801,0.1977861319966583,0.145,0.268,0.22,0.1675,0.1995,2672
-0.1177157953563989,0.0364203460585144,-0.005804811134531,-0.0230186429592587,0.0271502617181629,0.0364203460585144,-0.0699643160671821,0.0169318119694165,-0.0004715254049512,0.0158736556431081,-0.0058048111345312,0.0169318119694165,-0.0121290237292617,0.0189968707000712,-0.0088902365325129,-0.0230186429592587,-0.0004715254049512,0.0189968707000711,-0.0088601660465144,-0.00358046912196,0.027150261718163,0.015873655643108,-0.0088902365325129,-0.0035804691219598,-0.0066194992379919,0.0905349794238683,0.0780499519692603,0.081470189701897,0.0828645100796999,0.0788008288008288,0.1671810699588477,0.1856388088376561,0.1705623306233062,0.173581809657759,0.1707459207459207,0.2474279835390946,0.2418347742555235,0.2489837398373983,0.2413267698077824,0.2481869981869982,0.1818415637860082,0.17783381364073,0.1743733062330623,0.1793248945147679,0.1783864283864283,0.313014403292181,0.3166426512968299,0.324610433604336,0.3229020159399906,0.3238798238798239,0.081,0.1735,0.246,0.17775,0.32175,561
-0.0875763953024775,0.0562073216532009,0.01744973901798,0.0057374128813606,-0.0371215736044769,0.0562073216532008,-0.0003387247342052,-0.0075992689664665,-0.0429245001318221,0.0138429415604416,0.01744973901798,-0.0075992689664665,0.0032194683816095,0.0091613051137553,-0.0151530259069185,0.0057374128813607,-0.0429245001318221,0.0091613051137552,0.0307398299400072,0.0060713473122014,-0.0371215736044769,0.0138429415604416,-0.0151530259069188,0.0060713473122012,0.0218657750515038,0.1397535667963683,0.1212773591675636,0.1262577085361895,0.1277627424447451,0.1332701222081753,0.2191958495460441,0.2323286688195192,0.2340149302174618,0.2422192151556157,0.2290349768225874,0.2522697795071336,0.2587011123071402,0.2559234014930217,0.2543978349120433,0.2606405394016013,0.1836900129701686,0.1926803013993541,0.1830574488802337,0.1790708164185836,0.1836283185840708,0.2050907911802853,0.1950125583064226,0.2007465108730931,0.1965493910690121,0.1934260429835651,0.1285,0.23225,0.25675,0.18475,0.19775,2778
0.0053356027687684,0.0126947263313194,-0.0254520818884693,0.0405249665212029,-0.008291775361511,0.0126947263313195,-0.0418042894261683,0.0153634805404314,0.0017821991219409,0.0008168504580198,-0.0254520818884693,0.0153634805404313,0.0081082640812556,-0.0014145980835396,-0.0029137723751002,0.040524966521203,0.0017821991219407,-0.0014145980835396,5.866555990141631e-05,-0.034562193025035,-0.0082917753615108,0.0008168504580197,-0.0029137723751,-0.0345621930250352,0.0380238260884503,0.1698389458272328,0.1685823754789272,0.1750959429824561,0.1638303619665045,0.172165820642978,0.1717911176183504,0.1812739463601532,0.1713267543859649,0.1736898973527822,0.1738578680203045,0.3117374328940946,0.2993295019157088,0.3015350877192982,0.304430037817396,0.3048857868020304,0.1479990239141044,0.1539750957854406,0.1544682017543859,0.1542409508373852,0.1595812182741116,0.1986334797462176,0.1968390804597701,0.1975740131578947,0.2038087520259319,0.1895093062605753,0.17075,0.174,0.304,0.15425,0.197,2948
0.038638592344223,0.0083449056921369,0.0086984614634384,0.0049353873596842,-0.0290386634472656,0.0083449056921369,0.0181570589113582,0.0116260899459325,0.0096419496616573,-0.0252919900699379,0.0086984614634384,0.0116260899459323,-0.0076096765236706,-0.0084465541091087,-0.0003224288938574,0.0049353873596843,0.0096419496616573,-0.0084465541091087,-0.0229074365758594,0.0108931613109884,-0.0290386634472654,-0.0252919900699379,-0.0003224288938574,0.0108931613109886,0.0195421430852665,0.1341099163679809,0.1383358856559469,0.1382865646258503,0.138811513463324,0.1435508935508935,0.1618876941457586,0.1602858601327207,0.1613520408163265,0.1616759517177344,0.1673789173789173,0.194295101553166,0.1937212863705972,0.1974914965986394,0.1976555246053853,0.196063196063196,0.1786140979689366,0.1777692700357325,0.181016156462585,0.1836118848653667,0.1775446775446775,0.3310931899641577,0.3298876978050025,0.3218537414965986,0.3182451253481894,0.3154623154623154,0.1395,0.16325,0.196,0.1795,0.32175,2817
0.0158100277147895,0.0113265975334939,-0.0012296792680588,0.0405643738977072,-0.0307926974593639,0.011326597533494,-0.0220073208150464,-0.0025097518664169,0.0133581857719788,0.0137388087061899,-0.0012296792680588,-0.0025097518664169,0.0127037671829702,-0.032930585169391,0.0033743765087049,0.0405643738977071,0.0133581857719788,-0.0329305851693912,-0.0524444444444445,0.0142142142142143,-0.0307926974593639,0.0137388087061898,0.0033743765087047,0.0142142142142142,-0.0069528988447906,0.1240079365079365,0.1245728487107797,0.1261549395877754,0.1208888888888888,0.1298798798798798,0.2652116402116402,0.2741534638086362,0.2689232409381663,0.2646666666666666,0.2645645645645645,0.2347883597883598,0.2350885368126747,0.2315209665955934,0.2422222222222222,0.2337087087087087,0.0899470899470899,0.0924976700838769,0.0968372423596304,0.0986666666666666,0.0924174174174174,0.2860449735449735,0.2736874805840323,0.2765636105188344,0.2735555555555555,0.2794294294294294,0.126,0.26825,0.2345,0.09375,0.2775,2758
0.0106846062524733,-0.062506640666504,0.015200054031656,0.0273133258074363,-0.0142981057108479,-0.0625066406665042,-0.0406237108807365,-0.0207547409698622,0.0321646309156288,0.030865155028431,0.015200054031656,-0.0207547409698622,-0.0114250359878111,0.0051629737683517,0.0130151129882798,0.0273133258074366,0.0321646309156288,0.0051629737683518,-0.0044753321723687,-0.0192125519395534,-0.0142981057108479,0.0308651550284311,0.0130151129882796,-0.0192125519395536,-0.0102705897216095,0.0657894736842105,0.0706566916043225,0.0654891964068948,0.0646836638338054,0.0674508240297714,0.106516290726817,0.1043225270157938,0.1023306627822287,0.0970254957507082,0.0971557682083997,0.3380325814536341,0.3503740648379052,0.3471716436028162,0.3414778092540132,0.338782562466773,0.1716791979949874,0.1708229426433915,0.1755887351298859,0.177289896128423,0.1798910154173312,0.3179824561403508,0.3038237738985869,0.3094197620781743,0.31952313503305,0.3167198298777246,0.0665,0.10025,0.34325,0.1765,0.3135,1756
0.0355448867145546,0.0113442499321736,0.003623870836504,-0.0152172074752272,-0.0215915742326249,0.0113442499321737,0.0146314868484965,0.0124890715878999,-0.0021262504792778,-0.0299767812584521,0.0036238708365038,0.0124890715878999,-0.0188576770874144,-0.0117042000596472,0.0201992011547544,-0.0152172074752272,-0.0021262504792776,-0.0117042000596472,0.0069537517238701,0.0163296926049426,-0.0215915742326247,-0.0299767812584521,0.0201992011547545,0.0163296926049426,0.0008123829755806,0.1596173212487412,0.1636225266362252,0.1649002493765586,0.1680184478371501,0.1690734055354994,0.1623867069486405,0.1618467782851344,0.1621986699916874,0.1645992366412213,0.1691736863217007,0.1997734138972809,0.197995941146626,0.2042809642560266,0.2028466921119593,0.1964500601684717,0.2659869083585096,0.2625570776255708,0.2650665004156275,0.260178117048346,0.257721620537505,0.2122356495468278,0.2139776763064434,0.2035536159600997,0.2043575063613231,0.2075812274368231,0.1655,0.16425,0.2005,0.262,0.20775,724
0.053752937944507,0.012464301919022,0.038163484856773,-0.0351846466996221,-0.0235272862904165,0.0124643019190221,0.0392619042062436,-0.0195947130944977,0.0050004237647257,-0.004530259483479,0.0381634848567729,-0.019594713094498,-0.0436885272685683,0.0352614208789299,0.0038956427288298,-0.0351846466996219,0.0050004237647257,0.03526142087893,0.0108956602031393,-0.0279258272262936,-0.0235272862904165,-0.004530259483479,0.0038956427288298,-0.0279258272262936,0.026097580515943,0.0856353591160221,0.0893719806763285,0.087046204620462,0.0936842105263157,0.0926292194092827,0.1022099447513812,0.0994363929146537,0.1055280528052805,0.1029824561403508,0.10396888185654,0.2428637200736648,0.2574476650563607,0.2635313531353135,0.2435964912280701,0.2515163502109704,0.2458563535911602,0.2363123993558776,0.2291254125412541,0.2349122807017543,0.2441323839662447,0.3234346224677716,0.3174315619967794,0.3147689768976898,0.3248245614035088,0.307753164556962,0.0905,0.1035,0.2525,0.2375,0.316,219
-0.0172526041666667,0.0038892515230635,-0.0395742025809593,0.0316439075630251,0.0270034559207095,0.0038892515230636,-0.054384900481063,0.0247816089323392,0.0260682166687388,-0.0255907361780196,-0.0395742025809593,0.0247816089323392,-0.0212569784559597,0.0107072777978977,0.017289082001682,0.0316439075630251,0.0260682166687388,0.0107072777978978,-0.0200158494770457,-0.0144381174483356,0.0270034559207094,-0.0255907361780196,0.017289082001682,-0.0144381174483356,-0.0081937168714483,0.0651041666666666,0.0637510879025239,0.0665327489651814,0.0619747899159663,0.0622717788210746,0.0953776041666666,0.1009573542210617,0.0933771609447285,0.0932539682539682,0.0982003129890453,0.3557942708333333,0.3337684943429069,0.3495252008765522,0.3385854341736695,0.3363328116849243,0.1728515625,0.1738468233246301,0.1765887509130752,0.1820728291316526,0.1810772039645279,0.3108723958333333,0.3276762402088773,0.3139761383004626,0.3241129785247432,0.3221178925404278,0.064,0.09575,0.34225,0.1785,0.3195,4139
0.05,-0.0904255319148934,0.026485325697924,-0.0402219140083217,0.0122511485451761,-0.0904255319148936,-0.0657160102610532,0.0094021129370434,-0.0180895328592085,0.0326968818220325,0.0264853256979241,0.0094021129370434,-0.0039579307808752,0.0177750287833613,-0.0123421332739921,-0.0402219140083217,-0.0180895328592085,0.0177750287833615,-0.0310845046850865,0.0095147471855422,0.0122511485451761,0.0326968818220325,-0.0123421332739923,0.0095147471855421,-0.0033402984771271,0.0475,0.0545212765957446,0.0486757337151037,0.052011095700416,0.0493874425727411,0.1025,0.100177304964539,0.0931162013839179,0.0957004160887656,0.0909264931087289,0.34,0.3459663120567376,0.3506323073252207,0.343042071197411,0.3535604900459418,0.1875,0.1835106382978723,0.1770460510617991,0.1858529819694868,0.178534966819806,0.3225,0.3158244680851064,0.3305297065139584,0.3233934350439205,0.327590607452782,0.05,0.094,0.34925,0.18025,0.3265,3957
-0.0438205425476394,0.0280147340328653,-0.0219479366942478,0.0237508633958242,0.02103150646935,0.0280147340328653,0.0324896226709527,-0.003818502770482,0.0333825521745086,-0.0410376887779351,-0.0219479366942478,-0.003818502770482,0.0025226171742779,0.0131482864665701,-0.0005290100094628,0.0237508633958241,0.0333825521745086,0.0131482864665701,-0.0369567423224366,-0.0126208442329285,0.02103150646935,-0.0410376887779351,-0.0005290100094628,-0.0126208442329283,0.0128149814538457,0.1307385229540918,0.1217411545623836,0.1279989790709545,0.122275204359673,0.1226158038147139,0.0869926813040585,0.0865921787709497,0.0898417559979581,0.0865122615803814,0.0931728731456252,0.333666001330672,0.3277467411545623,0.3256763654925982,0.3222070844686648,0.3266727217680896,0.1791417165668662,0.1773743016759776,0.1810872894333843,0.1902815622161671,0.1858159249167423,0.2694610778443114,0.2865456238361266,0.2753956100051046,0.2787238873751135,0.2717226763548289,0.12525,0.0895,0.3265,0.1835,0.27525,1588
0.0211010352111854,0.0250366504547105,-0.0378288861598004,-0.0309103917701203,0.040377717141368,0.0250366504547108,-0.0344822659162382,0.0312121567248719,-0.0284306959498774,-0.0105236057027,-0.0378288861598004,0.0312121567248719,-0.0217159131363473,0.0307836971266493,0.0087007527617557,-0.0309103917701201,-0.0284306959498776,0.0307836971266495,0.0288190439574522,-0.0223001117545464,0.040377717141368,-0.0105236057027,0.0087007527617559,-0.0223001117545464,-0.0137184890869552,0.1654339250493096,0.1647688060731539,0.1753930817610063,0.1742238562091503,0.1621761658031088,0.1177268244575936,0.1249137336093857,0.1169811320754717,0.1241830065359477,0.122020725388601,0.2750246548323471,0.2567287784679089,0.270754716981132,0.2568423202614379,0.2626943005181347,0.2103057199211045,0.209799861973775,0.1977201257861635,0.1981209150326797,0.2085492227979274,0.2315088757396449,0.2437888198757763,0.2391509433962264,0.2466299019607843,0.2445595854922279,0.169,0.12075,0.265,0.204,0.24125,3347
0.0640978816654491,-0.0598834128245893,-0.0110539556717403,0.0311888652137615,-0.0030098906245694,-0.0598834128245893,0.0450088631026747,0.0038476219355679,0.0071679643052121,-0.0076361351614173,-0.0110539556717403,0.0038476219355679,0.0017385406804727,0.0034732786268573,-0.0022725068024127,0.0311888652137615,0.0071679643052121,0.0034732786268575,-0.0394168552602465,0.0091827714120149,-0.0030098906245694,-0.0076361351614173,-0.0022725068024127,0.0091827714120149,0.0001153413324106,0.0692567567567567,0.0784313725490196,0.0748179927197087,0.0716920239741816,0.0742227319062181,0.1036036036036036,0.0933503836317135,0.0973738949557982,0.0970493314891655,0.0984964322120285,0.3240427927927928,0.3192668371696505,0.3199427977119085,0.3193868142000922,0.3212283384301733,0.1751126126126126,0.1794543904518329,0.1801222048881955,0.1878745965882895,0.1790902140672783,0.3279842342342342,0.3294970161977835,0.3277431097243889,0.3239972337482711,0.3269622833843017,0.074,0.09775,0.3205,0.18075,0.327,3970
-0.0910533624280895,0.0368961078297742,0.0144571130486622,0.0133468224235048,-0.0210938220529917,0.0368961078297743,0.0298733957682968,-0.0048643113159241,-0.0159842149089461,-0.0046068579820353,0.0144571130486621,-0.0048643113159241,0.0026874947509869,0.008010736405798,-0.0114283734489535,0.0133468224235046,-0.0159842149089461,0.0080107364057981,-0.0161052685058171,0.0078521416220199,-0.0210938220529917,-0.0046068579820353,-0.0114283734489533,0.00785214162202,0.0146671088705337,0.0774647887323943,0.068380376344086,0.0699735449735449,0.0700523756079311,0.0724976613657624,0.1194248826291079,0.1202956989247311,0.1246031746031746,0.1259820426487093,0.1245712503897723,0.3104460093896714,0.3165322580645161,0.3141534391534391,0.3124766180321736,0.3185999376364203,0.2197769953051643,0.2263104838709677,0.2209656084656084,0.2263374485596707,0.221000935453695,0.272887323943662,0.2684811827956989,0.2703042328042328,0.2651515151515151,0.2633302151543498,0.071,0.124,0.315,0.22275,0.26725,4707
0.0037275785936519,0.0668541761576839,0.0063450502666476,-0.0230704841717779,-0.0213568932430143,0.066854176157684,-0.0555748695160303,-0.0093533409595585,0.0242939741858978,0.003350023758187,0.0063450502666477,-0.0093533409595585,-0.0132014481124524,0.0093435297303846,0.0090756930135167,-0.0230704841717779,0.0242939741858978,0.0093435297303846,-0.0065672839144115,-0.0097737745605697,-0.0213568932430141,0.0033500237581871,0.0090756930135167,-0.0097737745605697,0.000611201383402,0.0699881376037959,0.0655534941249227,0.069804260218768,0.0718707015130674,0.0717503217503217,0.1257413997627521,0.1422387136672851,0.1360103626943005,0.1314763869784502,0.1342985842985843,0.2876631079478055,0.2922077922077922,0.293321819228555,0.2867950481430536,0.2868725868725869,0.1859430604982206,0.177334570191713,0.1800518134715026,0.1829436038514443,0.1835263835263835,0.3306642941874259,0.3226654298082869,0.3208117443868739,0.3269142595139844,0.3235521235521235,0.07025,0.13475,0.2895,0.18175,0.32375,43
-0.0259567046270645,-0.0391833241640686,0.0254594288042394,-0.0254485033665996,0.0114497380341804,-0.0391833241640686,0.0085266706325599,-0.0188504603822587,-0.0362752726001602,0.0467746904847239,0.0254594288042394,-0.018850460382259,-3.128017484144152e-06,0.0144749241019996,-0.0099476890465031,-0.0254485033665994,-0.0362752726001602,0.0144749241019996,-0.0195425139609997,0.0170765518230208,0.0114497380341805,0.0467746904847238,-0.0099476890465028,0.0170765518230208,-0.018832043643495,0.1023391812865497,0.1036585365853658,0.0972104219767771,0.1022884882108183,0.0986078886310904,0.106516290726817,0.1016260162601626,0.1044321721891815,0.1062182154415164,0.0977055942253158,0.2867585630743525,0.2997967479674797,0.2942509204191447,0.2899907535829866,0.2971771075019335,0.1848370927318295,0.1867886178861788,0.1776408949306145,0.1837725381414701,0.1771719515339005,0.3195488721804511,0.308130081300813,0.3264655904842821,0.3177300046232085,0.3293374581077597,0.09975,0.1025,0.29425,0.18025,0.32325,3001
0.0388312187620145,-0.0223340673167662,0.0048914490742687,-0.0538195860868619,0.0248787687117858,-0.0223340673167664,-0.1248057803578406,-0.0002051376142111,-0.0049915818048313,0.0423344313287388,0.0048914490742687,-0.0002051376142113,0.0104916834465819,0.0135613014645887,-0.019490551183696,-0.0538195860868619,-0.0049915818048313,0.0135613014645887,-0.0336493915126612,0.0139285696531457,0.0248787687117857,0.0423344313287387,-0.019490551183696,0.0139285696531457,-0.0028291580246389,0.0490196078431372,0.052139037433155,0.0507505360972122,0.0537447988904299,0.0497311827956989,0.0955882352941176,0.1051693404634581,0.0935191803669287,0.0939667128987517,0.0895417306707629,0.3480392156862745,0.3498217468805704,0.346080533714558,0.34500693481276,0.3565668202764977,0.1899509803921568,0.1811497326203208,0.1778055754110078,0.1863153028201571,0.1777393753200205,0.3174019607843137,0.3117201426024955,0.331844174410293,0.320966250577901,0.32642089093702,0.051,0.0935,0.34975,0.18025,0.3255,210
-0.116261010944211,0.065562947539485,-0.0168630858286031,0.0234086671345219,-0.0026257444023216,0.0655629475394851,-0.065646366953626,-0.0023577033886312,0.0113739525554557,0.0102459340902971,-0.0168630858286029,-0.0023577033886312,-0.0110468540926971,0.0152258478676182,0.0059721242516941,0.0234086671345221,0.0113739525554557,0.0152258478676182,0.0358292729119678,-0.0428329930404618,-0.0026257444023214,0.0102459340902972,0.0059721242516941,-0.0428329930404618,0.0144745607804922,0.0566502463054187,0.0474226804123711,0.0516058016058016,0.049562010142923,0.0508832565284178,0.1133004926108374,0.1292096219931271,0.1215358715358715,0.119870908252651,0.1200076804915514,0.327175697865353,0.3225085910652921,0.3253043253043253,0.3168510834485938,0.3198284690220174,0.1765188834154351,0.1786941580756013,0.177997927997928,0.1742738589211618,0.1884920634920635,0.3263546798029557,0.3221649484536082,0.3235560735560736,0.3394421392346703,0.3207885304659498,0.05075,0.12125,0.32175,0.18075,0.3255,677
0.0877528607361746,-0.0218629220335071,-0.0357608300752281,0.0237862120601278,-0.007368412501117,-0.0218629220335071,0.022364841939398,0.0013808545791882,-0.000317064783927,-0.0015628159411007,-0.0357608300752279,0.0013808545791882,0.0316358423937158,8.489163672886768e-05,-0.0152822268030941,0.0237862120601278,-0.000317064783927,8.489163672875666e-05,-0.018694797290971,0.005947585526808,-0.007368412501117,-0.0015628159411005,-0.0152822268030941,0.0059475855268081,0.0109878054258226,0.088487972508591,0.0991207034372502,0.1004688005172971,0.0946927374301676,0.0977147360126083,0.1065292096219931,0.1019184652278177,0.1041060459101196,0.1042830540037244,0.1044129235618597,0.26696735395189,0.2573940847322142,0.2495958616230197,0.2577281191806331,0.2616889939584975,0.2184278350515464,0.2238209432454036,0.2237310054962819,0.2279329608938547,0.2224192277383766,0.3195876288659793,0.3177458033573141,0.3220982864532816,0.3153631284916201,0.3137641187286577,0.097,0.10425,0.25775,0.22375,0.31725,354
0.0974996788548128,0.0149051069626684,-0.0036320819223378,-0.0593087382930068,-0.0103271017156076,0.0149051069626686,-0.0640778091953062,0.0218487604879983,0.0339536545747422,-0.023066369350007,-0.0036320819223378,0.0218487604879982,-0.0190200770198127,-0.0218880109660861,0.022582188874141,-0.0593087382930068,0.0339536545747423,-0.0218880109660859,0.0128728270289193,0.0254014922113606,-0.0103271017156076,-0.0230663693500072,0.022582188874141,0.0254014922113606,-0.0210657548656438,0.1243194192377495,0.1356968215158924,0.138250319284802,0.1459197786998617,0.1391725582613249,0.1007259528130671,0.10880195599022,0.1000159642401021,0.0987782388197325,0.1046085362660382,0.2619479733817302,0.2552974735126324,0.2659642401021711,0.2667127708621484,0.2551060487038492,0.1914700544464609,0.1746128769356153,0.18470625798212,0.1784232365145228,0.1761586802827965,0.3215366001209921,0.3255908720456397,0.3110632183908046,0.3101659751037344,0.3249541764859911,0.13775,0.10225,0.261,0.18075,0.31825,1433
0.0023693727397431,0.0879325834719183,0.0197990197990196,-0.0175620736676842,-0.0388118915250697,0.0879325834719184,-0.0774267261027346,0.0129858742997429,0.0157514187289427,-0.0172453900174152,0.0197990197990197,0.0129858742997428,-0.0073393857177641,0.0042578444275757,-0.0036614687777478,-0.0175620736676842,0.0157514187289427,0.0042578444275755,-0.0243093414211093,0.0080735648315661,-0.0388118915250697,-0.0172453900174152,-0.0036614687777478,0.0080735648315661,0.0136810688460229,0.074074074074074,0.06772100567721,0.0727799227799227,0.0755539839698255,0.0771317829457364,0.0937149270482603,0.1107055961070559,0.1014157014157014,0.1011315417256011,0.1045219638242894,0.3173400673400673,0.3195458231954582,0.3261261261261261,0.3223715228665724,0.3249354005167958,0.1798540965207631,0.1739659367396593,0.175997425997426,0.181046676096181,0.1753229974160206,0.335016835016835,0.3280616382806164,0.3236808236808237,0.3198962753418199,0.3180878552971576,0.07425,0.10275,0.32375,0.17675,0.3225,949
-0.0487992718616538,0.0237520128824476,-0.0065355040408496,0.0378760199732066,0.0003035131648835,0.0237520128824475,-0.0645290352080476,0.0163693487919353,-0.0281890533991375,0.0183246073298429,-0.0065355040408496,0.0163693487919353,0.0070858884925762,-0.0030553985841019,-0.0119030589376483,0.0378760199732066,-0.0281890533991373,-0.0030553985841019,-0.0289830217801405,0.0184555497591706,0.0003035131648834,0.0183246073298428,-0.0119030589376483,0.0184555497591706,-0.0108001425399522,0.1809178743961352,0.1684027777777778,0.1736273744470465,0.1659663865546218,0.1724476439790576,0.1054347826086956,0.1149691358024691,0.1062321103304709,0.1110444177671068,0.1060209424083769,0.3223429951690821,0.3150077160493827,0.3179807442102524,0.3212284913965586,0.3240619546247818,0.2003623188405797,0.2141203703703703,0.2088862867551392,0.2142857142857142,0.2044066317626527,0.1909420289855072,0.1875,0.1932734842570908,0.1874749899959984,0.1930628272251308,0.1725,0.108,0.32025,0.20825,0.191,2843
0.0650091002755046,-0.0170101701017011,-0.0238594767663795,-0.0195951016113933,0.027163333497078,-0.0170101701017011,-0.0350981558596075,-0.0477177746917805,0.0663189650764431,0.0201883224783695,-0.0238594767663795,-0.0477177746917805,0.0448072433450009,-0.0093826861616725,-0.0175295153683379,-0.0195951016113933,0.0663189650764431,-0.0093826861616725,-0.0200018459185422,0.0044801675835495,0.0271633334970782,0.0201883224783695,-0.0175295153683379,0.0044801675835496,0.0020822997976159,0.0633456334563345,0.0689024390243902,0.0693664795509222,0.0690775681341719,0.0659096841555729,0.1042435424354243,0.1060975609756097,0.1073910719059075,0.0957023060796645,0.1004306969459671,0.3191881918819188,0.3266260162601626,0.2977813418871959,0.3146750524109015,0.3172148264160793,0.2026445264452644,0.1855691056910569,0.2006148088746324,0.2027253668763102,0.1978595666927695,0.3105781057810578,0.3128048780487805,0.3248462977813419,0.3178197064989518,0.318585225789611,0.06775,0.1025,0.31175,0.19875,0.31925,577
0.0532544378698224,-0.064165719338133,-0.0042252705909591,0.0482278570921229,-0.0132501948558068,-0.064165719338133,-0.0232392600321935,-0.0051139108506588,0.0175074710369389,0.0158021979990964,-0.0042252705909591,-0.0051139108506585,0.0099501332679591,-0.0234091823356656,0.0053410137897502,0.048227857092123,0.0175074710369389,-0.0234091823356656,0.0024631486867042,0.0075488183065859,-0.0132501948558065,0.0158021979990965,0.0053410137897504,0.0075488183065861,-0.0120959437794676,0.0615384615384615,0.0691707717569786,0.0652746425884123,0.061865189289012,0.0658612626656274,0.1080128205128205,0.1038587848932676,0.1020190619513418,0.0997229916897507,0.0998960769030917,0.3336538461538461,0.3339490968801313,0.3289440682217205,0.3400277008310249,0.3304754481683554,0.1717948717948718,0.1773399014778325,0.1847253574115876,0.1800554016620498,0.1791374382956612,0.325,0.3156814449917898,0.3190368698269376,0.3183287165281625,0.3246297739672642,0.065,0.1015,0.33225,0.1805,0.32075,3928
-0.0812410213441401,0.0869807570418567,-0.0135490471682777,-0.0261034498841747,0.0085754958345496,0.0869807570418568,0.0199528439066677,-0.0223569762622257,0.0080130029239444,-0.0363268970154477,-0.0135490471682779,-0.0223569762622259,0.0075868238570444,0.0296470782440033,-0.0056700930526749,-0.0261034498841745,0.0080130029239443,0.0296470782440033,-0.0219123033061614,0.0010668415988092,0.0085754958345495,-0.036326897015448,-0.0056700930526751,0.0010668415988092,0.0196587480819991,0.1327223353699932,0.112073112073112,0.1244131455399061,0.1259541984732824,0.121697357886309,0.1581805838424983,0.1697931697931698,0.1771233461374306,0.1718617472434266,0.1795436349079263,0.1978954514596062,0.1996151996151996,0.193768672641912,0.1894614079728583,0.1963570856685348,0.2016293279022403,0.1949254449254449,0.1906743491250533,0.2008057675996607,0.196290365625834,0.3095723014256619,0.3235930735930736,0.3140204865556978,0.3119168787107718,0.3061115559113957,0.12275,0.17325,0.19525,0.1965,0.31225,544
0.0165385434935829,-0.0104837691044585,0.0158030488145718,0.0317374932759547,-0.0342864372469635,-0.0104837691044588,0.049560371116342,0.0113776585925128,-0.003594107042383,-0.0237068965517239,0.0158030488145717,0.0113776585925128,0.0061476605627721,-0.023089336698804,-0.0002542529585798,0.0317374932759547,-0.0035941070423828,-0.023089336698804,0.0284773501556717,0.0034965034965035,-0.0342864372469635,-0.0237068965517242,-0.0002542529585798,0.0034965034965034,0.012451171875,0.0607287449392712,0.0623973727422003,0.0607741617357001,0.0597902097902097,0.0638671875,0.1025641025641025,0.0964696223316912,0.1003451676528599,0.1018648018648018,0.10390625,0.3326585695006747,0.3341543513957307,0.335922090729783,0.3458041958041958,0.3380859375,0.173076923076923,0.1793924466338259,0.1828772189349112,0.1736596736596736,0.178125,0.3309716599190283,0.3275862068965517,0.3200813609467455,0.3188811188811188,0.316015625,0.06175,0.1015,0.338,0.17875,0.32,367
0.0099254968936413,0.0236987107473385,-0.0151622838190004,-0.0286122131956252,0.0233735073366703,0.0236987107473386,0.0605850387328014,0.0085765488991295,-0.0107426059515347,-0.0240655401945724,-0.0151622838190002,0.0085765488991295,0.0122448979591837,0.0097783135757818,-0.0184180055000722,-0.0286122131956252,-0.0107426059515347,0.0097783135757818,-0.0629297958607721,0.0310036095115545,0.0233735073366703,-0.0240655401945724,-0.0184180055000724,0.0310036095115545,0.0060759478078239,0.0497512437810945,0.0490591397849462,0.0510119047619047,0.0516877637130801,0.0490754812563323,0.0907960199004975,0.0873655913978494,0.0922023809523809,0.0939990623534927,0.0952380952380952,0.3553067993366501,0.3469982078853046,0.3457142857142857,0.3465775902484763,0.3564463019250253,0.1828358208955224,0.1796594982078853,0.1760119047619047,0.1889357712142522,0.1722391084093211,0.3213101160862355,0.3369175627240143,0.3350595238095238,0.3187998124706985,0.3270010131712259,0.05025,0.093,0.35,0.17775,0.329,1612
0.0287794190956994,0.0099651635943535,-0.0032174617165048,-0.0247480391408871,0.0101713427537716,0.0099651635943535,0.0464532857102792,-0.0386295349023009,0.0038364410596101,0.004306482846325,-0.003217461716505,-0.0386295349023011,0.0102278341343083,0.0194485333945082,-0.0201608994862847,-0.0247480391408871,0.0038364410596102,0.0194485333945083,-0.008229467239776,0.0135373034662781,0.0101713427537715,0.004306482846325,-0.0201608994862847,0.0135373034662781,-0.0110803324099721,0.1872027669693039,0.1908292147171883,0.1933701657458563,0.197520184544406,0.1907894736842105,0.1502377864245568,0.1447007138934651,0.1576120319214242,0.1511678200692041,0.1510964912280701,0.2723735408560311,0.2819879187259747,0.2687231430325353,0.266219723183391,0.2769736842105263,0.2961521833117164,0.2878912685337726,0.2833793738489871,0.2913783160322952,0.2850877192982456,0.0940337224383917,0.0945908841295991,0.096915285451197,0.0937139561707035,0.0960526315789473,0.19275,0.15175,0.2715,0.289,0.095,3550
