Type 1-Type 1,Type 1-Type 2,Type 1-Type 3,Type 1-Type 4,Type 1-Type 5,Type 2-Type 1,Type 2-Type 2,Type 2-Type 3,Type 2-Type 4,Type 2-Type 5,Type 3-Type 1,Type 3-Type 2,Type 3-Type 3,Type 3-Type 4,Type 3-Type 5,Type 4-Type 1,Type 4-Type 2,Type 4-Type 3,Type 4-Type 4,Type 4-Type 5,Type 5-Type 1,Type 5-Type 2,Type 5-Type 3,Type 5-Type 4,Type 5-Type 5,P_1_1,P_1_2,P_1_3,P_1_4,P_1_5,P_2_1,P_2_2,P_2_3,P_2_4,P_2_5,P_3_1,P_3_2,P_3_3,P_3_4,P_3_5,P_4_1,P_4_2,P_4_3,P_4_4,P_4_5,P_5_1,P_5_2,P_5_3,P_5_4,P_5_5,Type1,Type2,Type3,Type4,Type5,W_Index
0.0064580228514654,-0.190855927698033,-0.0712244880553352,0.065525529572972,0.0787780261464472,-0.0645092612305726,-0.0582010582010581,0.0184503553487511,-0.0365221632827266,0.0573133430276286,0.0947728652646684,0.0722035166479611,-0.0803219359369091,0.023094797742685,-0.0244010244010244,0.0121354055780285,0.0187590187590188,-0.0889645114244042,-0.0243277848911651,0.065336208193351,0.0258442077714368,0.132791327913279,-0.0813759085573353,-0.003508114466548,0.0023599779697339,0.1515151515151515,0.1623376623376623,0.138047138047138,0.1506493506493506,0.1485587583148558,0.1339712918660287,0.119047619047619,0.1043771043771043,0.1103896103896103,0.0975609756097561,0.2503987240829346,0.2294372294372294,0.2525252525252525,0.2545454545454545,0.2527716186252771,0.1658692185007974,0.1839826839826839,0.1734006734006734,0.1818181818181818,0.1781226903178122,0.2982456140350877,0.3051948051948052,0.3316498316498316,0.3025974025974026,0.3229859571322986,0.1525,0.1125,0.23375,0.1775,0.32375,1501
-0.2223071046600457,0.111414900888585,-0.0548838135045033,0.0183045301155537,0.0306344373330019,0.0255496137849079,0.1945773524720894,-0.0542203645651921,0.0264853256979241,-0.0961287516311442,-0.0523080705636487,0.1024583402078864,-0.0454125079570979,-0.0584256905190927,0.0304630199037061,0.070923135094258,0.1518051326663767,-0.0765966878819544,-0.1539879829070951,0.0615155469439939,-0.1012865992481599,-0.0137855890852243,-0.0373451138217268,0.0928226680935809,0.0249742677617041,0.0779220779220779,0.0621212121212121,0.0670846394984326,0.059228650137741,0.0702070207020702,0.1688311688311688,0.153030303030303,0.1705329153605015,0.1611570247933884,0.1926192619261926,0.3441558441558441,0.3439393939393939,0.3410658307210031,0.3512396694214876,0.3384338433843384,0.1558441558441558,0.1545454545454545,0.1680250783699059,0.1831955922865013,0.144014401440144,0.2532467532467532,0.2863636363636364,0.2532915360501567,0.2451790633608815,0.2547254725472547,0.06375,0.19,0.32625,0.15875,0.26125,2586
0.062049062049062,0.3221690590111643,-0.0767010767010767,0.0349353406678247,-0.046176046176046,0.1094619666048236,-0.0663021189336978,-0.0199324485038769,-0.0058731077839357,0.0270047412904556,-0.1462715688067801,0.0161062066176965,-0.0111953773925603,-0.0406387368798779,0.056968071052578,-0.0389610389610388,0.0303030303030303,-0.0194250194250193,0.0735379270411117,-0.0274170274170273,-0.0613042871107387,0.0353449606420743,-0.0140397237171432,0.0623307245456413,-0.0240655401945724,0.0492424242424242,0.0467532467532467,0.0601792573623559,0.0545454545454545,0.0557184750733137,0.0643939393939393,0.1012987012987013,0.0934699103713188,0.0921212121212121,0.0916422287390029,0.3674242424242424,0.348051948051948,0.3450704225352112,0.3478787878787879,0.3460410557184751,0.1893939393939394,0.1974025974025974,0.204225352112676,0.1818181818181818,0.1840175953079179,0.3295454545454545,0.3064935064935065,0.2970550576184379,0.3236363636363636,0.3225806451612903,0.0525,0.095,0.34125,0.19625,0.315,2653
0.679144385026738,-0.0371090584994326,-0.1242722344910658,0.0037359900373598,0.043724441648317,0.1387559808612439,0.0140640858344208,-0.1104397668076488,0.0430622009569378,0.0768364762172811,0.0535491905354919,-0.1019283746556474,-0.0115649930508034,0.0207953052764462,0.0193636607818719,-0.0389610389610388,-0.0733068584308254,0.0651607157967693,-0.138587439957303,0.0295622381183878,0.0461997019374068,-0.0567673756943503,0.0295163349491106,-0.0330114529530654,-0.0075684521200432,0.0160427807486631,0.0430622009569378,0.0473225404732254,0.0519480519480519,0.0476900149031296,0.0855614973262032,0.0813397129186602,0.0909090909090909,0.0885478158205431,0.0871833084947839,0.4117647058823529,0.4066985645933014,0.3704856787048567,0.3423848878394332,0.3554396423248882,0.1818181818181818,0.1746411483253588,0.1787048567870485,0.2077922077922078,0.1885245901639344,0.3048128342245989,0.2942583732057416,0.3125778331257783,0.3093270365997638,0.3211624441132638,0.05,0.0825,0.36625,0.1825,0.31875,1055
0.0526103608143518,-0.2263556979004133,-6.387269259899853e-05,-0.0769718086791257,0.098776911522781,-0.0240747394897593,0.121651295564339,0.0826135753671986,-0.1518915866741954,-0.0263929618768328,-0.0149340292880961,-0.1420245338373993,0.054876247858704,-0.1118705855547961,0.0610690950249523,0.0715233139475564,-0.0752241204916102,-0.0345799097513774,-0.0197210197210198,0.044205495818399,0.0614932063314189,0.0108238695809318,0.0336510110521409,-0.0345586616773057,-0.0388190267905959,0.1042128603104212,0.1126482213438735,0.1116427432216905,0.1021324354657687,0.1032357473035439,0.1241685144124168,0.0889328063241106,0.1156299840510366,0.1088664421997755,0.1001540832049306,0.3037694013303769,0.2786561264822134,0.2870813397129186,0.3142536475869809,0.2935285053929122,0.188470066518847,0.2015810276679842,0.1945773524720893,0.1784511784511784,0.1810477657935285,0.2793791574279379,0.3181818181818182,0.2910685805422647,0.2962962962962963,0.3220338983050847,0.11,0.10125,0.30375,0.175,0.31,705
0.2943294329432943,-0.1956856702619414,0.0607178799060718,0.0869276708692767,-0.2023121387283237,-0.0972525824010972,0.0021278156871376,0.0543282056197186,0.0562559905625599,-0.0743270858877795,0.098614897460969,0.0910199421356595,-0.1255939897528473,-0.0082444992910779,0.083612773470136,-0.008100810081008,-0.0904349887400735,0.0173663974401981,0.1261293451074473,-0.0606734306156271,-0.2406059883096742,-0.113854493474669,0.0623345444845467,-0.0681078661027654,0.1744170586708368,0.0890909090909091,0.1385281385281385,0.1137998691955526,0.1272727272727272,0.1566265060240964,0.1763636363636363,0.1471861471861472,0.1340745585349902,0.1608391608391608,0.1642935377875136,0.3181818181818182,0.3203463203463203,0.381294964028777,0.3328671328671329,0.3176341730558598,0.1563636363636363,0.1616161616161616,0.1726618705035971,0.1496503496503496,0.1829134720700986,0.26,0.2323232323232323,0.198168737737083,0.2293706293706293,0.1785323110624315,0.12625,0.1475,0.33875,0.17125,0.21625,106
-0.4167650531286897,-0.0889645114244044,0.0290701034502687,-0.2341597796143251,0.2006503183850426,-0.0841332580463014,-0.4694257149500116,0.0933967218552197,0.0513833992094862,0.0345363830752283,-0.0936431989063568,0.0221543162719632,0.0631378191186802,0.0047846889952153,-0.0712324776172921,-0.4961038961038964,0.0303030303030302,0.0642085187539732,-0.0343434343434343,0.0064580228514654,0.1286133221617091,0.027082973952044,-0.0438242109796362,0.0381231671554251,4.807461179745509e-05,0.0619834710743801,0.0474308300395256,0.0478468899521531,0.0654545454545454,0.0381231671554252,0.1157024793388429,0.1561264822134387,0.1038961038961039,0.103030303030303,0.1033724340175953,0.3471074380165289,0.3241106719367589,0.3349282296650718,0.3345454545454545,0.3731671554252199,0.2314049586776859,0.1778656126482213,0.1866028708133971,0.1939393939393939,0.1803519061583577,0.2438016528925619,0.2944664031620553,0.3267259056732741,0.303030303030303,0.3049853372434017,0.04375,0.10625,0.3575,0.1875,0.305,589
-0.3468013468013466,0.1940683430045131,-0.1103400416377515,0.0105132962275819,0.114602818306522,0.142944597490052,0.0152980481800597,0.0536874645132798,-0.1356608759206161,-0.0135020236030336,0.0213889494465034,0.0982842352810208,0.013474855091638,-0.0962658444672832,0.0009339329882895,0.1245791245791246,-0.0541586073500968,-0.0513532269257459,-0.0327767470624613,0.0684624017957351,0.0822681088167814,-0.0270279522774343,-0.0759489784011839,0.0499176339884304,0.0438637439620723,0.0909090909090909,0.0578512396694214,0.066056245912361,0.059090909090909,0.0619469026548672,0.0946969696969697,0.1157024793388429,0.10595160235448,0.1238636363636363,0.1206757843925985,0.3636363636363636,0.3099173553719008,0.3230869849574885,0.3443181818181818,0.3523732904263877,0.1818181818181818,0.2086776859504132,0.2014388489208633,0.1897727272727272,0.1745776347546259,0.2689393939393939,0.3078512396694214,0.303466317854807,0.2829545454545454,0.2904263877715205,0.0675,0.1175,0.3275,0.18375,0.30375,2468
0.2685475444096133,0.0564573698749185,-0.0119342242754221,0.0847310253300688,-0.1294838354590919,0.0723562152133581,-0.0286742960010286,-0.0415649513393876,-0.0725458066438253,0.0652749649478111,0.0169552669552669,0.0227594187990227,-0.0765550239234451,-0.0474926533320694,0.0780212154257955,0.0590839905908398,-0.10476801104768,-0.0093727469358326,0.00373599003736,0.0303537307615526,0.1299859912998598,0.0749439907494399,0.1082550437141294,-0.042337703854034,-0.13668022510726,0.0658307210031347,0.0834879406307977,0.0884740259740259,0.0846824408468244,0.0783012607830126,0.1191222570532915,0.1298701298701298,0.1233766233766233,0.1394769613947696,0.1167883211678832,0.2884012539184953,0.2968460111317254,0.3068181818181818,0.2876712328767123,0.2541473125414731,0.1567398119122257,0.1836734693877551,0.1793831168831169,0.1706102117061021,0.1785003317850033,0.3699059561128526,0.3061224489795918,0.3019480519480519,0.3175591531755915,0.3722627737226277,0.09,0.12625,0.285,0.17125,0.3275,2413
-0.1932646837848588,0.1066373073293487,-0.0199657258480787,0.0713447241424284,0.037433155080214,-0.0108599139403045,-0.0111813320369471,-0.0083282810555538,-0.0320499899213868,0.084551811824539,0.0287350689794095,-0.0974192048360846,-0.0275662449575493,0.0051094186831194,0.0838147359886489,-0.1433051318067488,-0.0416182283189956,-0.0774184687228165,0.1439313602622191,0.0878686530860444,0.0051555739786004,0.0706251152498617,0.0123576330472882,0.0213319061090297,-0.1092355919942127,0.1804812834224599,0.152892561983471,0.1469038208168643,0.1729249011857707,0.1504702194357366,0.0949197860962566,0.1074380165289256,0.116600790513834,0.1106719367588932,0.0987460815047022,0.3302139037433155,0.3264462809917355,0.3326745718050066,0.3488142292490118,0.3197492163009404,0.2379679144385026,0.2644628099173554,0.2549407114624506,0.2193675889328063,0.2507836990595611,0.1564171122994652,0.1487603305785124,0.1488801054018445,0.1482213438735178,0.1802507836990595,0.15125,0.10625,0.32375,0.25625,0.1625,1600
-0.0822510822510822,0.1206179441473559,-0.0441044104410439,0.1132100223009314,-0.0402879368396611,0.072356215213358,-0.0913456291607552,0.1109315013133966,-0.0505264679661709,-0.100377455057258,-0.066946521491976,0.0781252813338375,0.087181445417269,-0.0446853422060034,-0.0428211055170302,-0.0021941528790845,0.0232705784679999,-0.0702440107024402,0.0425514709449953,0.0323642661857115,-0.026314509460577,-0.0975585331170261,-0.0153824371201165,0.0342650199647135,0.0701278574196048,0.2272727272727272,0.1948051948051948,0.2240587695133149,0.2104607721046077,0.2155260469867211,0.1121212121212121,0.1391465677179963,0.1175390266299357,0.12453300124533,0.1399387129724208,0.2636363636363636,0.2244897959183673,0.2304866850321395,0.2702366127023661,0.2563840653728294,0.1707070707070707,0.2022263450834879,0.2011019283746556,0.1843088418430884,0.1859039836567926,0.2262626262626262,0.2393320964749536,0.226813590449954,0.2104607721046077,0.2022471910112359,0.21,0.1275,0.2525,0.1925,0.2175,2464
-0.0540184453227932,-0.2273767422508841,0.1344739043882173,-0.0297482837528604,0.0645586297760211,-0.0830569281797872,-0.0235600508751741,0.0962008517215021,-0.0175034825268003,-0.0970464135021096,0.1185593779387202,0.1033417473533512,-0.013642372341148,-0.0247522887390272,-0.1691720353137678,-0.0299069122598534,0.001713036800756,0.0529791016409021,-0.0868923149624905,0.0123456790123457,0.2124936813259903,-0.1211883167892593,-0.0458655626974615,0.0144968935228164,0.0592492085029398,0.1343873517786561,0.1380897583429229,0.1123836793128131,0.1313131313131313,0.1004070556309362,0.233201581027668,0.194476409666283,0.1703650680028632,0.1896745230078563,0.2130257801899593,0.2964426877470356,0.3095512082853855,0.3471725125268432,0.324354657687991,0.3582089552238806,0.1956521739130435,0.193325661680092,0.1947029348604151,0.2065095398428731,0.1872455902306648,0.1403162055335968,0.1645569620253164,0.1753758052970651,0.1481481481481481,0.141112618724559,0.1275,0.19,0.3425,0.19,0.15,228
-0.2134695115785216,0.0519152840431226,0.0361671267487015,0.0639763344960041,-0.0398348497591558,0.3017734953218824,-0.1614401858304297,-0.0725592815145053,0.0488384854582036,0.0286136627600042,0.0153477320889611,-0.0163950345541943,-0.0181342788380591,-0.0878809686252886,0.0720809663305658,0.0402559317515328,0.1130820399113081,-0.018520150134804,-0.0575851805045146,0.0055768326278304,0.0003825066938671,-0.0488768919309747,0.0159872573889446,-0.0243277848911651,0.0128217487708472,0.0940438871473354,0.0541125541125541,0.0763105507631055,0.0743801652892562,0.0774703557312253,0.0971786833855799,0.119047619047619,0.1041804910418049,0.0909090909090909,0.1075098814229249,0.322884012539185,0.3593073593073593,0.3410749834107498,0.3412042502951594,0.3296442687747035,0.1661442006269592,0.1688311688311688,0.1930988719309887,0.1877213695395513,0.1818181818181818,0.3197492163009404,0.2987012987012987,0.285335102853351,0.3057851239669421,0.3035573122529644,0.0775,0.1025,0.335,0.1775,0.3075,915
-0.0166906718630857,0.1462536917082372,-0.124507171018799,-0.04920645461186,0.0334885362509671,0.0464994775339603,0.0090296908478726,-0.011275546159267,-0.0237510237510236,0.0080361627322953,-0.2423081388598631,-0.0407101316192224,0.072899538015817,0.0217490217490217,0.0178023327194598,-0.2710954609868166,0.0389574449350289,-0.0055315821483392,0.0912456665881322,-0.0237851152102268,-0.0935335714806444,0.009118670852286,-0.0305324745562713,-0.0285126564196331,0.0795790358940815,0.0737100737100737,0.0691287878787878,0.09006734006734,0.0921544209215442,0.0792811839323467,0.2113022113022113,0.2452651515151515,0.2575757575757575,0.2378580323785803,0.2452431289640592,0.3022113022113022,0.271780303030303,0.2491582491582491,0.2702366127023661,0.2769556025369979,0.1941031941031941,0.1893939393939394,0.1809764309764309,0.1681195516811955,0.1902748414376321,0.2186732186732186,0.2244318181818181,0.2222222222222222,0.2316313823163138,0.208245243128964,0.0725,0.2475,0.26875,0.185,0.22625,794
-0.0977701543739277,0.0724637681159419,0.0909090909090908,-0.1301504251144538,-0.0315103223469757,0.1928160629603471,-0.116019530341781,0.1235888294711824,0.0151194552379486,-0.1590003621876132,0.0919180708303906,0.0389831822056885,-0.006387403446227,-0.0541299580656331,0.0071798368025223,-0.1369762313158538,0.1116130246565029,-0.0101010101010101,0.1030552181631317,-0.0472396129766647,0.0242043072231752,-0.0618259893622212,0.0385334829779274,0.0116997311241915,-0.0388077320348239,0.0727272727272727,0.053475935828877,0.0601604278074866,0.0753246753246753,0.0646464646464646,0.08,0.0962566844919786,0.0828877005347593,0.0766233766233766,0.0915824915824915,0.3272727272727272,0.3155080213903743,0.3622994652406417,0.3636363636363636,0.3461279461279461,0.1963636363636363,0.1711229946524064,0.1831550802139037,0.1558441558441558,0.1717171717171717,0.3236363636363636,0.3636363636363636,0.3114973262032086,0.3285714285714285,0.3259259259259259,0.06625,0.08625,0.36,0.17375,0.31375,3021
0.3298842079329883,0.1832104367555302,-0.1379324770949253,-0.2397777936723648,-0.0746597180636701,0.1224068643423482,-0.0766327945622771,0.0232206422102952,0.0077675821692472,-0.010338848813066,-0.0228155682701136,0.0869173110187908,-0.0325180822607924,-0.0663822980538522,-0.0134523737708873,-0.097770154373928,0.1256133072719294,-0.071879348846241,0.0556815876353308,-0.0316635574864467,-0.0043290043290042,0.0721836303231652,-0.0350404312668464,-0.1395056556346876,0.0520428476632857,0.0753880266075388,0.0987292277614858,0.1150667514303877,0.1234991423670669,0.1129870129870129,0.2195121951219512,0.2893450635386119,0.2453909726636999,0.2349914236706689,0.2493506493506493,0.376940133037694,0.3235581622678397,0.3420216147488875,0.3550600343053173,0.3428571428571428,0.1441241685144124,0.115347018572825,0.1239669421487603,0.1097770154373928,0.1324675324675324,0.1840354767184035,0.1730205278592375,0.1735537190082644,0.176672384219554,0.1623376623376623,0.1125,0.26875,0.33125,0.11625,0.17125,3543
-0.0829296095753777,0.2432540077666035,0.0430622009569379,-0.0330578512396693,-0.0968503637125339,0.3730407523510971,0.2941462820980893,-0.1468064099643047,-0.0560146923783286,0.0131732067215937,0.1019232398542743,-0.0124034220419761,0.0190463874674401,-0.0051373687737323,-0.0416784610332998,0.0814317999562584,0.0320690797014696,-0.0904640035606987,0.1495291178166442,-0.0444169483929424,0.0943921978404735,0.0669749705894283,-0.1037695248221564,-0.0483624119987755,0.115579760741051,0.0785123966942148,0.0454545454545454,0.0651105651105651,0.0665961945031712,0.0656565656565656,0.0785123966942148,0.0732323232323232,0.105036855036855,0.1004228329809725,0.0968013468013468,0.3181818181818182,0.3813131313131313,0.3261670761670762,0.3625792811839323,0.367003367003367,0.2272727272727272,0.2323232323232323,0.2211302211302211,0.1871035940803382,0.2306397306397306,0.2975206611570248,0.2676767676767677,0.2825552825552825,0.2832980972515856,0.2398989898989899,0.0725,0.10375,0.3325,0.22,0.27125,1073
0.0259740259740258,-0.1722488038277512,0.0572390572390573,0.0411931818181817,-0.0218463706835798,-0.3852813852813854,-0.1228070175438595,0.0841750841750842,-0.0101010101010101,0.0353143841515934,-0.0891472350876256,0.0857457574610168,-0.0289949858295179,-0.0546108567691301,0.0427953620190528,-0.2509939040551285,0.0375939849624059,0.0072150072150072,0.0665584415584416,-0.0067451927917043,-0.0806236370146142,0.0531352304205489,-0.0656270305393111,-0.1313795853269537,0.1296069631442948,0.0596590909090909,0.0848484848484848,0.066710268149117,0.0766233766233766,0.0661881977671451,0.1392045454545454,0.1333333333333333,0.1085676913015042,0.1142857142857142,0.1124401913875598,0.3181818181818182,0.3090909090909091,0.3472858077174623,0.335064935064935,0.3596491228070175,0.1534090909090909,0.1616161616161616,0.1687377370830608,0.1493506493506493,0.1810207336523126,0.3295454545454545,0.3111111111111111,0.3086984957488554,0.3246753246753247,0.2807017543859649,0.06125,0.11875,0.3375,0.16,0.3225,3351
-0.3104013104013103,-0.0221130221130221,0.1135520547285252,0.0096967196203837,-0.0198102248311453,0.0303030303030302,0.1709090909090909,-0.0723707664884134,0.0673143650242886,-0.0406998858881704,0.0821188989127921,-0.0881332408049966,-0.018900273502878,0.114270730143931,-0.0313618796802546,0.0135841170323929,-0.0532915360501566,0.016534513491917,0.0810978965756539,-0.0440576592647001,0.0068426197458455,0.0557184750733137,-0.0327180725662699,-0.0207964898927714,0.0208468815568289,0.1228501228501228,0.0909090909090909,0.0860513532269257,0.0924764890282131,0.0931085043988269,0.1277641277641277,0.1036363636363636,0.1360166551006245,0.1316614420062695,0.1180351906158357,0.2825552825552825,0.3418181818181818,0.3247744621790423,0.3134796238244514,0.3291788856304985,0.1621621621621621,0.1527272727272727,0.1450381679389313,0.1504702194357366,0.1671554252199413,0.3046683046683047,0.3109090909090909,0.308119361554476,0.3119122257053291,0.2925219941348974,0.09375,0.125,0.31875,0.16375,0.29875,1744
0.1862682771773681,-0.2340600575894693,0.0579866868526662,-0.0695187165775401,-0.006993006993007,-0.1667476908118619,0.1506763133060712,0.1032214197769079,-0.1796162315193457,-0.0267379679144386,0.075374386379171,-0.0051867637006954,0.0228617466816056,-0.0896224518515538,0.006971975393028,-0.0132016743586991,-0.0278491561914022,-0.0126705534390632,0.0554899645808737,-0.0049586776859504,0.0133502860775588,0.0292060880296175,0.0656765914497874,-0.0654051830522417,-0.0517482517482517,0.0559440559440559,0.0802139037433155,0.063568010936432,0.0696576151121605,0.0678321678321678,0.1048951048951049,0.0721925133689839,0.0854408749145591,0.0873671782762691,0.0825174825174825,0.3426573426573426,0.3262032085561497,0.3554340396445659,0.3683589138134592,0.3398601398601398,0.1818181818181818,0.2005347593582887,0.1852358168147641,0.1605667060212514,0.1811188811188811,0.3146853146853147,0.320855614973262,0.3103212576896787,0.3140495867768595,0.3286713286713286,0.06875,0.085,0.36375,0.17,0.3125,1084
-0.4260249554367201,0.0062111801242236,0.0614394055782901,0.185531201341478,-0.0779734099892202,0.1319848097341703,-0.1067193675889328,-0.0056006368804033,-0.0540184453227929,0.0358126721763085,-0.0350181128169742,-0.1730205278592376,0.1378506367677688,-0.0663822980538524,-0.061939038478628,0.2869875222816399,-0.1576994434137293,-0.0059198751778257,-0.0232192050373867,0.0043290043290044,0.0423774021884798,-0.145132240022751,0.0339546193148112,-0.0214956465785929,0.00464499004645,0.0909090909090909,0.0553359683794466,0.0659824046920821,0.0454545454545454,0.0610484406104844,0.0869565217391304,0.0968379446640316,0.1026392961876832,0.1012987012987013,0.1001990710019907,0.3320158102766798,0.3557312252964427,0.3049853372434017,0.3558441558441558,0.3417385534173855,0.1343873517786561,0.1739130434782608,0.1759530791788856,0.1688311688311688,0.1685467816854678,0.3557312252964427,0.3181818181818182,0.3504398826979472,0.3285714285714285,0.3284671532846715,0.06375,0.0875,0.35375,0.165,0.33,926
-0.0026737967914438,-0.0446461882850393,-0.0132282578103009,0.0623397553292799,-0.007095445181964,-0.1029411764705883,0.1045889814699664,-0.0045681872307259,0.0183869313603398,-0.0154185480347075,-0.0416666666666665,0.0603711533944092,-0.0612194822721137,0.0071952400719524,0.0449239476476829,0.0056818181818182,0.1543340380549682,-0.1409642988590356,0.1049190535491905,0.022815705695083,-0.0172287390029324,0.1406942644752097,-0.094660856969855,0.0961314425742176,-0.0064242272099683,0.0802139037433155,0.088235294117647,0.0833333333333333,0.0795454545454545,0.0813782991202346,0.1122994652406417,0.0962566844919786,0.101010101010101,0.0909090909090909,0.0923753665689149,0.3128342245989304,0.3101604278074866,0.3276515151515151,0.3522727272727273,0.3379765395894428,0.1711229946524064,0.1791443850267379,0.1811868686868686,0.1633522727272727,0.1649560117302052,0.3235294117647059,0.3262032085561497,0.3068181818181818,0.3139204545454545,0.3233137829912023,0.08,0.1075,0.30875,0.1825,0.32125,3049
0.5521719659650695,0.1421422614083165,-0.135161135161135,0.0655685777636996,-0.1094433204985969,0.0711714849645883,-0.2355975658727951,0.0971442823294675,-0.0757986367742464,0.0389658731367273,-0.0234187718974738,0.0482264632291616,-0.0200039611804316,-0.0695187165775401,0.0648429312337085,0.0595611285266457,0.0143301235878384,-0.0315273951637586,-0.0179399314654304,0.0323518418538976,-0.1605415860735011,0.0275584263481981,0.0285837094347733,-0.0001415294617164,-0.0069690813837075,0.0324675324675324,0.0673400673400673,0.0741978609625668,0.0681818181818181,0.0841392649903288,0.1168831168831168,0.1683501683501683,0.1296791443850267,0.134297520661157,0.132495164410058,0.3831168831168831,0.3047138047138047,0.3442513368983957,0.3481404958677686,0.327852998065764,0.1915584415584415,0.2205387205387205,0.2192513368983957,0.2086776859504132,0.2050290135396518,0.275974025974026,0.239057239057239,0.232620320855615,0.2407024793388429,0.2504835589941973,0.0725,0.13625,0.3375,0.205,0.24875,1117
0.0166212388434611,-0.0987063618642565,0.0817263544536271,-0.0665943551849592,-0.020962311284892,-0.1159211159211159,0.2663476874003189,-0.0835629017447199,0.2027659141753101,-0.0850439882697946,0.1910765633393369,0.1059267279013725,-0.0597011924151937,-0.0296468827796902,0.0003638932294454,0.0511771333689142,0.2528019925280198,-0.0566436469300728,-0.0096366812373063,-0.0243843650825532,-0.0068461196280744,-0.0001079253156814,0.0430622009569379,0.0311348841903417,-0.0627742376469031,0.0774410774410774,0.0878787878787878,0.0637027206370272,0.074719800747198,0.0792891319207108,0.1043771043771043,0.0696969696969697,0.0849369608493696,0.0709838107098381,0.0950102529049897,0.303030303030303,0.3575757575757576,0.3497013934970139,0.348692403486924,0.3157894736842105,0.1986531986531986,0.1484848484848485,0.1917717319177173,0.1880448318804483,0.1804511278195488,0.3164983164983165,0.3363636363636363,0.3098871930988719,0.3175591531755915,0.32946001367054,0.07875,0.095,0.33,0.18625,0.31,642
-0.0185892538833714,0.032340208810797,0.0776570368407103,0.0280687054880602,-0.1041589988958409,0.0127519539284244,-0.0009598244892363,0.092336235193378,0.0706068125422964,-0.1381331219387898,-0.0540184453227932,0.0513833992094862,-0.0118577075098813,0.0207828637001148,-0.0113456337712629,0.0557402322108204,0.0364696247049187,-0.0108810108810109,-0.0969327098359356,0.045051676630624,-0.1212257283204747,-0.0994543549550284,0.0482799643104987,0.0651653197824092,-0.0226816172979289,0.0649350649350649,0.0629370629370629,0.067193675889328,0.0601965601965601,0.0714781401804302,0.1233766233766233,0.1276223776223776,0.1209486166007905,0.1228501228501228,0.1401804302567661,0.2824675324675325,0.2779720279720279,0.3098814229249012,0.3095823095823096,0.2914642609299098,0.1883116883116883,0.18006993006993,0.1897233201581027,0.2125307125307125,0.1811242192921582,0.3409090909090909,0.3513986013986014,0.3122529644268774,0.2948402948402948,0.3157529493407356,0.06375,0.1275,0.30625,0.19375,0.30875,4767
0.0846681922196797,-0.137429976967043,0.2034517092598738,-0.1936235374185273,-0.0389610389610388,-0.089436878910563,0.0501584746189062,-0.0078471147173437,0.0070856296021859,-0.0123210123210122,0.0646472640932475,0.0440456930422852,0.0461928589690744,-0.0393231724706106,-0.0702079875012207,-0.3495276653171388,0.1145545102379633,-0.0676346554209148,-0.0744222664752465,0.1253191253191253,-0.1559050641906296,-0.03089445635211,-0.0773596443613826,0.0891804412229302,0.081050962239081,0.0434782608695652,0.0517482517482517,0.0444292549555707,0.0641025641025641,0.0549054905490549,0.1976284584980237,0.165034965034965,0.1660970608339029,0.1538461538461538,0.1791179117911791,0.2608695652173913,0.3300699300699301,0.3123718386876281,0.3496503496503496,0.3528352835283528,0.225296442687747,0.1874125874125874,0.1961722488038277,0.2027972027972027,0.1719171917191719,0.2727272727272727,0.2657342657342657,0.2809295967190704,0.2296037296037296,0.2412241224122412,0.0475,0.17375,0.3275,0.18875,0.2625,501
-0.0606060606060605,0.2045454545454545,0.0972442191954388,0.0516677567037279,-0.1880165289256197,-0.1515151515151516,0.0909090909090909,0.0180551156160911,0.0974493132766513,-0.0812672176308539,0.0027938964109177,0.0522243713733074,0.0007570702952125,-0.0130386986349024,-0.0101010101010099,0.2973210364514712,-0.0013175230566533,0.0231048555544843,-0.1298471104539293,0.0098614604543458,-0.1940298507462685,-0.1058344640434192,-0.0060561935334415,0.055084290776334,0.0317009991365487,0.0397727272727272,0.0431818181818181,0.0373952288845905,0.0263504611330698,0.044776119402985,0.0795454545454545,0.0909090909090909,0.0947775628626692,0.1001317523056653,0.1105834464043419,0.3238636363636363,0.3522727272727273,0.3584784010315925,0.3504611330698287,0.3609226594301221,0.1647727272727272,0.1568181818181818,0.1760154738878143,0.1963109354413702,0.1641791044776119,0.3920454545454545,0.3568181818181818,0.3333333333333333,0.3267457180500658,0.3195386702849389,0.0375,0.1,0.35875,0.17375,0.33,4066
0.1196172248803827,0.0741132799819338,0.0225430668643964,0.0491573461737726,-0.1232011232011232,-0.0118577075098813,0.0905593060267934,-0.137230427848277,-0.1177966315047456,0.1270773879469532,-0.0541368743615935,0.1032930478093049,-0.017866422952171,0.0266943390825163,-0.0285493431560848,-0.0767414403778039,0.0722069563582032,-0.016314891912978,-0.0347498477203167,0.0299626663263026,-0.1603053435114503,0.0812673106802674,0.0032912491731293,0.048785123565111,-0.0053078755368831,0.1100478468899521,0.1264822134387351,0.1317671092951992,0.1345926800472255,0.1450381679389313,0.1307814992025518,0.1284584980237154,0.1266598569969356,0.1310507674144037,0.1297709923664122,0.2089314194577352,0.2430830039525691,0.2175689479060265,0.217237308146399,0.2130464954892436,0.1866028708133971,0.2193675889328063,0.1910112359550561,0.2030696576151121,0.1866759195003469,0.3636363636363636,0.2826086956521739,0.3329928498467824,0.3140495867768595,0.3254684247050659,0.125,0.14125,0.21375,0.19625,0.32375,333
-0.0134792743488394,0.0675990675990675,0.0743069879760527,-0.1996496072929192,0.0453990453990454,0.179466653324661,0.096662830840046,-0.033189558824747,-0.1140999611530935,-0.0374997716769867,0.1011965997076181,0.0410958904109589,-0.0249334778752341,-0.0533746856929824,-0.0160311530174543,-0.0634293242988894,-0.093073593073593,-0.0028340963592763,0.0790525822372957,0.034563320277606,0.0956521739130435,-0.0254545454545453,-0.0589928057553956,0.0105385060799073,0.0072150072150071,0.1165501165501165,0.0943613348676639,0.1033623910336239,0.1222943722943722,0.104,0.1864801864801865,0.1806674338319908,0.1917808219178082,0.2186147186147186,0.2050909090909091,0.1608391608391608,0.1795166858457997,0.1780821917808219,0.1742424242424242,0.184,0.2354312354312354,0.2186421173762946,0.2067247820672478,0.1807359307359307,0.1941818181818181,0.3006993006993007,0.3268124280782508,0.3200498132004981,0.3041125541125541,0.3127272727272727,0.115,0.2,0.17375,0.19625,0.315,4684
0.1272727272727273,0.0177095631641086,-0.0950570342205323,-0.0417690417690417,0.0895211658570438,0.3259423503325942,-0.0136205258156478,0.1164543515466264,-0.1625816503865285,-0.0832585772075624,-0.0589090909090908,0.0932703659976387,-0.0021431040442447,0.0132678132678133,-0.0215128383067313,-0.0361145703611456,-0.1385874399573028,0.011312142204376,0.1585608023964188,-0.0533020258001957,-0.0481283422459892,-0.097298423501632,0.0443463939326163,-0.022546610781905,0.0060007347838511,0.0545454545454545,0.0421286031042128,0.0661818181818181,0.0647571606475716,0.0655080213903743,0.0945454545454545,0.0975609756097561,0.0872727272727272,0.1095890410958904,0.105614973262032,0.36,0.2904656319290465,0.3294545454545454,0.3250311332503113,0.3141711229946524,0.1927272727272727,0.2150776053215077,0.1825454545454545,0.1556662515566625,0.1891711229946524,0.2981818181818181,0.3547671840354767,0.3345454545454545,0.3449564134495641,0.3255347593582888,0.0625,0.09625,0.32875,0.185,0.3275,486
-0.166595532792716,-0.0325476992143658,0.0698350410580624,0.1021324354657688,-0.0745755426606489,-0.0661370822336617,0.09297052154195,-0.0037239225317333,0.0576317106929351,-0.0421189752496742,0.0903357731190399,-0.07945122870496,0.0004197456146345,-0.1285563524369495,0.0715667311411993,0.0222325689675241,0.106213651668197,-0.0781457478645184,0.0467445012899558,0.019987105093488,-0.0599565774091188,-0.1383399209486167,0.0809565786106292,-0.0088462262375306,-0.0199310402825665,0.1035353535353535,0.0946196660482374,0.0807327001356852,0.0867768595041322,0.0940711462450592,0.1161616161616161,0.1020408163265306,0.121438263229308,0.1005509641873278,0.1280632411067193,0.3232323232323232,0.3487940630797773,0.3473541383989145,0.3746556473829201,0.3193675889328063,0.1414141414141414,0.1484230055658627,0.1777476255088195,0.1501377410468319,0.158893280632411,0.3156565656565656,0.3061224489795918,0.2727272727272727,0.2878787878787879,0.2996047430830039,0.08875,0.1125,0.3475,0.1575,0.29375,1962
0.1180461329715061,-0.0101010101010101,-0.0857563489142434,0.1024898668210769,-0.0080645161290322,-0.0372380521634252,0.142037660556179,-0.0469063100642048,0.0117737888438526,0.002932551319648,-0.0176390773405696,-0.0802469135802468,0.0177585572322415,0.0156340474811813,0.003390762463343,0.0612050313542851,-0.1648011648011647,-0.0225904962747065,-0.0203602560290456,0.0726797178410082,0.0311403164493087,-0.0314346402500671,-0.0195980617903193,0.0505677930008088,-0.010639587019219,0.0738636363636363,0.0868686868686868,0.0852272727272727,0.0786240786240786,0.0811419984973704,0.1022727272727272,0.0868686868686868,0.109375,0.1179361179361179,0.1044327573253193,0.3352272727272727,0.3232323232323232,0.3032670454545454,0.3157248157248157,0.3148009015777611,0.1761363636363636,0.1939393939393939,0.1931818181818181,0.2002457002457002,0.1863260706235912,0.3125,0.3090909090909091,0.3089488636363636,0.2874692874692874,0.3132982719759579,0.08375,0.10125,0.30875,0.19625,0.31,393
-0.3852813852813854,-0.0067451927917043,0.0019240019240018,0.062049062049062,0.018525334314808,-0.1588411588411589,-0.1709221011546593,0.0918803418803418,-0.0101010101010101,-0.0192236912884684,-0.0763337382042419,-0.0220998676745707,-0.0464355788096795,0.1570380059588693,-0.0188978004199511,-0.0936431989063568,-0.2314083305515373,0.074074074074074,0.1671096934254829,-0.0899534445240817,-0.0310300386636266,-0.0974291109210334,0.0284524635669672,0.0438738530341584,-0.0204339653917797,0.0606060606060606,0.0506993006993006,0.0470896010464355,0.0478468899521531,0.0451075641915336,0.1082251082251082,0.1258741258741259,0.1098757357750163,0.1323763955342902,0.1179736294240111,0.3593073593073593,0.3269230769230769,0.3767168083714846,0.3333333333333333,0.3497571131158917,0.1688311688311688,0.1818181818181818,0.1517331589274035,0.149920255183413,0.1721027064538514,0.303030303030303,0.3146853146853147,0.3145846958796599,0.3365231259968102,0.315058986814712,0.04375,0.1075,0.36,0.18,0.30875,4842
-0.0143888858261205,-0.110798386340182,0.0470313999725764,-0.0750034279446043,0.0440351224664951,-0.0669742628505516,0.0283400809716598,0.0048413125336201,0.0424959655728887,-0.0101010101010099,-0.0731940386276348,0.0167933201988929,0.0607431783902372,0.0292060880296175,-0.0404700600779031,-0.0426429240862231,0.0071770334928228,0.0002185314685314,0.0646853146853148,-0.0185185185185183,0.0384684175508129,-0.1161839365937398,-0.040943789035392,-0.0206587305823946,0.068548076181664,0.1229946524064171,0.1293706293706293,0.1301247771836007,0.1264204545454545,0.1165857043719639,0.1319073083778966,0.1153846153846153,0.1167557932263814,0.1178977272727272,0.1325468424705066,0.2477718360071301,0.2587412587412587,0.2442067736185383,0.2599431818181818,0.2706453851492019,0.1746880570409982,0.1555944055944056,0.1577540106951871,0.1519886363636363,0.1658570437196391,0.3226381461675579,0.3409090909090909,0.3511586452762923,0.34375,0.3143650242886884,0.12125,0.11875,0.26,0.1625,0.3375,4866
0.1351143571016722,-0.0567673756943503,0.0529046268926828,0.0436835891381345,-0.1421673321571175,-0.0570824524312896,0.063231850117096,-0.1138496539956392,0.0445269016697588,0.1244710345833941,0.0897345548508338,-0.0225202848153667,-0.0598687605986874,0.0043290043290041,0.0608330495970945,0.0440297821490945,0.0842134819326552,-0.0540184453227929,0.1040843214756258,-0.077704253082856,-0.263638793710967,0.1297942682905939,0.0816801287478358,-0.1106135244066277,-0.0003170018667888,0.0929752066115702,0.1136363636363636,0.0978535353535353,0.1027667984189723,0.1358411703239289,0.1611570247933884,0.1428571428571428,0.1559343434343434,0.13965744400527,0.1327063740856844,0.3243801652892562,0.3814935064935065,0.3630050505050505,0.3610013175230566,0.3145245559038662,0.1673553719008264,0.1672077922077922,0.1742424242424242,0.1567852437417654,0.1943573667711598,0.2541322314049586,0.1948051948051948,0.2089646464646464,0.2397891963109354,0.2225705329153605,0.1075,0.1525,0.3425,0.175,0.2225,1755
0.0157990157990158,-0.2012012012012012,0.0324702968381128,0.1397849462365592,0.0453990453990453,-0.1338176386720075,0.038190882851077,0.0504306540463219,-0.006747715172394,-0.0048204222961505,-0.0310202617894925,-0.1138411138411137,0.0461645634059427,-0.0286487705842544,0.1137068060144983,0.085529854760624,0.002079002079002,-0.0020630710285882,-0.1248966087675764,0.0573529035067496,0.0193714331645366,-0.0573582987376091,0.0967943405517721,0.0454039842248964,-0.0839734977666011,0.1279461279461279,0.147396293027361,0.134032634032634,0.1188811188811188,0.1274817136886102,0.2777777777777778,0.2224183583406884,0.2575757575757575,0.2307692307692307,0.2445141065830721,0.2104377104377104,0.2065313327449249,0.2074592074592074,0.2179487179487179,0.1964472309299895,0.1666666666666666,0.1950573698146513,0.1993006993006993,0.2179487179487179,0.1849529780564263,0.2171717171717171,0.2285966460723742,0.2016317016317016,0.2144522144522144,0.2466039707419017,0.13,0.23125,0.2175,0.19375,0.2275,2515
-0.3506493506493506,-0.0892333472978632,0.1630591630591631,0.0935239257386908,-0.1349994543271855,-0.3426573426573427,0.3182444795348021,0.0745057411724078,-0.2640603244630091,0.0284225578343225,0.1316146540027136,0.042908624035249,-0.0131162369968338,-0.0089880068844308,-0.0239102425230608,0.0241657077100114,0.0002103517824221,0.0180283851169927,-0.0379901298259974,-0.0018276585663035,-0.1515151515151516,0.1137178233952428,-0.0482603815937148,0.007524913565182,0.0374331550802138,0.0844155844155844,0.0839160839160839,0.0542740841248303,0.0609896432681242,0.0719696969696969,0.1266233766233766,0.0792540792540792,0.1112618724559023,0.1162255466052934,0.103030303030303,0.2824675324675325,0.3123543123543124,0.3419267299864315,0.3314154200230149,0.3537878787878787,0.1688311688311688,0.2354312354312354,0.1879240162822252,0.193325661680092,0.1848484848484848,0.3376623376623376,0.289044289044289,0.3046132971506106,0.2980437284234752,0.2863636363636364,0.0625,0.11625,0.3375,0.18625,0.2975,3585
-0.0540184453227932,0.1164845384794234,-0.0675315023141109,0.0078244736629828,-0.0085866157830176,0.062049062049062,0.1087344028520499,-0.084101084101084,-0.0469122714020673,0.0446335273921479,-0.0245310245310246,-0.0909090909090908,-0.0178710178710179,0.0940012368583796,0.0282131661442006,-0.1106738379465652,-0.0025387565494516,0.0519020822051125,-0.0681958733906784,0.0943921978404735,-0.1204481792717087,-0.0233826150781168,0.0493166963755198,-0.0549674415220633,0.1148810621427253,0.1106719367588932,0.0984848484848484,0.1075757575757575,0.1166207529843893,0.1176470588235294,0.1877470355731225,0.1893939393939394,0.2318181818181818,0.2130394857667585,0.2174688057040998,0.3122529644268774,0.3170995670995671,0.2977272727272727,0.2773186409550046,0.2780748663101604,0.2430830039525691,0.2564935064935065,0.2219696969696969,0.2617079889807162,0.2584670231729055,0.1462450592885375,0.1385281385281385,0.1409090909090909,0.1313131313131313,0.1283422459893048,0.105,0.2125,0.2925,0.245,0.145,4315
0.0146627565982404,-0.028040462618208,0.163427220441474,-0.1652521799926201,-0.0613042871107387,-0.1818181818181818,0.0806945863125637,0.1014799154334037,0.0517760385310054,-0.1273448773448773,0.0489510489510489,0.2142688771902255,-0.0082940315498454,-0.0188487009679063,-0.0656010656010657,-0.2186732186732187,0.0392844325428595,-0.0247033502847455,0.0041817856387392,0.0522990522990522,-0.2139439507860561,0.1398311918714048,-0.0512539276309167,0.0693168804008818,0.0040035152817108,0.0615835777126099,0.0738636363636363,0.0594405594405594,0.0761670761670761,0.0758714969241285,0.1143695014662756,0.1022727272727272,0.0874125874125874,0.1068796068796068,0.0956937799043062,0.2697947214076246,0.2897727272727273,0.3251748251748251,0.3304668304668304,0.3390293916609706,0.219941348973607,0.1789772727272727,0.1923076923076923,0.1879606879606879,0.1756664388243335,0.3343108504398827,0.3551136363636363,0.3356643356643357,0.2985257985257985,0.3137388926862611,0.0625,0.11125,0.3225,0.18875,0.315,4966
-0.0984848484848484,0.1676019453797232,-0.0812003530450131,-0.0031347962382446,-0.0101010101010101,0.0218642117376295,-0.0797141598829362,-0.0055079490989531,0.0286099757946113,0.0393755941361884,-0.138570167696381,-0.0286249768450415,0.0951079272315957,-0.056700246522811,0.0210249391338458,-0.2211668928086838,0.0619294101881167,-0.0433270540501375,0.1241285734337716,-0.0068235895620709,-0.0414827890556044,0.0149608272585619,-0.0248588248399728,0.0893873451623702,-0.0335520677437097,0.1098484848484848,0.097813578826237,0.1138570167696381,0.1221166892808683,0.1041482789055604,0.168560606060606,0.2186421173762946,0.2082965578111209,0.1899592944369063,0.1994704324801412,0.2784090909090909,0.2589182968929804,0.233009708737864,0.2686567164179104,0.263901147396293,0.1818181818181818,0.1760644418872267,0.1915269196822595,0.1587516960651289,0.1650485436893204,0.2613636363636363,0.2485615650172612,0.2533097969991174,0.2605156037991858,0.2674315975286849,0.1,0.2025,0.2575,0.18125,0.25875,2099
0.3388429752066115,0.2411067193675887,-0.0084848484848485,0.1469583048530417,-0.191123836793128,-0.0779734099892202,0.4042504439479863,0.0830039525691699,-0.0936431989063568,-0.145311381531854,-0.0727382190356302,0.1623694474255946,0.0094320690347179,0.0294821943480013,-0.0580856802893616,0.1600054193198753,-0.0367394544158621,-0.0372578241430701,0.211142610624923,-0.0842906931715501,-0.2160566706021249,0.1643139469226425,-0.0147186147186146,-0.0272434332584707,0.0244401268023314,0.0363636363636363,0.0592885375494071,0.0590006020469596,0.0461997019374068,0.0668831168831168,0.0654545454545454,0.0513833992094861,0.0722456351595424,0.0894187779433681,0.072077922077922,0.3781818181818182,0.3438735177865613,0.3714629741119807,0.3889716840536513,0.3805194805194805,0.1418181818181818,0.1818181818181818,0.1613485851896448,0.1311475409836065,0.1707792207792207,0.3781818181818182,0.3636363636363636,0.3359422034918723,0.3442622950819672,0.3097402597402597,0.055,0.08625,0.375,0.16625,0.3175,3599
0.8208687863860278,0.1130820399113081,-0.0085152942295798,-0.1688311688311687,-0.0146103896103895,0.0073145245559037,-0.2010347376201036,0.0287490287490287,-0.1268939393939392,0.112215909090909,0.0120642158259711,-0.0884902237452127,-0.0010191828373646,0.0013774104683196,0.0272038567493113,-0.1046424839528288,-0.1508816386865168,0.0200275914561629,0.0043290043290044,0.0361201298701298,0.0133100364869724,0.0113045690814582,0.0261105015203375,-0.0096870342771981,-0.0269187779433681,0.0064935064935064,0.0359848484848484,0.0358126721763085,0.04004329004329,0.0357675111773472,0.0909090909090909,0.1231060606060606,0.1115702479338843,0.1179653679653679,0.1013412816691505,0.3441558441558441,0.3314393939393939,0.3415977961432507,0.3344155844155844,0.3323397913561848,0.2337662337662337,0.2253787878787878,0.199724517906336,0.1991341991341991,0.2019374068554396,0.3246753246753247,0.2840909090909091,0.3112947658402203,0.3084415584415584,0.3286140089418778,0.03625,0.1025,0.34125,0.2,0.32,4121
0.7067448680351907,0.0099009900990099,0.0784129959387692,-0.3131313131313129,-0.0142749812171301,0.0819839347188574,-0.0644542715141078,0.1089740977683604,-0.0305958132045087,-0.0975729265344789,-0.0149539319065743,0.188003906773656,0.0056298895956715,-0.069799651359935,-0.0443808579908455,-0.4145247541831982,-0.0059829512363001,-0.0474667842769722,0.073083778966132,0.0719052459451097,0.0724953965764169,-0.0549892198522179,0.0138740558304212,0.0770756662229531,-0.0460165755187857,0.0113636363636363,0.0355731225296442,0.0393294648613797,0.0548128342245989,0.0359408033826638,0.125,0.1343873517786561,0.1025145067698259,0.1270053475935829,0.1331923890063425,0.3352272727272727,0.3241106719367589,0.3617021276595745,0.3810160427807487,0.3587033121916843,0.2215909090909091,0.1739130434782608,0.180528691166989,0.1564171122994652,0.1557434813248766,0.3068181818181818,0.3320158102766798,0.3159252095422308,0.2807486631016043,0.3164200140944327,0.03875,0.12625,0.36375,0.16875,0.3025,29
-0.0031919744642043,0.0851104954577668,-0.0749477455957001,-0.0862299465240641,0.0728126715601553,0.0653165683765438,0.3312964777771372,-0.146382337939912,-0.0167464114832534,-0.0187930940382412,-0.0255377697238161,-0.1098941219423148,0.1174984068385083,-0.0876623376623375,0.0018599904531463,-0.1096569236104119,-0.0570420208974427,-0.160261058738216,0.2875180375180375,0.0518986716705347,-0.020168462028927,0.0959509031798188,-0.0284132111543278,0.0034271284271284,-0.0007736243477689,0.1617647058823529,0.1507177033492823,0.1653679653679653,0.1789321789321789,0.1645021645021645,0.0949197860962566,0.069377990430622,0.1151515151515151,0.1096681096681096,0.0937950937950937,0.2647058823529412,0.2822966507177033,0.2173160173160173,0.2857142857142857,0.2532467532467532,0.1737967914438502,0.1626794258373205,0.174025974025974,0.113997113997114,0.1594516594516594,0.3048128342245989,0.3349282296650718,0.3281385281385281,0.3116883116883117,0.329004329004329,0.16125,0.10375,0.24625,0.16,0.32875,65
-0.520582165743456,-0.2075211316198033,0.0370727010110737,-0.1112826053403304,0.1907067676009912,-0.0849233071455293,-0.1586452762923349,0.0275893260967888,-0.0898458266879318,0.0838618745595489,-0.0392640313900156,-0.002147458840372,-0.0277887584269063,0.0618995592058169,0.0011819347105925,-0.1396011396011396,-0.0832304949952009,0.0606408516856278,-0.0366826156299839,0.0097757539618004,0.0635521885521884,0.0641711229946524,0.0480834464043419,-0.0242224880382775,-0.0658914728682169,0.1026392961876832,0.0732323232323232,0.070150322118826,0.0769230769230769,0.0632102272727272,0.1026392961876832,0.0984848484848484,0.0851825340014316,0.092074592074592,0.0795454545454545,0.3225806451612903,0.3257575757575757,0.3443092340730136,0.3146853146853147,0.3188920454545454,0.2111436950146627,0.207070707070707,0.1782390837508947,0.1969696969696969,0.1946022727272727,0.2609970674486803,0.2954545454545454,0.3221188260558339,0.3193473193473193,0.34375,0.0675,0.085,0.335,0.19,0.3225,838
0.2507492507492507,-0.2036743744060818,0.1654554831450138,-0.0504201680672269,-0.1395718905600329,-0.0117542032435649,-0.0567533141482285,0.0224078095650412,0.044259870292411,-0.0275150801599375,0.0502035278154682,-0.0788628917496774,0.0320795105535663,-0.0495650091787052,0.0067628083084396,-0.0646070347562886,0.0204189694542806,-0.0502133245815556,0.0901109426131376,0.013198470457629,-0.1842995713963455,-0.0728846291395466,-0.0057486475327397,0.0210453682939453,0.056483488461048,0.0487012987012987,0.0657640232108317,0.0617367706919945,0.0691994572591587,0.0769794721407624,0.1233766233766233,0.1083172147001934,0.1105834464043419,0.1004070556309362,0.1099706744868035,0.288961038961039,0.3384912959381044,0.3351424694708276,0.3636363636363636,0.3482404692082111,0.1785714285714285,0.1624758220502901,0.1784260515603799,0.1546811397557666,0.1664222873900293,0.3603896103896103,0.3249516441005802,0.3141112618724559,0.3120759837177748,0.2983870967741935,0.065,0.1025,0.34625,0.17,0.31625,3906
0.1319848097341703,-0.0434328942219903,-0.1212696222183888,0.0788086966704399,0.0520175012153623,-0.1885739915342137,-0.2077180733122612,-0.0295126973232671,0.1077101187366758,0.0856339018814841,-0.0891523935002196,-0.0495195861049519,0.0347018572825024,0.0621543906215439,-0.0261707988980715,0.1216512955643389,-0.1153665255660822,0.0580289700524304,-0.2627938308097564,0.0859003255697471,0.0727807661446103,-0.0136205258156478,0.0254227945229642,0.0660127425398267,-0.0729302595331302,0.0748663101604278,0.1025145067698259,0.0939393939393939,0.0757575757575757,0.0799726589200273,0.106951871657754,0.1237911025145067,0.1075757575757575,0.1143250688705234,0.1038961038961039,0.3475935828877005,0.3191489361702128,0.2992424242424242,0.2920110192837465,0.302118933697881,0.1577540106951871,0.1528046421663443,0.1606060606060606,0.2162534435261708,0.1599453178400547,0.3128342245989304,0.3017408123791102,0.3386363636363636,0.3016528925619834,0.354066985645933,0.08625,0.1025,0.31,0.17125,0.33,3773
0.2810519345378867,0.1440120472378536,-0.0177678109366914,0.1804925079339573,-0.2016307846362921,0.2082111436950147,0.0171990171990171,-0.0962566844919785,-0.046077210460772,0.0761271249076126,-0.0093432449021346,-0.2037407386244594,0.0154624217551715,0.0577968277872705,0.0122438222268058,0.0504119536377599,0.0171990171990171,-0.0058568882098293,0.082804562256617,-0.0605474020108167,-0.1387717533232013,0.0387202066034182,0.088567079120965,0.06191199061912,-0.1113448891622292,0.0557184750733137,0.0613636363636363,0.0782241014799154,0.0735930735930736,0.0882548108825481,0.0791788856304985,0.0909090909090909,0.1113460183227625,0.0909090909090909,0.0889183808891838,0.3460410557184751,0.3727272727272727,0.3347427766032417,0.341991341991342,0.3098871930988719,0.1495601173020528,0.1909090909090909,0.1719520789288231,0.1673881673881674,0.1712010617120106,0.3695014662756598,0.2840909090909091,0.3037350246652572,0.3261183261183261,0.3417385534173855,0.0775,0.0925,0.34,0.1825,0.3075,4635
0.0785598936069155,0.0927057132590729,-0.078971533516988,-0.0498101407192315,-0.0142749812171301,-0.0085866157830176,-0.3748066678123389,0.0996925779534474,0.0492468753338317,0.0592232058275894,-0.0361016674761212,0.0647441964037187,0.1321667378005406,-0.0381700522545593,-0.0539571009830583,-0.1555719466469973,0.0699837247151825,-0.0323826500297088,0.1255961844197137,0.0277102576567817,0.0357004747447321,-0.002147458840372,-0.018054561361648,0.086846330940819,-0.067221969154682,0.2004132231404958,0.2193675889328063,0.2253521126760563,0.2513368983957219,0.2097351467430207,0.1043388429752066,0.1581027667984189,0.1075544174135723,0.106951871657754,0.1152469577666428,0.1942148760330578,0.1620553359683794,0.1562099871959026,0.1858288770053476,0.1832498210450966,0.1942148760330578,0.1758893280632411,0.1920614596670934,0.1617647058823529,0.1689334287759484,0.3068181818181818,0.2845849802371542,0.3188220230473751,0.2941176470588235,0.3228346456692913,0.2175,0.115,0.18,0.185,0.3025,3161
0.4531784005468215,-0.2987012987012987,0.0169193356444351,-0.0633661640373051,0.000999000999001,-0.1341485025695554,0.0476190476190475,0.1066038874803815,-0.0439970171513794,-0.0582010582010581,-0.0936431989063568,0.1094619666048236,0.0608992601024472,-0.0590081059879716,-0.0323010323010324,-0.0659560293137908,-0.02580963340457,0.0280534937350711,-0.093596743923819,0.0456800583382862,0.0760600560963536,-0.0604567845947157,0.0428255629519539,0.0439923418400621,-0.063763822384512,0.0389610389610389,0.0808080808080808,0.0779220779220779,0.0759493670886076,0.0658307210031347,0.1136363636363636,0.0833333333333333,0.0779220779220779,0.0897583429228998,0.0927899686520376,0.3084415584415584,0.2803030303030303,0.2946428571428571,0.3049482163406214,0.3003134796238244,0.198051948051948,0.1944444444444444,0.1972402597402597,0.2036823935558112,0.1780564263322884,0.3409090909090909,0.3611111111111111,0.3522727272727273,0.3256616800920598,0.3630094043887147,0.07125,0.0875,0.31375,0.18625,0.34125,2659
0.0103567318757191,-0.145703611457036,-0.0193990110308102,0.1844919786096257,-0.038961038961039,-0.1002273428948328,0.1252316010084135,0.0945272708717959,-0.2521194730663882,0.0383600139697699,-0.0289040817707981,-0.0716117081951086,0.0487484457457384,-0.1234440300184243,0.0463318194410631,0.0534692620625941,-0.1085191096767403,-0.0886161395914473,0.073585900429314,0.0544666601004629,0.0080373948492876,-0.0426018708911348,-0.01432737416001,0.0341168179745471,0.0046129581013302,0.0977272727272727,0.1086474501108647,0.1016042780748663,0.0934699103713188,0.0979563072586328,0.1045454545454545,0.0798226164079822,0.0977845683728036,0.1011523687580025,0.095137420718816,0.3045454545454545,0.270509977827051,0.2841864018334606,0.3252240717029449,0.303030303030303,0.1386363636363636,0.212860310421286,0.1909854851031321,0.1574903969270166,0.164200140944327,0.3545454545454545,0.328159645232816,0.3254392666157372,0.322663252240717,0.339675828047921,0.09875,0.09125,0.29875,0.17,0.34125,4615
0.302615193026152,-0.1313131313131315,0.0572390572390572,-0.1890331890331891,0.09650005590965,-0.0444703330253484,0.2277614858260019,0.0783410138248847,-0.0557184750733137,-0.0821222581727283,0.0986182767004684,-0.0004810004810005,-0.1269154126296985,0.0325018896447468,0.0074705941864614,0.0037359900373598,-0.0754604872251931,0.0436578671872789,0.0391308038366861,-0.0182133906900565,0.1361067326198085,-0.0595465140919688,-0.0212010212010211,0.0579117851845124,-0.0453149668178181,0.0636363636363636,0.095307917888563,0.0822510822510822,0.0909090909090909,0.0788302606484424,0.1696969696969697,0.1158357771260997,0.15007215007215,0.1613190730837789,0.1589319771137953,0.1484848484848485,0.1451612903225806,0.1774891774891775,0.1506238859180035,0.1608391608391608,0.3121212121212121,0.2771260997067448,0.2539682539682539,0.2522281639928699,0.2472981563890655,0.306060606060606,0.3665689149560117,0.3362193362193362,0.3449197860962567,0.3541004450095359,0.09125,0.15,0.1575,0.2625,0.33875,4628
-0.2639212639212638,0.006346451601926,-0.0360010360010358,-0.0592074592074591,0.1496503496503496,-0.0389610389610388,-0.0692956678358138,-0.0809392627574445,0.1355844155844157,0.0483116883116883,0.1119111911191119,-0.1090160110901601,0.0399039903990399,-0.0945094509450945,0.0351035103510352,0.0404040404040404,0.1207697412076974,-0.0502754820936639,0.1181818181818181,-0.1,0.1855058521725188,0.0309771331669141,0.0205081114172023,-0.0759018759018759,-0.0620490620490621,0.1421911421911421,0.1168831168831168,0.0999099909990999,0.1079545454545454,0.0916305916305916,0.1701631701631701,0.1831168831168831,0.1899189918991899,0.1505681818181818,0.1659451659451659,0.2564102564102564,0.2675324675324675,0.2376237623762376,0.2599431818181818,0.2424242424242424,0.1655011655011655,0.135064935064935,0.171017101710171,0.1377840909090909,0.1681096681096681,0.2657342657342657,0.2974025974025974,0.3015301530153015,0.34375,0.3318903318903319,0.1125,0.17125,0.2475,0.15625,0.3125,2451
0.0412600582092107,-0.0254266805990943,-0.0292019190795607,-0.117127386719863,0.051268016785258,-0.1035292391224593,-0.1913419913419913,0.2068146906856585,-0.1523022432113339,0.0434961863533293,-0.0161759751699608,0.2596937113066145,0.0077675821692472,0.033146716431174,-0.0861301183881828,-0.0343056514885853,-0.1536050156739812,0.0966393636026561,-0.0031347962382444,-0.0001492760113448,0.0520445344948213,0.045573848723455,-0.0868142948407109,0.0212793648727793,0.004669870811603,0.2121212121212121,0.2441558441558441,0.2248289345063538,0.2288401253918495,0.2097351467430207,0.0961337513061651,0.1116883116883116,0.0694037145650048,0.1081504702194357,0.089477451682176,0.2392894461859979,0.1844155844155844,0.23069403714565,0.2100313479623824,0.2526843235504653,0.1536050156739812,0.1584415584415584,0.1329423264907135,0.1379310344827586,0.1345740873299928,0.2988505747126437,0.3012987012987013,0.3421309872922776,0.3150470219435736,0.313528990694345,0.22125,0.09375,0.2325,0.1375,0.315,2846
0.2267169300662123,0.1056813191200541,-0.1230381136337248,0.0011296747725785,0.021702613720352,-0.0765550239234451,-0.1528326745718049,0.0508533611981888,-0.013734466971877,0.0687361419068735,-0.2008631203677644,0.0777338603425559,-0.0141987829614604,-0.019505251413842,0.0348245728446588,-0.0507552303217937,0.0389831822056885,-0.0859098080193414,0.0920632477974838,0.0348245728446588,-0.0052679909139239,0.0630947152686282,0.0092495839622275,0.0116997311241915,-0.0607180451969808,0.0550964187327823,0.0767045454545454,0.0855614973262032,0.0748663101604278,0.071625344352617,0.1542699724517906,0.1988636363636363,0.1590909090909091,0.1657754010695187,0.1616161616161616,0.3663911845730027,0.3096590909090909,0.3308823529411764,0.3542780748663101,0.3232323232323232,0.1735537190082644,0.1761363636363636,0.177139037433155,0.1577540106951871,0.1717171717171717,0.2506887052341597,0.2386363636363636,0.2473262032085561,0.2473262032085561,0.2718089990817263,0.07125,0.1725,0.32625,0.17375,0.25625,1144
0.0250067707863139,-0.1080332409972297,0.0388651053470996,0.0081374637655852,-0.0413734871939206,-0.0672765389746521,-0.1695906432748537,0.1316675527201841,-0.41561601415616,0.1851285968933027,0.0044731443177613,0.0993526597241768,0.058698439503393,0.0267639902676399,-0.0904896718045507,0.0171990171990171,-0.1897064528643477,0.1034096297254191,-0.0688857404185869,-0.0406128053186878,0.0429696090073449,0.1902834008097166,0.001349527665317,-0.0412944719514063,-0.0366104483751543,0.1937799043062201,0.2121212121212121,0.1978609625668449,0.1953316953316953,0.1902097902097902,0.0526315789473684,0.0555555555555555,0.0427807486631016,0.0565110565110565,0.0384615384615384,0.2739234449760765,0.2474747474747475,0.2682709447415329,0.2555282555282555,0.2846153846153846,0.1698564593301435,0.2424242424242424,0.1666666666666666,0.183046683046683,0.1783216783216783,0.3098086124401913,0.2424242424242424,0.3244206773618538,0.3095823095823096,0.3083916083916084,0.19875,0.0475,0.285,0.17125,0.2975,3078
0.530791788856305,-0.3348676639815879,0.0847247990105133,0.090909090909091,-0.1048951048951047,-0.4523111297304847,-0.2274645186037591,-0.0424949200459405,0.019607843137255,0.1608391608391609,-0.1021669389281427,-0.0688826932136761,0.0702809494755802,-0.1233535513045973,0.0181630450086827,-0.0009775171065493,0.0548523206751054,-0.0851370851370851,0.0017825311942959,0.0787878787878788,-0.2553377578844473,0.0955524599761775,-0.0567544402130868,-0.0273008725021108,0.0798675009201325,0.0181818181818181,0.0562770562770562,0.0427089688834655,0.0387878787878787,0.0486443381180223,0.1318181818181818,0.1212121212121212,0.1055521659548505,0.0933333333333333,0.0893141945773524,0.3363636363636363,0.3831168831168831,0.3416717510677242,0.3987878787878788,0.3883572567783094,0.1545454545454545,0.1666666666666666,0.1909701037217815,0.1696969696969697,0.1746411483253588,0.359090909090909,0.2727272727272727,0.3190970103721781,0.2993939393939394,0.2990430622009569,0.03875,0.09875,0.3675,0.17,0.325,1103
0.2302052785923752,-0.0257441673370879,0.0603146853146853,0.0047534165181224,-0.0933195592286499,-0.040225751120456,-0.0807692891513229,-0.1017284602190262,-0.0134642765053418,0.1319715161910702,0.0295921087709943,0.0111899363709498,-0.0743801652892561,-0.0327877707556851,0.0658652642123716,-0.0263929618768328,0.074818986323411,-0.0183566433566433,0.0612002376708259,-0.0468319559228649,-0.0979472140762462,0.073209975864843,0.0209790209790211,-0.0723707664884136,0.0170798898071625,0.0596590909090909,0.0806174957118353,0.0752066115702479,0.0795454545454545,0.085090909090909,0.1448863636363636,0.1526586620926243,0.1396694214876033,0.1306818181818181,0.1309090909090909,0.2443181818181818,0.2864493996569468,0.2793388429752066,0.2647727272727272,0.2545454545454545,0.1903409090909091,0.1938250428816466,0.1975206611570248,0.1795454545454545,0.2050909090909091,0.3607954545454545,0.2864493996569468,0.3082644628099174,0.3454545454545454,0.3243636363636363,0.0775,0.14125,0.26,0.19125,0.33,168
-0.2929292929292928,0.1407748369773686,-0.0237836532657251,0.0279607670912017,0.0572390572390572,-0.0858585858585858,0.0282572561053574,0.0985552738540785,-0.0393793002488653,-0.0582010582010581,-0.1459129106187928,0.0639293692160408,0.0869219835706827,-0.0185892538833716,-0.0501170165035711,-0.040843214756258,0.0126915828621937,-0.0624169986719786,0.0987378511007999,0.0170859736077126,0.1047883414295629,0.0020994562496157,0.0068870942323695,-0.0339035894960224,-0.0222178161109458,0.1292929292929293,0.1085858585858585,0.1145912910618792,0.1040843214756258,0.0895211658570437,0.0848484848484848,0.0959595959595959,0.0924369747899159,0.0974967061923583,0.0985426786953504,0.3212121212121212,0.2828282828282828,0.2864782276546982,0.3333333333333333,0.311589174184594,0.1676767676767676,0.1792929292929292,0.1757066462948815,0.155467720685112,0.1783483691880638,0.296969696969697,0.3333333333333333,0.3307868601986249,0.3096179183135705,0.3219986120749479,0.1,0.09875,0.31375,0.1725,0.315,1670
0.1543340380549682,0.1625443872000657,-0.1745360582569883,-0.0928606277443486,0.0757405471678834,0.1332392662769602,0.1013399663002487,-0.1019283746556474,-0.0553083280356008,0.0291560416602659,-0.1244852708267343,0.0039087126465767,0.0921115921115921,-0.0639360639360639,-0.0066142036402259,-0.0564758053997653,-0.0279840091376355,-0.0497128144186966,0.004524886877828,0.0656620877482456,-0.0269576379974325,0.1240236513614133,-0.0126325915799598,0.0367527209632473,-0.0468889357560851,0.0866807610993657,0.0888429752066115,0.1152597402597402,0.1082887700534759,0.1052631578947368,0.1078224101479915,0.1157024793388429,0.1282467532467532,0.1323529411764706,0.112781954887218,0.3171247357293869,0.2975206611570248,0.2451298701298701,0.2834224598930481,0.2734107997265892,0.1775898520084566,0.1714876033057851,0.1728896103896104,0.1617647058823529,0.1565276828434723,0.3107822410147992,0.3264462809917355,0.338474025974026,0.3141711229946524,0.3520164046479836,0.1025,0.12875,0.27,0.1625,0.33625,2570
-0.1019283746556474,0.0624759855529086,-0.1588411588411589,0.0834024732329817,0.0120517780092248,0.2183996412326223,0.0381711311943869,-0.0993657505285414,0.0731118835178749,-0.0867707255634024,0.0393444938899485,-0.0092471630933168,-0.0456210456210457,-0.0008823568145601,0.0239547686356197,0.1886900977810069,0.0251506735023218,-0.0503781932353362,-0.0656010656010657,0.0069504963121984,0.018450355348751,0.0295418866847438,0.000327403688748,-0.0634762379528082,0.019553662857793,0.0909090909090909,0.0644820295983086,0.0792540792540792,0.0669330669330669,0.080977845683728,0.2132867132867132,0.2188160676532769,0.2296037296037296,0.2217782217782218,0.2207792207792207,0.2027972027972027,0.1923890063424947,0.1829836829836829,0.1838161838161838,0.174942704354469,0.2027972027972027,0.2050739957716701,0.2214452214452214,0.2357642357642357,0.2352941176470588,0.2902097902097902,0.3192389006342495,0.2867132867132867,0.2917082917082917,0.2880061115355233,0.0825,0.2275,0.175,0.22125,0.29375,2377
0.2765854834820351,0.2685475444096133,0.0144298208165106,-0.0422179701176566,-0.155061850440302,0.1508491508491509,0.0936147186147186,0.0095507605235231,-0.0119750379490639,-0.0723716117906987,-0.2023064654643602,-0.1297182349813928,0.0865029570743269,-0.0066488535388056,0.0073259346026326,-0.0014676681343346,-0.122334455667789,0.060208658133431,-0.1252496100980951,0.0648765199249293,-0.1188811188811187,-0.1553030303030302,0.0402075226977949,0.0279417552144825,0.0267823462844211,0.0470219435736677,0.0551948051948051,0.0781499202551834,0.0650953984287317,0.0727272727272727,0.0877742946708464,0.1087662337662337,0.1355661881977671,0.1346801346801346,0.1386363636363636,0.3166144200626959,0.3181818181818182,0.2934609250398724,0.3019079685746352,0.3083333333333333,0.2006269592476489,0.1948051948051948,0.1937799043062201,0.2166105499438833,0.1871212121212121,0.347962382445141,0.323051948051948,0.2990430622009569,0.281705948372615,0.2931818181818181,0.065,0.12,0.32125,0.1925,0.30125,4395
-0.0360010360010361,-0.1419984973703982,0.0694345025053686,-0.0072556551429792,0.0288426433004745,-0.0047790869708679,-0.2762059631752827,0.1135603690883595,0.1300229772157226,-0.0802862758631037,0.0247300592128177,-0.0052073887924557,-0.004615802335053,0.0198242748024195,-0.023529856101522,-0.0328133405056483,0.1122926660116742,0.0264853256979241,-0.0243277848911651,-0.0784396326565002,-0.0335917312661497,-0.1811367567662012,0.0244876895673452,0.0650031265819015,0.0626353192898442,0.1515151515151515,0.1469489414694894,0.1426332288401254,0.151048951048951,0.1511627906976744,0.1727272727272727,0.1930261519302615,0.1520376175548589,0.1342657342657342,0.1786469344608879,0.2954545454545454,0.2814445828144458,0.3189655172413793,0.3090909090909091,0.3097251585623679,0.1787878787878788,0.1544209215442092,0.1739811912225705,0.1818181818181818,0.1659619450317124,0.2015151515151515,0.224159402241594,0.2123824451410658,0.2237762237762237,0.1945031712473573,0.14625,0.15125,0.3175,0.1775,0.2075,4257
0.0240062967335693,0.0943054454885089,-0.044397977585272,0.1717048458964261,-0.089164725528362,-0.0074773711137348,0.0339258085210761,-0.0709504685408297,-0.1093238671030008,0.1235627599263963,0.0397481306572214,0.0188308992792179,-0.0355471472667527,-0.0094847190637308,0.0235808417626598,0.1154791154791153,-0.0366530914476119,-0.0104299260925766,0.1161387134541497,-0.0776659425308075,-0.0308441558441558,0.1049190535491905,-0.013143483023001,-0.0639109212934716,0.028167778167778,0.0853994490358126,0.0881542699724518,0.0840220385674931,0.0773955773955774,0.0901988636363636,0.0826446280991735,0.0881542699724518,0.0895316804407713,0.0945945945945946,0.0816761363636363,0.325068870523416,0.3333333333333333,0.3223140495867768,0.3144963144963145,0.3153409090909091,0.1542699724517906,0.2066115702479339,0.1880165289256198,0.1646191646191646,0.1981534090909091,0.3526170798898072,0.2837465564738292,0.3161157024793388,0.3488943488943489,0.3146306818181818,0.0875,0.09125,0.31125,0.18625,0.32375,3862
-0.0890151515151516,0.1212121212121212,-0.0326730997122057,-0.0269360269360268,0.0154250082047916,0.0909090909090909,-0.018181818181818,0.0971164155521697,-0.2210998877665544,0.0664770448163949,0.1666666666666667,0.0868686868686868,-0.0924891371818745,0.0078563411896745,-0.0152062137621704,0.1063548102383054,-0.0520741394527801,0.0098961081225007,-0.0002942041776992,-0.0119774025700911,0.127140974967062,0.0988142292490118,0.0195861947137147,-0.118430683648075,-0.0007467549454678,0.0871212121212121,0.0727272727272727,0.0666666666666666,0.0714916151809355,0.069828722002635,0.1098484848484848,0.1272727272727272,0.1141414141414141,0.1315092674315975,0.1126482213438735,0.231060606060606,0.202020202020202,0.2444444444444444,0.2215357458075904,0.2193675889328063,0.231060606060606,0.2747474747474747,0.2232323232323232,0.2250661959399823,0.2516469038208169,0.3409090909090909,0.3232323232323232,0.3515151515151515,0.3503971756398941,0.3465085638998682,0.08,0.125,0.22375,0.225,0.34625,23
-0.2048192771084336,0.141469459103632,0.1529755385177071,-0.0232130869519131,-0.0318248354505532,0.0865593736407133,-0.0351448367977293,-0.0192837465564739,0.0082644628099174,-0.034988800494323,0.1028708133971292,0.0483345855246681,-0.0376492194674011,-0.103705678485737,0.0113539816173631,-0.0705741626794258,0.0541781450872359,-0.0808080808080808,0.1378299120234604,-0.0067969413763806,-0.0663021189336978,0.013511740784468,0.0187590187590188,-0.0590699622957688,0.0678480398106566,0.2289156626506024,0.1735537190082644,0.1704545454545454,0.2034090909090909,0.2025974025974026,0.1062431544359255,0.128099173553719,0.1177685950413223,0.1170454545454545,0.122077922077922,0.1905805038335158,0.2293388429752066,0.2334710743801653,0.2431818181818182,0.2207792207792207,0.1982475355969332,0.1921487603305785,0.2138429752066115,0.1670454545454545,0.2051948051948052,0.276013143483023,0.2768595041322314,0.2644628099173554,0.2693181818181818,0.2493506493506493,0.19,0.12375,0.225,0.19375,0.2675,2633
0.1451393155771644,-0.3036625437448241,-0.0244246205675586,-0.092494970705276,0.1485587583148558,-0.1615171043582364,0.2256552637611758,-0.0816657652785288,0.0143231172031418,0.0603711533944092,-0.0052896575732104,-0.0664221367499595,0.0450748698450158,0.0180567417591905,-0.0373502466525721,-0.0420058612829699,0.0645629199846067,-0.0094661257451955,0.0692679434401288,-0.043953043953044,0.0617336603049365,-0.0003004778567206,-0.0053197128727073,-0.0058979290650156,-0.0126039152587824,0.0886917960088691,0.120507399577167,0.1042988019732205,0.1081081081081081,0.0973451327433628,0.1352549889135255,0.080338266384778,0.1106412966878083,0.097051597051597,0.1037811745776347,0.3303769401330377,0.3488372093023256,0.3079633544749824,0.3255528255528255,0.3242156074014481,0.2062084257206208,0.1860465116279069,0.1853417899929527,0.1756756756756756,0.1898632341110217,0.2394678492239468,0.2642706131078224,0.2917547568710359,0.2936117936117936,0.2847948511665326,0.10375,0.10375,0.3225,0.18875,0.28125,3340
0.2167832167832168,-0.0591350397175638,0.1693830737655437,-0.3391053391053389,-0.0509721492380452,-0.0191788409610191,0.0072793687135703,0.0016531533631449,0.1221979340791222,-0.0780268778322919,0.1652791652791653,0.0361310749660264,-0.0026272974480145,-0.1489040060468631,-0.0109351149813579,-0.1381721726549312,0.1234744498889125,-0.0690779202937466,-0.1942080907598149,0.1229818616703209,-0.0399012751953926,-0.0840558641815067,-0.0192385538061656,0.1036414565826331,0.0800902599610521,0.0636363636363636,0.0828082808280828,0.0678210678210678,0.0924764890282131,0.0844919786096256,0.2727272727272727,0.2556255625562556,0.2481962481962482,0.225705329153605,0.279144385026738,0.2606060606060606,0.3132313231323132,0.3145743145743145,0.335423197492163,0.3197860962566844,0.1757575757575757,0.1152115211521152,0.1507936507936507,0.1567398119122257,0.1176470588235294,0.2272727272727272,0.2331233123312331,0.2186147186147186,0.1896551724137931,0.1989304812834224,0.08125,0.2575,0.31375,0.13125,0.21625,2215
-0.2355212355212357,-0.0698846141884115,-0.0123589070957492,0.0364696247049188,0.0849783953232229,-0.1512811512811513,-0.1942898018847385,0.0689253847148584,0.0236225530343178,0.017199017199017,-0.0173160173160173,0.1561181434599157,-0.0423786739576212,0.0262098105235361,-0.0166318355973529,0.0164502164502163,-0.0187955504411199,-0.0207336523125996,-0.0204000792236087,0.0386624869383488,0.0484282073067118,0.001968101696009,-0.0885327166684766,-0.0084350930969951,0.0917880057422435,0.1081081081081081,0.1007371007371007,0.0890151515151515,0.086060606060606,0.0832625318606627,0.1056511056511056,0.1179361179361179,0.0833333333333333,0.1006060606060606,0.0985556499575191,0.3366093366093366,0.3095823095823096,0.3465909090909091,0.3393939393939394,0.3619371282922685,0.1842751842751842,0.1867321867321867,0.1862373737373737,0.1951515151515151,0.1928632115548003,0.2653562653562653,0.285012285012285,0.2948232323232323,0.2787878787878788,0.2633814783347493,0.0875,0.09875,0.3325,0.19125,0.29,3682
-0.0449320794148382,-0.1354046797084771,-0.0121836925960636,0.1754277468563182,0.0023693727397431,-0.223335117363713,0.0850150158578687,0.1130820399113081,0.0225802072491968,-0.1059100489994799,-0.0829296095753777,0.0584789203891621,0.0414927153446366,-0.1244167088322933,0.023909124919226,0.0935528949654416,0.0239438767729144,-0.020765348178092,-0.1504273122173294,0.0696793909645315,0.1104680759853172,-0.1448467144669676,0.051578433021732,-0.0613724899439185,0.0637620267249898,0.0757575757575757,0.0886917960088691,0.0785123966942148,0.0657174151150054,0.0644910644910645,0.2242424242424242,0.1807095343680709,0.1859504132231405,0.1927710843373494,0.2261072261072261,0.2454545454545454,0.2150776053215077,0.2324380165289256,0.2475355969331873,0.2299922299922299,0.1515151515151515,0.17960088691796,0.2066115702479339,0.2113910186199342,0.195027195027195,0.303030303030303,0.335920177383592,0.2964876033057851,0.2825848849945235,0.2843822843822843,0.0725,0.1975,0.2425,0.18375,0.30375,4724
0.0412600582092107,-0.0405869560799139,-0.0712842712842714,0.1285403050108933,-0.0661666712622126,0.0338566609753049,0.0310412845624112,-0.1400491400491401,0.1231873584814762,0.0234588960703611,-0.1268771703884277,0.0215376383129168,-0.0659430122116688,0.1273578630909624,0.0251406545731102,0.0648743424897719,-0.047875550061077,0.0369905956112852,-0.0613231708566393,-0.0063294930415509,-0.061028651674436,-0.0632263083680448,0.0278481012658227,0.0297615018389403,-0.0085536490438529,0.1414141414141414,0.1425061425061425,0.166214382632293,0.1379310344827586,0.1565017261219793,0.0923520923520923,0.085995085995086,0.0868385345997286,0.0929989550679205,0.0943613348676639,0.3347763347763348,0.3562653562653562,0.3331071913161465,0.3009404388714733,0.3037974683544304,0.2222222222222222,0.2235872235872235,0.2225237449118046,0.270637408568443,0.2474108170310702,0.2092352092352092,0.1916461916461916,0.1913161465400271,0.1974921630094044,0.1979286536248561,0.1475,0.08875,0.3125,0.255,0.19625,1907
-0.2134695115785216,0.1860673888323658,0.0635973468591495,0.0868702477742462,-0.1441757607807317,0.119589141599413,0.0684087948525639,-0.0094553423929737,-0.0377697216785,-0.021022925452643,0.0540614860034096,-0.0220356085017738,0.0800254635809187,-0.096371849602231,-0.0144586503516617,0.0853770975474828,0.0134235512386773,-0.0722728420279543,0.026545838803676,0.0251599894801438,-0.2029461987409844,-0.0015536147940329,-0.0049199204438394,0.0369593407420192,0.0282674808864332,0.0879765395894428,0.0638297872340425,0.0685805422647528,0.0663101604278074,0.0872135994087213,0.0997067448680351,0.1141199226305609,0.1251993620414673,0.120855614973262,0.122690317812269,0.2727272727272727,0.2940038684719536,0.2679425837320574,0.3122994652406417,0.2926829268292683,0.1906158357771261,0.2166344294003868,0.2288676236044657,0.2032085561497326,0.2010347376201035,0.3489736070381232,0.3114119922630561,0.3094098883572568,0.2973262032085561,0.2963784183296378,0.0725,0.1225,0.29125,0.20875,0.305,84
-0.0546977997832007,-0.0951946351335264,0.0833929127940017,-0.0490704242838075,0.0374484579664147,0.0428796837341562,-0.2024142223057232,0.0365524200110665,0.0154117452561582,0.0084604192488011,0.0191755482184915,-0.0720892630842959,0.0255654479505245,-0.0026319087604964,-0.0008165058325255,-0.1004571752235303,-0.0433448408131951,0.0724285461127566,-0.0663923535210664,0.0630669468843743,-0.0476019736072894,-0.1655282355549454,-0.0222944071326496,0.0189844672540647,0.0753013403285587,0.1410658307210031,0.1280148423005566,0.1311852704257767,0.1471861471861472,0.1401167639699749,0.1081504702194357,0.1187384044526901,0.1058688147295742,0.103030303030303,0.1150959132610508,0.1959247648902821,0.2059369202226345,0.2082853855005753,0.1982683982683982,0.2185154295246038,0.2648902821316614,0.24860853432282,0.2531645569620253,0.2692640692640692,0.2477064220183486,0.2899686520376175,0.2987012987012987,0.3014959723820483,0.2822510822510822,0.2785654712260217,0.13375,0.09875,0.21375,0.2525,0.30125,227
0.1130820399113081,0.1158946761483759,-0.1061665607120152,0.0285631433956791,-0.0436146467997826,0.0286136627600042,-0.0268800966475384,0.120879120879121,-0.1392116655274551,0.058362562012197,-0.0867867961650168,0.1186016734657415,-0.0952427853836304,0.0430622009569378,-0.0018972494555922,0.0213319061090296,-0.1008237952905155,-0.0561851941162285,0.0458120222185557,0.0137976797931492,-0.124360563577003,0.0278170831183099,-0.0307802433786685,-0.0548920619372339,0.0887668570294009,0.0909090909090909,0.0995670995670995,0.1113956466069142,0.1003134796238244,0.1152469577666428,0.0950413223140495,0.1103896103896103,0.0947503201024327,0.1183385579937304,0.1045096635647816,0.1797520661157025,0.1428571428571428,0.1779769526248399,0.1716300940438871,0.1675017895490336,0.2768595041322314,0.3246753246753247,0.2727272727272727,0.2719435736677116,0.3006442376521117,0.3574380165289256,0.3225108225108225,0.3431498079385403,0.3377742946708464,0.3120973514674302,0.1025,0.1075,0.1625,0.285,0.3425,296
-0.7171717171717171,-0.1570247933884296,0.0685805422647527,0.0663390663390662,0.0257289879931388,-0.0374010374010373,-0.1614920705829796,0.055131686710634,0.2031343382694733,-0.1274396180056556,0.0572390572390572,-0.0366289154167942,0.0114005552602044,-0.0082810082810083,-0.0062893081761006,0.0790255496137849,0.2059633770863718,-0.0582606248240922,-0.0695187165775401,0.039451114922813,-0.1255411255411256,-0.1570247933884296,0.0612895876053771,0.0838890838890838,-0.0566037735849056,0.0772727272727272,0.0466830466830466,0.0424242424242424,0.0414438502673796,0.0506493506493506,0.0954545454545454,0.0958230958230958,0.0855218855218855,0.0655080213903743,0.0954545454545454,0.3318181818181818,0.3366093366093366,0.3521885521885521,0.3770053475935829,0.3344155844155844,0.1727272727272727,0.1474201474201474,0.1865319865319865,0.1978609625668449,0.1694805194805194,0.3227272727272727,0.3734643734643734,0.3333333333333333,0.3181818181818182,0.35,0.045,0.0825,0.35625,0.185,0.33125,1001
0.3246753246753248,0.1578947368421053,0.0265734265734266,-0.1515151515151516,-0.1450676982591876,0.1220047558075728,0.0430622009569378,-0.0361469516399093,-0.180822307582871,0.117334568338464,0.1001124859392577,-0.0624270052367854,0.0374979351357304,-0.0657758689254752,0.0191748275179335,-0.0084033613445377,-0.0019701660568534,-0.0004113533525298,0.0077243018419488,-0.0012515644555695,-0.1010728402032747,0.1418764302059496,0.0148981453329279,-0.0924462011418534,-0.0343957615002945,0.0472727272727272,0.0614596670934699,0.0629921259842519,0.0705882352941176,0.0770750988142292,0.16,0.1818181818181818,0.2018611309949892,0.1903743315508021,0.1630434782608695,0.3163636363636363,0.3367477592829705,0.3128131710808876,0.3251336898395722,0.3201581027667984,0.2072727272727272,0.2125480153649167,0.1918396564065855,0.1786096256684492,0.1966403162055336,0.2690909090909091,0.2074263764404609,0.2304939155332856,0.2352941176470588,0.2430830039525691,0.07,0.19,0.325,0.18,0.235,2138
-0.0526174460600687,-0.0432190760059612,0.0114506961034681,0.0651673215011516,-0.0190174124600355,-0.1012947183159946,0.0522243713733074,0.0824528833723744,0.0065060664673818,-0.0448180660946617,-0.0374010374010373,-0.0321969696969697,-0.027866605756053,-0.0459710743801653,0.087024087024087,-0.008567300702132,-0.1848825331971397,0.0103736250198901,-0.0678800260005572,0.1095047274822555,-0.0532197448085298,-0.1129991503823277,0.0333997942132071,0.0383872711825132,0.0066008757597542,0.1460506706408345,0.1528046421663443,0.1439393939393939,0.1399387129724208,0.1461342395921835,0.1043219076005961,0.0947775628626692,0.1032196969696969,0.118488253319714,0.1112999150382327,0.2459016393442623,0.2282398452611218,0.2556818181818182,0.2461695607763023,0.2404418011894647,0.2056631892697466,0.218568665377176,0.2301136363636363,0.2349336057201225,0.211554800339847,0.2980625931445603,0.3056092843326886,0.2670454545454545,0.2604698672114402,0.2905692438402719,0.13875,0.1,0.24875,0.22,0.2925,711
0.4258373205741627,0.144385026737968,-0.0822510822510822,-0.0243277848911651,-0.0060606060606061,0.0739311622163914,-0.0350181128169742,0.0411022669087185,0.0087150468795175,-0.0400782013685239,-0.0850318351354406,0.0652237988967956,0.0001249843769528,-0.0727212235474408,0.0303030303030302,-0.0862537178326652,0.060557884087296,0.0015990015990016,0.0794892203342907,-0.0417690417690417,-0.0215957584378636,0.009972539384304,-0.0081510081510081,-0.0277883517320136,0.0204750204750204,0.0272727272727272,0.0439882697947214,0.0515390121689334,0.0515970515970515,0.0485257985257985,0.0727272727272727,0.0879765395894428,0.0794559770937723,0.0798525798525798,0.0841523341523341,0.3409090909090909,0.3020527859237537,0.3149606299212598,0.3144963144963145,0.3175675675675675,0.1818181818181818,0.1759530791788856,0.1904080171796707,0.1633906633906633,0.1824324324324324,0.3772727272727272,0.3900293255131964,0.3636363636363636,0.3906633906633907,0.3673218673218673,0.0475,0.085,0.315,0.1775,0.375,2801
0.5604395604395604,0.0136445832648364,-0.0118395660564334,-0.2321012321012321,0.0065711181249029,0.2358860651543578,-0.2124954391085913,-0.0543281774548303,0.0675990675990676,0.0176765222922057,-0.0031347962382444,0.0397206460061109,0.0633379914642897,0.003295555019693,-0.0765714571182356,-0.1055611055611054,-0.0301934352567263,0.0855195674472784,-0.0767010767010767,-0.0003276935547851,0.0690225804729621,-0.0049280123683446,0.0033694806986448,-0.032046833573551,0.0002515959755703,0.0357142857142857,0.0620842572062084,0.0815047021943573,0.0898268398268398,0.0756419153365718,0.0974025974025974,0.1197339246119734,0.0948275862068965,0.1017316017316017,0.099236641221374,0.3149350649350649,0.328159645232816,0.2915360501567398,0.2846320346320346,0.3102012491325468,0.2402597402597402,0.1818181818181818,0.1943573667711598,0.2099567099567099,0.2012491325468424,0.3116883116883117,0.3082039911308204,0.3377742946708464,0.3138528138528138,0.3136710617626648,0.08125,0.09875,0.31125,0.195,0.31375,2527
-0.2767170133941292,0.1450555713878597,0.0264936576590876,0.1330933859669492,-0.0983937206872251,0.252605102407474,-0.0779734099892202,0.0126915828621938,-0.0930561655199335,0.0195177252811226,0.040255931751533,-0.0463876299653425,-0.0492841852580521,-0.122334455667789,0.1293277864920776,0.1347821650851954,-0.0203040506070808,-0.0986565135650929,0.1353867897077774,-0.0161911970697501,-0.2451790633608814,-0.0123966942148758,0.0359289093466309,0.0385334829779274,-0.0007047216349542,0.0877742946708464,0.0513833992094861,0.0659824046920821,0.0594837261503928,0.0856060606060606,0.0940438871473354,0.1185770750988142,0.1151026392961876,0.1122334455667789,0.1113636363636363,0.2884012539184953,0.2924901185770751,0.3108504398826979,0.3254769921436588,0.2856060606060606,0.1755485893416928,0.2213438735177865,0.2272727272727272,0.1750841750841751,0.1946969696969697,0.3542319749216301,0.3162055335968379,0.2807917888563049,0.3277216610549944,0.3227272727272727,0.06875,0.11,0.29625,0.2025,0.3225,3752
0.1514319585699133,0.0935750466542255,-0.027463236081084,-0.106934864317872,0.029549282172679,-0.2299756980608045,0.0252172070353887,0.1016282987085906,0.041334252601858,-0.1009071250035105,-0.2448917264146828,0.1300565463244889,0.0041460652294306,0.0064790657822533,-0.0079964423654974,-0.1820330969267141,0.0243342516069788,0.0230774902307748,-0.0954616588419405,0.0548050789014645,-0.0646034816247582,-0.0181818181818183,-0.0001327140013269,0.0412291933418693,-0.0047462577583059,0.0498533724340175,0.0722610722610722,0.0731373889268626,0.0694444444444444,0.0625454545454545,0.0997067448680351,0.1072261072261072,0.0956937799043062,0.1073232323232323,0.112,0.3519061583577713,0.3076923076923077,0.34107997265892,0.3345959595959596,0.3425454545454545,0.1964809384164222,0.1701631701631701,0.17634996582365,0.1944444444444444,0.1701818181818181,0.3020527859237537,0.3426573426573426,0.3137388926862611,0.2941919191919191,0.3127272727272727,0.05875,0.11,0.3425,0.1775,0.31125,3321
-0.0695187165775401,-0.1880165289256197,0.0603919049148731,0.1071428571428571,-0.0489510489510489,-0.0481283422459892,0.0413223140495867,-0.0433665274654673,-0.122077922077922,0.1312217194570135,0.0202881985549251,-0.1545012932937985,0.0210959703582367,-0.0191335382175077,0.0403848508922598,0.1586452762923351,-0.1460055096418733,0.0131705750080307,0.1203463203463203,-0.0837789661319072,0.0068754774637128,0.0923848878394333,0.0890734706989124,-0.150278293135436,-0.0577657636481165,0.0909090909090909,0.0890909090909091,0.0832755031228313,0.0715151515151515,0.0844155844155844,0.1306818181818181,0.1054545454545454,0.1269951422623178,0.126060606060606,0.0998376623376623,0.3323863636363636,0.3690909090909091,0.3462873004857738,0.3490909090909091,0.3222402597402597,0.15625,0.1963636363636363,0.1783483691880638,0.1539393939393939,0.2012987012987013,0.2897727272727273,0.24,0.2650936849410132,0.2993939393939394,0.2922077922077922,0.085,0.11,0.35375,0.175,0.27625,3181
-0.0915913354937745,-0.2192935269858347,-0.0489510489510489,-0.0095167989904831,0.1337021187767456,-0.4099721416794588,0.1632299324607017,-0.0056610056610058,-0.0515799989484198,0.0467244198587482,-0.2328788665062666,0.0279224321777512,-0.0002763194252555,-0.0781305294183232,0.0665627375694064,-0.1579206701157922,-0.0748510748510746,-0.038961038961039,0.1417938786359839,0.0162822252374492,0.1130820399113081,0.0064580228514655,0.0249095167127954,-0.0981253431641695,0.0034922259047533,0.0559440559440559,0.0722610722610722,0.0631850419084461,0.0593434343434343,0.0454545454545454,0.1188811188811188,0.0815850815850815,0.0947775628626692,0.1047979797979797,0.0968703427719821,0.3671328671328671,0.351981351981352,0.3500967117988394,0.3636363636363636,0.3412816691505216,0.1678321678321678,0.1748251748251748,0.1792392005157962,0.1426767676767676,0.1825633383010432,0.2902097902097902,0.3193473193473193,0.3127014829142489,0.3295454545454545,0.3338301043219076,0.05125,0.0975,0.35,0.16625,0.335,4183
-0.0601643254704478,0.1773124834349324,-0.1517625231910946,-0.0846296560582273,0.0339709551532211,0.0794016110471806,-0.0047673845142199,0.0204833141542002,-0.0563276386061195,-0.0078965120431728,-0.0026737967914438,0.0649350649350648,-0.0780748663101604,-0.0215274921157273,0.0088511893785727,0.0702479338842975,0.0602125147579692,-0.0247933884297519,-0.0012714558169102,-0.0651182673126247,0.1155396327810122,-0.0031347962382446,-0.0231974921630093,-0.1132545615304234,0.0352394335747486,0.1484230055658627,0.1288837744533947,0.1403743315508021,0.1301652892561983,0.1238244514106583,0.1799628942486085,0.2197928653624856,0.2045454545454545,0.2055785123966942,0.219435736677116,0.1799628942486085,0.1530494821634062,0.1684491978609625,0.1601239669421487,0.1598746081504702,0.2115027829313543,0.2059838895281933,0.1991978609625668,0.1952479338842975,0.2170846394984326,0.2801484230055658,0.2922899884925201,0.2874331550802139,0.3088842975206611,0.2797805642633229,0.14,0.21875,0.15625,0.195,0.29,1615
0.095547309833024,0.0464994775339602,-0.0555344237352606,0.0360501567398119,-0.0551948051948052,0.1311824064437304,-0.0398348497591558,-0.098442327139133,0.0213319061090296,0.0253648790234155,0.006095944871455,-0.0897148828183311,0.0735206216377764,-0.0344827586206897,-0.0311117453974596,0.0768813068464636,0.143665417845401,0.0499958251769662,-0.1254683079746157,-0.0964645110986575,0.0497008884561924,0.0730107493507972,0.0660153881496937,-0.1272851423073342,-0.0603258128010602,0.1661931818181818,0.1596452328159645,0.1826298701298701,0.1696230598669623,0.1746174617461746,0.1036931818181818,0.1130820399113082,0.1185064935064935,0.0931263858093126,0.1008100810081008,0.3153409090909091,0.328159645232816,0.2767857142857143,0.2838137472283814,0.279027902790279,0.1747159090909091,0.1773835920177383,0.1875,0.2039911308203991,0.2043204320432043,0.2400568181818181,0.2217294900221729,0.234577922077922,0.2494456762749445,0.2412241224122412,0.18375,0.10875,0.29875,0.18125,0.2275,3024
0.4058229352346999,0.3888464476699771,0.0199319397180359,-0.038961038961039,-0.1500201253521935,0.1528185076572172,0.1621281943862588,-0.032258064516129,-0.2400502723083368,0.0918550752057516,-0.0312919403828495,-0.0316955771501226,0.0272207131711262,-0.0207973844337481,-0.0044045234661069,0.0303030303030301,-0.0112554112554112,-0.0049586776859504,-0.032034632034632,0.0198761811665038,0.0049751243781094,0.108354332234929,-0.075613667201184,0.003682884279899,0.044853931709974,0.0267379679144385,0.0381231671554252,0.0464081373172282,0.0436363636363636,0.044776119402985,0.053475935828877,0.0733137829912023,0.0902733630006357,0.0884848484848484,0.0780189959294437,0.3368983957219251,0.3548387096774194,0.3343928798474253,0.3454545454545454,0.369742198100407,0.1818181818181818,0.2170087976539589,0.1786395422759059,0.1806060606060606,0.1743554952510176,0.4010695187165775,0.3167155425219941,0.3502860775588048,0.3418181818181818,0.3331071913161465,0.045,0.0875,0.34375,0.175,0.34875,1413
0.1041156617573235,-0.0810056839976287,0.0051598054864693,0.0021485993868041,-0.0500575373993095,-0.1146221303488657,0.0954319312528269,0.0195649319385476,-0.0399369965177291,0.0417232021709633,-0.0336288267595017,-0.027849156191402,-0.0128391532566105,0.0212995560589142,0.0689457601222307,-0.0575554199715273,-0.0101010101010099,0.0550667970022809,-0.0948647312283677,0.0767045454545454,-0.0536815905943424,0.0205081114172023,0.0504119536377599,0.087780905962724,-0.1544011544011543,0.1668584579976985,0.2075983717774762,0.1925133689839572,0.1969696969696969,0.1962481962481962,0.1783659378596087,0.1492537313432835,0.1695951107715813,0.1666666666666666,0.1616161616161616,0.3084004602991945,0.3039348710990502,0.3139801375095493,0.2929292929292929,0.2943722943722944,0.1783659378596087,0.185888738127544,0.174942704354469,0.1957070707070707,0.163059163059163,0.1680092059838895,0.1533242876526458,0.1489686783804431,0.1477272727272727,0.1847041847041847,0.18625,0.165,0.31,0.17875,0.16,763
-0.1167711598746081,-0.0749385749385749,0.0439248251748252,0.1437259923175415,-0.0402097902097902,-0.0141987829614604,0.2484463072698366,-0.0798025503907857,-0.0695187165775401,0.037433155080214,-0.0366553896768988,0.0658525311990658,-0.0004846638510003,-0.0547533626602096,0.0279027902790279,0.0553814002089864,0.0303030303030303,-0.0303030303030302,-0.0584720443875372,0.0228438228438229,-0.0897148828183311,0.0171990171990171,0.0592740592740593,-0.0568461272686624,0.0187590187590187,0.1619318181818181,0.1470588235294117,0.1503150315031503,0.1369696969696969,0.158008658008658,0.0994318181818181,0.0695187165775401,0.0864086408640864,0.0896969696969696,0.0909090909090909,0.2485795454545454,0.2807486631016043,0.2601260126012601,0.2678787878787879,0.2445887445887445,0.1519886363636363,0.1898395721925133,0.1872187218721872,0.1878787878787878,0.1875901875901875,0.3380681818181818,0.3128342245989304,0.3159315931593159,0.3175757575757575,0.3189033189033189,0.145,0.0925,0.26,0.1775,0.325,655
0.0595611285266457,-0.1145942180424939,-0.0576351752822341,-0.0606060606060607,0.1142191142191142,0.2418167237734197,0.008529561857549,0.0316295651452969,0.0214436726064632,-0.0993657505285412,0.0960122475760004,0.0668513523365167,0.0227859995301855,-0.1396355582402095,0.0090529625413346,0.0635292250307527,-0.0052511143737683,-0.0433448408131953,-0.0981423639651488,0.0829423740816146,0.0169278996865201,-0.0298850574712643,-0.0130481283422461,0.0233766233766233,0.0064335664335664,0.0681818181818181,0.054968287526427,0.0655391120507399,0.0678941311852704,0.0712727272727272,0.1212121212121212,0.1078224101479915,0.1014799154334038,0.1093210586881473,0.112,0.3371212121212121,0.3086680761099366,0.3114869626497533,0.3325661680092059,0.3229090909090909,0.1856060606060606,0.1712473572938689,0.1994362226920366,0.192174913693901,0.1709090909090909,0.2878787878787879,0.3572938689217759,0.3220577871740662,0.2980437284234752,0.3229090909090909,0.0725,0.10875,0.31875,0.175,0.325,4797
0.0461997019374068,0.1057044221601184,-0.0509953367096225,-0.0313773817423452,0.0240062967335694,-0.0567673756943503,0.0584789203891621,0.0299626663263026,-0.19442601194426,0.0671174555472077,-0.1518351057111824,-0.0766320141990599,0.0981075726838438,-0.0347193323810914,-0.0202175841621141,-0.0266600430534857,-0.2402506073392147,0.0483990483990484,0.1299859912998601,-0.0368839914294458,-0.046632006461815,-0.0049280123683446,0.0118402332142788,-0.0373979951068041,0.0200407965848631,0.0727272727272727,0.0805785123966942,0.0878274268104776,0.0782828282828282,0.0798056904927134,0.0883116883116883,0.0929752066115702,0.1063174114021571,0.1224747474747474,0.099236641221374,0.3402597402597402,0.3140495867768595,0.2919876733436055,0.308080808080808,0.3199167244968772,0.1766233766233766,0.2045454545454545,0.1771956856702619,0.1489898989898989,0.1776544066620402,0.3220779220779221,0.3078512396694214,0.3366718027734977,0.3421717171717172,0.3233865371269951,0.07625,0.09875,0.32375,0.17125,0.33,3849
0.1437134294277151,-0.098901098901099,0.0024681201151789,0.0415179226368037,-0.0212010212010211,-0.0136205258156478,-0.0769718086791257,0.0413460284335465,-0.079186888499527,0.0286136627600043,-0.1356608759206161,0.0030171848353666,-0.0431858693890778,0.0020998285461094,0.0707945253399799,0.0647317457493582,0.0748977050346912,-0.0072522159548749,0.0316035147915595,-0.0476585819051571,-0.0088126159554731,0.0327380952380952,0.0767045454545455,-0.0330578512396695,-0.0732323232323233,0.0524475524475524,0.0620842572062084,0.0695592286501377,0.0572851805728518,0.0617897727272727,0.1153846153846153,0.1130820399113082,0.1046831955922865,0.0971357409713574,0.1015625,0.3391608391608391,0.3259423503325942,0.3546831955922865,0.3424657534246575,0.3139204545454545,0.1713286713286713,0.1929046563192904,0.1783746556473829,0.1731008717310087,0.1846590909090909,0.3216783216783216,0.3059866962305986,0.2926997245179063,0.3300124533001245,0.3380681818181818,0.06125,0.105,0.34,0.17875,0.315,4153
0.0642399288822346,-0.3294557540506855,0.0836749457439113,-0.2190874259839779,0.1334709585340366,-0.0097504023224259,-0.0800071321225708,-0.0993657505285412,-0.0923185341789993,0.188710703174685,0.1434871099050204,-0.1158269441401971,0.0603146853146853,-0.0613952020202019,-0.0278085735402808,-0.1005578169757273,-0.107460143604722,-0.0062160062160061,0.1792929292929291,-0.0347376201034737,0.092605156037992,0.2264512595837896,-0.0205419580419579,0.0411931818181818,-0.1040280857354027,0.0783699059561128,0.0845665961945031,0.0717329545454545,0.0921717171717171,0.0759943181818181,0.1379310344827586,0.1120507399577167,0.1157670454545454,0.1148989898989899,0.0802556818181818,0.2978056426332288,0.3572938689217759,0.3053977272727273,0.327020202020202,0.3316761363636363,0.219435736677116,0.1966173361522198,0.1910511363636363,0.1477272727272727,0.1725852272727272,0.2664576802507837,0.2494714587737843,0.3160511363636363,0.3181818181818182,0.3394886363636363,0.08375,0.10375,0.325,0.18,0.3075,468
-0.2353753360947605,0.0947207928340004,-0.0151768945738794,0.0750882317147377,0.0696438064859117,0.1343123848029014,0.2016217059098706,-0.0565222808256156,-0.1231703674200936,-0.0439321444106133,0.0171329376600672,-0.0644266683765888,-0.0622355618363696,0.0173096805232826,0.0734695702723247,0.0163505559189012,-0.1435105774728415,-0.0622811024821075,0.2522818546914932,-0.0870813397129186,-0.0004384105103529,-0.0781671159029648,0.0200754019849497,-0.0206660809070446,0.0409590409590409,0.2146464646464646,0.1504132231404958,0.1707731520815633,0.1709090909090909,0.1738261738261738,0.1199494949494949,0.1057851239669421,0.141036533559898,0.1515151515151515,0.1428571428571428,0.2525252525252525,0.2628099173553719,0.2642310960067969,0.2642424242424242,0.2437562437562437,0.1919191919191919,0.2330578512396694,0.2039082412914188,0.1551515151515151,0.2117882117882117,0.2209595959595959,0.2479338842975206,0.2200509770603228,0.2581818181818182,0.2277722277722277,0.17375,0.1325,0.24875,0.2075,0.2375,157
0.0866276580562295,0.0370285452252665,-0.0012128093308905,-0.0673536989326462,0.0152169927450827,-0.0686456400742117,0.2369597615499254,0.033881247903388,-0.1291866028708133,-0.0023833844058562,0.0325018896447467,0.081525638902688,0.0318933492365226,0.0572390572390572,-0.0895471569628874,-0.1182555213866367,0.1180613682297939,-0.0293502685960858,0.1217146227960935,-0.0447712464027687,-0.0526454295451257,0.0445085666571539,-0.0163660630803601,-0.0315925209542231,0.0340893998555963,0.0559440559440559,0.0654545454545454,0.0592592592592592,0.0684931506849315,0.0644745325596389,0.0734265734265734,0.0581818181818181,0.07003367003367,0.0672478206724782,0.072856221792392,0.3391608391608391,0.3272727272727272,0.3279461279461279,0.348692403486924,0.344294003868472,0.2027972027972027,0.2145454545454545,0.1791245791245791,0.1668742216687422,0.1960025789813023,0.3286713286713286,0.3345454545454545,0.3636363636363636,0.348692403486924,0.3223726627981947,0.06125,0.07625,0.33875,0.19,0.33375,1295
-0.1258091753447789,0.0087387504891091,0.0305082137498555,-0.0695187165775401,0.0245989304812834,0.2891319207108681,0.1384225530566993,-0.0090628795664766,0.1250854408749145,-0.1553246753246753,0.0157211209842788,0.1067469116249603,-0.0128001494907969,-0.0150375939849625,-0.014025974025974,-0.1386348494942766,0.1130820399113081,0.0562210760735485,-0.1022954394040336,-0.0163406214039125,0.1543340380549683,-0.0175492875436156,-0.0322397473141993,-0.0014465338822742,0.0190274841437633,0.053475935828877,0.0337662337662337,0.0467532467532467,0.0540851553509781,0.040169133192389,0.1016042780748663,0.0883116883116883,0.0915584415584415,0.0909090909090909,0.1042988019732205,0.3368983957219251,0.3506493506493506,0.3519480519480519,0.3279631760644418,0.3587033121916843,0.2032085561497326,0.1662337662337662,0.1928571428571428,0.2094361334867664,0.1902748414376321,0.3048128342245989,0.361038961038961,0.3168831168831169,0.3176064441887227,0.3065539112050739,0.0475,0.1025,0.3475,0.19,0.3125,497
0.0109090909090908,0.3535353535353535,-0.0723291307232911,0.0303030303030302,-0.0261157024793388,0.2727272727272727,0.1754277468563183,0.0141245615698171,-0.0540184453227932,-0.0767414403778039,-0.0673642903858731,0.0200047754004589,-0.0349782549540989,0.1165960512222632,-0.0159938165170343,0.0881953867028494,0.0523572613124853,0.065059572740148,-0.1641397754311446,-0.0104847662513876,-0.0315925209542231,0.0011564479649586,-0.0052379674991882,0.0057840196600603,0.0077955571185746,0.0618181818181818,0.0454545454545454,0.066710268149117,0.0569877883310719,0.0644745325596389,0.0509090909090909,0.0649350649350649,0.0771746239372138,0.0746268656716417,0.0786589297227595,0.3672727272727272,0.3376623376623376,0.3544800523217789,0.3202170963364993,0.344294003868472,0.1672727272727272,0.1818181818181818,0.1523871811641595,0.2008141112618724,0.1715022566086395,0.3527272727272727,0.3701298701298701,0.3492478744277305,0.3473541383989145,0.34107027724049,0.0625,0.07875,0.3425,0.1725,0.34375,4740
-0.2175324675324674,-0.0113780025284451,-0.0606060606060605,0.0832696715049656,0.0739695087521175,-0.0472370766488414,0.1166217090215007,0.0730837789661318,-0.0718488227138745,-0.0726187708284895,0.0462662337662338,0.0460866567061256,0.1071428571428571,-0.0185892538833716,-0.1349520045172221,0.1577540106951871,0.030807817897875,0.0303030303030302,-0.1464122190765788,0.0067426179958147,0.1019061583577711,0.0345937248592115,-0.0361681329423264,-0.0350181128169742,0.0156827744485527,0.0974025974025974,0.0837789661319073,0.0762987012987013,0.067379679144385,0.0718475073313783,0.1428571428571428,0.124777183600713,0.1347402597402597,0.1368983957219251,0.1363636363636363,0.3181818181818182,0.2780748663101604,0.2678571428571428,0.2909090909090909,0.3108504398826979,0.1753246753246753,0.2049910873440285,0.1948051948051948,0.2192513368983957,0.1979472140762463,0.2662337662337662,0.3083778966131907,0.3262987012987013,0.2855614973262032,0.2829912023460411,0.08,0.14125,0.3,0.19125,0.2875,2940
0.1877622850954379,-0.0829836198727493,-0.1101999621522742,0.1057630272022085,-0.1042313968303643,0.0125978890023834,0.0636704119850186,-0.1423131841980009,0.1075134910751349,0.0182436611008038,0.0329019501269784,-0.0945450797012492,-0.0165539345615237,-0.0922343962434448,0.0978876955285867,0.0120897046940984,0.121857515283643,-0.1366300340278616,0.0409100202598463,0.0363580981917868,-0.0895471569628874,-0.0895471569628874,0.0132706903522643,0.0894361199266192,0.0424322221557244,0.180722891566265,0.2196969696969697,0.2151793160967473,0.2198100407055631,0.2424242424242424,0.1204819277108433,0.1041666666666666,0.1217681401167639,0.0976933514246947,0.1212121212121212,0.2650602409638554,0.2727272727272727,0.2427022518765638,0.2713704206241519,0.2355816226783968,0.1631982475355969,0.1628787878787878,0.1993327773144287,0.175033921302578,0.1661779081133919,0.2705366922234392,0.240530303030303,0.2210175145954962,0.2360922659430122,0.2346041055718475,0.2225,0.11125,0.23875,0.1825,0.245,3456
-0.5151515151515151,0.0943921978404737,-0.0063319764812301,-0.024634837584478,0.0702479338842975,-0.0025062656641603,0.0540614860034097,-0.0426337213454259,0.1600977591132834,-0.0584312019718717,-0.0366051182377713,0.1071872845271859,-0.0670211096650328,0.0852586947139876,-0.0063529544049023,-0.3341849407423178,0.2051664182811723,0.039081789265298,-0.0550129196195949,-0.0251546764214423,0.0942390942390942,-0.0738686600755564,-0.0646070347562886,0.0582079790712883,0.0442890442890443,0.0795454545454545,0.0526315789473684,0.0544217687074829,0.0700447093889716,0.0475524475524475,0.0984848484848484,0.1028708133971291,0.0970933828076685,0.0864381520119225,0.1167832167832167,0.3371212121212121,0.3492822966507177,0.357452071737786,0.3219076005961251,0.3566433566433566,0.178030303030303,0.145933014354067,0.1589363017934446,0.1833084947839046,0.1636363636363636,0.3068181818181818,0.3492822966507177,0.3320964749536178,0.338301043219076,0.3153846153846154,0.0525,0.10875,0.335,0.17375,0.33,373
-0.1146747988853251,0.1036278844406759,-0.0850991114149006,-0.0163339382940108,0.0907257694916496,0.1450410055061217,0.1222201407659164,0.0939293264874661,-0.11977837719618,-0.1016338201582789,0.0201103244581506,0.0153599839895933,-0.0559006211180124,0.0317568488483029,0.0186724819408478,0.045730389013971,-0.1267025058825548,-0.0273308780771466,0.1091564122958873,-0.014779810456599,0.1657977059436913,-0.1356286695841346,0.0188643473315006,0.0627645699379905,-0.0678138037815863,0.1267942583732057,0.0972515856236786,0.1114624505928853,0.1085481682496607,0.0948905109489051,0.0885167464114832,0.0866807610993657,0.0972332015810276,0.1112618724559023,0.1121433311214333,0.3038277511961722,0.2536997885835095,0.2956521739130435,0.2876526458616011,0.2747179827471798,0.1842105263157894,0.2029598308668076,0.175494071146245,0.1614654002713704,0.1698739216987392,0.2966507177033493,0.3594080338266385,0.3201581027667984,0.3310719131614654,0.3483742534837425,0.11375,0.09875,0.28,0.18125,0.32625,79
-0.2445887445887447,-0.2353500158378205,0.0222705051602388,0.0303030303030302,0.0802971347718428,-0.2121212121212121,-0.0820399113082042,0.0100241963359833,0.1272727272727273,-0.0187477891758047,-0.1730205278592376,-0.0156641155854375,0.0834383327943979,-0.176930596285435,0.0551935826192132,0.0324936108068637,-0.0044613041968317,-0.0161628192687792,-0.0690032858707556,0.0521690582634747,0.0513833992094862,-0.2339728140364407,0.0020890004358345,0.0092226613965743,0.0575352578397748,0.0746753246753246,0.0727272727272727,0.0703812316715542,0.0580503833515881,0.0569169960474308,0.1266233766233766,0.1109090909090909,0.1041055718475073,0.1029572836801752,0.1264822134387351,0.3214285714285714,0.3254545454545454,0.3013196480938416,0.3340635268346111,0.3280632411067193,0.1818181818181818,0.1636363636363636,0.220674486803519,0.2004381161007667,0.1857707509881423,0.2954545454545454,0.3272727272727272,0.3035190615835777,0.3044906900328587,0.3027667984189723,0.06,0.1025,0.32875,0.1875,0.32125,1553
0.047352199495657,-0.0526471414420675,-0.0051344004832376,-0.1155593540551482,0.0963455149501661,-0.0490103821174583,-0.1604272807857956,0.0576184379001281,0.1500258806222245,-0.0009145783793671,-0.0040160642570281,0.0728968001695274,-0.0606060606060605,0.0490006447453256,-0.0346320346320345,-0.1930238436262532,0.1236735292679347,0.0217782217782217,0.0239547686356197,0.0409590409590409,0.0703390056901663,0.026250910951576,-0.2062084257206209,0.0879212467173026,0.047196705733291,0.1976744186046511,0.2176696542893726,0.2083333333333333,0.2475524475524475,0.1929046563192904,0.1881606765327695,0.2074263764404609,0.1657196969696969,0.1566433566433566,0.1740576496674057,0.2198731501057082,0.2061459667093469,0.2320075757575757,0.213986013986014,0.2638580931263858,0.1966173361522198,0.1498079385403329,0.1676136363636363,0.172027972027972,0.1607538802660754,0.1976744186046511,0.2189500640204865,0.2263257575757575,0.2097902097902098,0.2084257206208425,0.2075,0.17875,0.21875,0.17625,0.21875,1669
0.1788856304985338,-0.0523843081982617,0.0148055901480558,0.007524913565182,-0.0360870111907456,0.0370727010110737,0.0828100512237964,-0.0309597715036276,-0.0636263466074142,0.013607931673207,0.0205848019816075,-0.02903042618554,0.0424258545019284,-0.0662433285747288,0.0126458965841795,0.0200081665986116,-0.0276447132496586,0.0037359900373599,0.0917586364022521,-0.0504753400913913,-0.0469935289983278,-0.0483462338161548,0.0641156270047926,-0.060917007447597,0.017367530107148,0.0636363636363636,0.0746268656716417,0.0759046778464254,0.0759493670886076,0.0811419984973704,0.1696969696969697,0.1478968792401628,0.1659311562224183,0.1657077100115074,0.169045830202855,0.2696969696969697,0.282225237449118,0.2621359223300971,0.2727272727272727,0.256198347107438,0.1848484848484848,0.1981004070556309,0.1985878199470432,0.1691599539700805,0.1975957926371149,0.3121212121212121,0.2971506105834464,0.2974404236540159,0.3164556962025316,0.2960180315552216,0.0775,0.16125,0.27375,0.18625,0.30125,2131
-0.1449388498568826,-0.0876176165432365,0.1579662167897461,-0.0958445741054436,0.0074965684721781,0.042586822020503,-0.0472872982264416,0.0017825311942958,0.0258314368986304,-0.021299469193039,0.1082354936813153,-0.0310726698551733,-0.0550265930466793,0.0273894833809996,0.0049213130712237,-0.2289349994268026,-0.0079177021325782,0.0259152612093787,0.108138238573021,0.0448575814429472,0.0232165622250553,-0.0427887357091778,0.0172454523978264,0.0539232026921915,-0.0578900969732589,0.1746031746031746,0.1460055096418732,0.1359940872135994,0.1874125874125874,0.148959474260679,0.1645021645021645,0.1584022038567493,0.1559497413155949,0.1524475524475524,0.1577217962760131,0.2683982683982684,0.3181818181818182,0.336289726533629,0.3104895104895105,0.3132530120481928,0.189033189033189,0.1680440771349862,0.1677753141167775,0.1538461538461538,0.1631982475355969,0.2034632034632034,0.209366391184573,0.2039911308203991,0.1958041958041958,0.216867469879518,0.1525,0.15125,0.31875,0.1725,0.205,4439
-0.0884353741496599,-0.4508014508014508,0.0087650865036024,0.0470379732124698,0.1041133898276754,-0.4764183185235819,0.3275572222940643,-0.0685241855039138,0.1393982209948299,-0.0345273503168241,-0.1744776962168268,-0.061140191574974,0.0223327141440523,-0.0575554199715273,0.0497555714947017,-0.0004810004810005,0.0778657445324111,0.0196428358972529,-0.0605683983760045,-0.0088010088010088,0.0632318501170959,-0.0472469488862932,0.0183945695733913,-0.076226007461567,0.0287072254285367,0.0476190476190476,0.0645933014354067,0.0513833992094861,0.0437710437710437,0.040983606557377,0.1341991341991342,0.062200956937799,0.0981554677206851,0.0852974186307519,0.0968703427719821,0.3506493506493506,0.3779904306220095,0.3458498023715415,0.3468013468013468,0.3472429210134128,0.1774891774891775,0.1602870813397129,0.1969696969696969,0.1975308641975308,0.2004470938897168,0.29004329004329,0.3349282296650718,0.3076416337285902,0.3265993265993266,0.3144560357675112,0.04375,0.0925,0.35375,0.18625,0.32375,465
-0.0734302270352427,0.0132732281492612,0.0235387175081145,-0.0560146923783286,0.0532728048733169,-0.0523958799820869,0.0082644628099175,0.0099009900990099,-0.0227272727272727,0.035119809767697,-0.147202027612886,0.0082644628099175,0.1611927150161825,-0.0638297872340427,-0.0679162012695127,-0.0417169037858693,-0.0069930069930068,-0.0025617946410025,0.0209790209790209,0.0308283266029745,0.0346817933024828,-0.086186540731995,-0.0801080108010801,-0.0678210678210677,0.2764668821006849,0.1556473829201101,0.1525974025974026,0.1663442940038684,0.151048951048951,0.1399711399711399,0.2713498622589532,0.2727272727272727,0.2727272727272727,0.2769230769230769,0.2987012987012987,0.2465564738292011,0.25,0.2117988394584139,0.2531468531468531,0.2727272727272727,0.1584022038567493,0.1534090909090909,0.1595744680851064,0.1468531468531468,0.1601731601731601,0.1680440771349862,0.1712662337662337,0.1895551257253385,0.172027972027972,0.1284271284271284,0.145,0.275,0.2525,0.15,0.1775,248
0.0715667311411992,0.2428393524283935,-0.0434782608695651,-0.0109606705351388,-0.0286899412374699,0.0715667311411992,0.402241594022416,0.0739695087521173,-0.0905406650087501,-0.1535232828008494,-0.0915688303120267,0.0037359900373598,0.0195177252811226,-0.0036035765872479,-0.0032234985811783,-0.0831721470019342,-0.038961038961039,-0.031432335780162,0.1231463571889103,-0.0073576613500567,0.0123050331289353,-0.0739867341441227,0.0711929657350562,-0.0242762619403635,-0.043359736022142,0.0545454545454545,0.0545454545454545,0.0641296687808315,0.0636363636363636,0.058027079303675,0.069090909090909,0.0545454545454545,0.0909090909090909,0.0948051948051948,0.0980012894906511,0.36,0.3194805194805195,0.3382663847780127,0.3558441558441558,0.3204384268214055,0.1781818181818182,0.1922077922077922,0.1768851303735024,0.1545454545454545,0.180528691166989,0.3381818181818182,0.3792207792207792,0.3298097251585624,0.3311688311688311,0.3430045132172791,0.05875,0.09125,0.345,0.17625,0.32875,931
0.0368077055383557,-0.0752110101607439,0.0553306342780027,0.000680340393259,-0.0335917312661497,-0.0009598244892363,-0.225740551583248,0.0384615384615385,0.0121766345542569,0.0404943893315986,-0.0549674415220635,-0.0422963874007211,-0.045383188240331,0.1125757359523593,0.0105132962275819,-0.0126843886434679,-0.018489733682699,0.0574642748555792,-0.0392769286049918,-0.0131650172095065,-0.1385199240986718,-0.0741704833767176,0.0469208211143695,-0.0212661239054201,0.0543090318034054,0.1228070175438596,0.1276223776223776,0.1345083487940631,0.1291172595520421,0.1451612903225806,0.1196172248803827,0.1363636363636363,0.1159554730983302,0.1133069828722002,0.1195014662756598,0.2456140350877192,0.25,0.2717996289424861,0.2450592885375494,0.2478005865102639,0.1786283891547049,0.1765734265734265,0.1586270871985157,0.1857707509881423,0.1825513196480938,0.3333333333333333,0.3094405594405594,0.3191094619666048,0.3267457180500658,0.3049853372434017,0.1275,0.11125,0.26,0.17875,0.3225,1335
0.0660024906600249,0.0444214876033057,-0.0476512335248395,-0.0314685314685314,0.0340909090909089,0.2467272119794672,-0.0078613182826043,0.0240605346235955,-0.1871055773494796,0.0022172949002217,-0.0113589192044982,0.1109441522664662,-0.030241584482882,-0.0468319559228649,0.0220385674931128,0.017199017199017,-0.1503238775966047,0.0610414402235963,-0.0357210357210358,0.0008190008190008,0.0860718586293136,0.064271566149853,0.0280388449303008,-0.0633994105068485,-0.0468319559228651,0.0852272727272727,0.0687361419068736,0.0922865013774104,0.0896805896805896,0.0833959429000751,0.1051136363636363,0.1108647450110864,0.0977961432506887,0.1265356265356265,0.1029301277235161,0.3522727272727273,0.328159645232816,0.3464187327823691,0.3157248157248157,0.3268219383921863,0.1676136363636363,0.1929046563192904,0.1701101928374655,0.1683046683046683,0.1728024042073629,0.2897727272727273,0.2993348115299334,0.2933884297520661,0.2997542997542997,0.3140495867768595,0.09125,0.11,0.33625,0.1625,0.3,4524
-0.0002419940308138,-0.0631718838405768,-0.0372744138977905,0.1172226466344114,-0.0102742395659563,-0.068863775538607,0.0265253675502401,0.0280526131998603,-0.0912773133154243,0.0488384854582037,-0.0695187165775401,-0.0073197557553001,0.0228488089450656,-0.0569361434413338,0.0509144834404349,0.0316205533596838,-0.0831721470019344,0.0237603305785123,0.0017825311942958,0.0183346065699006,-0.0311050008592541,0.0625963613937712,0.0190441969098095,-0.0250846056472655,-0.0230179028132992,0.1150278293135436,0.1229193341869398,0.1229946524064171,0.1113636363636363,0.1185770750988142,0.1873840445269016,0.1715749039692701,0.1775401069518716,0.1909090909090909,0.1652173913043478,0.2282003710575139,0.2138284250960307,0.2149732620320855,0.2147727272727272,0.2158102766798419,0.1688311688311688,0.2087067861715749,0.2021390374331551,0.1909090909090909,0.1960474308300395,0.300556586270872,0.2829705505761843,0.2823529411764706,0.2920454545454545,0.3043478260869565,0.115,0.17625,0.22,0.19125,0.2975,1338
0.2045454545454547,-0.0962566844919785,0.0303030303030302,-0.3053613053613053,0.1233766233766234,-0.057449494949495,-0.0101010101010099,0.0014430014430014,-0.0955710955710955,0.0552849927849927,0.0726227795193313,-0.0602987276415267,-0.1321092700403043,-0.106020416365244,0.1864457381698762,0.2045454545454547,-0.0762032085561497,0.0025974025974025,-0.034965034965035,0.0422077922077922,-0.0101010101010101,0.019607843137255,0.1142594778958415,-0.0849756304301758,-0.0855306309851764,0.0636363636363636,0.0845959595959596,0.0741901776384535,0.0636363636363636,0.0808080808080808,0.3727272727272727,0.3434343434343434,0.3605015673981191,0.3659090909090909,0.3333333333333333,0.2121212121212121,0.2184343434343434,0.2476489028213166,0.2181818181818181,0.1937557392102846,0.106060606060606,0.0890151515151515,0.089864158829676,0.084090909090909,0.0881542699724518,0.2454545454545454,0.264520202020202,0.2277951933124347,0.2681818181818182,0.3039485766758494,0.08,0.34,0.21875,0.08125,0.28,1406
0.0669154892028792,-0.2065354000837873,0.0269875805775909,0.0010405827263267,-0.0017387693665171,-0.0634890127490548,-0.0631229235880399,0.0802895529077074,0.0834072154402236,-0.0776628187618104,0.0383170548459804,0.0554899645808736,-0.0663822980538522,0.010397227406025,0.0170408834930153,-0.0483624119987755,-0.168831168831169,0.0317925801796767,0.0224828934506354,0.0345937248592115,0.0784758282747021,-0.1768762211240087,-0.0232416741123564,0.0574312926582409,-0.0081233669611773,0.1539589442815249,0.175475687103594,0.1586776859504132,0.1729797979797979,0.1520514883346741,0.1055718475073313,0.0930232558139534,0.0826446280991735,0.1022727272727272,0.1029766693483507,0.2639296187683284,0.2494714587737843,0.2892561983471074,0.2626262626262626,0.2775543041029766,0.1935483870967742,0.1775898520084566,0.1917355371900826,0.1893939393939394,0.1826226870474658,0.2829912023460411,0.3044397463002114,0.2776859504132231,0.2727272727272727,0.2847948511665326,0.165,0.0875,0.27125,0.19375,0.2825,1090
0.0109090909090908,-0.1104594330400781,0.0918710918710918,0.0303030303030303,-0.0060606060606061,-0.1313131313131312,0.0572390572390573,-0.0774410774410774,-0.1013842124953234,0.1010101010101008,0.2436363636363636,-0.0127077223851417,-0.0928330928330929,0.0626262626262627,-0.0030303030303031,0.0303030303030302,-0.0936858061682746,0.0909788011237285,0.0006343629532035,-0.0057092665788318,-0.1285266457680249,0.0966393636026561,-0.0250286112355078,-0.0170672239637756,-0.0188087774294671,0.0618181818181818,0.0707070707070707,0.0472727272727272,0.0606060606060606,0.0705329153605015,0.2581818181818182,0.2191919191919192,0.2354545454545454,0.2542819499341238,0.2100313479623824,0.2145454545454545,0.2545454545454545,0.2581818181818182,0.2147562582345191,0.2421630094043887,0.1636363636363636,0.1858585858585858,0.1581818181818181,0.1686429512516469,0.1716300940438871,0.3018181818181818,0.2696969696969697,0.3009090909090909,0.3017127799736495,0.3056426332288401,0.0625,0.2325,0.23625,0.16875,0.3,4209
0.1211795723073917,-0.0366826156299839,-0.0176216594701832,-0.0917177707392682,0.0319779793464002,0.0259740259740258,-0.057449494949495,0.105691056910569,-0.088348271446863,-0.0237510237510236,0.1437134294277151,0.0748834498834498,0.0619136960600373,-0.1474441051905841,-0.0503010503010503,0.1422306821193648,-0.0920897284533648,-0.1195899444236474,0.0754444019488833,0.0336094232198128,0.0681713560338694,0.0259740259740259,-0.0322924828701467,0.0141807784506078,-0.0176371078626718,0.1076555023923445,0.1193181818181818,0.1048951048951049,0.1050767414403778,0.1141490088858509,0.124401913875598,0.1268939393939394,0.111013986013986,0.1310507674144037,0.1168831168831168,0.2607655502392344,0.2291666666666666,0.2403846153846154,0.2868949232585596,0.264524948735475,0.1937799043062201,0.1931818181818181,0.2036713286713286,0.1641086186540732,0.1749829118250171,0.3133971291866029,0.3314393939393939,0.340034965034965,0.3128689492325855,0.32946001367054,0.1225,0.12,0.25625,0.1775,0.32375,742
0.1094619666048237,0.0857142857142857,-0.0213515298261062,0.0,-0.0311493018259934,-0.0101010101010101,0.1515151515151515,0.0215716486902927,-0.0227272727272727,-0.0457963089542035,-0.0582010582010581,-0.0101010101010101,-0.0374935798664612,0.0151515151515152,0.0407837776258828,-0.1056236408349085,-0.2155356380708493,-0.0590507606501877,0.1741357234314982,0.0334350601214945,-0.0682518145204713,-0.0348258706467661,0.0410045305061748,0.05359565807327,-0.0426337213454257,0.0701298701298701,0.0795454545454545,0.0833333333333333,0.087067861715749,0.0841248303934871,0.0857142857142857,0.0795454545454545,0.0946969696969697,0.1139564660691421,0.0970149253731343,0.3012987012987013,0.2886363636363636,0.306060606060606,0.3124199743918053,0.2829036635006784,0.2,0.2045454545454545,0.1969696969696969,0.1651728553137003,0.189280868385346,0.3428571428571428,0.3477272727272727,0.3189393939393939,0.3213828425096031,0.3466757123473541,0.07875,0.09375,0.295,0.2,0.3325,2323
0.1295938104448741,-0.014077785731329,-0.0077186963979416,-0.061901061901062,-0.0060606060606061,-0.0046479401830308,-0.1196700819453198,-0.0650008960344077,0.2299574389126627,0.0100407055630936,0.0417546537007789,-0.1085353279964274,0.0652587848364203,-0.1291460832745237,0.044537114261885,-0.1161492849668643,0.1457103629557482,-0.102269212383657,-0.0292075865846357,0.0700447093889715,-0.0629888150702211,0.014036288942143,-0.0112610932955476,-0.0378027769332118,0.043794466403162,0.1022727272727272,0.1180461329715061,0.1125938281901584,0.1311475409836065,0.1249011857707509,0.1609848484848484,0.1777476255088195,0.1759799833194328,0.1356184798807749,0.1565217391304348,0.2670454545454545,0.282225237449118,0.2477064220183486,0.2921013412816691,0.2679841897233201,0.1553030303030303,0.112618724559023,0.1651376146788991,0.1505216095380029,0.1517786561264822,0.3143939393939394,0.3093622795115332,0.2985821517931609,0.2906110283159464,0.2988142292490118,0.1175,0.15875,0.265,0.14625,0.3125,3601
0.0976765170313557,0.4134897360703812,-0.1051598361649015,-0.038961038961039,-0.024804937696518,0.2167832167832168,0.1706539074960128,-0.0718757826195841,-0.1948051948051947,0.0635597855814462,0.0675990675990676,0.0658464342674868,-0.0136786996291129,-0.0966810966810967,0.0268856694849475,-0.0267379679144383,0.076836476217281,-0.0323949264153446,-0.0572956455309396,0.0424525569991699,-0.0576923076923077,0.0430622009569378,0.018595041322314,-0.1160714285714286,0.0441417787988184,0.0733137829912023,0.0636363636363636,0.0757575757575757,0.0834224598930481,0.0859375,0.0557184750733137,0.0787878787878787,0.0887445887445887,0.0877005347593583,0.0909090909090909,0.3343108504398827,0.3242424242424242,0.3066378066378066,0.3122994652406417,0.296875,0.1818181818181818,0.209090909090909,0.1919191919191919,0.1850267379679144,0.1953125,0.3548387096774194,0.3242424242424242,0.3369408369408369,0.3315508021390374,0.3309659090909091,0.08125,0.095,0.3025,0.175,0.34625,2123
0.3131313131313131,-0.2834224598930481,0.0162494510320595,0.1329351913293519,-0.0558922558922558,-0.0748999428244712,-0.2107759055594793,-0.0341313048450047,-0.0116312553993314,0.1644749380598438,-0.05515587529976,0.0305082137498556,0.0237059364366214,-0.0311591470022389,-0.009228980452002,0.1077441077441077,-0.0001980590215884,0.0008783487044354,-0.1133230111332299,0.0392817059483725,-0.0520297312750144,0.0784650052130629,-0.0316454122852811,-0.0016151043557735,0.01810558414332,0.0515151515151515,0.0806174957118353,0.079136690647482,0.0669191919191919,0.078902229845626,0.1636363636363636,0.1543739279588336,0.1236102027468934,0.1275252525252525,0.1174957118353344,0.3393939393939394,0.3567753001715266,0.3368214519293656,0.3446969696969697,0.3559176672384219,0.1484848484848485,0.1732418524871355,0.1765860039241334,0.1906565656565656,0.1715265866209262,0.296969696969697,0.2349914236706689,0.2838456507521256,0.2702020202020202,0.2761578044596912,0.075,0.1275,0.345,0.17125,0.28125,2094
-1.3612750885478158,-0.2097491549546344,0.1966796090507431,0.284773197816676,-0.136976231315854,0.0262028316996605,-0.7840076457470533,0.0293730883517505,0.1420780096209821,0.1064661534165701,0.2860745741667636,-0.0453756160875591,-0.01904774476286,0.0833008591734861,-0.0455874181624913,0.066162394359621,-0.0638073326719717,0.051143975134889,-0.0182890064982916,-0.0372997645143471,0.0067124510146278,0.1019592022871976,0.0003124023742581,0.0387648685260441,-0.049452806030005,0.0974025974025974,0.040169133192389,0.029449423815621,0.0385208012326656,0.0409731113956466,0.1103896103896103,0.1627906976744186,0.0953905249679897,0.0970724191063174,0.0819462227912932,0.2922077922077922,0.3530655391120507,0.3706786171574904,0.3451463790446841,0.3636363636363636,0.1233766233766233,0.1479915433403805,0.1581306017925736,0.1756548536209553,0.1658130601792573,0.3766233766233766,0.2959830866807611,0.3463508322663252,0.3436055469953775,0.3476312419974391,0.04125,0.09125,0.36375,0.1725,0.33125,240
0.0136128931309654,0.0201274305432875,-0.0391497465421299,0.0976894591352423,-0.0780311327956455,0.0500927643784786,-0.0692840185927743,-0.0516403911953087,0.0105132962275817,0.037499297239557,0.0067532467532467,0.0068426197458456,-0.0890817724988579,0.0865800865800866,0.0082644628099172,0.1101604278074867,-0.0672186763268356,0.1099884448982881,-0.1968423733129616,-0.0111813320369471,-0.0514786418400876,-0.0364036792330613,0.0533169681925509,-0.0327022375215146,0.0441103255999202,0.2157721796276013,0.2077922077922078,0.2172727272727272,0.1946524064171123,0.2300109529025191,0.1139101861993428,0.12430426716141,0.1154545454545454,0.1240641711229946,0.1204819277108433,0.2584884994523548,0.261595547309833,0.2709090909090909,0.2213903743315508,0.2354874041621029,0.1894852135815991,0.2077922077922078,0.1918181818181818,0.2513368983957219,0.216867469879518,0.2223439211391018,0.1985157699443413,0.2045454545454545,0.2085561497326203,0.1971522453450164,0.21875,0.11625,0.24875,0.21,0.20625,2351
0.1341991341991341,0.0444990444990445,-0.0136452241715399,-0.018181818181818,-0.0265254167693191,-0.0064935064935065,-0.0442260442260442,-0.0127591706539074,0.0363636363636363,0.0114560236511456,-0.0318448674613058,0.0508565851031603,0.042188285158725,-0.0719800747198007,-0.0185382053073333,-0.006993006993007,0.0625590625590626,-0.0717703349282297,0.1227972027972027,0.0039229063619308,-0.038961038961039,0.1065445610900156,-0.0418231905835211,-0.0434259954921112,0.0495562356074349,0.0757575757575757,0.0880681818181818,0.0902864259028642,0.0881118881118881,0.0909090909090909,0.0883838383838383,0.096590909090909,0.0877957658779576,0.0867132867132867,0.0826446280991735,0.3611111111111111,0.3607954545454545,0.3412204234122042,0.3818181818181818,0.3711495116453794,0.1590909090909091,0.1505681818181818,0.1674968866749688,0.137062937062937,0.1630353117956423,0.3156565656565656,0.3039772727272727,0.3132004981320049,0.3062937062937063,0.2922614575507137,0.0875,0.0925,0.35625,0.15625,0.3075,1370
-0.2131237937689551,0.0005386318750373,0.1116931924949463,0.09645716097329,-0.0040260450320592,-0.0399856553702708,-0.0311117453974596,0.0834408310136465,-0.0442260442260442,0.0369799691833588,0.0485704771419055,-0.0071561091969254,-0.1239800421492516,0.1074562503133932,-0.0314141064746391,0.0330656997323663,0.0002061430632859,-0.0101010101010101,-0.1056511056511058,0.0541003252867658,0.0153406082609621,-0.0672008143563138,0.0002265111810605,0.0519884325194059,0.0155037702660321,0.1774193548387097,0.1520979020979021,0.1391465677179963,0.1414141414141414,0.1440064360418342,0.2448680351906158,0.2526223776223776,0.2467532467532467,0.2449494949494949,0.2614641995172969,0.1143695014662756,0.118006993006993,0.1447124304267161,0.130050505050505,0.1287208366854384,0.1671554252199413,0.1931818181818181,0.1651205936920222,0.2045454545454545,0.1753821399839099,0.2961876832844575,0.2840909090909091,0.3042671614100185,0.279040404040404,0.2904263877715205,0.14625,0.245,0.12875,0.185,0.295,1057
0.1113289226496773,0.0741697493231933,0.0505068569988538,-0.0629816635663036,-0.0755180566501323,0.0639990639990639,0.3369053610017465,0.0125411926359793,0.1833062255597466,-0.2446282716552987,0.0067793841378748,0.0576370662753931,0.0602619235365368,-0.0678133984006958,-0.0331331086048067,-0.0336330336330337,0.1102873030583873,-0.1188811188811189,0.2278144390820446,-0.0497610497610498,-0.0613846585069606,-0.0716508939617199,-0.0191588220160623,0.0309416999051207,0.046491132822068,0.1166380789022298,0.1228501228501228,0.1303602058319039,0.1356643356643356,0.1393067364290386,0.0960548885077186,0.0687960687960688,0.0977701543739279,0.0923076923076923,0.1111837802485284,0.2504288164665523,0.2604422604422604,0.2478559176672384,0.2951048951048951,0.2688031393067364,0.1886792452830188,0.1449631449631449,0.1895368782161235,0.137062937062937,0.172007848266841,0.3481989708404803,0.4029484029484029,0.3344768439108062,0.3398601398601398,0.3086984957488554,0.13125,0.10375,0.26375,0.1775,0.32375,4816
-0.7033075856605266,0.0597637656461186,-0.0244432151125864,0.1469314998726762,0.0629880270692346,-0.0261343594676928,-0.1036582465153892,-0.0615183028976131,0.0929705215419501,0.0499176339884303,-0.1275546159267089,-0.0470150005033724,0.0690114186505526,-0.0570824524312896,0.0121424161350071,0.0913147539653564,0.1141388731750178,-0.0273067190391662,0.0351014447399988,-0.0623346160183777,-0.1183261183261183,0.1151705437419723,-0.0101010101010101,-0.0204081632653061,0.0087346282036546,0.1149732620320855,0.0692640692640692,0.0761099365750528,0.0613362541073384,0.0754870129870129,0.106951871657754,0.1255411255411255,0.1190979563072586,0.1007667031763417,0.1006493506493506,0.3342245989304813,0.3463203463203463,0.3037350246652572,0.3351588170865279,0.3295454545454545,0.1791443850267379,0.1904761904761904,0.2219873150105708,0.2026286966046002,0.2142857142857142,0.2647058823529412,0.2683982683982684,0.2790697674418604,0.3001095290251916,0.2800324675324675,0.0675,0.11375,0.32625,0.21,0.2825,199
-0.303064236994808,-0.06430155210643,0.0404460629112953,-0.1450676982591876,0.1811734364925854,-0.1555475309199241,-0.0977701543739282,0.0455839090813265,0.1629502572898798,0.0308747855917665,-0.0470025330706445,0.0316942741619928,0.0631255041376631,-0.0438502673796792,-0.0409982174688057,-0.3234246156978519,0.1470491107232154,-0.0027770874080157,-0.0367504835589942,-0.0058027079303675,0.0597045974620346,-0.0211125036151547,-0.0245765893081899,0.0513833992094862,-0.0039525691699604,0.1237911025145067,0.1097770154373928,0.0994652406417112,0.1257253384912959,0.0893280632411067,0.2727272727272727,0.281303602058319,0.2481283422459893,0.218568665377176,0.2616600790513834,0.2147001934235976,0.2135506003430531,0.2096256684491978,0.2243713733075435,0.2292490118577075,0.1431334622823984,0.104631217838765,0.1304812834224599,0.1295938104448742,0.1185770750988142,0.2456479690522243,0.29073756432247,0.3122994652406417,0.3017408123791102,0.3011857707509881,0.095,0.25625,0.22375,0.125,0.3,2280
0.0303030303030302,-0.1031664964249232,-0.1010503440782326,-0.0858585858585858,0.1761363636363637,0.2242424242424242,0.1338100102145046,-0.0199203187250998,-0.1818181818181818,0.0227272727272727,-0.0037878787878788,-0.0022982635342185,0.0402028250633826,-0.0613952020202019,-0.0031960227272727,0.0697674418604651,-0.1592274983965602,0.006089805682134,-0.0747004933051445,0.0750528541226215,0.3730407523510971,-0.1130287767250184,-0.0540908466447689,-0.0884709160571228,0.0546630094043886,0.0727272727272727,0.0581818181818181,0.0752840909090909,0.0697674418604651,0.0470219435736677,0.1227272727272727,0.0963636363636363,0.1115056818181818,0.1289640591966173,0.1238244514106583,0.3454545454545454,0.32,0.3011363636363636,0.3118393234672304,0.3307210031347962,0.1954545454545454,0.2127272727272727,0.1910511363636363,0.193446088794926,0.1959247648902821,0.2636363636363636,0.3127272727272727,0.3210227272727273,0.2959830866807611,0.3025078369905956,0.075,0.11125,0.31375,0.18,0.32,4749
-0.4735591206179441,-0.2005772005772004,-0.0101010101010101,0.1697799916977999,0.1045591045591046,-0.1243658302481831,0.1741591741591742,-0.1148272017837237,0.0228949133058721,0.073899073899074,-0.0643519594926245,-0.0239036325992847,0.0089935269519388,-0.0179219232226974,0.026694678868592,-0.0647653000594177,0.0395382395382395,0.0092226613965744,-0.0029057700290577,-0.0133770133770132,0.0221543162719634,-0.0092764378478662,0.04134512830165,-0.0816580679594378,0.0015990015990017,0.0939393939393939,0.0716783216783216,0.0678524374176548,0.0678787878787878,0.0623376623376623,0.1575757575757575,0.1083916083916083,0.1343873517786561,0.126060606060606,0.1324675324675324,0.3484848484848485,0.3846153846153846,0.341897233201581,0.3418181818181818,0.3307359307359307,0.1515151515151515,0.1783216783216783,0.1857707509881423,0.183030303030303,0.1974025974025974,0.2484848484848484,0.256993006993007,0.2700922266139657,0.2812121212121212,0.277056277056277,0.06375,0.13125,0.345,0.1825,0.2775,2220
-0.2424242424242424,-0.0356731875719218,0.085081585081585,0.1313131313131313,-0.0904499540863177,-0.018181818181818,0.0103567318757191,-0.0244755244755243,0.0181818181818181,0.0289256198347108,0.1283422459893047,0.008326000135382,-0.0407239819004525,-0.0196078431372548,-0.0046994004213254,0.0473751600512163,-0.0632263083680448,-0.0085688958928393,0.0917626973965002,-0.0476079618205098,-0.006993006993007,0.0298309285651058,-0.0672404518558362,-0.0293706293706292,0.1354100445009537,0.1553030303030303,0.1272727272727272,0.1089572192513369,0.1190781049935979,0.1258741258741259,0.2045454545454545,0.1954545454545454,0.195855614973262,0.2099871959026888,0.1916083916083916,0.2973484848484848,0.3329545454545454,0.3382352941176471,0.3277848911651728,0.3468531468531468,0.1628787878787878,0.184090909090909,0.1911764705882352,0.1702944942381562,0.193006993006993,0.1799242424242424,0.1602272727272727,0.1657754010695187,0.1728553137003841,0.1426573426573426,0.125,0.1975,0.325,0.1875,0.165,4771
0.3368333793865709,-0.0344633721257097,-0.0004810004810005,-0.2658605762054038,0.0977094425370286,0.0113905007522028,0.1341991341991343,-0.0325476992143658,-0.0309996516893069,0.0092495839622275,-0.0587396925582817,-0.0084242483422249,0.0035695298853194,0.060975322318335,-0.0245048357571044,-0.0091665965856531,0.0691785158188319,0.0162494510320597,0.0041342964881195,-0.0378649059308731,0.1439976953784105,0.0286953536469978,0.0161663920529169,0.0502234376042152,-0.0790220621475206,0.0389610389610389,0.058080808080808,0.062200956937799,0.0592885375494071,0.0502901353965183,0.0995670995670995,0.0833333333333333,0.0970608339029391,0.0895915678524374,0.0934880722114764,0.3376623376623376,0.3484848484848485,0.3362952836637047,0.3320158102766798,0.3320438426821405,0.2294372294372294,0.1868686868686868,0.1701982228298017,0.1805006587615283,0.172147001934236,0.2943722943722944,0.3232323232323232,0.3342447026657553,0.3386034255599473,0.3520309477756286,0.05875,0.09625,0.3375,0.18125,0.32625,2819
0.2371265098537825,-0.2205975842339478,0.0082644628099174,-0.1253736592227889,0.0795657105817532,-0.1655011655011653,0.3006993006993007,-0.0151515151515151,-0.0960670535138621,0.0196078431372548,-0.0638933715856793,-0.0399856553702706,-0.0505050505050503,0.0444543636032997,0.0548014077425842,-0.2869759348632588,0.0229488821038117,-0.0038412291933418,0.0991727281808192,-0.0122768697747985,0.0597637656461186,0.0221543162719634,0.0099312452253629,-0.0792711668806789,0.0173609550772179,0.0371900826446281,0.0568181818181818,0.0518648018648018,0.0627400768245838,0.0458365164247517,0.0991735537190082,0.0568181818181818,0.0844988344988345,0.0793854033290653,0.0794499618029029,0.371900826446281,0.3806818181818182,0.3939393939393939,0.3764404609475032,0.3712757830404889,0.1983471074380165,0.1931818181818181,0.1684149184149184,0.1587708066581306,0.1902215431627196,0.2933884297520661,0.3125,0.3012820512820512,0.322663252240717,0.3132161955691367,0.04875,0.08125,0.375,0.17625,0.31875,3150
0.222999222999223,0.1443850267379678,-0.0610079575596818,-0.0857563489142436,0.0187232122715992,0.0205081114172023,-0.0889645114244044,-0.0196003926411449,-0.0330578512396695,0.0669154892028792,0.0468790468790469,-0.0596462361168244,0.0311604104707553,-0.0452705189547295,0.0051883600270696,-0.0675864334400919,-0.07473588104865,-0.0160477780326393,0.078072120434123,0.0093698590944854,-0.0043942247332076,0.0646243088915072,0.0034772033603126,-0.0948017192441814,0.03325214970923,0.0524475524475524,0.0661157024793388,0.0643356643356643,0.0720620842572062,0.0677966101694915,0.0909090909090909,0.1157024793388429,0.1125874125874125,0.114190687361419,0.0993836671802773,0.3461538461538461,0.3326446280991735,0.316083916083916,0.3314855875831485,0.325115562403698,0.2062937062937063,0.1962809917355372,0.1986013986013986,0.1751662971175166,0.2080123266563944,0.3041958041958042,0.2892561983471074,0.3083916083916084,0.3070953436807095,0.2996918335901387,0.0675,0.10625,0.32625,0.19,0.31,4256
0.0884115884115884,-0.0391477681197307,0.027462603621544,-0.0171646535282898,-0.0179169942483552,0.0289526986774694,-0.0008340283569641,-0.0251368414075747,-0.026829717405197,0.0287764458547803,0.0342990342990343,-0.0282552338627104,-0.1238209913706602,0.0978718251445524,0.0344960759161941,0.0430622009569378,-0.0195412064570941,-0.0266484996356031,0.0244205555210339,-0.0022366297669942,-0.0084033613445377,0.0284372032585337,0.082055459149343,-0.038961038961039,-0.0682530139543715,0.1276223776223776,0.1359466221851543,0.1351981351981352,0.1339712918660287,0.1411764705882353,0.2779720279720279,0.2677231025854879,0.275058275058275,0.2727272727272727,0.2598930481283422,0.1835664335664335,0.1934945788156797,0.2121212121212121,0.1937799043062201,0.1732620320855614,0.1958041958041958,0.1976647206005004,0.1736596736596736,0.1877990430622009,0.2,0.215034965034965,0.2051709758131776,0.2039627039627039,0.2117224880382775,0.2256684491978609,0.14,0.2675,0.18875,0.1925,0.21125,3107
0.3741198560475669,-0.1109506404630442,-0.0467727760960843,0.0636400991146917,-0.0621741156609132,-0.1648733973326461,0.1648787985526274,0.0813397129186602,-0.0278864443886157,-0.1191930455939376,-0.0806863818912011,0.0225609387286033,0.0175438596491227,-0.0141685309470545,0.0080903824979653,-0.0413194279092656,-0.0287724945366185,-0.0318285833159974,0.0096470983544225,0.0608745605654733,-0.2529301573328149,-0.1111167639233003,0.052005544873228,0.1241525206274626,0.052938026229429,0.0649350649350649,0.120855614973262,0.1121212121212121,0.1080368906455863,0.1299915038232795,0.2319109461966604,0.174331550802139,0.204040404040404,0.2147562582345191,0.2319456244689889,0.24860853432282,0.2181818181818181,0.2333333333333333,0.2450592885375494,0.2251486830926083,0.1743970315398886,0.1914438502673796,0.1888888888888888,0.1844532279314888,0.1631265930331351,0.2801484230055658,0.295187165775401,0.2616161616161616,0.2476943346508563,0.2497875955819881,0.10375,0.20875,0.2375,0.18625,0.26375,1973
-0.1789628810905408,0.0675990675990676,-0.0215204459808777,-0.0986714434990296,0.0929705215419501,0.094211445015804,-0.4554551139916993,0.1960312016462218,0.0213319061090296,-0.1051279343962272,-0.0315925209542231,0.1452991452991453,0.0586043561844737,-0.1285266457680252,-0.0297783025055751,0.0010528119873661,0.1148092413915199,-0.092796648756944,-0.0412285226776716,0.0903611156775714,0.183661036567721,-0.1599948607822623,0.0091820602215434,0.0403080492681361,-0.018054561361648,0.0692640692640692,0.0532150776053215,0.0606060606060606,0.0586881472957422,0.0479599141016463,0.0909090909090909,0.1419068736141907,0.0833333333333333,0.0863060989643268,0.1130994989262705,0.354978354978355,0.2793791574279379,0.3271349862258953,0.379746835443038,0.3443092340730136,0.1991341991341991,0.1773835920177383,0.2045454545454545,0.1887226697353279,0.1739441660701503,0.2857142857142857,0.3481152993348115,0.3243801652892562,0.286536248561565,0.3206871868289191,0.05875,0.0975,0.3475,0.18125,0.315,1375
0.8701298701298701,0.0832696715049655,0.0820424555364315,-0.0835789976894272,-0.1851266604118315,0.2885375494071146,-0.3578237619158335,-0.0667174627363207,0.1755377191493489,0.0261350486181036,0.1919191919191919,-0.1115681703916999,0.0314014410399953,-0.0792207111225518,0.0262378095077714,0.0909090909090909,0.1642830493719685,-0.0052896575732102,-0.0635676208511135,-0.0225162581692779,-0.008626410086264,-0.0055037277020961,0.0704690027528829,-0.0161170162961394,-0.0536381550230735,0.0064935064935064,0.0355731225296442,0.0404040404040404,0.0454545454545454,0.0504313205043132,0.0974025974025974,0.1442687747035573,0.1181041181041181,0.0887949260042283,0.1068347710683477,0.2857142857142857,0.3320158102766798,0.3014763014763015,0.3128964059196617,0.2893165228931652,0.2207792207792207,0.1679841897233201,0.2198912198912199,0.2167019027484144,0.2070338420703384,0.3896103896103896,0.3201581027667984,0.3201243201243201,0.3361522198731501,0.3463835434638354,0.05,0.10625,0.31125,0.20375,0.32875,3968
-0.0006970028875834,0.1127856101118134,-0.0132457828597305,-0.0024940094870165,-0.0207105462447729,0.0799561883899232,-0.3547237076648841,0.1033623910336238,0.1536668459745381,-0.1203670167813595,0.0003548123351279,0.1413722979588763,-0.1435988283373968,-0.0122055625847607,0.0532109717340623,0.0029081844619858,0.0411211506546193,0.0094616452670301,-0.0733740176710999,0.0308359040327717,-0.1094230293608451,0.0684836984647232,0.1001486361627767,-0.020319630741467,0.0092416258718789,0.2076446280991735,0.1909090909090909,0.2074263764404609,0.2068965517241379,0.2302052785923753,0.0754132231404958,0.1151515151515151,0.0729833546734955,0.0815047021943573,0.0791788856304985,0.1849173553719008,0.1636363636363636,0.2087067861715749,0.180773249738767,0.1642228739002932,0.2117768595041322,0.1787878787878788,0.2138284250960307,0.2267502612330198,0.2155425219941349,0.3202479338842975,0.3515151515151515,0.2970550576184379,0.3040752351097178,0.3108504398826979,0.2075,0.085,0.1825,0.21125,0.31375,4062
-0.0272408414412395,-0.0337550781358941,0.0473476366893295,-0.0354628536446719,0.0107794303598499,-0.0290439487519778,0.0749408072242718,0.0547383650831925,-0.1105931105931103,-0.0195721438324989,-0.1108653444419867,-0.0021474588403722,-0.0217113665389527,0.0921561291931662,0.0476759707528937,-0.0220958908179738,-0.0598403829100739,0.0361671267487015,0.0431679983918791,-0.021251997141779,-0.06171201061712,-0.028020456917146,0.0633379914642896,-0.0190255973388502,-0.0006675437630025,0.1759149940968122,0.1762237762237762,0.1902356902356902,0.175033921302578,0.1818181818181818,0.1641086186540732,0.1468531468531468,0.1590909090909091,0.1682496607869742,0.1631982475355969,0.2762691853600944,0.2741258741258741,0.2962962962962963,0.2795115332428765,0.2716319824753559,0.1747343565525383,0.1874125874125874,0.1531986531986532,0.1614654002713704,0.171960569550931,0.2089728453364817,0.2153846153846154,0.2011784511784511,0.2157394843962008,0.2113910186199342,0.17125,0.15875,0.29,0.16875,0.21125,4445
-0.0881110909609057,-0.1686179173863904,0.0247300592128179,0.1030364048234675,0.1172413793103448,-0.0408458705173078,-0.0075870703048404,0.0539541759053955,-0.0293427420007443,-0.0359201773835919,0.0783871775607312,-0.0188048283286379,-0.0515026811323107,0.0719850573865173,-0.0214141414141413,-0.0663822980538522,-0.0692840185927743,0.0181383729770827,0.0924074747950425,0.0052785923753665,0.1508950186636137,-0.060164325470448,-0.0004810004810005,-0.0280068674229256,-0.0435786435786436,0.164576802507837,0.1574279379157428,0.1393939393939394,0.1612903225806451,0.1284271284271284,0.2147335423197492,0.1851441241685144,0.1872053872053872,0.1964809384164222,0.1948051948051948,0.329153605015674,0.319290465631929,0.3548821548821549,0.3313782991202346,0.3376623376623376,0.1536050156739812,0.1762749445676275,0.1589225589225589,0.1554252199413489,0.176046176046176,0.1379310344827586,0.1618625277161862,0.1595959595959596,0.1554252199413489,0.163059163059163,0.15125,0.18375,0.3375,0.17125,0.15625,3557
0.1224461812697107,0.0107453522087668,-0.0162499371132465,0.0740294188570049,-0.0546830218961367,0.1511756217638571,-0.2036743744060818,0.040767386091127,0.1162860128377369,-0.0787027180469803,-0.0429137733790938,0.0005625972134889,0.0121335767207129,0.0679829691667055,-0.0454434237159953,0.0242987147011914,0.1130820399113081,0.0430622009569376,-0.161524500907441,0.0038434387010746,-0.075363081149002,-0.0395841663334666,0.0028841308473339,-0.1018037925895471,0.0862671324912658,0.0559440559440559,0.0541125541125541,0.0664857530529172,0.062200956937799,0.0685543964232488,0.1013986013986013,0.1233766233766233,0.1024423337856173,0.0909090909090909,0.1065573770491803,0.3531468531468531,0.3333333333333333,0.3432835820895522,0.3325358851674641,0.3464977645305514,0.1678321678321678,0.1601731601731601,0.1689280868385346,0.2105263157894736,0.1997019374068554,0.3216783216783216,0.329004329004329,0.3188602442333785,0.3038277511961722,0.2786885245901639,0.06375,0.1025,0.3475,0.18125,0.305,964
-0.071786567969774,-0.0007482229704451,0.0793544299079355,-0.0101010101010101,-0.0699096225412014,-0.0055909811058882,-0.2070389428879995,0.0328685448089471,0.0752479677828323,0.0250067707863139,-0.0027489523317678,0.0655913136533292,-0.0589027666175181,-0.0172503600208353,0.076443752086347,-0.086547040745514,0.114959114959115,0.0300474433315761,-0.0163749294184076,-0.0457963089542037,-0.0811205668578107,-0.0278220804536593,0.0889669662246861,-0.0332154496914223,-0.0387811634349031,0.1755050505050505,0.1646655231560892,0.164200140944327,0.1779220779220779,0.1770334928229665,0.1351010101010101,0.1629502572898799,0.1261451726568005,0.1194805194805194,0.138755980861244,0.3118686868686868,0.3276157804459691,0.3587033121916843,0.3285714285714285,0.3086124401913875,0.1742424242424242,0.1595197255574614,0.175475687103594,0.1753246753246753,0.1782296650717703,0.2032828282828283,0.1852487135506003,0.175475687103594,0.1987012987012987,0.1973684210526315,0.16375,0.135,0.33875,0.1725,0.19,179
-0.122334455667789,0.0909090909090909,-0.0516934046345811,-0.0981610981610983,0.0897480552652965,-0.0827226513501022,0.0344622697563874,-0.0223340673167662,-0.0847540259304964,0.0657077878173212,0.0013513823037634,-0.0204081632653061,0.0159700243733857,-0.0909725195439481,0.0313645486059278,-0.1922503725782411,-0.1798310978638848,-0.1308845445778907,0.082884328785968,0.2051664182811723,-0.0070676737343402,-0.016926016926017,-0.0574745868863515,0.0703990703990704,0.0360266222335187,0.0757575757575757,0.0730837789661319,0.0674087816944959,0.0804769001490312,0.0679770679770679,0.109090909090909,0.1158645276292335,0.1224489795918367,0.1415797317436661,0.122031122031122,0.3575757575757576,0.3475935828877005,0.3345701917130488,0.3845007451564828,0.3595413595413595,0.1606060606060606,0.1586452762923351,0.1595547309833024,0.1341281669150521,0.1359541359541359,0.296969696969697,0.3048128342245989,0.316017316017316,0.2593144560357675,0.3144963144963145,0.0675,0.12,0.34,0.14625,0.32625,3698
0.008529561857549,0.0359408033826638,0.0682013937827891,-0.0644746374133267,-0.0387707879009837,-0.0540184453227932,-0.1067193675889328,0.077733860342556,-0.0282207910666407,0.0103015779154087,0.0820988792591226,0.0374331550802139,0.0163068594441143,-0.0620395647133615,-0.0217974090137127,0.034681793302483,0.0909090909090909,0.0059323392656726,-0.0837647201283564,-0.0055561236663599,-0.0566353187042842,0.0516363636363635,0.0114478114478114,-0.1148124602670057,0.0539727988546885,0.1078224101479915,0.1146245059288537,0.0998217468805704,0.1049783549783549,0.1149090909090909,0.120507399577167,0.1383399209486166,0.1203208556149732,0.1136363636363636,0.1185454545454545,0.2515856236786469,0.2490118577075099,0.2655971479500891,0.2683982683982684,0.2669090909090909,0.1902748414376321,0.183794466403162,0.1898395721925133,0.1937229437229437,0.1992727272727272,0.3298097251585624,0.3142292490118577,0.3244206773618538,0.3192640692640692,0.3003636363636364,0.10875,0.125,0.27,0.17875,0.3175,3821
0.1677214641166577,0.1286133221617093,-0.0454142131160766,-0.0389610389610388,-0.1595547309833023,0.1134424291677441,-0.1696204683581961,-0.0265223119665465,0.0982286634460547,0.0200922266139658,-0.0061614005980772,0.0541944720253078,-0.0282904360275124,0.0360295872106896,-0.0603078024337866,0.0324354040681692,0.1719855097464205,-0.1122994652406417,-0.0314913844325608,0.0106951871657753,-0.0389610389610388,0.0548806032677,-0.0254093732354603,0.0476190476190476,-0.0551948051948052,0.111317254174397,0.1185770750988142,0.1345740873299928,0.1294117647058823,0.1389610389610389,0.1688311688311688,0.2266139657444005,0.1832498210450966,0.160427807486631,0.1831168831168831,0.300556586270872,0.2951251646903821,0.2956335003579098,0.3197860962566844,0.2948051948051948,0.2337662337662337,0.2028985507246377,0.2168933428775948,0.2320855614973262,0.2142857142857142,0.1855287569573283,0.1567852437417654,0.1696492483894058,0.1582887700534759,0.1688311688311688,0.13375,0.19375,0.2875,0.225,0.16,4878
-0.3575757575757576,0.2496392496392496,0.1820645479182063,-0.1880393337346979,-0.0724343809845668,0.1881606765327695,-0.1275546159267089,-0.1206792829027656,0.126331853884603,0.0443031508130496,0.0588235294117647,-0.1495507293826621,0.0161918425906948,0.0083932429082409,0.01624725591487,-0.1483253588516746,0.1455912508544087,-0.0075076827323297,-0.0710098545581292,0.028832642606855,-0.2231404958677685,0.0030171848353666,0.0324531344486997,0.0257785561819277,-0.0036150624187123,0.0848484848484848,0.0507399577167019,0.0588235294117647,0.0717703349282296,0.0764462809917355,0.0787878787878787,0.1183932346723044,0.1207028265851795,0.089712918660287,0.1046831955922865,0.2515151515151515,0.3446088794926004,0.3025210084033613,0.3098086124401913,0.2975206611570248,0.2242424242424242,0.1649048625792812,0.1871657754010695,0.2021531100478469,0.1838842975206611,0.3606060606060606,0.321353065539112,0.3307868601986249,0.326555023923445,0.337465564738292,0.0625,0.105,0.3075,0.18875,0.33625,3899
-0.1483253588516748,0.1578947368421053,-0.0802242639504506,-0.024486349563749,-0.0064345817521862,0.0633608815426997,-0.0295159386068477,-0.0495360746336766,0.0131259115216334,0.031062980906241,-0.1712631937351039,-0.0132788559754852,0.0073757496381057,0.0674758156582346,-0.0003170018667888,-0.276767676767677,-0.0583549783549783,0.0065067856478898,-0.049554367201426,0.147335423197492,-0.112947658402204,0.0101534828807555,-0.095168077878619,0.1716091395235779,-0.0373325733827303,0.0861244019138756,0.0702479338842975,0.0878447395301327,0.0957575757575757,0.0834710743801653,0.1842105263157894,0.2252066115702479,0.2216547497446374,0.2315151515151515,0.2165289256198347,0.2200956937799043,0.2138429752066115,0.2022471910112359,0.2024242424242424,0.2231404958677686,0.2177033492822966,0.2097107438016529,0.1981613891726251,0.223030303030303,0.1760330578512396,0.291866028708134,0.2809917355371901,0.2900919305413687,0.2472727272727272,0.3008264462809917,0.075,0.21875,0.20375,0.2125,0.29,4487
-0.210679926494433,0.1640543364681296,-0.0281170804357486,-0.0892625312688009,0.1123947729914409,0.283475145544111,-0.198378341235484,-0.0084423877527326,0.037999037999038,-0.0052369602931401,-0.035845713506883,-0.0640567162306291,-0.0035386347230426,-0.0194168296935095,0.076253497357552,-0.1351262167959084,-0.0207336523125996,-0.0559313644613101,0.0913923928277995,0.0366109348959733,0.0804597701149424,-0.2375180375180374,-0.0440032508998025,0.0205081114172023,0.1556009533537624,0.0877742946708464,0.0519480519480519,0.075098814229249,0.0822966507177033,0.0666666666666666,0.109717868338558,0.1572871572871572,0.13965744400527,0.1339712918660287,0.1624242424242424,0.335423197492163,0.329004329004329,0.3274044795783926,0.3444976076555024,0.3406060606060606,0.2695924764890282,0.238095238095238,0.2523056653491436,0.2248803827751196,0.2424242424242424,0.1974921630094044,0.2236652236652236,0.2055335968379446,0.2143540669856459,0.1878787878787878,0.0725,0.13125,0.32625,0.2475,0.2225,3238
0.1077067795471343,-0.0273466371027348,-0.0022894020514485,-0.1301051426936557,0.015215230522211,0.0383170548459803,0.0725436179981634,-0.0078613182826043,-0.1730205278592376,0.0576612520186187,-0.0435355889901345,-0.067081067081067,0.0145355999014534,0.0776248840764969,0.0140128071162553,-0.0510701419792329,-0.1655011655011655,0.1176303371425322,0.0164674035641777,-0.0185676392572944,-0.0263675718221172,-0.0303030303030302,0.003273149614613,0.0448261416003351,0.0111957008508731,0.1840354767184035,0.1983471074380165,0.2152292152292152,0.2167832167832167,0.2116883116883116,0.1541019955654102,0.1391184573002754,0.16006216006216,0.1748251748251748,0.1545454545454545,0.3082039911308204,0.3099173553719008,0.303030303030303,0.2713286713286713,0.3064935064935065,0.1751662971175166,0.1818181818181818,0.1429681429681429,0.1524475524475524,0.148051948051948,0.1784922394678492,0.1707988980716253,0.1787101787101787,0.1846153846153846,0.1792207792207792,0.20625,0.15,0.3075,0.155,0.18125,2974
-0.0219288907813497,-0.1242488854429153,-0.1363636363636362,0.3035949557688687,0.0273101384212495,-0.0870518102919259,0.0821294596536036,-0.0313216195569134,0.0932341315973029,-0.0475121586232696,-0.0740994347551724,-0.0414756683413399,0.1312741312741313,-0.1299837386793909,-0.0057195242380425,0.328309649251695,0.1209127219217611,-0.1020669471373696,-0.1133997661860493,0.0093949405373505,0.0520632283599228,-0.0721355962364036,0.0020225675963381,0.0194172660316637,0.0138175930525656,0.0779220779220779,0.0828877005347593,0.0819000819000819,0.0512163892445582,0.0722801788375558,0.1883116883116883,0.1537433155080214,0.1744471744471744,0.147247119078105,0.1795827123695976,0.3181818181818182,0.2887700534759358,0.2432432432432432,0.3085787451984635,0.2794336810730253,0.1201298701298701,0.1564171122994652,0.1949221949221949,0.1920614596670934,0.169150521609538,0.2954545454545454,0.3181818181818182,0.3054873054873054,0.3008962868117797,0.2995529061102832,0.07625,0.1675,0.28,0.1725,0.30375,3580
-0.0540184453227932,0.2803030303030303,0.0635597855814462,-0.1873840445269017,-0.0207336523125996,0.1486774095469748,0.5192307692307692,-0.0098205044053418,0.0675990675990675,-0.1777695988222303,0.0356852521514872,0.0409413281753707,-0.0204200387778235,-0.0035219761663529,0.0071891527658605,-0.3950244129272262,0.0641711229946525,-0.0540744029807525,0.0614427589217505,0.07522817739536,-0.2648221343873516,0.0151515151515152,0.0120215390973513,0.1021324354657687,-0.0268094478620792,0.0606060606060606,0.0489510489510489,0.0554480980012894,0.0802139037433155,0.0727272727272727,0.0575757575757575,0.0384615384615384,0.0767246937459703,0.0748663101604278,0.0787878787878787,0.3242424242424242,0.3496503496503496,0.3533204384268214,0.3649732620320856,0.3420875420875421,0.2181818181818181,0.1713286713286713,0.1843971631205673,0.1724598930481283,0.1649831649831649,0.3393939393939394,0.3916083916083916,0.3301096067053514,0.3074866310160428,0.3414141414141414,0.0575,0.08,0.34625,0.18375,0.3325,2887
-0.6913319238900635,-0.0815850815850816,0.0338420703384206,0.1540941328175371,0.0192837465564739,-0.0805731735964294,-0.0101010101010099,0.0193909901939099,-0.0889032165627909,0.0434649525558618,0.0093627302929628,0.1208791208791209,-0.0370651246563653,0.0015658100764482,0.0003935458480913,-0.0540184453227932,-0.1080706732880645,0.0344575555619669,-0.0839196778142199,0.0497864015650577,-0.0538298910391934,0.0532544378698224,-0.0208769332856921,0.0675990675990676,-0.0214028395846577,0.0909090909090909,0.058080808080808,0.0532467532467532,0.0566534914361001,0.0566433566433566,0.1054545454545454,0.0984848484848484,0.0857142857142857,0.1080368906455863,0.0923076923076923,0.3309090909090909,0.3358585858585858,0.3551948051948052,0.3306982872200263,0.3496503496503496,0.149090909090909,0.1919191919191919,0.1759740259740259,0.1910408432147562,0.1643356643356643,0.3236363636363636,0.3156565656565656,0.3298701298701298,0.3135704874835309,0.337062937062937,0.05375,0.0975,0.3425,0.17625,0.33,2575
-0.0961011489832219,-0.0384116148262103,0.091389837027066,-0.0408492007765066,-0.0005175090564084,-0.0144586503516617,-0.0144586503516617,0.0901247156639736,-0.0243277848911651,-0.0882822028332863,-0.0108209680554656,0.1187714637465171,-0.0289639085077433,-0.0154205867616767,-0.0230179028132992,0.0430622009569376,0.0273746960545925,0.0156090673778336,0.0026282094480759,-0.075147762454264,0.0197052492134459,-0.006789203510515,0.0197052492134459,-0.0812348840517853,0.0303030303030302,0.1671554252199413,0.1547049441786284,0.1541501976284585,0.145933014354067,0.1494949494949495,0.158357771260997,0.1547049441786284,0.1343873517786561,0.1483253588516746,0.1535353535353535,0.2771260997067448,0.277511961722488,0.3138339920948617,0.3002392344497607,0.298989898989899,0.1847507331378299,0.1818181818181818,0.1802371541501976,0.1770334928229665,0.1919191919191919,0.2126099706744868,0.2312599681020733,0.217391304347826,0.2284688995215311,0.206060606060606,0.1525,0.1525,0.305,0.1775,0.2125,1419
-0.4497130776200544,0.2237647410061202,-0.0916619612271787,0.1563991563991563,-0.0273617929120322,0.0253341455548786,0.1817650496785504,-0.0495522654697304,-0.0114179605705029,-0.0321363009709454,0.0805511017778849,0.0195872167637962,-0.0646293692689958,0.0769856541668622,0.0004408102735066,0.1045889814699664,-0.0695187165775401,0.0002325040688211,0.0058960647195941,0.0123583143566257,-0.0673453888626613,-0.1626137504945675,-0.0002942041776994,0.0857039400728721,0.0405283850724458,0.0779220779220779,0.0523882896764252,0.0494203782794386,0.0481283422459893,0.057369814651368,0.1125541125541125,0.1186440677966101,0.1421598535692495,0.1550802139037433,0.1685789938217122,0.3766233766233766,0.362095531587057,0.3672971323978035,0.3449197860962567,0.3451015004413063,0.1645021645021645,0.197226502311248,0.1799877974374618,0.1938502673796791,0.1782877316857899,0.2683982683982684,0.2696456086286595,0.2611348383160464,0.2580213903743315,0.2506619593998235,0.05375,0.145,0.345,0.195,0.26125,3907
0.1681521093285799,-0.168831168831169,0.1756646929060722,-0.2836700336700337,-0.006414510064145,-0.0593328240387063,-0.3061224489795919,0.0048265910334875,0.1341991341991342,0.0141245615698171,0.0741479766940697,0.0695871292886217,-0.060528080600134,0.0690486959143675,-0.0102110548782297,-0.3104013104013103,0.0312390312390312,0.0774473533094222,-0.0101010101010101,-0.0186696318083179,0.1636846126010213,0.0235328581193242,-0.0517411606340827,-0.086048454469507,0.0580299454675176,0.053030303030303,0.0675324675324675,0.059023066485753,0.0835380835380835,0.0533151059466848,0.1022727272727272,0.1142857142857142,0.0814111261872456,0.0847665847665847,0.0854408749145591,0.2689393939393939,0.3246753246753247,0.3459972862957937,0.300982800982801,0.3431305536568694,0.231060606060606,0.1558441558441558,0.1675712347354138,0.1818181818181818,0.1954887218045112,0.3446969696969697,0.3376623376623376,0.3459972862957937,0.3488943488943489,0.3226247436773752,0.06375,0.0875,0.32625,0.18,0.3425,4673
-0.2684989429175475,0.0656565656565657,0.0231259968102073,0.097532704090081,-0.0432190760059612,0.0603711533944092,-0.0293410293410294,0.0177463861674387,-0.0345452968403787,0.0033039213367082,0.0059715885909276,-0.0419989367357789,0.0010912448585578,0.0029719106509443,0.0204024716535501,-0.049440892534196,-0.0879883169039796,-0.0184277780980381,0.0854625656126742,0.0184284081183153,-0.0938505377332474,0.0184453227931488,-0.0089452881214895,0.0755739864791896,-0.0324197066891291,0.1363636363636363,0.101010101010101,0.1068580542264752,0.112814895947426,0.1175889328063241,0.1401515151515151,0.1544011544011544,0.1562998405103668,0.1631982475355969,0.1472332015810276,0.2784090909090909,0.2799422799422799,0.284688995215311,0.2902519167579409,0.2875494071146245,0.2064393939393939,0.2366522366522366,0.2280701754385964,0.2092004381161007,0.2114624505928853,0.2386363636363636,0.227994227994228,0.2240829346092504,0.2245345016429353,0.2361660079051383,0.1075,0.15,0.285,0.22875,0.22875,4902
-0.2121212121212121,-0.0822510822510822,-0.0150979762287182,-0.1764705882352941,0.1640543364681296,-0.0774410774410774,-0.1159211159211159,0.0634257772066958,-0.1408199643493759,0.0525949146638801,-0.1272141706924316,-0.0602923646401907,-0.0186362006918159,0.0041075718825079,0.0550179455726681,-0.1096884336320955,-0.0974940552405341,0.0299652072408753,0.1263086540634179,-0.0518001775893957,0.1021324354657686,0.072356215213358,0.0189629765601497,-0.0610304727951787,-0.0261343594676928,0.0545454545454545,0.0484848484848484,0.0507246376811594,0.0499359795134443,0.0404040404040404,0.1136363636363636,0.1171717171717171,0.11133069828722,0.115236875800256,0.0974025974025974,0.359090909090909,0.3313131313131313,0.3603425559947299,0.3431498079385403,0.347041847041847,0.2,0.1939393939393939,0.1693017127799736,0.1485275288092189,0.1803751803751803,0.2727272727272727,0.3090909090909091,0.308300395256917,0.3431498079385403,0.3347763347763348,0.045,0.105,0.35375,0.17,0.32625,1860
-0.0266886671381054,0.0909090909090909,-0.0054461667364893,-0.0101010101010101,-0.0083743417076751,0.0780754825698646,0.0442890442890443,0.1148636309926631,-0.3079513079513079,0.0330656997323665,0.1032930478093051,0.1311343523732905,-0.0499349351761571,-0.0145704835970323,-0.0249992550877504,0.1539986781229345,-0.2085561497326202,0.0300401685600925,-0.1229946524064171,0.0524856407209349,-0.0346304655837095,0.0175953079178886,-0.07031366136465,-0.0671228413163897,0.0985120017378082,0.1142191142191142,0.1025641025641025,0.0997586484312148,0.0941176470588235,0.1151026392961876,0.0909090909090909,0.0955710955710955,0.0868865647626709,0.120855614973262,0.0982404692082111,0.2727272727272727,0.2400932400932401,0.2847948511665326,0.2631016042780749,0.2903225806451613,0.1818181818181818,0.2354312354312354,0.1826226870474658,0.2021390374331551,0.1920821114369501,0.3403263403263403,0.3263403263403263,0.3459372485921158,0.3197860962566844,0.3042521994134897,0.11125,0.1,0.27125,0.18,0.3375,8
-0.1550802139037432,0.2727272727272727,0.0421286031042128,0.0369905956112851,-0.0686456400742114,0.3518068384378544,-0.5640273704789835,0.0234943671750768,0.0424622399544029,-0.0524540394670263,0.0399595772453577,0.0209434964324474,-0.0661638470357501,0.0245106509021795,0.0299913809475115,0.0721070495445999,0.0680110874543044,0.0037359900373599,-0.0993258040967062,0.0078023737514931,-0.090848149671679,-0.1228914454720906,-0.0056790544595421,-0.0031347962382446,0.0764790764790765,0.1472727272727272,0.0826446280991735,0.1224051539012169,0.1183063511830635,0.139083139083139,0.0563636363636363,0.1212121212121212,0.0758768790264853,0.0722291407222914,0.087024087024087,0.2945454545454545,0.3002754820936639,0.3278453829634932,0.3063511830635118,0.3092463092463092,0.1745454545454545,0.1735537190082644,0.1768074445239799,0.199252801992528,0.1818181818181818,0.3272727272727272,0.3223140495867768,0.2970651395848246,0.3038605230386052,0.2828282828282828,0.1275,0.0775,0.3075,0.18125,0.30625,2894
-0.1408199643493761,-0.0774410774410776,0.0171990171990171,0.0938675457503909,-0.0169992609017,-0.0902190788338794,-0.0681162530100374,0.0092732028215898,0.0134848280346998,0.0558615263571989,0.0403237462060991,0.0411697728770898,0.0769639418288067,-0.081492294881416,-0.0019775873434411,0.0127519539284244,0.0044282727209556,-0.0626010626010626,0.0012776623655285,0.0357609869804991,-0.031770997168921,0.0261292987261424,0.002746061569591,0.0453389419670492,-0.0573453328116169,0.1212121212121212,0.1158357771260997,0.1019656019656019,0.1048951048951049,0.1096256684491978,0.1656565656565656,0.1642228739002932,0.1474201474201474,0.153069153069153,0.1497326203208556,0.1818181818181818,0.1832844574780058,0.1707616707616707,0.1965811965811965,0.1844919786096256,0.2707070707070707,0.2947214076246334,0.3230958230958231,0.2983682983682983,0.285204991087344,0.2606060606060606,0.2419354838709677,0.2567567567567567,0.247086247086247,0.2709447415329768,0.10625,0.15375,0.185,0.29875,0.25625,2847
-0.1730205278592376,-0.1050875729774811,0.1102514506769826,0.1930171277997364,-0.1186079545454545,-0.2141791428718422,0.0635471079700922,0.0335606908955172,-0.137230427848277,0.0679824561403509,0.1362303385763795,0.0294942755326408,0.0040443115878319,-0.0540184453227932,-0.0201446280991735,0.1788856304985338,-0.1175979983319432,0.0599613152804643,-0.0935441370223979,0.0021306818181817,-0.1439373742759506,-0.0201338581048944,0.0076250459580862,-0.1149947190191531,0.0984222389181067,0.0909090909090909,0.0940988835725677,0.0669421487603305,0.0636363636363636,0.0886551465063861,0.1505681818181818,0.1275917065390749,0.1322314049586777,0.1522727272727272,0.1389932381667918,0.2613636363636363,0.2838915470494418,0.2925619834710743,0.2761363636363636,0.2915101427498122,0.1392045454545454,0.1961722488038277,0.1818181818181818,0.1886363636363636,0.1923365890308039,0.3579545454545454,0.2982456140350877,0.3264462809917355,0.3193181818181818,0.2885048835462058,0.0775,0.13625,0.29375,0.1725,0.32,3664
0.0609103952002086,0.1087344028520498,-0.0922744339515302,0.1978609625668449,-0.0490298522752883,-0.0051736881005173,-0.0101010101010101,0.1059531485063399,-0.0774410774410774,-0.0681527922907234,0.003026526615631,0.1594779915947799,0.0135867135401224,-0.06908501069085,-0.0210333895206786,0.2668144863266815,0.0168350168350167,0.0268643885665161,-0.0168350168350168,-0.0662951352606526,0.0690506518217985,0.0400458485564867,-0.0023274848987842,0.0149724192277382,-0.0276400591881149,0.0481283422459893,0.0515151515151515,0.0510948905109489,0.0375757575757575,0.0477111540941328,0.0802139037433155,0.0909090909090909,0.0756469807564698,0.0884848484848484,0.0863958736299161,0.3850267379679144,0.3151515151515151,0.3477106834771068,0.343030303030303,0.3533204384268214,0.1443850267379679,0.1939393939393939,0.192435301924353,0.183030303030303,0.1773049645390071,0.3422459893048128,0.3484848484848485,0.3331121433311214,0.3478787878787879,0.3352675693101225,0.05125,0.09,0.3525,0.18,0.32625,144
0.6851633215269579,-0.0506347584999269,-0.0004810004810005,0.1101491101491102,-0.1635268552264599,-0.3453776667307324,0.2588545502054777,-0.0461201158875577,-0.02184637068358,0.0306595693120189,0.0368972473482137,-0.1131397135112963,0.0604204777433124,-0.0021474588403722,-0.0298748588873392,0.2258604456533111,0.1207768195394423,0.0282572561053574,-0.1315688530878405,-0.0370377108757056,-0.1061665607120152,0.0068358607684451,0.022015022015022,-0.0644910644910645,0.0292711241327842,0.0173160173160173,0.0739957716701902,0.0529706513958482,0.0425776754890678,0.0608391608391608,0.1168831168831168,0.0824524312896406,0.1238367931281317,0.097813578826237,0.1104895104895104,0.3376623376623376,0.3530655391120507,0.317108088761632,0.3279631760644418,0.3300699300699301,0.1601731601731601,0.1839323467230444,0.180386542591267,0.2036823935558112,0.1916083916083916,0.3679653679653679,0.3065539112050739,0.325697924123121,0.3279631760644418,0.3069930069930069,0.055,0.11125,0.3375,0.18,0.31625,2104
0.1549481745560177,-0.2981217800494908,0.0352699572557727,-0.0261343594676928,0.0453053744192984,-0.3920719803072745,0.1863558128618369,0.0175309324245493,0.2107665577053331,-0.132482145140373,0.0196078431372549,0.0081538274309358,0.0597464001719321,-0.051329622758194,-0.0463282615181348,-0.0020715903068844,0.0645629199846067,-0.0734138393712862,-0.0362867505724648,0.0876952902269357,-0.0095751896897133,-0.0700888832885848,-0.0772382077221089,0.0061350364763764,0.1147047941043684,0.0538720538720538,0.0887445887445887,0.0625,0.0638820638820638,0.0643604183427192,0.1346801346801346,0.0844155844155844,0.1029040404040404,0.097051597051597,0.1110217216411906,0.3400673400673401,0.3463203463203463,0.3314393939393939,0.3783783783783784,0.3797264682220434,0.1885521885521885,0.145021645021645,0.1931818181818181,0.1904176904176904,0.1826226870474658,0.2828282828282828,0.3354978354978355,0.3099747474747474,0.2702702702702703,0.2622687047465808,0.06375,0.10375,0.3525,0.18375,0.29625,3143
-0.1448821044023442,-0.0065468193547011,-0.0196699851872266,-0.0069345492542984,0.0688724044818275,-0.1857707509881421,-0.1204481792717087,0.032340208810797,0.1411440609301572,-0.0059829512363001,-0.1887426075069096,0.0811909179256117,0.0485704771419057,0.0099214979597755,-0.088229123664246,-0.210474308300395,0.0568954854669139,0.0467865467865468,-0.0158402203856748,-0.0463546354635464,0.0752479677828324,0.0711893676853244,-0.0605746454803057,-0.0395550704298559,0.0387718017084727,0.0658307210031347,0.0681818181818181,0.0683526999316473,0.0696022727272727,0.0531732418524871,0.1849529780564263,0.2058823529411764,0.1688311688311688,0.1732954545454545,0.1706689536878216,0.347962382445141,0.3302139037433155,0.3246753246753247,0.3252840909090909,0.3619210977701543,0.1661442006269592,0.141711229946524,0.163362952836637,0.1676136363636363,0.1715265866209262,0.2351097178683385,0.2540106951871658,0.2747778537252221,0.2642045454545454,0.2427101200686106,0.0575,0.18375,0.34125,0.165,0.2525,841
0.0493166963755199,0.0022172949002216,-0.0774410774410774,-0.0647010647010646,0.1115979067786298,0.1709157235833022,-0.1138039498788223,-0.0523843081982617,0.1314782012456431,-0.0188746529458212,-0.0126843886434679,-0.1375686879398439,0.0084419069926316,0.0634903678381939,0.0010106301358265,-0.1247520775275539,0.2130164579494706,0.0439607341015793,-0.0104855175277711,-0.0860342779568978,0.1029843022252889,-0.0013589871969101,-0.03399587270555,-0.0382816834429737,0.0389711338020705,0.0606060606060606,0.0528541226215644,0.064558629776021,0.0717029449423815,0.0571847507331378,0.1022727272727272,0.1141649048625792,0.116600790513834,0.0806658130601792,0.1026392961876832,0.3636363636363636,0.3551797040169133,0.3346508563899868,0.322663252240717,0.3489736070381232,0.1969696969696969,0.160676532769556,0.1732542819499341,0.1869398207426376,0.1920821114369501,0.2765151515151515,0.3171247357293869,0.310935441370224,0.3380281690140845,0.2991202346041056,0.06375,0.1025,0.3375,0.185,0.31125,1128
0.221705761539293,0.0404797601199399,0.0572729560899709,-0.0786395658475744,-0.1112571096052408,-0.0579937304075235,0.2094861660079051,-0.028533510285335,-0.0569403714565004,-0.0138813282525858,0.0258017844224739,-0.1188811188811189,0.0322086672451636,0.0555680878261524,-0.041832419077928,-0.071055381400209,-0.1660079051383398,0.0903561159035613,-0.0508308895405669,0.0473598258029396,0.0092495839622275,-0.0462109012833651,-0.0420506770871733,-0.028203178740813,0.1290146978769732,0.0564263322884012,0.0767045454545454,0.0706293706293706,0.0776515151515151,0.0718294051627385,0.1379310344827586,0.1136363636363636,0.1608391608391608,0.1676136363636363,0.1503928170594837,0.322884012539185,0.3522727272727273,0.3314685314685314,0.3115530303030303,0.3569023569023569,0.2507836990595611,0.2457386363636363,0.2195804195804195,0.2443181818181818,0.239057239057239,0.231974921630094,0.2116477272727272,0.2174825174825174,0.1988636363636363,0.1818181818181818,0.0725,0.14375,0.3425,0.2325,0.20875,151
-0.1255411255411256,-0.0535259133389973,-0.0009502692429521,0.1515151515151515,-0.0535259133389973,-0.2741975006125949,-0.0387778329940207,0.0580979076147046,-0.0703259005145797,0.0445808819993267,0.0924018510225407,-0.0078223420150587,0.0143414197240943,0.0236154649947754,-0.0500102540063867,0.1460594200320227,-0.0335075243537668,0.00373599003736,-0.0361145703611456,0.0083914293362508,0.0150522260614003,0.0771125470602449,-0.0670913333701428,0.0436474840144565,0.0178731497431661,0.059090909090909,0.0668953687821612,0.0476489028213166,0.0448318804483188,0.0517097581317764,0.1409090909090909,0.1389365351629502,0.1347962382445141,0.1382316313823163,0.1234361968306922,0.359090909090909,0.3379073756432247,0.3536050156739811,0.3574097135740971,0.3828190158465387,0.1590909090909091,0.2006861063464837,0.1830721003134796,0.1942714819427148,0.1793160967472894,0.2818181818181818,0.2555746140651801,0.2808777429467085,0.2652552926525529,0.2627189324437031,0.0525,0.13375,0.35875,0.1875,0.2675,3591
-0.3589785741684477,0.0118084358922054,0.0968801313628898,0.0288990288990289,-0.0043290043290042,0.0262901655306718,-0.1349906637864755,0.1047745358090184,-0.1151011151011152,0.1095571095571096,0.1028066548341167,0.0545260933050443,-0.0732692205515117,-0.0202806812976303,0.0097586029789419,-0.0228870988364657,-0.1052937754508436,-0.0841170323928945,0.1605241605241605,0.1178451178451177,-0.1507479861910241,-0.0233222275107092,-0.0530956112852665,0.1016584766584766,0.0909090909090909,0.1341991341991342,0.0961538461538461,0.0885978428351309,0.101010101010101,0.1136363636363636,0.2359307359307359,0.270979020979021,0.2257318952234206,0.2638888888888889,0.2443181818181818,0.2619047619047619,0.2596153846153846,0.3112480739599383,0.3143939393939394,0.3053977272727273,0.1796536796536796,0.2062937062937063,0.1887519260400616,0.1553030303030303,0.1661931818181818,0.1883116883116883,0.1669580419580419,0.1856702619414484,0.1654040404040404,0.1704545454545454,0.09875,0.23875,0.29,0.185,0.1875,1052
0.0681865918160813,0.0947841587227775,0.128407824059998,0.0060205800436952,-0.1461949633548245,0.0440297821490944,-0.1341872901380425,0.0784409389060551,-0.0276447132496586,-0.0096544184438782,0.0178464486764882,0.0536379841192674,0.152362788726425,-0.0252118422429123,-0.1019283746556474,0.0370695684705346,-0.0774410774410774,0.0330656997323663,0.0112091377914163,-0.0207695885769396,-0.0764443696913632,-0.0012515644555695,0.0213096596075319,-0.0217989210717461,0.0409719719646101,0.1607378129117259,0.1649048625792812,0.1694214876033057,0.1661054994388327,0.1856866537717601,0.0961791831357048,0.120507399577167,0.1005509641873278,0.1144781144781144,0.1063829787234042,0.1699604743083003,0.1797040169133192,0.1652892561983471,0.1885521885521885,0.1908446163765312,0.1963109354413702,0.2029598308668076,0.2024793388429752,0.1952861952861952,0.2018052869116698,0.3768115942028985,0.3319238900634249,0.3622589531680441,0.3355780022446689,0.3152804642166344,0.1725,0.10625,0.195,0.1975,0.32875,1590
0.2817059483726151,-0.1455211455211456,0.0626262626262627,0.1750841750841749,-0.1443102352193261,-0.1883541295306001,0.0127519539284245,0.0366409189938602,0.0493166963755199,-0.0221507547710757,-0.0556010556010555,-0.0296010296010296,-0.0279370279370279,0.0308490308490307,0.026362662726299,0.0957190957190957,-0.0047095761381474,-0.0066378066378065,-0.0317460317460318,0.004631731904459,-0.141853315766359,-0.1061402365750192,0.0162494510320596,-0.0283999414434197,0.0620709988298919,0.0484848484848484,0.0802139037433155,0.0712530712530712,0.061038961038961,0.0770750988142292,0.1303030303030303,0.1122994652406417,0.1171171171171171,0.1142857142857142,0.1258234519104084,0.2636363636363636,0.2709447415329768,0.2891072891072891,0.2831168831168831,0.2766798418972332,0.1484848484848485,0.1711229946524064,0.1744471744471744,0.1857142857142857,0.1851119894598155,0.4090909090909091,0.3654188948306595,0.348075348075348,0.3558441558441558,0.3353096179183136,0.0675,0.11375,0.28125,0.18,0.3575,3008
0.1652536846224077,0.1110493784290576,0.0405787983642654,-0.1444531489492149,-0.0145632094016192,-0.0736375306336796,0.1549120735723607,-0.0695187165775401,0.0003961844390942,0.0392798381148703,0.0403838464614153,-0.0451545473900167,0.0532129394231613,-0.0441683199331732,-0.0226020982192822,0.000942987486301,-0.0422179701176566,0.0902944249800234,-0.0329519664024386,-0.0639308444951078,0.1913395069779574,0.0277102576567817,0.0464768795218621,-0.0661126060151913,-0.0483819830483398,0.0427807486631016,0.055023923444976,0.0491803278688524,0.051201671891327,0.0414438502673796,0.0855614973262032,0.0813397129186602,0.1005961251862891,0.1003134796238244,0.0935828877005347,0.3262032085561497,0.3636363636363636,0.3219076005961251,0.309299895506792,0.3241978609625668,0.2245989304812834,0.1961722488038277,0.2049180327868852,0.2027168234064786,0.2092245989304813,0.320855614973262,0.3038277511961722,0.323397913561848,0.3364681295715778,0.3315508021390374,0.05125,0.09625,0.34,0.19625,0.31625,2029
-0.2662337662337664,0.1002811621368322,-0.0940574576938213,0.1023376623376624,0.0774025974025974,0.1626794258373205,-0.2364557128528912,-0.0584312019718717,0.0200956937799043,0.1017543859649123,-0.1363636363636364,-0.0560080256609949,-0.0223877701470529,0.1149807938540332,0.0227912932138284,-0.0681818181818181,-0.1246485473289595,-0.0413223140495866,0.2319999999999999,-0.0065454545454546,0.0497648902821317,-0.0664770707429791,-0.0164339317944333,0.0319749216300939,0.0144200626959246,0.1012987012987013,0.0669856459330143,0.0909090909090909,0.0854545454545454,0.0760188087774294,0.109090909090909,0.149920255183413,0.1280409731113956,0.1363636363636363,0.1293103448275862,0.361038961038961,0.3492822966507177,0.3373879641485275,0.3436363636363636,0.335423197492163,0.1402597402597402,0.1531100478468899,0.1382842509603073,0.12,0.1512539184952978,0.2883116883116883,0.2807017543859649,0.3053777208706786,0.3145454545454546,0.3079937304075235,0.08,0.12125,0.33,0.15625,0.3125,3418
0.0358126721763085,0.4318181818181819,-0.0231465951023146,-0.3311688311688312,0.0612648221343873,0.2824652444102762,0.0697674418604651,0.1200081134003728,-0.0872848082150408,-0.1275546159267091,-0.0330578512396693,0.0411931818181817,0.0062059711506204,-0.0633116883116882,0.0180335968379444,-0.1162391327680583,-0.0979929161747343,-0.0142155730884345,0.0015179625569234,0.0554899645808736,0.0439150866958354,-0.1564171122994653,0.0409850622570395,-0.008403361344538,0.0041075718825078,0.0397727272727272,0.0295983086680761,0.0426136363636363,0.0460448642266824,0.0394385026737967,0.0568181818181818,0.0930232558139534,0.0958806818181818,0.1097992916174734,0.1156417112299465,0.3465909090909091,0.2980972515856236,0.3366477272727273,0.3435655253837072,0.3248663101604278,0.2329545454545454,0.1902748414376321,0.1860795454545454,0.1747343565525383,0.1764705882352941,0.3238636363636363,0.3890063424947146,0.3387784090909091,0.3258559622195985,0.3435828877005347,0.04125,0.1,0.33875,0.175,0.345,1807
-0.2593467138921685,0.1971664698937425,0.1085523261212739,-0.1776859504132231,-0.0132674709477218,-0.0582010582010581,-0.1832611832611832,-0.0592819581583627,0.0909090909090909,0.0634312473392931,-0.0133076799743465,-0.0081770081770082,0.0375666780161161,0.0235690235690235,-0.0485441903066425,-0.0212010212010211,-0.0922410922410923,0.0536305143046714,-0.1013986013986014,0.0354473113093801,0.020101345682741,0.0415785764622973,-0.0895471569628874,0.0768146582100071,0.0301302249979074,0.0661157024793388,0.0555555555555555,0.0531986531986532,0.0536130536130536,0.051444679351656,0.0702479338842975,0.1035353535353535,0.0882154882154882,0.0955710955710955,0.0838618745595489,0.2975206611570248,0.3535353535353535,0.3212121212121212,0.3158508158508158,0.3636363636363636,0.2355371900826446,0.1818181818181818,0.1952861952861952,0.2202797202797203,0.1846370683579986,0.3305785123966942,0.3055555555555556,0.3420875420875421,0.3146853146853147,0.3164200140944327,0.0525,0.0875,0.33375,0.2,0.32625,2696
0.4373131703886055,0.2301596286652326,0.0285039635688987,-0.1490696954965307,-0.0663822980538524,0.3230174081237911,0.0971357409713574,0.025974025974026,-0.1424404472532814,-0.0080645161290322,0.0558305740418973,0.0375076513920256,-0.0163202415018395,-0.031615896113313,0.0183408718127143,-0.0882734286989606,-0.0291078784229468,-0.007971620216518,0.0469423624503838,-0.0022235828687442,-0.0504172019935338,0.0909999909099998,0.0574597456766383,0.0887445042564289,-0.1409123017317035,0.0330578512396694,0.0397727272727272,0.0554699537750385,0.0639360639360639,0.0617120106171201,0.0702479338842975,0.0823863636363636,0.0878274268104776,0.0939060939060939,0.0829462508294625,0.2975206611570248,0.2982954545454545,0.3112480739599383,0.3086913086913087,0.2886529528865295,0.268595041322314,0.2670454545454545,0.2411402157164869,0.2227772227772227,0.2130059721300597,0.3305785123966942,0.3125,0.3043143297380585,0.3106893106893107,0.3536828135368281,0.05875,0.09125,0.30625,0.23375,0.31,3039
0.1866474625095314,0.0750108397167221,0.0171990171990171,-0.0427278719961647,-0.1539985733534119,0.0924018510225406,-0.1688311688311687,0.0133897110641296,0.1257522964840037,-0.0590699622957688,0.1269011958667131,-0.0021786492374726,-0.0419439876804217,0.0145355999014534,-0.0148799826219181,0.0495412318747227,0.0916416379752399,-0.0503248477125508,0.0644837955228867,-0.0926766560880569,-0.0818120351588911,-0.031770997168921,-0.0081664801227043,0.0713447241424285,0.0119027082973952,0.0884520884520884,0.0987012987012987,0.0949494949494949,0.1033623910336239,0.1176470588235294,0.1572481572481572,0.1987012987012987,0.1703703703703703,0.1544209215442092,0.1754010695187166,0.3169533169533169,0.3181818181818182,0.336026936026936,0.3387297633872976,0.3251336898395722,0.2137592137592137,0.1792207792207792,0.202020202020202,0.1917808219178082,0.1903743315508021,0.2235872235872235,0.2051948051948052,0.1966329966329966,0.211706102117061,0.1914438502673796,0.10875,0.17,0.3225,0.205,0.19375,472
-0.092001092001092,-0.0315925209542231,0.180416262266796,-0.0902677569344234,-0.1257614311049424,0.0400548540083423,0.1543340380549682,-0.0232257190793978,0.1140642303433001,-0.0909736455626744,0.1881209272513621,-0.0091665965856531,0.0322535270701758,-0.0582010582010581,-0.0298806183306681,-0.0311354573649655,0.1375210070710594,-0.0946640431501291,0.1483925910155418,-0.0147779888738466,-0.1372411372411373,0.0163028460900801,0.0164995147201553,0.010513296227582,-0.009219787845742,0.0505050505050505,0.0443974630021141,0.0375494071146245,0.0476900149031296,0.0525974025974025,0.1212121212121212,0.0993657505285412,0.1185770750988142,0.1013412816691505,0.1155844155844155,0.2878787878787879,0.3594080338266385,0.3399209486166007,0.3845007451564828,0.3454545454545454,0.1717171717171717,0.1395348837209302,0.1666666666666666,0.1341281669150521,0.1558441558441558,0.3686868686868687,0.3572938689217759,0.3372859025032938,0.3323397913561848,0.3305194805194805,0.04625,0.1175,0.35125,0.1575,0.3275,3289
0.2177589852008457,-0.0295063884548212,-0.0434426788515309,-0.0053371575570309,-0.0133718700100802,-0.115702479338843,-0.1498383039885016,0.1535590509197546,0.0059527249609894,-0.0670572235589497,-0.1217008797653957,0.1776106081856433,0.0327310566644593,-0.0089617127740295,-0.0567083658141231,-0.0176390773405696,-0.0264881127957052,-0.0285814330108986,0.149832528394265,-0.0442608591106605,-0.013412816691505,-0.0367394544158621,-0.0576414595452141,0.0203537148395568,0.0668251303237814,0.0782241014799154,0.1115702479338843,0.1121700879765395,0.1017639077340569,0.1013412816691505,0.1183932346723044,0.1322314049586777,0.094574780058651,0.1180461329715061,0.1192250372578241,0.3234672304439746,0.262396694214876,0.2998533724340176,0.3188602442333785,0.3278688524590163,0.1797040169133192,0.1776859504132231,0.1803519061583577,0.1519674355495251,0.1751117734724292,0.3002114164904862,0.3161157024793388,0.313049853372434,0.3093622795115332,0.2764530551415797,0.1,0.115,0.31,0.17875,0.29625,4074
0.1168515758679693,-0.2446569823619002,0.0203213992767939,-0.0129646022657239,0.016230566888992,-0.0437710437710436,0.2507492507492508,-0.0159736903922949,0.0430622009569379,-0.1011756913396257,0.0123456790123458,0.000999000999001,-0.0186430905246972,-0.039789556535968,0.0455975552845895,-0.0378292731233906,0.0245049068578481,-0.044646188285039,0.0430622009569379,0.0473685748516992,0.1475191475191475,-0.0978032956054935,0.0087431947897064,-0.0335529132521614,-0.0481321956731792,0.1490312965722801,0.1761363636363636,0.1666666666666666,0.1751336898395722,0.1438561438561438,0.1415797317436661,0.0852272727272727,0.1136363636363636,0.1109625668449197,0.1248751248751248,0.3159463487332339,0.3276515151515151,0.3285123966942149,0.3368983957219251,0.3196803196803197,0.1684053651266766,0.1590909090909091,0.1728650137741046,0.1590909090909091,0.1718281718281718,0.225037257824143,0.2518939393939394,0.2183195592286501,0.2179144385026738,0.2397602397602397,0.16875,0.11375,0.3225,0.16625,0.22875,3496
-0.0695187165775401,-0.0511841100076393,0.0576864995469647,0.0105132962275819,-0.0303745840935922,-0.1441363014550429,-0.2137793806740453,0.049445236573414,-0.000992363118609,0.0634773644575682,0.0502673796791444,0.0074866310160427,0.0167723749119098,0.0065553494124922,-0.0386175807663411,-0.0695187165775401,0.0136660724896019,0.0094745908699398,0.0586133443276299,-0.0309708656816094,0.0160427807486631,0.0554010695187165,-0.0102889358703313,-0.0132343846629561,-0.0049586776859504,0.0909090909090909,0.0972515856236786,0.0807272727272727,0.0909090909090909,0.0836363636363636,0.1116883116883116,0.1289640591966173,0.1054545454545454,0.1047979797979797,0.1003636363636363,0.3038961038961039,0.3065539112050739,0.3170909090909091,0.3194444444444444,0.3258181818181818,0.1818181818181818,0.1839323467230444,0.1825454545454545,0.1729797979797979,0.1861818181818181,0.3116883116883117,0.2832980972515856,0.3141818181818182,0.3118686868686868,0.304,0.085,0.10625,0.3225,0.18375,0.3025,279
0.0807546363101919,-0.0639962447191362,0.1003787878787878,-0.1753902662993574,0.0093627302929628,0.1021324354657687,-0.0156327790500847,-0.0266012396694215,-0.0418231905835213,0.0313280799538726,-0.033679465052014,-0.0382247093799184,0.0379106187929717,-0.0482209412690697,0.019311741609963,-0.0868923149624902,-0.0791491324148268,0.0131578947368421,-0.0578512396694215,0.0920218092800712,-0.0235690235690235,0.044906900328587,0.0397727272727274,-0.0710743801652893,-0.0012684989429176,0.093073593073593,0.0909090909090909,0.1046600458365164,0.1100478468899521,0.1036363636363636,0.1103896103896103,0.1053719008264462,0.1077158135981665,0.1119617224880382,0.099090909090909,0.2878787878787879,0.3285123966942149,0.307868601986249,0.3157894736842105,0.3072727272727272,0.2424242424242424,0.2148760330578512,0.2161955691367456,0.2181818181818181,0.2209090909090909,0.2662337662337662,0.2603305785123967,0.2635599694423224,0.2440191387559808,0.2690909090909091,0.10125,0.10375,0.32,0.20625,0.26875,1741
0.4671994671994671,0.2734538189083643,-0.0599926389400071,-0.0954080884150814,-0.0392769286049918,0.2784992784992784,0.0292535747081201,-0.0278220804536595,0.081726354453627,-0.069988421767078,0.1640543364681295,0.0424622399544029,0.0109442886212396,-0.0136571892057786,-0.0447668727619663,0.0599876314162027,0.1364479676167987,-0.0280246069719753,-0.060757424393788,0.0144243108669985,0.1851285968933027,-0.062573789846517,-0.0075992119335772,0.0613664410455854,-0.0378136162837394,0.0279720279720279,0.0378787878787878,0.0438871473354232,0.0493506493506493,0.0427807486631016,0.0699300699300699,0.0934343434343434,0.0921630094043887,0.0831168831168831,0.1022727272727272,0.3776223776223776,0.3661616161616162,0.3523510971786834,0.3662337662337662,0.3589572192513369,0.1958041958041958,0.1641414141414141,0.1811912225705329,0.1896103896103896,0.1677807486631016,0.3286713286713286,0.3383838383838384,0.3304075235109718,0.3116883116883117,0.3282085561497326,0.0525,0.09625,0.35625,0.17875,0.31625,4624
0.2124636192432802,-0.0722940659246391,0.0004870508015162,-0.0490873648768386,-0.0254055708601164,0.0184329167380014,-0.1037480251917619,-0.1011583338627364,0.1493886230728336,0.0103050709111315,0.0755007704160246,-0.0341902209773634,0.021367691837196,-0.0058974073661957,-0.0330578512396693,-0.0995937806415463,0.1156498394483339,-0.0551483964863037,0.0474119182253153,-0.0377535687453043,0.0517956619651533,-0.0079092881640652,-0.0404689649972667,0.0031021609968977,0.0055399146308237,0.1161616161616161,0.1447811447811448,0.1363636363636363,0.1621900826446281,0.1398601398601398,0.2104377104377104,0.2166105499438833,0.2029598308668076,0.1735537190082644,0.1978021978021978,0.1986531986531986,0.2188552188552188,0.1945031712473573,0.2097107438016529,0.2067932067932067,0.2491582491582491,0.202020202020202,0.2389006342494714,0.2262396694214876,0.2367632367632367,0.2255892255892256,0.217732884399551,0.2272727272727272,0.2283057851239669,0.2187812187812187,0.1475,0.19625,0.19875,0.2375,0.22,2886
-0.1141199226305611,-0.1508491508491509,-0.0909090909090908,0.12430426716141,0.0528541226215644,-0.2832004528942777,0.1813064983796691,-0.0660071635681391,-0.0769718086791257,0.0993313738634215,-0.1302665881759315,0.0826564739608218,-0.0732745515354209,-0.0196015164959264,0.0685418390170665,0.0064135192914588,-0.05157999894842,-0.082075818917924,0.1563323894150962,-0.0355698972590037,0.1389530167841767,0.0783410138248847,0.0159034513873224,-0.0563169549344664,-0.0229830184818931,0.0654545454545454,0.0753880266075388,0.0664031620553359,0.0583732057416267,0.0505865102639296,0.1309090909090909,0.0931263858093126,0.1043478260869565,0.1196172248803827,0.1048387096774193,0.2836363636363636,0.2771618625277162,0.2790513833992095,0.2813397129186603,0.2558651026392962,0.2145454545454545,0.2638580931263858,0.2498023715415019,0.2066985645933014,0.2587976539589443,0.3054545454545455,0.2904656319290465,0.300395256916996,0.3339712918660287,0.3299120234604105,0.05875,0.11375,0.26,0.245,0.3225,1941
-0.0207336523125996,-0.123429416112343,0.041364212466874,0.0426558579424822,-0.0256410256410255,0.0430622009569378,-0.0532150776053215,0.0321465606636709,-0.0326191854854274,-0.0023310023310023,0.0355272576573861,0.0013443441521029,-0.038618876408164,-0.0395342157215872,0.0573206321237816,0.076836476217281,-0.1269075257597496,0.0435330717146864,-0.089955379951633,0.0390785684903332,0.2038277511961722,-0.1281596452328159,0.0421016246111302,-0.011696583671106,-0.0248951048951049,0.0484848484848484,0.0454545454545454,0.0458124552612741,0.0438502673796791,0.0378181818181818,0.1151515151515151,0.1079545454545454,0.1023622047244094,0.1155080213903743,0.1156363636363636,0.3151515151515151,0.3181818181818182,0.3414459556191839,0.3144385026737968,0.3149090909090909,0.1878787878787878,0.2026515151515151,0.2040085898353615,0.213903743315508,0.1985454545454545,0.3333333333333333,0.3257575757575757,0.3063707945597709,0.3122994652406417,0.3330909090909091,0.0475,0.1025,0.32875,0.19625,0.325,100
-0.0524540394670265,0.1488030042246909,-0.0348217519532261,-0.0271546635182997,0.0244497286750808,0.1263282172373081,0.0799561883899232,-0.0503440782325244,0.1219008264462809,-0.1182244985061886,0.0349571377239361,-0.0095718843754466,-0.0393209769617184,-0.0240747394897593,0.0573215312958117,0.0662230331651818,0.0739818779249228,-0.0668071515590531,0.0138993238166792,0.0144725099910758,0.0268684483560516,-0.0709504685408299,-0.0360760813495331,-0.0184489523332498,0.0756907530275007,0.1012987012987013,0.084090909090909,0.0928853754940711,0.0898760330578512,0.09366391184573,0.0883116883116883,0.0954545454545454,0.1047430830039525,0.0960743801652892,0.1111111111111111,0.3246753246753247,0.3295454545454545,0.3260869565217391,0.3347107438016529,0.325068870523416,0.2259740259740259,0.1931818181818181,0.225296442687747,0.2169421487603305,0.2240587695133149,0.2597402597402597,0.2977272727272727,0.2509881422924901,0.262396694214876,0.2460973370064279,0.09625,0.10375,0.31375,0.22,0.26625,2804
-0.0765733729378459,0.0373695311232491,0.0729334902776637,0.0560658853341778,-0.0935295303366257,0.1075039395333918,0.0481856038072574,-0.0438622904747565,0.1004117833386124,-0.1388832896593428,0.0695537865349186,-0.0233668770254136,0.0151595089866696,-0.0744810744810744,-0.0136328318146499,-0.0823086029038726,0.1255738421660784,-0.0243277848911651,-0.0316444119261021,0.0746129670585497,-0.0689896634352855,-0.1260868482024963,0.028150838388042,-0.0039398803443748,0.0853375429473489,0.2139689578713969,0.1773835920177383,0.1849261849261849,0.2151088348271446,0.212461695607763,0.0986696230598669,0.0975609756097561,0.1048951048951049,0.0896286811779769,0.1154239019407558,0.2815964523281596,0.3170731707317073,0.2991452991452991,0.3111395646606914,0.2951991828396322,0.1651884700665188,0.1574279379157428,0.188034188034188,0.1805377720870678,0.1756894790602655,0.2405764966740576,0.2505543237250554,0.222999222999223,0.203585147247119,0.2012257405515832,0.19875,0.1025,0.30375,0.175,0.22,3570
0.1059900834336924,-0.1648011648011647,-0.0111542958258286,0.0493166963755199,0.0037359900373598,-0.0252904989747093,-0.1158886158886156,-0.0036496350364962,0.0140374331550803,0.1049190535491905,-0.0018105638836856,-0.1103400416377513,0.0254132116281778,-0.012368861493244,0.0493664027074044,0.0636616447719548,-0.0231900642859546,0.0546399905463999,-0.0109149512856199,-0.1327385318753304,0.0014562096941959,0.0884164797208276,0.0229172076204765,-0.216771293497636,0.0903676430775893,0.1486291486291486,0.1704545454545454,0.1665510062456627,0.1556662515566625,0.1660079051383399,0.1616161616161616,0.1548295454545454,0.154059680777238,0.1419676214196762,0.1264822134387351,0.3463203463203463,0.34375,0.3337959750173491,0.323785803237858,0.3346508563899868,0.1616161616161616,0.1676136363636363,0.1721027064538514,0.1718555417185554,0.2068511198945981,0.1818181818181818,0.1633522727272727,0.1734906315058987,0.2067247820672478,0.1660079051383399,0.16625,0.13875,0.3425,0.17,0.1825,3684
0.2023460410557185,-0.0871897575280737,0.0933174663889949,-0.030836221452057,-0.04479561185843,-0.1900826446280992,-0.0712126011460825,0.0554899645808735,-0.0089084469249758,0.0440181827741636,-0.0872359963269053,0.0906851217272503,-0.0114318414713672,-0.0518407212622089,-0.0052679909139237,-0.0267379679144386,0.0152602060779964,-0.0591852024077088,0.1654513044887376,-0.0435385048388143,-0.1985454545454545,0.0740576496674056,0.0471673254281949,-0.0798898071625344,-0.0058152373941846,0.0498533724340175,0.0743801652892562,0.0679522497704315,0.0641711229946524,0.0749090909090909,0.2228739002932551,0.2195985832349468,0.1864095500459136,0.2018716577540107,0.1898181818181818,0.2346041055718475,0.2443919716646989,0.2617079889807162,0.2740641711229946,0.2465454545454545,0.1700879765395894,0.166469893742621,0.1735537190082644,0.1377005347593582,0.1781818181818182,0.3225806451612903,0.2951593860684769,0.310376492194674,0.3221925133689839,0.3105454545454545,0.0625,0.205,0.25875,0.165,0.30875,3661
0.090909090909091,-0.0332836562344758,0.1284748309541699,-0.1515151515151516,-0.035263668715626,0.0364474235441979,0.3846449689918754,-0.027604759942803,-0.1436950146627564,0.0148297346093235,-0.0313216195569134,0.0181467519943894,0.1190465667859931,-0.0739750445632796,-0.0581003672902353,-0.2195121951219512,-0.3667260368579841,0.0837624379249051,0.1407982261640799,-0.0289510853697989,0.0280687054880603,0.0923513292630161,0.0421948086570853,0.0029325513196482,-0.0636499305997642,0.0636363636363636,0.0674486803519061,0.0721925133689839,0.0853658536585365,0.0680351906158357,0.0787878787878787,0.0469208211143695,0.0748663101604278,0.1042128603104212,0.069208211143695,0.2636363636363636,0.3108504398826979,0.266488413547237,0.2771618625277162,0.2897360703812316,0.2303030303030303,0.2287390029325513,0.2147950089126559,0.171840354767184,0.1994134897360703,0.3636363636363636,0.3460410557184751,0.3716577540106952,0.3614190687361419,0.3736070381231671,0.07,0.07625,0.3025,0.2,0.35125,530
0.2248503847249929,-0.1792804896253172,0.2194149764371277,-0.0458692382304568,-0.0253717744799792,-0.1511910549343704,0.0527119938884643,0.1217197294330134,-0.0014148341766384,-0.091646690023972,0.1368227731864095,0.062049062049062,-0.0368586527526926,0.008017393667618,-0.0698114146390009,-0.0458302028549961,-0.0153482880755608,-0.0201959389195993,0.0720083015231811,-0.0389610389610388,-0.0807374443738078,-0.0406260406260408,-0.0327420923447412,-0.0442472325880398,0.1284577491474042,0.0532915360501567,0.0791443850267379,0.0593434343434343,0.0719008264462809,0.0743006993006993,0.2476489028213166,0.1989304812834224,0.1969696969696969,0.2132231404958677,0.2185314685314685,0.1473354231974921,0.1657754010695187,0.1957070707070707,0.1925619834710744,0.1949300699300699,0.2915360501567398,0.279144385026738,0.2765151515151515,0.2586776859504132,0.2910839160839161,0.2601880877742947,0.2770053475935828,0.2714646464646464,0.2636363636363636,0.2211538461538461,0.06875,0.21,0.18875,0.27875,0.25375,1886
0.020979020979021,-0.1004784688995215,-0.0436200570729718,0.0909090909090908,0.0082644628099174,0.0764790764790765,-0.2121212121212121,-0.1088463106400325,0.1476407914764078,0.0449954086317724,0.0742590742590743,-0.1483253588516746,-0.0816687049870905,-0.033623910336239,0.1046831955922864,0.0733903777382039,0.1262741834824213,-0.0729246057770136,0.1264641651776852,-0.0699884217670778,0.0295418866847438,-0.086048454469507,0.060431347426863,-0.0397517246832315,-0.014473741746469,0.1113636363636363,0.105050505050505,0.1053030303030303,0.1054018445322793,0.1103896103896103,0.1045454545454545,0.1151515151515151,0.109090909090909,0.0830039525691699,0.1031746031746031,0.2909090909090909,0.3090909090909091,0.3015151515151515,0.2990777338603425,0.2619047619047619,0.1659090909090909,0.1555555555555555,0.1886363636363636,0.1594202898550724,0.1897546897546897,0.3272727272727272,0.3151515151515151,0.2954545454545454,0.3530961791831357,0.3347763347763348,0.11375,0.095,0.27875,0.1825,0.33,681
0.3897787948131197,0.1146245059288537,0.0987378511007999,-0.2140033879164311,-0.155610584631014,0.0391241853230157,-0.005611672278339,-0.0540184453227932,-0.034151034151034,0.0552558156306484,0.1103697525715873,0.0391993327773143,-0.0733582333103675,-0.0484927916120576,0.0299814772015503,0.1150897772289961,0.0615835777126099,-0.0540184453227932,0.0888144113950566,-0.0646692341212356,0.0303030303030301,0.0258701298701299,0.0303030303030301,-0.096103896103896,-0.0070828769623949,0.0434782608695652,0.0684624017957351,0.0633861551292744,0.063049853372434,0.069090909090909,0.1936758893280632,0.2199775533108866,0.2101751459549624,0.2052785923753665,0.213090909090909,0.233201581027668,0.2727272727272727,0.2777314428690575,0.2727272727272727,0.2509090909090909,0.1699604743083003,0.1447811447811448,0.146788990825688,0.127565982404692,0.1534545454545454,0.3596837944664031,0.2940516273849607,0.3019182652210175,0.3313782991202346,0.3134545454545454,0.07125,0.21875,0.25875,0.14,0.31125,3794
-0.1572585830011572,-0.1216056670602125,0.0457368718238282,0.0476190476190475,0.0232456619011239,0.0056148471990056,0.1079627443263806,0.0062111801242236,-0.0494555949101405,-0.0040379788278948,0.0246297357008428,-0.141998497370398,-0.063600431189364,-0.0137741046831956,0.0999374956594206,-0.0473774650192291,-0.1394941147007262,0.0298239310097016,0.0082644628099172,0.0242377942912701,-0.0939555494010937,-0.1866920957830049,0.0909090909090908,-0.1146429328247511,0.0832696715049656,0.1461038961038961,0.1255411255411255,0.1231404958677686,0.1322314049586777,0.1381118881118881,0.0925324675324675,0.0735930735930736,0.0942148760330578,0.0940082644628099,0.0979020979020979,0.2743506493506493,0.2857142857142857,0.3057851239669421,0.2789256198347107,0.2613636363636363,0.1964285714285714,0.2164502164502164,0.209090909090909,0.2045454545454545,0.2298951048951049,0.2905844155844156,0.2987012987012987,0.2677685950413223,0.2902892561983471,0.2727272727272727,0.12625,0.0825,0.2875,0.20625,0.2975,3944
0.1021324354657688,-0.0599501508592417,0.0014797658109759,0.0612002376708259,-0.0505050505050506,-0.0682096361410926,-0.0708107959693582,0.019673853031874,0.042407660738714,0.066384778012685,-0.0439321444106133,-0.0733068584308254,-0.0407658352070627,0.1804986457392875,0.0517119244391972,-0.0238840648197373,-0.1544011544011543,0.0735379270411117,0.4454347395523866,-0.0558922558922558,-0.0738968633705476,0.0003935458480913,0.0233545647558386,0.019607843137255,0.0303030303030302,0.1919191919191919,0.2283298097251585,0.2231404958677686,0.2188552188552188,0.2295454545454545,0.204040404040404,0.2061310782241014,0.2066115702479339,0.2222222222222222,0.1924242424242424,0.1959595959595959,0.1923890063424947,0.204250295159386,0.1818181818181818,0.1916666666666666,0.0797979797979798,0.0813953488372093,0.0696576151121605,0.0471380471380471,0.0833333333333333,0.3282828282828283,0.2917547568710359,0.2963400236127508,0.3299663299663299,0.303030303030303,0.21375,0.1925,0.19625,0.085,0.3125,4666
0.1453904497382757,0.028495580219718,-0.158155515001988,0.2593383897731723,-0.0384312271104725,-0.0101010101010101,-0.1668408220132358,0.0380988306299509,-0.021080368906456,0.0337335620354488,-0.09551523450873,0.0587383473617522,-0.0146223234732398,0.045573848723455,-0.0048486649288908,0.1930171277997364,-0.1755485893416928,0.0428140324405885,-0.1116600790513835,0.0265866209262435,-0.1475200816014281,-0.0651565712744799,-0.053771553035373,0.0479833397084448,0.0837160405024068,0.0737100737100737,0.0871212121212121,0.0944881889763779,0.0696022727272727,0.0989736070381231,0.1056511056511056,0.1268939393939394,0.1023622047244094,0.1278409090909091,0.1158357771260997,0.3488943488943489,0.2897727272727273,0.3056549749463135,0.2883522727272727,0.3174486803519061,0.1277641277641277,0.1761363636363636,0.164638511095204,0.1917613636363636,0.1642228739002932,0.343980343980344,0.3200757575757575,0.332856120257695,0.3224431818181818,0.3035190615835777,0.08625,0.10875,0.30125,0.1725,0.33125,2018
0.0254545454545455,-0.1082251082251082,0.0238383838383838,0.0126721763085398,-0.0128818549871181,-0.0481283422459892,-0.0185892538833716,0.0683303624480095,-0.0371090584994329,-0.0132282578103009,0.0139860139860139,0.0675990675990676,0.0209790209790209,-0.0002119093028185,-0.0418731066504345,-0.1391018619934283,-0.0570420208974427,0.0887185104052574,-0.0302366490756416,0.0102478371343305,0.0810429880197322,-0.0828103851359665,0.0052462610602144,0.0159523351912358,-0.0271246501356658,0.1218181818181818,0.1310160427807486,0.1232517482517482,0.1423877327491785,0.1148696264975334,0.0872727272727272,0.0802139037433155,0.0734265734265734,0.0832420591456736,0.0852713178294573,0.2745454545454545,0.2620320855614973,0.2753496503496503,0.2562979189485213,0.2797744890768147,0.2036363636363636,0.213903743315508,0.2062937062937063,0.212486308871851,0.2029598308668076,0.3127272727272727,0.3128342245989304,0.3216783216783216,0.3055859802847754,0.3171247357293869,0.125,0.07875,0.28125,0.20625,0.30875,1096
-0.4230085092062883,0.0246795611058024,-0.1478843736908253,0.1421193154462292,0.1947909935881504,0.022354694485842,-0.1113381001021451,-0.0493506493506492,0.0013568521031208,0.0939907550077041,-0.0824378382618244,-0.0322025697543142,-0.0269993164730006,0.0502035278154682,0.0369799691833588,-0.0667503333594792,-0.1325555973693171,-0.0571884256094783,0.1716060844104835,0.0376557727137565,0.2304565776994986,-0.047451016807503,-0.0106257378984651,0.0477365239916122,-0.0561703319792687,0.1085043988269794,0.0745454545454545,0.0825358851674641,0.0813397129186602,0.0586776859504132,0.1085043988269794,0.1236363636363636,0.1148325358851674,0.1259968102073365,0.1165289256198347,0.4017595307917888,0.3672727272727272,0.3594497607655502,0.3700159489633174,0.3537190082644628,0.1436950146627566,0.1672727272727272,0.1590909090909091,0.138755980861244,0.1595041322314049,0.2375366568914956,0.2672727272727273,0.2840909090909091,0.2838915470494418,0.3115702479338842,0.07625,0.11125,0.35,0.1675,0.295,829
0.1568914956011731,-0.181339822383062,0.0842208159695425,-0.0151139183397246,-0.0079948262212459,-0.1683738796414853,-0.0170630488281073,0.0745108610193857,0.0643159657244165,-0.039906914699396,0.0095913261050876,0.0488527673770695,0.0313565398065639,-0.1034836722910117,-0.014787354481079,-0.0551948051948052,0.1802523717417333,-0.1050353155616314,-0.0114885114885114,0.012394449656807,0.111414900888585,-0.0742523620463151,0.0190787974721492,-0.0463220989536778,0.0144736192364768,0.0674486803519061,0.0934699103713188,0.0792326939115929,0.0844155844155844,0.0710868079289132,0.2082111436950146,0.1792573623559539,0.1676396997497914,0.1444805194805195,0.189336978810663,0.2609970674486803,0.263764404609475,0.2760633861551292,0.3149350649350649,0.2795625427204374,0.1319648093841642,0.1216389244558258,0.1434528773978315,0.1314935064935065,0.1360218728639781,0.3313782991202346,0.3418693982074264,0.3336113427856547,0.3246753246753247,0.3239917976760082,0.08,0.17625,0.285,0.13,0.32875,2805
0.0972663699936428,-0.0555313904596201,-0.0551106924163917,-0.023727006131698,0.0554899645808735,-0.0673536989326462,-0.0856487310780942,0.0215765508920676,-0.0358251444838879,0.094915973318877,-0.0209790209790208,0.0494417862838914,-0.0400376825247292,0.0263929618768329,-0.0031347962382444,-0.0685943270212932,-0.0250344963532427,-0.0330939363948621,0.0686129142091447,0.0177973905211409,-0.0383555838101292,0.05272823933111,0.0217768832936049,0.0244576754840685,-0.0530744073063822,0.1173553719008264,0.138755980861244,0.1327272727272727,0.1389172625127681,0.1349862258953168,0.1504132231404958,0.1547049441786284,0.1354545454545454,0.146067415730337,0.1349862258953168,0.2545454545454545,0.2360446570972886,0.2509090909090909,0.2492339121552604,0.2359963269054178,0.2380165289256198,0.2408293460925039,0.2263636363636363,0.2165474974463738,0.226813590449954,0.2396694214876033,0.2296650717703349,0.2545454545454545,0.2492339121552604,0.2672176308539944,0.13,0.1425,0.24125,0.2325,0.25375,3829
-0.1711316059142145,-0.3813347146680479,0.0341663648436555,-0.063264221158958,0.1415991415991415,-0.3748066678123389,0.1081382385730211,-0.058217721997386,0.0430622009569378,0.0618077574599313,-0.0791141225923834,-0.2136012136012135,0.036465968736885,-0.0176957545378597,0.0506847649704792,0.0745203894726694,-0.0347376201034737,-0.0211923922933543,0.0547321741159996,-0.0136205258156476,-0.0495897963928653,0.0205872558813736,-0.0153427542694006,-0.1418921635639902,0.0955822888595998,0.0673400673400673,0.0790513833992094,0.062049062049062,0.0532150776053215,0.0603514132925897,0.1346801346801346,0.0869565217391304,0.1183261183261183,0.1008869179600887,0.095492742551566,0.303030303030303,0.3320158102766798,0.3023088023088023,0.3203991130820399,0.3185637891520244,0.202020202020202,0.1818181818181818,0.1933621933621933,0.17960088691796,0.2169595110771581,0.2929292929292929,0.3201581027667984,0.3239538239538239,0.3458980044345898,0.3086325439266615,0.0575,0.0975,0.31375,0.19,0.34125,4381
-0.1578471279963815,0.1697799916977999,-0.102792632204397,0.0180283851169927,0.0872285609127715,0.3487109905020353,-0.0626816106268162,-0.0837789661319075,0.0180283851169927,-0.0011041589988958,0.0463268075208374,0.0322006760362924,0.0119684237331294,-0.0060825250698668,-0.0305483989694514,0.0303030303030303,0.1365711913657119,-0.1142008318478908,0.1100882240122747,-0.0011041589988958,0.0360922659430121,0.1153175591531755,-0.0427094474153297,0.0057537399309551,-0.0034596981965402,0.0969696969696969,0.0545454545454545,0.0798701298701298,0.0812121212121212,0.0807272727272727,0.0757575757575757,0.0969696969696969,0.0883116883116883,0.0787878787878787,0.0807272727272727,0.3515151515151515,0.3454545454545454,0.3149350649350649,0.3551515151515151,0.3323636363636363,0.1939393939393939,0.1939393939393939,0.1987012987012987,0.1757575757575757,0.1963636363636363,0.2818181818181818,0.3090909090909091,0.3181818181818182,0.3090909090909091,0.3098181818181818,0.08375,0.09125,0.31875,0.1975,0.30875,3891
0.3715961457896942,0.0680110874543045,-0.0999752935236806,0.0139827446980321,-0.001579066095195,0.1032776747062462,0.0037359900373598,0.0612562041133469,-0.1794968316707448,0.0076590076590076,-0.1532467532467532,-0.0839352428393525,0.1006327006327005,-0.0034255599472992,-0.0472727272727273,-0.1056511056511055,-0.1174312544175557,0.0315990315990316,-0.0896271765836984,0.0701190701190701,-0.0653409090909089,-0.0818804483188044,0.0072427572427571,0.0077404479578391,0.0253496503496503,0.0439882697947214,0.0627705627705627,0.0807272727272727,0.0773955773955774,0.0745738636363636,0.0850439882697947,0.0909090909090909,0.0989090909090909,0.1019656019656019,0.0987215909090909,0.375366568914956,0.3203463203463203,0.3069090909090909,0.3304668304668304,0.3387784090909091,0.1700879765395894,0.2034632034632034,0.1730909090909091,0.1879606879606879,0.1711647727272727,0.3255131964809384,0.3225108225108225,0.3403636363636363,0.3022113022113022,0.3167613636363636,0.07,0.09125,0.34125,0.1725,0.325,764
0.572192513368984,0.2961876832844575,-0.1519449817322158,0.1800356506238859,-0.0680228862047045,-0.0350181128169742,0.2053731908050325,0.0349618352363719,-0.0177678109366914,-0.0663822980538524,-0.0031347962382444,0.0534937809687531,-0.063607461259699,0.1001290798451043,0.003880132406778,-0.0695187165775401,-0.07842209819317,0.0391214824982841,-0.0091426599965498,-0.0089617127740295,0.1269234966713959,-0.0932232130388812,0.0192853414737913,-0.0004001600640255,-0.013704909808806,0.0181818181818181,0.0439882697947214,0.0426332288401253,0.0454545454545454,0.0371057513914656,0.0545454545454545,0.0615835777126099,0.0733542319749216,0.0835777126099706,0.0847247990105133,0.406060606060606,0.3401759530791788,0.3749216300940439,0.3387096774193548,0.3457019171304885,0.1393939393939394,0.1730205278592375,0.1529780564263322,0.1715542521994134,0.1700680272108843,0.3818181818181818,0.3812316715542522,0.3561128526645768,0.3607038123167155,0.3623995052566481,0.0425,0.0775,0.3525,0.17,0.3575,2767
0.4332939787485242,-0.1904761904761904,-0.0872848082150408,0.199296943657846,-0.0369475485754553,-0.4519526818992059,0.0938799762329173,0.0382622393566305,0.088630667578036,-0.0225372742472604,-0.1530578512396694,0.0060606060606061,0.0438336856941509,-0.0236500341763499,-0.0012684989429174,0.2768595041322315,-0.053503787878788,-0.0482734319943622,-0.0680109364319889,0.0442212825933756,0.0683696468820437,-0.0617539026629936,0.0283383518055823,0.030634437333002,-0.0357272513720716,0.0389610389610389,0.0998217468805704,0.0792727272727272,0.049715909090909,0.0640495867768595,0.1428571428571428,0.1087344028520499,0.1192727272727272,0.1264204545454545,0.1274104683195592,0.3506493506493506,0.3101604278074866,0.3083636363636363,0.3380681818181818,0.3133608815426997,0.1331168831168831,0.1515151515151515,0.1701818181818181,0.1775568181818181,0.1611570247933884,0.3344155844155844,0.3297682709447415,0.3229090909090909,0.3082386363636363,0.3340220385674931,0.06875,0.12,0.3225,0.16625,0.3225,4328
0.1301247771836007,0.048260381593715,0.0757575757575756,-0.0526315789473683,-0.0869130869130869,0.0430622009569378,0.2439009982869633,-0.1064593301435408,-0.0828506673382019,0.0325464009674535,0.0944741532976827,0.0392817059483726,-0.0681818181818181,-0.0143540669856458,0.0089910089910089,-0.0512363453539925,0.056087944976834,-0.0198135198135198,0.0307937676358728,-0.0007086930163853,-0.0748397052172291,-0.0653801698577816,0.0078018995929443,0.0002142398057559,0.0417542656348626,0.1109090909090909,0.1220095693779904,0.1154545454545454,0.134032634032634,0.1370420624151967,0.0963636363636363,0.0765550239234449,0.0972727272727272,0.0955710955710955,0.1078697421981004,0.2218181818181818,0.2655502392344497,0.2563636363636363,0.2447552447552447,0.2381275440976933,0.2,0.2057416267942583,0.1927272727272727,0.1841491841491841,0.1899592944369063,0.3709090909090909,0.3301435406698564,0.3381818181818182,0.3414918414918415,0.3270013568521031,0.1275,0.10125,0.24,0.19,0.34125,3295
-0.0179644999177908,-0.1201966757522312,0.1309102420213531,-0.0351884861688782,0.0047222751625266,-0.0462632030828822,0.0565756082997462,0.0515231894542239,0.1148810621427253,-0.1237948778612407,0.0996354502230523,-0.0438387903176635,0.0938638825962769,-0.1147096482639151,-0.0291595197255574,-0.0654313839027214,0.0476190476190476,-0.1305361305361305,0.1176470588235294,0.0265866209262436,-0.0317418539769436,-0.1208185753640298,0.0591226954863318,0.0510452114730189,-0.0010915328239511,0.1997755331088664,0.2053291536050156,0.176696542893726,0.209090909090909,0.2024793388429752,0.1470258136924803,0.1238244514106583,0.1370038412291933,0.125,0.1471074380165289,0.1694725028058361,0.1849529780564263,0.176696542893726,0.2204545454545454,0.1834710743801653,0.2199775533108866,0.1880877742946708,0.2368758002560819,0.1875,0.2016528925619834,0.2637485970819304,0.2978056426332288,0.2727272727272727,0.2579545454545454,0.2652892561983471,0.19625,0.13125,0.195,0.2125,0.265,2194
-0.1363636363636364,-0.1206770757332555,0.0498390498390498,-0.1578471279963818,0.4087213599408721,-0.2310606060606059,0.0125978890023834,0.1082991082991081,-0.0467144795503005,-0.0276985886741985,0.0530303030303029,0.042863087806908,-0.0446343779677114,-0.0017253798348326,-0.0018888067668554,-0.1363636363636364,0.0588063621771487,0.0703740703740704,-0.0370226788137235,-0.0875303558230387,0.2734724292101341,0.0354828446558046,0.0013629357891652,-0.1151396519637284,-0.008081615838513,0.0909090909090909,0.0984848484848484,0.0757575757575757,0.0909090909090909,0.0581222056631892,0.2493506493506493,0.2196969696969697,0.2129629629629629,0.2094155844155844,0.2146050670640834,0.2779220779220779,0.2608225108225108,0.3055555555555556,0.2719155844155844,0.2921013412816691,0.2909090909090909,0.262987012987013,0.2516835016835017,0.260551948051948,0.2801788375558867,0.0909090909090909,0.158008658008658,0.154040404040404,0.1672077922077922,0.1549925484351713,0.08,0.2225,0.2925,0.25125,0.15375,2357
0.0648157812336917,-0.0775584585367785,0.0433042798334981,-0.1610531920375109,0.1009141619725066,-0.18006993006993,-0.0119442601194426,0.0305598356445814,0.0794016110471806,0.0358126721763084,0.0736145574855252,0.0695749584376851,0.0014966504851687,-0.0443347315540048,-0.0624327339869861,-0.1188811188811189,0.0199581440457353,-0.0588281774722452,0.2741435779410462,-0.1019283746556474,0.040959040959041,0.1007949297834596,-0.0984979507981929,-0.0943848195204433,0.0667341316691966,0.1519674355495251,0.1917613636363636,0.1505376344086021,0.1818181818181818,0.1558441558441558,0.1845318860244233,0.1732954545454545,0.1593352883675464,0.1678321678321678,0.1539888682745825,0.2116689280868385,0.2144886363636363,0.2209188660801564,0.2342657342657342,0.2430426716141001,0.2293080054274084,0.1818181818181818,0.2062561094819159,0.1433566433566433,0.2161410018552875,0.2225237449118046,0.2386363636363636,0.262952101661779,0.2727272727272727,0.2309833024118738,0.1625,0.17125,0.22125,0.1975,0.2475,3425
-0.1269451269451269,-0.0455329604265775,-0.0033616728177396,-0.0432810432810431,0.0772173978280849,0.0303030303030302,0.1866289738630163,-0.0689450019993953,-0.1188811188811189,0.0462463744906492,0.0385208012326656,0.0033767170442251,0.0432657903050074,-0.0193196633874599,-0.0421199967066183,-0.1166207529843894,0.0504659750307718,0.064052468388718,0.0336935791481246,-0.0598700397451263,0.0649350649350649,0.1544625587178777,-0.0302668043253817,0.024975024975025,-0.0587885397045702,0.1056511056511056,0.0909090909090909,0.0901386748844376,0.1046831955922865,0.0876623376623376,0.1228501228501228,0.0955710955710955,0.1171032357473035,0.1115702479338843,0.0993506493506493,0.2997542997542997,0.3193473193473193,0.285824345146379,0.2796143250688705,0.3077922077922078,0.1695331695331695,0.1818181818181818,0.1656394453004622,0.1570247933884297,0.1584415584415584,0.3022113022113022,0.3123543123543124,0.3412942989214175,0.3471074380165289,0.3467532467532467,0.09375,0.1175,0.29875,0.1625,0.3275,3979
-0.243567753001715,0.0767045454545454,0.0927057132590728,-0.1363636363636362,0.0013774104683196,0.1505349995916033,0.098124098124098,0.0007357596290401,-0.1113264844608128,-0.0101010101010099,-0.068526277310688,0.0933929458519621,-0.0626579407762586,0.0657739617857064,0.0064580228514655,-0.1905963071334879,0.1198752228163991,0.0108008708334214,0.0741479766940698,-0.0533138875384864,-0.1098779134295226,-0.0249554367201427,0.0763247447739425,-0.0495650091787054,-0.0168530222006157,0.0823863636363636,0.0562770562770562,0.070789865871833,0.0788770053475935,0.0735294117647058,0.1107954545454545,0.1082251082251082,0.1087928464977645,0.105614973262032,0.1229946524064171,0.2869318181818182,0.316017316017316,0.3360655737704918,0.3128342245989304,0.2921122994652406,0.1903409090909091,0.1861471861471861,0.1564828614008941,0.1550802139037433,0.1758021390374331,0.3295454545454545,0.3333333333333333,0.3278688524590163,0.3475935828877005,0.3355614973262032,0.06625,0.12,0.31625,0.1675,0.33,911
0.0286136627600042,0.2091897603708628,-0.0682518145204713,0.0702809494755803,-0.106500691562932,0.0721473648302916,0.0044601068223116,-0.0298159551890897,0.0012671891866522,-0.002814612773119,-0.0124252185918085,-0.0912872597614835,-0.0035585366478074,0.0882613650753451,0.0007330804324464,-0.0283106783637006,-0.0457190874856059,-0.0120674624243735,-0.0257226481329195,0.0596930881975081,-0.0597917997669963,-0.0045739660046346,-0.0333540310772793,0.0237949969493593,0.035861107736767,0.0995670995670995,0.0951048951048951,0.1037735849056603,0.1054018445322793,0.1086286594761171,0.1255411255411255,0.158041958041958,0.1732418524871355,0.1660079051383399,0.1594761171032357,0.2683982683982684,0.2587412587412587,0.2521440823327616,0.2542819499341238,0.2596302003081664,0.1731601731601731,0.186013986013986,0.1698113207547169,0.1910408432147562,0.1818181818181818,0.3333333333333333,0.3020979020979021,0.3010291595197255,0.2832674571805006,0.2904468412942989,0.1025,0.15875,0.25125,0.18625,0.30125,3145
-0.2302596557638847,-0.1034482758620689,-0.0398348497591558,-0.0106208768071864,0.1307497283592901,-0.3722126929674099,0.2242424242424242,0.0515407937010724,0.0075596045745299,-0.0513788999844777,-0.1131235831064303,0.0709896164441619,0.0200486874544524,0.051152375440028,-0.0475580196695735,0.0711175616835994,-0.0144522144522143,0.05265466241076,-0.1689802734578853,0.0193073858412502,0.110205831903945,-0.0151515151515151,-0.049255622426354,0.0714043419267299,-0.0005432814197754,0.0815047021943573,0.0909090909090909,0.073744437380801,0.0615384615384615,0.0589488636363636,0.1034482758620689,0.0727272727272727,0.0870947234583598,0.0951048951048951,0.0951704545454545,0.3730407523510972,0.3402597402597402,0.3515575333757152,0.3398601398601398,0.3764204545454545,0.1692789968652037,0.1662337662337662,0.1589319771137953,0.1958041958041958,0.1555397727272727,0.2727272727272727,0.3298701298701298,0.3286713286713286,0.3076923076923077,0.3139204545454545,0.06625,0.09375,0.35875,0.1675,0.31375,999
0.1302662295524074,-0.0924398984100476,-0.1736770691994571,-0.0361416060194892,0.10390022806663,0.0750450377779571,-0.0489510489510489,-0.0119047619047618,-0.0232192050373869,-0.0021184489269596,-0.0471741697038139,-0.0383555838101292,0.0237603305785124,-0.0048835462058602,0.0434323896606295,0.0965556182947487,0.0169251038816256,-0.1363636363636362,0.047790154509522,-0.0024388192750819,0.1319077897527804,-0.0094253572514442,-0.0118577075098813,-0.0492274523895077,-0.0576065932217642,0.175033921302578,0.1861471861471861,0.2107438016528925,0.1818181818181818,0.1747035573122529,0.2130257801899593,0.2045454545454545,0.2024793388429752,0.191699604743083,0.1968379446640316,0.2347354138398914,0.2023809523809523,0.1952479338842975,0.2272727272727272,0.2023715415019762,0.1139755766621438,0.1125541125541125,0.1105371900826446,0.1047430830039525,0.1154150197628458,0.2632293080054274,0.2943722943722944,0.2809917355371901,0.2944664031620553,0.3106719367588932,0.20125,0.195,0.2,0.11,0.29375,3653
0.1316146540027137,-0.1811346548188652,0.0161075673443165,0.0909090909090909,-0.0343841180845585,-0.1481056257175659,0.249171880750828,-0.0625416985841014,0.0275349650349649,0.0018791780906317,0.0215376383129169,-0.0782397735696476,0.0444433384760862,0.0236875800256083,-0.0423776136998199,0.0433042798334982,0.0138674884437596,-0.0540815715397975,0.0562403697996918,0.0171256355083727,-0.0951734832331845,-0.1209842788790156,-0.0095911155981827,0.0259740259740259,0.0760340980605297,0.0727272727272727,0.0961538461538461,0.0819462227912932,0.0801232665639445,0.0917207792207792,0.1402597402597402,0.0891608391608391,0.1280409731113956,0.1171032357473035,0.1331168831168831,0.348051948051948,0.3758741258741259,0.3380281690140845,0.3728813559322034,0.3571428571428571,0.1454545454545454,0.1555944055944056,0.1562099871959026,0.1510015408320493,0.1558441558441558,0.2935064935064935,0.2832167832167832,0.2957746478873239,0.2788906009244992,0.2621753246753247,0.08375,0.11875,0.35375,0.16,0.28375,2483
-0.1078527207559465,0.0572390572390572,0.0270350564468211,0.0777338603425559,-0.0620034335449355,-0.0263929618768328,0.1212121212121212,0.0223930481283423,-0.021080368906456,-0.0420409629895797,-0.0633135720162874,0.0512317418792238,0.0170430500519371,0.0635159856304679,-0.052639742320409,0.0317925801796769,0.0764790764790764,-0.0525422290128172,0.0296338122425078,0.0098614604543456,-0.1369275885404917,0.0675990675990676,-0.0366104483751541,0.0230059795277186,0.0403272616711352,0.0858585858585858,0.0795454545454545,0.0824068018312622,0.075036075036075,0.0881118881118881,0.0883838383838383,0.0823863636363636,0.0889470241988227,0.0865800865800865,0.0874125874125874,0.3308080808080808,0.3323863636363636,0.3342053629823414,0.3578643578643579,0.3524475524475524,0.1590909090909091,0.1761363636363636,0.1615434924787442,0.1673881673881674,0.1685314685314685,0.3358585858585858,0.3295454545454545,0.3328973185088293,0.3131313131313131,0.3034965034965035,0.0775,0.09375,0.34,0.1725,0.31625,4076
0.1192198804655553,-0.0845823604729985,-0.1780206153607688,-0.1091305208952266,0.2317541613316261,-0.0066058508965081,-0.2050915116366649,0.031233046578315,-0.0140621905327786,0.0283949687429388,-0.0546642899584075,0.0396927016645326,0.0081979212413993,0.0497568275346053,-0.0349978659837815,-0.1470200728512749,0.0647441964037186,-0.0005537415745355,-0.1086712535987897,0.0536101987418582,0.1192198804655553,0.0434586126383971,-0.0520809114159499,-0.0101010101010099,0.0302779242298711,0.0374331550802139,0.0427807486631016,0.0448232323232323,0.0487483530961791,0.0374331550802139,0.0962566844919786,0.106951871657754,0.0852272727272727,0.0830039525691699,0.0848930481283422,0.4064171122994652,0.3342245989304813,0.3421717171717172,0.3451910408432148,0.3629679144385027,0.1871657754010695,0.1711229946524064,0.1603535353535353,0.1870882740447957,0.1704545454545454,0.2727272727272727,0.3449197860962567,0.3674242424242424,0.3359683794466403,0.3442513368983957,0.0425,0.08875,0.345,0.16875,0.355,2370
0.0316387010601887,-0.1363636363636364,0.1018244191486043,-0.0142749812171298,-0.0551798981551048,-0.0674931129476583,0.12109375,0.0308747855917665,-0.1428202479338842,0.0358126721763085,0.090074296685867,0.0444214876033058,-0.0437132907115753,-0.0299273729025795,0.0316387010601886,-0.0300634806563659,-0.1301877470355732,0.0185696174211349,-0.0150916277398489,0.0992933285423403,-0.0740314537782891,0.0362485615650172,-0.0074472935710097,0.0846322837116853,-0.076821145866025,0.0798898071625344,0.0880681818181818,0.0750688705234159,0.0849802371541501,0.0886075949367088,0.1818181818181818,0.140625,0.152892561983471,0.1808300395256917,0.1542002301495972,0.2975206611570248,0.3210227272727273,0.3457300275482093,0.325098814229249,0.333716915995397,0.2231404958677686,0.2514204545454545,0.2265840220385675,0.2233201581027667,0.2013808975834292,0.2176308539944903,0.1988636363636363,0.199724517906336,0.1857707509881423,0.2220943613348676,0.0825,0.16,0.33125,0.22,0.20625,4838
-0.0984848484848484,0.1685144124168515,0.0123194562446898,0.0279299014238773,-0.0546108567691301,0.0730837789661318,0.2435111516890569,0.1703733320005998,-0.1339475549255846,-0.138768129881122,-0.067556296914095,0.2758192802945542,-0.0413662475739129,-0.0169116834309717,-0.0248348443847092,-0.095290251916758,-0.1647476825261133,0.0500660245058398,0.070982726085063,-0.011764520475624,0.026888604353393,0.0069017207457605,-0.0650137015807674,-0.0027305123181586,0.0438379130242541,0.0823863636363636,0.0695187165775401,0.0800667222685571,0.0821467688937568,0.0729833546734955,0.0852272727272727,0.0775401069518716,0.0742285237698081,0.1193866374589266,0.1017925736235595,0.2642045454545454,0.2219251336898395,0.2785654712260217,0.2541073384446878,0.2848911651728553,0.2017045454545454,0.2352941176470588,0.2110091743119266,0.1927710843373494,0.2080665813060179,0.3664772727272727,0.3957219251336898,0.3561301084236864,0.3515881708652793,0.3322663252240717,0.075,0.1025,0.2675,0.2075,0.3475,33
0.4005994005994006,-0.0506347584999269,-0.0237937245236514,0.0303030303030302,-0.0522810522810524,0.1486774095469748,-0.0658613492028243,-0.0444014887048842,0.026086956521739,0.0270598966251139,0.0139357045831866,-0.0464355788096795,0.0452230120349639,-0.0589928057553956,-0.0061880565477687,0.0992058788668959,-0.0110628278596285,-0.0707095700291295,0.1124807395993837,0.0043854450634112,0.0883190883190883,0.0375666780161162,-0.0164909434982427,0.0734006734006733,-0.0484330484330484,0.0389610389610389,0.0553359683794466,0.0640941792020928,0.0585516178736517,0.0592592592592592,0.1168831168831168,0.1185770750988142,0.1164159581425768,0.1124807395993836,0.107070707070707,0.3506493506493506,0.3577075098814229,0.3270111183780249,0.3667180277349769,0.3481481481481481,0.1515151515151515,0.1521739130434782,0.1654676258992805,0.1386748844375963,0.1447811447811448,0.341991341991342,0.3162055335968379,0.3270111183780249,0.3235747303543914,0.3407407407407407,0.065,0.11125,0.3425,0.15625,0.325,3789
0.4617778151543183,0.066934491025724,-0.0179219232226974,-0.2065737466195132,0.0437332653321432,0.0973565441650546,0.0561351217088921,-0.0481527604815275,0.0231259968102073,0.0102639296187683,-0.072856221792392,0.07799304520616,0.017019510170195,-0.0079744816586921,-0.0205278592375366,-0.0383793138552377,0.1214997254686641,0.0168447270105525,0.0367665575421807,-0.0649791634511498,0.0374510729679099,0.1175469683279157,-0.057059648365872,0.0204573710582828,0.0186344009051655,0.0316205533596837,0.053030303030303,0.063030303030303,0.0610047846889952,0.0565497494631352,0.0711462450592885,0.0719696969696969,0.0703030303030303,0.0669856459330143,0.0672870436649964,0.3715415019762846,0.3825757575757575,0.3587878787878787,0.3588516746411483,0.3858267716535433,0.2292490118577075,0.1856060606060606,0.1915151515151515,0.1830143540669856,0.1861130994989262,0.2964426877470356,0.3068181818181818,0.3163636363636363,0.3301435406698564,0.3042233357193987,0.05875,0.07625,0.365,0.19,0.31,1020
0.4048504686802558,0.0180032733224221,0.0502035278154682,-0.0191359028568329,-0.1210163881919605,-0.086464463558171,0.1275361125972262,0.0935073183405987,-0.1875309252845125,-0.0335612089713113,0.0953727123939889,0.0596637405148042,-0.0312075983717774,0.0198948338483223,-0.0163881919607109,-0.0654152265592797,-0.1668833433744492,-0.0054051649353827,0.131228410679421,0.0125254547729832,-0.2515644555694618,-0.0296962111730572,0.0302498204166333,0.0631347676491316,-0.0062456627342122,0.0349650349650349,0.0638297872340425,0.0531468531468531,0.0625931445603576,0.0735294117647058,0.1153846153846153,0.1025145067698259,0.1104895104895104,0.1371087928464977,0.1209893048128342,0.3181818181818182,0.3036750483558994,0.3454545454545454,0.3368107302533532,0.3248663101604278,0.1643356643356643,0.1914893617021276,0.158041958041958,0.1400894187779433,0.1510695187165775,0.3671328671328671,0.3384912959381044,0.3328671328671329,0.323397913561848,0.3295454545454545,0.05875,0.1175,0.335,0.16125,0.3275,1647
-0.5757575757575757,-0.2626262626262625,0.0843688685415303,-0.1363636363636362,0.1620752984389348,-0.2668621700879765,-0.3033561420658195,0.164539336272917,0.0512333965844403,-0.0663822980538524,0.0594668489405331,0.2177413230044809,0.0145409304818617,-0.0735394636323429,-0.0480747322852586,-0.0860606060606061,0.0976430976430976,-0.0080662742533246,0.0303030303030303,-0.017447199265381,0.2037159920371599,0.0341369903413699,-0.004425391339218,-0.0695187165775401,-0.0074199191651083,0.0984848484848484,0.0791788856304985,0.0587833219412166,0.0678787878787878,0.0497677504976775,0.1136363636363636,0.1173020527859237,0.0704032809295967,0.0812121212121212,0.0869276708692767,0.3181818181818182,0.2903225806451613,0.342447026657553,0.3503030303030303,0.3490378234903782,0.1931818181818181,0.1612903225806451,0.1825017088174983,0.1648484848484848,0.1818181818181818,0.2765151515151515,0.3519061583577713,0.3458646616541353,0.3357575757575757,0.3324485733244857,0.0625,0.09,0.3475,0.17,0.33,733
-0.0989010989010987,-0.0574041343272111,0.0441719084935164,0.0087764584408879,0.0249108321397479,-0.1151891586674194,0.0618077574599315,-0.0328321449142947,-0.1035360904050721,0.1174182897598298,0.0099009900990099,0.0267158583990266,-0.0421142616774241,0.0382930910540718,-0.0034738413600394,-0.0735930735930734,-0.1828171828171827,0.0497944266788488,-0.0217612365263373,0.0731410490446634,-0.1148143891506721,0.0876380256911231,-0.0317072086094187,0.0065170322935957,0.0410556142510508,0.1538461538461538,0.1561264822134387,0.1386138613861386,0.1503030303030303,0.1560740144810941,0.1202797202797202,0.1067193675889328,0.1107110711071107,0.1345454545454545,0.1037811745776347,0.2377622377622377,0.2569169960474308,0.2592259225922592,0.2363636363636363,0.2566371681415929,0.1846153846153846,0.2055335968379446,0.1791179117911791,0.1903030303030303,0.1850362027353178,0.3034965034965035,0.274703557312253,0.3123312331233123,0.2884848484848485,0.2984714400643604,0.14,0.11375,0.24875,0.18625,0.31125,4582
0.1919191919191918,0.0303030303030303,-0.0184032101840321,-0.0702772404900065,0.0151515151515152,0.0749601275917065,0.2954545454545455,0.0701535907015359,-0.0541586073500968,-0.1292613636363637,-0.1588604538870113,0.1409507923269392,-0.0663376253422753,0.0382055968626336,0.0200166805671392,0.0108058706521153,-0.2053115423901939,-0.0037266617226598,0.0611348966596395,0.0200459652706843,-0.0149340292880963,-0.0743801652892561,0.046504899555958,0.0328820116054158,-0.0373622589531681,0.0575757575757575,0.0659090909090909,0.0825688073394495,0.0704800817160367,0.0723140495867768,0.0969696969696969,0.0704545454545454,0.085904920767306,0.1205311542390194,0.1074380165289256,0.2787878787878788,0.2545454545454545,0.2919099249374479,0.2747701736465781,0.2610192837465565,0.2515151515151515,0.2477272727272727,0.226021684737281,0.2206332992849846,0.2272727272727272,0.3151515151515151,0.3613636363636364,0.3135946622185154,0.313585291113381,0.3319559228650138,0.07125,0.1,0.27375,0.235,0.32,3274
0.2443919716646989,-0.0936431989063566,0.0314769975786924,-0.0623962503661752,-0.0235690235690235,-0.1693933771855849,0.250073235035641,-0.062859658501305,0.0402722948372787,-0.0114752971895828,0.0638484604695386,-0.1246136257780414,-0.0008590479566932,-0.0162171317271457,0.0369774440570901,-0.0699884217670778,-0.0096387213092019,0.0085080726200844,0.0252310618443342,0.0006343629532035,-0.1019283746556474,0.0002142398057558,0.0686015224340546,-0.0487548586527377,-0.0111060857329512,0.0623376623376623,0.0964749536178107,0.077232502011263,0.0882740447957839,0.0909090909090909,0.1298701298701298,0.0890538033395176,0.1335478680611424,0.1198945981554677,0.1187245590230664,0.2857142857142857,0.313543599257885,0.2952534191472244,0.2924901185770751,0.2747625508819539,0.1766233766233766,0.1595547309833024,0.1689460981496379,0.1620553359683794,0.1743554952510176,0.3454545454545454,0.3413729128014842,0.3250201126307321,0.3372859025032938,0.3412483039348711,0.0825,0.11875,0.295,0.16625,0.3375,1620
0.1183482524402861,-0.0497922286214187,-0.00227076971263,-0.0643726762411607,0.0486257928118393,0.0139189137937573,0.0727325412923789,-0.0240384968053812,0.0103878542012415,-0.0794216676569619,0.0537122452016068,-0.0362051741362086,-0.0383032605254827,-0.0079575596816976,0.087024087024087,-0.0500138159712628,0.0915488452434264,-0.1490567046122601,-0.0076130765785937,0.1612554112554112,0.0693241387043421,-0.0955561180448738,0.0457446174032325,0.1367952387442641,-0.0979358805445762,0.1035940803382663,0.1158645276292335,0.1111888111888111,0.1233766233766233,0.1093544137022397,0.266384778012685,0.2352941176470588,0.2629370629370629,0.2305194805194805,0.2779973649538867,0.3044397463002114,0.3110516934046345,0.3153846153846154,0.349025974025974,0.2898550724637681,0.1543340380549683,0.1434937611408199,0.1461538461538461,0.1461038961038961,0.1251646903820817,0.1712473572938689,0.1942959001782531,0.1643356643356643,0.1509740259740259,0.1976284584980237,0.1175,0.25375,0.30375,0.145,0.18,3135
0.0955342001130582,-0.3310827103930551,0.1083246255660049,0.0221736504558397,0.0610468139476146,-0.2263146689376198,0.000999000999001,0.088023088023088,0.0420588585726201,-0.053732996860959,0.0461997019374068,-0.0004113533525298,-0.1360665478312537,0.0384143649119365,0.0632840814050738,0.0776931080055112,0.0130624092888245,-0.0367829235753764,0.0904369993862811,-0.0925674522204971,0.0895542609402519,-0.0527654164017799,0.147842056932966,-0.103950261581621,-0.0121029336884572,0.0689655172413793,0.0935064935064935,0.0727272727272727,0.0703259005145797,0.0694214876033057,0.2163009404388714,0.1623376623376623,0.1625668449197861,0.160377358490566,0.1710743801652892,0.2006269592476489,0.2051948051948052,0.2556149732620321,0.2332761578044597,0.1917355371900826,0.2664576802507837,0.261038961038961,0.2620320855614973,0.2478559176672384,0.3008264462809917,0.2476489028213166,0.2779220779220779,0.2470588235294117,0.2881646655231561,0.2669421487603305,0.07625,0.1625,0.225,0.2725,0.26375,2689
-0.0117542032435649,0.0675990675990676,-0.0854816824966078,0.0794016110471806,0.0203888938066153,-0.11938762912054,0.0371803137760584,0.0588642859204943,-0.0479151874250176,-0.0250634543659051,-0.1132293391592336,0.0233267931109658,-0.0230079165975225,-0.016632033843581,0.0507019010798265,0.0096711798839458,-0.1851851851851851,-0.0203527815468111,0.0855389336401994,0.0343945786983761,0.0140531658136628,-0.008313220702601,-0.0230424706715817,0.0468140574559304,-0.0047829023968823,0.0594405594405594,0.0657640232108317,0.0654022236756049,0.0581818181818181,0.0579243765084473,0.1048951048951049,0.1083172147001934,0.1098757357750163,0.1333333333333333,0.1134352373290426,0.3636363636363636,0.3152804642166344,0.34270765206017,0.3418181818181818,0.3427192276749798,0.1818181818181818,0.206963249516441,0.2007848266841072,0.1806060606060606,0.1882542236524537,0.2902097902097902,0.3036750483558994,0.2812295618051014,0.286060606060606,0.2976669348350764,0.05875,0.1125,0.335,0.1975,0.29625,2707
-0.0373650926646318,0.1162599668597488,-0.0042993789785918,-0.0020916299351239,-0.0424949200459405,0.031792580179677,0.0659044094158598,0.0115008079079935,-0.0294023032876535,-0.0352962733915116,0.0497048888228962,0.0091269248675762,0.0242759590140776,0.0735379270411117,-0.0849909584086798,-0.1469534050179211,-0.0141105713624796,0.0767555797495916,-0.0005790387955992,0.0110630110630109,-0.0212865292306794,-0.0191927247868912,0.0120166722186562,0.0320545506399675,-0.0101010101010101,0.1205936920222634,0.1125541125541125,0.1104718066743383,0.1333333333333333,0.1187245590230664,0.1447124304267161,0.1529581529581529,0.1622554660529344,0.166060606060606,0.1668928086838534,0.209647495361781,0.2063492063492063,0.2036823935558112,0.1927272727272727,0.2062415196743555,0.196660482374768,0.202020202020202,0.1818181818181818,0.1963636363636363,0.1899592944369063,0.3283858998144712,0.3261183261183261,0.3417721518987341,0.3115151515151515,0.3181818181818182,0.11625,0.16375,0.20875,0.19625,0.315,297
-0.0263929618768328,-0.0688526817559076,0.127627590625693,-0.2728520621451302,0.0285923753665688,-0.0736965240641711,0.0399108046166868,-0.0335685076169505,0.0215041529184206,0.0474598930481283,0.0773561301084236,-0.0794065839937399,0.1028938681394159,0.0204603126719074,-0.1155129274395327,0.0909090909090909,-0.0895050895050895,0.071046600458365,-0.1760154738878143,0.0227272727272727,0.0975935828877005,0.0089401854107735,-0.0155934031366558,0.0670155876664011,-0.11129679144385,0.1642228739002932,0.1717914438502673,0.1476230191826522,0.1454545454545454,0.1443850267379679,0.3460410557184751,0.3108288770053476,0.3494578815679733,0.3527272727272727,0.320855614973262,0.2595307917888563,0.3074866310160428,0.2668890742285237,0.2763636363636363,0.302139037433155,0.0747800586510264,0.0574866310160427,0.0575479566305254,0.069090909090909,0.0548128342245989,0.1554252199413489,0.1524064171122994,0.1784820683903252,0.1563636363636363,0.177807486631016,0.16,0.32375,0.2975,0.05875,0.16,2339
0.1508491508491509,-0.0846296560582273,-0.1296922255826365,0.0973565441650547,0.1071428571428572,-0.2769838856795379,-0.18142726838379,0.1011965997076181,0.0020463655986319,0.0047995482778092,-0.1363636363636364,0.0398490398490398,-0.0135602601356026,0.0364639300809512,0.0101911976911978,0.1116991116991117,0.027999027999028,-0.0097270371242974,-0.0734138393712862,0.0215865215865216,0.0546490546490546,0.0083990083990084,0.0383284903832849,-0.1080067817656471,0.0019240019240019,0.0551948051948051,0.0830039525691699,0.0738636363636363,0.0577395577395577,0.0614478114478114,0.1233766233766233,0.1343873517786561,0.1092171717171717,0.1105651105651105,0.1127946127946128,0.4123376623376623,0.3280632411067193,0.369949494949495,0.3685503685503685,0.351010101010101,0.1590909090909091,0.1758893280632411,0.1698232323232323,0.1891891891891892,0.1952861952861952,0.25,0.2786561264822134,0.2771464646464646,0.273955773955774,0.2794612794612794,0.065,0.11375,0.365,0.17625,0.28,653
-0.7682106477032482,-0.1174484926085439,0.1365486616504256,0.0263783539001472,0.0034030140982014,-0.4094432699083863,0.0098164746052069,0.1225689733152419,-0.046077210460772,-0.0338680926916219,0.1164683979678773,0.1514896707244825,-0.0409283298568217,-0.007416219029386,-0.0136483358608028,0.0818483841739655,0.0488384854582036,-0.0157007171932543,0.0322006760362924,-0.027501909854851,0.0251350716466995,0.0468060890596101,-0.0006784260515602,0.0487062404870624,-0.0416666666666667,0.0950413223140495,0.0757575757575757,0.0474898236092265,0.0493506493506493,0.0523989898989898,0.0991735537190082,0.0878787878787878,0.0753052917232021,0.0844155844155844,0.0845959595959596,0.2892561983471074,0.2939393939393939,0.3487109905020353,0.3402597402597402,0.3352272727272727,0.1776859504132231,0.1909090909090909,0.1838534599728629,0.1766233766233766,0.1736111111111111,0.3388429752066115,0.3515151515151515,0.344640434192673,0.3493506493506493,0.3541666666666667,0.05375,0.08875,0.335,0.1825,0.34,3774
0.1323763955342903,-0.1258091753447789,0.0011246878514648,0.0501506290979976,-0.0247522887390272,-0.0666666666666666,0.2727272727272727,-0.0720753350235423,0.0033670033670034,-0.0021474588403722,0.007030303030303,-0.0678074866310161,0.0102136906917781,0.0173737373737374,0.0012884753042233,0.0009182736455463,-0.0111813320369471,-0.0185154698012359,-0.061116212631364,0.0542504500986964,-0.0437196391394865,0.1051965546801648,0.0267935890027674,0.0294805561981136,-0.0644401580267419,0.0813397129186602,0.1,0.093090909090909,0.09366391184573,0.0978487161693268,0.1196172248803827,0.0772727272727272,0.1134545454545454,0.1074380165289256,0.0950728660652324,0.3133971291866029,0.3363636363636363,0.3105454545454545,0.3195592286501377,0.3053435114503817,0.1602870813397129,0.1681818181818181,0.1658181818181818,0.1790633608815427,0.1637751561415683,0.3253588516746411,0.3181818181818182,0.3170909090909091,0.3002754820936639,0.3379597501734906,0.09375,0.10625,0.31375,0.16875,0.3175,1255
-0.4298921417565486,0.1688311688311687,0.1585274229902329,-0.1158156911581569,-0.0381885772220345,0.2662704527111306,-0.3193156050298908,-0.0303745840935922,0.0037359900373598,0.0666087320362414,0.1255448882567525,-0.0286010286010285,-0.0300076415778893,0.1484922991772307,-0.072203302686574,-0.0101010101010101,0.0860990860990861,0.1359879789631856,-0.1000415110004151,-0.0927115016334347,0.0926211265194315,0.044011544011544,-0.0205359378913099,-0.0343157603431576,0.0030415680973302,0.1054545454545454,0.0541125541125541,0.0644910644910645,0.0744949494949494,0.0669191919191919,0.0872727272727272,0.1385281385281385,0.108003108003108,0.0959595959595959,0.1003787878787878,0.2545454545454545,0.3116883116883117,0.3115773115773115,0.2613636363636363,0.3087121212121212,0.2036363636363636,0.1818181818181818,0.1554001554001554,0.2007575757575757,0.1887626262626262,0.3490909090909091,0.3138528138528138,0.3605283605283605,0.3674242424242424,0.3352272727272727,0.07375,0.105,0.3025,0.1825,0.33625,4520
0.1883116883116884,0.018055115616091,-0.0334735686848362,-0.0101010101010101,-0.0113780025284451,0.0859683794466403,0.1709245155692663,-0.068863775538607,0.0228370663153271,-0.0143761586624227,0.0434407364787111,-0.0384798899772658,-0.0275693285142386,-0.0516557984912415,0.0692180005499149,0.1037131882202304,-0.1867212142031791,-0.0712160285657608,-0.0101010101010101,0.1343070490521568,-0.0074976569821929,-0.1155050632043341,-0.0718481460459099,0.1096532333645734,0.0644516508944936,0.0649350649350649,0.0731225296442687,0.0765247410817031,0.0717029449423815,0.0805998125585754,0.1006493506493506,0.0849802371541501,0.1064441887226697,0.1216389244558258,0.1143392689784442,0.3668831168831168,0.3794466403162055,0.3647871116225546,0.380281690140845,0.380506091846298,0.1818181818181818,0.1758893280632411,0.1892980437284235,0.1818181818181818,0.1602624179943767,0.2857142857142857,0.2865612648221344,0.262945914844649,0.2445582586427656,0.2642924086223055,0.08,0.1025,0.355,0.18,0.2825,230
0.2334411306743321,-0.0758985705299235,0.0237301242085931,-0.0849756304301758,-0.0033819346457928,0.051383399209486,-0.0389610389610388,0.0385053542948279,-0.1508491508491509,0.0497307570478302,-0.0244665262950511,-0.0489767793469317,0.0043077106530131,0.0327429579766027,0.0108516208356646,0.0647441964037187,-0.1291802353130955,0.065525529572972,-0.0006894513936765,-0.0118359826363949,-0.0451611474629378,0.0086800647245297,0.0216182166646562,-0.0577657636481165,0.0186762066245567,0.0661157024793388,0.0818181818181818,0.0883602378929481,0.0806658130601792,0.0901451489686783,0.1707988980716253,0.1649350649350649,0.1665250637213254,0.1792573623559539,0.1573720397249809,0.2782369146005509,0.274025974025974,0.2837723024638912,0.2663252240717029,0.2788388082505729,0.1763085399449036,0.187012987012987,0.157179269328802,0.1626120358514724,0.1718869365928189,0.3085399449035813,0.2922077922077922,0.3041631265930331,0.3111395646606914,0.3017570664629488,0.08625,0.15875,0.285,0.1625,0.3075,3276
-0.0769718086791257,0.2666157372039724,0.024999024999025,-0.2956740229467502,0.0760483297796731,0.2722724430041503,0.0566296448649389,-0.1424011424011422,0.0089164914339738,0.0119333402915492,-0.0505241857361205,-0.1546648668293442,0.0331019457233051,0.0272745789074121,0.0225395528974721,-0.2962647108988572,0.0785684903331961,0.0927990927990928,0.0871599263207654,-0.0576488188428485,0.1195089816510812,0.08238394171898,0.0504338330425286,-0.1019283746556474,-0.0500855406760663,0.1103896103896103,0.0745920745920745,0.1076787290379523,0.1328671328671328,0.0902503293807641,0.0779220779220779,0.1002331002331002,0.1226831421006178,0.0979020979020979,0.0974967061923583,0.2705627705627705,0.317016317016317,0.2683142100617828,0.2517482517482518,0.2635046113306983,0.2316017316017316,0.1771561771561771,0.1738746690203,0.1631701631701631,0.1969696969696969,0.3095238095238095,0.331002331002331,0.3274492497793468,0.3543123543123543,0.3517786561264822,0.1025,0.10625,0.2775,0.17875,0.335,3230
0.2424242424242424,-0.0217113665389527,-0.0265521666173131,0.1858887381275442,-0.0942760942760942,0.1978609625668448,-0.4588071383203227,0.0663484819453396,0.1912097267672334,-0.0516934046345811,-0.1739915713425646,0.064405184523933,0.0022101202721174,-0.0459442702202412,0.0226771021473007,0.2424242424242424,0.0048265910334875,-0.0566342813899818,-0.0510219465443344,0.0668590668590668,-0.2237762237762237,-0.150318391697702,0.02811629195994,0.0675990675990675,0.0106190106190104,0.0303030303030303,0.0320855614973262,0.0469596628537025,0.0303030303030303,0.0489510489510489,0.1111111111111111,0.1586452762923351,0.1017459361830222,0.1082251082251082,0.1250971250971251,0.3939393939393939,0.3582887700534759,0.3829018663455749,0.4054834054834055,0.372960372960373,0.1363636363636363,0.1354723707664884,0.1751956652618904,0.176046176046176,0.1561771561771562,0.3282828282828283,0.3155080213903743,0.2931968693558097,0.2799422799422799,0.2968142968142968,0.04,0.10875,0.38375,0.1675,0.3,691
0.1759702286018075,-0.1483253588516746,-0.0473571186376822,0.2144540455616654,-0.0673536989326462,-0.1605415860735011,0.1295938104448742,-0.0356539088319955,-0.0623863275498715,0.0715667311411991,0.0145355999014534,-0.1603843311160384,-0.0452130290808991,0.0160064422896604,0.0812439592927398,0.0520590520590519,-0.0489510489510489,0.0397004570232916,-0.1021814006888632,0.0145239376008606,-0.1134971764893024,-0.0737294201861129,0.0959254645782018,0.0384512655049734,-0.0594130279169649,0.0741626794258373,0.104448742746615,0.0886917960088691,0.0853146853146853,0.1002147458840372,0.1148325358851674,0.0870406189555125,0.1160384331116038,0.1048951048951049,0.1073729420186113,0.3325358851674641,0.3288201160541586,0.3318551367331855,0.3048951048951049,0.2870436649964209,0.131578947368421,0.1779497098646034,0.1648189209164819,0.1846153846153846,0.1610594130279169,0.34688995215311,0.3017408123791102,0.2985957132298595,0.3202797202797203,0.3443092340730136,0.09,0.1,0.3175,0.1675,0.325,2754
0.3612944432616564,-0.2140033879164313,-0.018181818181818,-0.2275395837039673,0.1410979458788223,0.0649016685660851,0.0544834534604355,-0.0666666666666666,-0.0451004810392401,0.0568918621414519,0.0385077640498052,-0.1156445237791661,0.0076246334310849,0.0077531836259189,0.0209250972648992,-0.238106156138943,-0.0641532380662814,0.0079254079254079,0.0228949133058721,0.0601695780978648,0.1283547696276722,0.0234829109509416,0.0319327731092438,-0.0548677752545601,-0.0396915013741825,0.0487012987012987,0.071301247771836,0.0733137829912023,0.0944055944055944,0.0664629488158899,0.1396103896103896,0.1087344028520499,0.1282991202346041,0.1223776223776223,0.1122994652406417,0.3181818181818182,0.3333333333333333,0.3101173020527859,0.31002331002331,0.3025210084033613,0.224025974025974,0.1907308377896613,0.1810850439882698,0.1783216783216783,0.1925133689839572,0.2694805194805195,0.2959001782531194,0.3071847507331378,0.2948717948717949,0.3262032085561497,0.07625,0.115,0.3125,0.1825,0.31375,4863
0.1021324354657686,-0.0101010101010099,0.1241082150173058,-0.1627061986774218,-0.0624169986719786,0.1582491582491582,0.1391184573002755,0.0728968001695274,-0.1990407673860912,-0.0443076180127972,0.0049751243781094,-0.0238065869002097,-0.01526695827917,0.0004197456146345,0.0247963370399,0.0990990990990989,-0.194996649542104,0.0275081184172092,-0.0535060894773125,0.0524388930763431,-0.1383678050344716,-0.0428964974419519,0.0453990453990453,0.0366148639529934,-0.0371213558464555,0.0404040404040404,0.0378787878787878,0.044776119402985,0.0405405405405405,0.0512265512265512,0.1111111111111111,0.0946969696969697,0.112618724559023,0.1314496314496314,0.1147186147186147,0.3131313131313131,0.3314393939393939,0.3629579375848032,0.3476658476658477,0.3412698412698413,0.202020202020202,0.2083333333333333,0.1736770691994572,0.183046683046683,0.1673881673881674,0.3333333333333333,0.3276515151515151,0.3059701492537313,0.2972972972972973,0.3253968253968254,0.045,0.11,0.3575,0.17375,0.31375,969
-0.0277505300129734,0.0050988682999627,-0.101139269937224,0.0944741532976826,0.1443850267379679,-0.0074992880422743,-0.014799154334038,0.0848639851197394,-0.0338680926916221,-0.1068046901829955,-0.0633994105068485,0.0599828770115143,0.0383170548459803,-0.0518407212622089,-0.0201338581048944,0.0109755291941526,-0.0311190237750824,-0.0429235143193953,0.0962254120148856,0.0167244633685966,0.1724252079281665,-0.0489510489510489,-0.1979325022803284,0.0909090909090909,0.1274780265605954,0.2171122994652406,0.2128342245989304,0.2246431254695717,0.2089314194577352,0.1748251748251748,0.213903743315508,0.2181818181818181,0.2021036814425244,0.2216905901116427,0.2255244755244755,0.3165775401069519,0.2631016042780749,0.2764838467317806,0.2998405103668261,0.3444055944055944,0.1358288770053476,0.1550802139037433,0.1577761081893313,0.1355661881977671,0.1363636363636363,0.1165775401069518,0.1508021390374331,0.1389932381667918,0.1339712918660287,0.1188811188811188,0.21125,0.215,0.2875,0.15,0.13625,633
-0.096977476951803,-0.1748783367408644,0.0554899645808737,0.0730276804234318,-0.0126496249288512,-0.124401913875598,-0.1334120425029514,0.1656828020464384,-0.1847507331378299,0.0386624869383489,0.0100643458175218,0.0717746203639621,0.0066359972316085,0.06158357771261,-0.0665513638165242,0.0171990171990172,-0.097673824946552,-0.0253464798919342,0.1820559562495046,-0.0618769239458893,-0.0607915136678907,0.0335246149199638,-0.0665397557575149,-0.0620837027438676,0.1035724796751259,0.1042128603104212,0.1068181818181818,0.0940438871473354,0.0933660933660933,0.1007751937984496,0.1130820399113082,0.109090909090909,0.0893416927899686,0.1056511056511056,0.0930232558139534,0.2727272727272727,0.2409090909090909,0.286833855799373,0.296068796068796,0.3079633544749824,0.17960088691796,0.2295454545454545,0.1818181818181818,0.1584766584766584,0.2057787174066243,0.3303769401330377,0.3136363636363636,0.347962382445141,0.3464373464373464,0.2924594785059901,0.095,0.09625,0.28875,0.19375,0.32625,4092
-0.2910166756320602,-0.0969422734128615,0.0675990675990676,-0.1486098442620183,0.1336097530787795,0.0197836351682506,-0.4808720691073633,0.0740294188570049,-0.1621229012533362,0.1418610887637434,0.094822452486686,-0.04609859869628,0.015170583255154,0.0190704249733127,-0.0499674087297625,-0.1988011988011988,-0.1459129106187928,0.0649350649350649,-0.0615471485036702,0.0667739340305711,0.1000304043782304,0.1071843757265752,-0.0183998909636091,0.097210288136564,-0.1025219490013642,0.1258741258741259,0.0955710955710955,0.0882548108825481,0.1168831168831168,0.0877470355731225,0.0932400932400932,0.1258741258741259,0.0889183808891838,0.0974025974025974,0.0758893280632411,0.337995337995338,0.3356643356643357,0.3570006635700066,0.3389610389610389,0.3691699604743083,0.1981351981351981,0.2004662004662004,0.1692103516921035,0.1831168831168831,0.1557312252964426,0.2447552447552447,0.2424242424242424,0.2966157929661579,0.2636363636363636,0.3114624505928853,0.0975,0.085,0.3625,0.1725,0.2825,4077
-0.0822510822510822,-0.0101010101010101,-0.0300044782803403,-0.0801658200502131,0.1574279379157427,-0.038961038961039,-0.299668313815745,-0.1274729327467665,0.0479428765725944,0.227859658275727,0.0584415584415584,0.0136445832648364,-0.1419614867890732,0.069138953532017,0.0370605004751345,-0.1122994652406417,0.1335544574561701,0.0263691683569978,0.0454700009273283,-0.0392591626451024,0.0520819386798766,0.2407435967399429,0.0138549683519464,-0.0444712905829645,-0.1045328822547833,0.1893939393939394,0.1818181818181818,0.1647727272727272,0.1946524064171123,0.1658856607310215,0.0997474747474747,0.1283422459893048,0.0974025974025974,0.0855614973262032,0.0749765698219306,0.2613636363636363,0.2860962566844919,0.2897727272727273,0.2470588235294117,0.2502343017806935,0.2335858585858586,0.2058823529411764,0.2012987012987013,0.2064171122994652,0.225866916588566,0.2159090909090909,0.1978609625668449,0.2467532467532467,0.2663101604278075,0.2830365510777882,0.175,0.09875,0.25375,0.21625,0.25625,1321
0.2940771349862259,0.0934990934990934,-0.1555241127225564,0.000999000999001,0.019036519036519,-0.022552178176215,-0.085167186862102,0.040727128836342,0.0314769975786926,-0.0272213662044169,-0.1903293450104846,0.0536826357721879,0.0032152643221811,0.0427482964796397,0.0119333402915492,-0.0775185688879589,-0.0858339972264023,-0.0423896155068888,0.2159738995182033,-0.0740314537782891,0.0289256198347107,-0.0178710178710179,0.0024761230986911,-0.008991008991009,0.0034965034965035,0.0776515151515151,0.1124807395993836,0.1309362279511533,0.1185270425776754,0.1068181818181818,0.1325757575757575,0.1587057010785824,0.1383989145183175,0.1588032220943613,0.1488636363636363,0.3712121212121212,0.3081664098613251,0.3202170963364993,0.334867663981588,0.3204545454545454,0.2272727272727272,0.2203389830508474,0.2177747625508819,0.1783659378596087,0.2295454545454545,0.1912878787878787,0.2003081664098613,0.1926729986431479,0.2094361334867664,0.1943181818181818,0.11,0.14625,0.32125,0.2275,0.195,1831
-0.0456832886739428,-0.0933229207340882,0.0596973647821105,0.1293474737183347,-0.0406260406260408,-0.0875106202209003,-0.0512668380688685,0.045173282461418,-0.0137324044608813,0.0806019377447948,0.0244390024488979,-0.0032845625559869,0.0235354542433307,-0.1672628112051561,0.1138273491214667,0.1859477188753433,-0.0130820660864339,-0.0319991400007166,-0.0976856194783193,0.0184234370280881,-0.0195412064570941,-0.004973593806081,0.0013125606345945,-0.110442170044819,0.1161616161616161,0.1398601398601398,0.1454545454545454,0.1304812834224599,0.1088794926004228,0.1363636363636363,0.2692307692307692,0.2588744588744588,0.2470588235294117,0.2494714587737843,0.2474747474747475,0.208041958041958,0.2112554112554112,0.2160427807486631,0.2283298097251585,0.2209595959595959,0.1643356643356643,0.1913419913419913,0.2203208556149732,0.2071881606765327,0.2095959595959595,0.2185314685314685,0.193073593073593,0.1860962566844919,0.2061310782241014,0.1856060606060606,0.13375,0.24625,0.22125,0.18875,0.21,2178
-0.1429430784269494,-0.0519395134779749,-0.0564847066748208,0.1119991119991119,0.0503960983665781,-0.1421515665997839,-0.0550852656115812,0.0175923736059816,0.0278727120832384,0.0183442504281501,-0.2796587576646228,0.0367758962800285,-0.0352718016986,0.0745709753974216,0.0529552177565352,0.0469208211143694,-0.0052447552447552,0.1012789491876943,-0.0551948051948052,-0.0818517276081851,-0.0370181478175868,0.0338164251207729,0.1002770305134332,-0.1000271869837086,-0.0520737618443376,0.0885780885780885,0.0885167464114832,0.0991735537190082,0.0738636363636363,0.0803689064558629,0.1025641025641025,0.1028708133971291,0.0939143501126972,0.0980113636363636,0.0942028985507246,0.3473193473193473,0.3229665071770335,0.3403456048084147,0.2954545454545454,0.2957839262187088,0.1398601398601398,0.1531100478468899,0.1457550713749061,0.1661931818181818,0.1732542819499341,0.3216783216783216,0.3325358851674641,0.3208114199849737,0.3664772727272727,0.3563899868247694,0.0775,0.0975,0.32875,0.1575,0.33875,1417
-0.142857142857143,-0.2241224122412239,0.0602655771195096,-0.062573789846517,0.087167976056865,-0.261595547309833,-0.0415327247010415,-0.0019942604212266,0.0048912126834204,0.0540323873657208,-0.038961038961039,-0.0430454810186899,0.0226121091950568,0.0763247447739426,-0.0497128144186966,-0.1873840445269017,-0.1212549826411211,0.0038425993482172,0.0824759655928487,0.0208967986745766,0.084305524983491,0.0114265663854521,-0.0664635307560463,0.0114661917435414,0.0488691053662805,0.05,0.0551948051948051,0.0454545454545454,0.0519480519480519,0.0400616332819722,0.1545454545454545,0.1314935064935065,0.1316844919786096,0.1415584415584415,0.1248073959938366,0.3136363636363636,0.3344155844155844,0.3262032085561497,0.3324675324675324,0.3559322033898305,0.2045454545454545,0.1915584415584415,0.177807486631016,0.1766233766233766,0.1902927580893682,0.2772727272727273,0.2873376623376623,0.3188502673796791,0.2974025974025974,0.2889060092449923,0.04375,0.12625,0.33375,0.1925,0.30375,1782
0.0764790764790764,-0.0851370851370851,-0.0774410774410774,0.0508257174923841,0.120507399577167,-0.0395930103959303,-0.0027280100272799,0.0300408791892977,0.0300408791892977,-0.0172682520331475,-0.1063011063011063,0.0508257174923842,0.1128213350435574,-0.2078456522900966,-0.034934058189872,0.0934990934990934,0.0606923940257274,-0.2086678753345419,0.3323548879104435,-0.0755136336531685,0.1245791245791245,-0.0569183902517234,-0.0902677569344234,0.0508257174923841,0.078626799557032,0.0831168831168831,0.0935633709356337,0.0995670995670995,0.0815850815850815,0.0787878787878787,0.3662337662337662,0.338420703384207,0.3203463203463203,0.317016317016317,0.3567099567099567,0.2181818181818181,0.1964167219641672,0.1796536796536796,0.2447552447552447,0.2207792207792207,0.0961038961038961,0.0982083609820836,0.1222943722943722,0.0675990675990676,0.0961038961038961,0.2363636363636363,0.2733908427339084,0.2781385281385281,0.289044289044289,0.2476190476190476,0.09,0.3375,0.2025,0.10125,0.26875,4715
0.2916174734356552,-0.0307153164296021,0.0686081595172505,-0.1881062975953484,-0.0095685372438141,0.1735537190082644,-0.0389610389610388,-0.1157024793388428,-0.06171201061712,0.1278094599127809,-0.0039791857973674,-0.0325476992143658,-0.0427507397204365,0.0601882572685492,0.0219538559021953,0.0964187327823691,-0.0274170274170275,0.0670339761248852,-0.167883211678832,0.0124119423012412,-0.0891152540201165,0.1341991341991341,-0.0015589296773228,-0.0493665221215722,-0.0006527126582049,0.0389610389610389,0.0454545454545454,0.0552188552188552,0.0496969696969697,0.0599013389711064,0.1082251082251082,0.109090909090909,0.1084175084175084,0.1078787878787878,0.0909090909090909,0.3073593073593073,0.3681818181818181,0.3441077441077441,0.3078787878787878,0.3305144467935165,0.2034632034632034,0.1818181818181818,0.1609427609427609,0.2,0.1797040169133192,0.341991341991342,0.2954545454545454,0.3313131313131313,0.3345454545454545,0.3389711064129669,0.055,0.105,0.33,0.17125,0.33875,4701
0.0059039906030725,-0.0368893320039882,0.0177889337553203,-0.0565548533462971,0.0403876266729695,-0.1044114110637084,0.0702776109268495,0.0188987767680262,0.0941775225288322,-0.0351667248380422,0.0871556189475264,0.0197373248220704,-0.074299849810054,0.0187590187590187,-0.0293941785654492,-0.1076912811016856,0.129307603883875,-0.0012663073887564,-0.0407101316192224,0.0496918673714253,0.0732336502173601,-0.1276089088107579,-0.0878731657952438,0.0921612822439269,0.0411396739874891,0.2149732620320855,0.2388289676425269,0.1974025974025974,0.2395382395382395,0.2004132231404958,0.1529411764705882,0.1371340523882896,0.1445887445887446,0.1284271284271284,0.1663223140495867,0.2406417112299465,0.2403697996918335,0.2632034632034632,0.2453102453102453,0.2665289256198347,0.174331550802139,0.1494607087827426,0.1619047619047619,0.1717171717171717,0.149793388429752,0.2171122994652406,0.234206471494607,0.2329004329004329,0.215007215007215,0.2169421487603305,0.21625,0.1475,0.245,0.165,0.22625,4118
0.152362788726425,0.1027154663518299,0.0670083796469606,-0.206164842528479,-0.0072314049586776,-0.0123210123210122,-0.0092764378478664,0.0660210869270102,-0.0530010530010529,-0.0389610389610388,-0.0619010619010618,0.0909090909090908,0.0004575370429029,0.0342615342615342,-0.0357481060606059,-0.0984449340613724,-0.095890410958904,0.010678596378563,0.0171990171990171,0.0193026151930262,-0.0804010804010804,-0.0636982065553495,-0.0417766515327491,0.0210990210990211,0.0643037518037518,0.0413223140495867,0.0493506493506493,0.0517676767676767,0.0535491905354919,0.0526695526695526,0.0785123966942148,0.0883116883116883,0.0795454545454545,0.0958904109589041,0.093073593073593,0.3347107438016529,0.335064935064935,0.3585858585858585,0.3549190535491905,0.3737373737373737,0.2231404958677686,0.1948051948051948,0.1786616161616161,0.1818181818181818,0.1810966810966811,0.3223140495867768,0.3324675324675324,0.3314393939393939,0.3138231631382316,0.2994227994227994,0.04875,0.0875,0.35875,0.185,0.32,1652
0.0755007704160246,-0.0389610389610388,0.062049062049062,-0.0330578512396693,-0.0227272727272727,-0.0430247718383312,-0.0389610389610388,0.0083990083990083,0.1025017762985678,-0.0543302850995157,-0.0272213662044171,-0.0389610389610388,0.1525229620467715,-0.0880385211936014,-0.0256410256410255,-0.0495964850722359,0.129055762719129,0.0208544663990207,-0.0204228979047635,-0.0413349027210412,-0.0632917347886943,-0.0363173721952347,0.0218432966524568,-0.0717453343080971,0.0647520418512785,0.0681818181818181,0.0769230769230769,0.0757575757575757,0.0774077407740774,0.0784177654406662,0.1363636363636363,0.1363636363636363,0.1363636363636363,0.1143114311431143,0.1360166551006245,0.2215909090909091,0.2342657342657342,0.2002164502164502,0.2313231323132313,0.231089521165857,0.2414772727272727,0.2097902097902098,0.2543290043290043,0.2385238523852385,0.2505204718945177,0.3323863636363636,0.3426573426573426,0.3333333333333333,0.3384338433843384,0.3039555863983345,0.07375,0.13125,0.23625,0.23375,0.325,1483
0.183673469387755,0.0891300480341575,-0.0876623376623375,-0.054702872884691,0.0303030303030302,0.1341991341991341,-0.1039682272558986,0.0786240786240786,-0.0125828307646489,-0.0868622633328515,0.0286136627600042,-0.0124634247587807,0.0668883961566888,-0.1064077582924589,-0.017926756807675,0.0139490139490139,0.0037359900373598,-0.0692866161616161,0.074074074074074,0.0255496137849078,0.1081600104156494,-0.0037547168044644,0.0302460697197539,-0.0480747322852586,-0.0400332381756531,0.0857142857142857,0.0909090909090909,0.1019955654101995,0.1035353535353535,0.0936431989063568,0.0831168831168831,0.1007371007371007,0.0923872875092387,0.0909090909090909,0.0915926179084073,0.348051948051948,0.2948402948402948,0.2985957132298595,0.3421717171717172,0.3103212576896787,0.174025974025974,0.167076167076167,0.1825572801182557,0.1527777777777778,0.1729323308270676,0.3090909090909091,0.3464373464373464,0.3244641537324464,0.3106060606060606,0.3315105946684894,0.105,0.09125,0.32,0.165,0.31875,2275
0.2233548297621523,-0.1448821044023445,0.1000304043782305,0.0662386927341698,-0.1458824382637704,-0.1270600744284955,-0.0449320794148382,-0.0536130536130534,0.1376855806386007,0.0269669168751738,0.1107244695761441,-0.0211836230645008,-0.0298792116973933,0.0459814742914194,-0.0134708216442993,0.1493886230728335,-0.1019283746556474,0.0040262767535494,0.0090040120546526,0.00422068895797,0.1100746518703174,0.0780011063986722,0.0151025445143091,0.0361001020298297,-0.112972294839537,0.0553359683794466,0.0803030303030303,0.0633608815426997,0.0606060606060606,0.0634071810542398,0.1660079051383399,0.1515151515151515,0.1480716253443526,0.1597796143250688,0.1336898395721925,0.2924901185770751,0.3424242424242424,0.3347107438016529,0.3236914600550964,0.3200916730328495,0.1739130434782608,0.1606060606060606,0.1776859504132231,0.1845730027548209,0.1795263559969442,0.3122529644268774,0.2651515151515151,0.2761707988980716,0.2713498622589532,0.3032849503437739,0.07125,0.145,0.325,0.18625,0.2725,877
0.0383170548459804,0.1707136974241003,-0.1180541557481691,-0.1153665255660822,0.0433808615626797,-0.0330578512396695,0.0393626991565135,-0.0236511456023653,0.0206947524020695,-0.0239760239760238,-0.2405214279628524,-0.0782712876452911,0.0746794065878803,0.0033602304157999,0.0689722648485535,0.0005765904285989,-0.0331073864998583,0.014077244366524,-0.0106739545196721,0.0288780986455404,-0.1269722013523666,0.0329726505921444,0.0848619229993952,-0.0733723039709735,-0.0262464807919353,0.0661157024793388,0.0710227272727272,0.0852858481724461,0.0687103594080338,0.0774793388429752,0.2011019283746556,0.2329545454545454,0.2614807872539831,0.2505285412262156,0.2345041322314049,0.2865013774104683,0.2623106060606061,0.2371134020618556,0.2526427061310782,0.2345041322314049,0.2286501377410468,0.2007575757575757,0.204311152764761,0.2071881606765327,0.2200413223140495,0.2176308539944903,0.2329545454545454,0.211808809746954,0.2209302325581395,0.2334710743801653,0.06875,0.2425,0.25625,0.205,0.2275,3525
-0.0196560196560195,0.0012804097311138,0.0082644628099173,-0.0519480519480519,0.0406578346276838,0.003159003159003,-0.0535942930309127,0.0297305999785338,-0.0686456400742117,0.0289107877047575,-0.0262877519514688,-0.0243277848911651,0.0505508533739352,-0.1079186300425238,0.0426792045505078,-0.0927195137721452,0.0161062066176965,-0.0162521254300289,0.0909090909090908,0.0190185376643985,-0.0339885339885339,0.0610328638497652,0.0608564988730276,-0.038961038961039,-0.0430942591746612,0.1886363636363636,0.1844155844155844,0.1898632341110217,0.2021531100478469,0.1912878787878787,0.0886363636363636,0.0935064935064935,0.0909090909090909,0.0873205741626794,0.0833333333333333,0.3,0.2935064935064935,0.2872083668543845,0.3074162679425837,0.2840909090909091,0.184090909090909,0.187012987012987,0.1938857602574416,0.1590909090909091,0.1818181818181818,0.2386363636363636,0.2415584415584415,0.2381335478680611,0.2440191387559808,0.2594696969696969,0.185,0.08875,0.3025,0.175,0.24875,2016
-0.0780885780885782,-0.0695187165775401,0.0449239476476829,-0.0704874835309619,0.0651589789520823,-0.1614116877274771,0.189417393751759,-0.0351311600543631,0.0846681922196795,0.0006363872062601,-0.041054699591285,0.0261292987261423,0.0107011080722763,-0.0583030731493086,0.0388081220713684,-0.0622289103301763,0.046909903201787,0.0220880926687948,-0.0540184453227932,0.024982001847999,0.0416990416990417,0.0998217468805704,0.0331328852729629,-0.1418533157663593,-0.0113449768622184,0.1576704545454545,0.1698564593301435,0.1522542498152254,0.1553509781357882,0.1401515151515151,0.1136363636363636,0.0861244019138756,0.1034737620103473,0.1012658227848101,0.0956439393939393,0.3068181818181818,0.3325358851674641,0.3178122690317812,0.3141542002301496,0.3106060606060606,0.1846590909090909,0.1578947368421052,0.1825572801182557,0.1818181818181818,0.1969696969696969,0.2372159090909091,0.2535885167464115,0.2439024390243902,0.2474108170310702,0.2566287878787879,0.14625,0.10625,0.32125,0.1725,0.25375,426
0.4250808480057492,-0.1048145149769037,-0.0168177943114005,-0.0882398234176891,0.0298239310097018,-0.0481757710139083,0.0596532471348809,0.1026477109690883,-0.1633599216747774,-0.0145803937378217,-0.132296479468992,0.0823710015437554,0.0029053854899152,0.0034303563294257,-0.0086549098718031,0.1249392318911035,-0.0102441852973391,0.0068155604487782,-0.038961038961039,-0.0014584346135149,-0.0797120767795254,-0.05995830830654,-0.0327180725662699,-0.0587652816391819,0.0980183062294499,0.0316205533596837,0.0576496674057649,0.0622763063707945,0.0481283422459893,0.0593841642228739,0.1146245059288537,0.0975609756097561,0.0952040085898353,0.1048128342245989,0.1099706744868035,0.3241106719367589,0.2860310421286031,0.3178239083750895,0.3165775401069519,0.3291788856304985,0.2094861660079051,0.2239467849223946,0.1918396564065855,0.2,0.2038123167155425,0.3201581027667984,0.3348115299334812,0.332856120257695,0.3304812834224599,0.2976539589442815,0.055,0.10375,0.31875,0.1925,0.33,626
0.2207792207792207,-0.2434374136501795,0.0446335273921481,-0.0809066709687826,0.0491651205936921,0.0623213264722697,-0.1386445750155105,0.0168437793681776,-0.0398133449815156,0.0504778240627297,0.0562109646079111,0.0373115596438642,-0.055035748376101,0.0241421373183737,0.0160602756022603,0.0606060606060606,-0.2282398452611218,0.0351793800069661,0.0796160361377752,-0.018668831168831,-0.0886644219977554,0.0400458485564868,0.014409742379091,-0.0372879938097328,0.016955266955267,0.0584415584415584,0.0703259005145797,0.0707841776544066,0.0704545454545454,0.0816498316498316,0.1461038961038961,0.1337907375643224,0.1131158917418459,0.1443181818181818,0.1127946127946128,0.3116883116883117,0.320754716981132,0.3442054129077029,0.3147727272727272,0.3215488215488215,0.2175324675324675,0.20926243567753,0.1963913948646773,0.1852272727272727,0.2087542087542087,0.2662337662337662,0.2658662092624357,0.2755031228313671,0.2852272727272727,0.2752525252525252,0.075,0.1175,0.32625,0.20125,0.28,1589
-0.2593467138921683,0.059376837154615,-0.1367767092957932,0.2331478045763759,0.0358847501704644,0.1971664698937426,-0.0261343594676928,-0.086547040745514,0.0055658627087197,0.0561819133247705,0.0059527249609894,0.0330656997323663,-0.0152234996093427,0.1099809281627463,-0.0525604931199337,-0.0072314049586776,0.0881032547699215,0.0327897293546148,-0.047077922077922,-0.0323010323010324,0.0468721722869035,0.1021324354657687,-0.0779213542906638,-0.0162100673049578,0.0452370014413809,0.0692640692640692,0.0441558441558441,0.0546726001271455,0.0553977272727272,0.0524220305242203,0.0952380952380952,0.1038961038961039,0.0979020979020979,0.0923295454545454,0.0909090909090909,0.3722943722943723,0.3558441558441558,0.3324856961220597,0.3167613636363636,0.3530192435301924,0.1341991341991342,0.174025974025974,0.1557533375715193,0.1832386363636363,0.1778367617783676,0.329004329004329,0.3220779220779221,0.3591862682771773,0.3522727272727273,0.3258128732581287,0.055,0.10125,0.3275,0.175,0.34125,2223
-0.1311269375785504,-0.1835882803624737,0.0280687054880602,-0.0078063690058238,0.0993870828758459,-0.0582010582010581,0.2355992355992356,0.0139490139490139,-0.0338123014179352,-0.1042494454816731,-0.1275546159267087,0.0197385546222755,0.0677539514748816,-0.1354951413909815,0.0247454151344814,-0.059466848940533,-0.1034958403379455,-0.0355434039644566,0.1441471797290923,0.0203859497947798,0.0791027154663519,0.0291117563844836,0.0602125147579691,-0.038295891048772,-0.0904390740668206,0.0791788856304985,0.074074074074074,0.0789288231148696,0.0741626794258373,0.0644628099173553,0.1642228739002932,0.106060606060606,0.1360112755461592,0.1531100478468899,0.1347107438016529,0.3401759530791788,0.3451178451178451,0.3262861169837914,0.3624401913875598,0.3289256198347107,0.1788856304985337,0.1835016835016835,0.2015503875968992,0.1519138755980861,0.184297520661157,0.2375366568914956,0.2912457912457912,0.2572233967582805,0.2583732057416268,0.2876033057851239,0.07,0.13875,0.35,0.1775,0.26375,2217
0.3939393939393939,0.1123354759718396,-0.0525422290128174,-0.0296513522319974,-0.0836332675413136,0.144385026737968,-0.3612056392805056,-0.0245809553768032,-0.0488183543212006,0.098489970700924,-0.0190615835777125,-0.0663822980538524,-0.0350181128169744,-0.0178791032068867,0.0651790429321018,-0.0253699788583507,0.0390159523351912,0.0264181782649634,-0.014799154334038,-0.017391233910881,0.0303030303030303,0.0633608815426998,-0.0236822001527885,-0.1143695014662755,0.0642052711018228,0.0606060606060606,0.0855614973262032,0.1019061583577712,0.102536997885835,0.0969696969696969,0.0732323232323232,0.1122994652406417,0.0879765395894428,0.0792811839323467,0.0772727272727272,0.3131313131313131,0.3048128342245989,0.3079178885630498,0.2896405919661733,0.3045454545454545,0.1994949494949495,0.2032085561497326,0.1972140762463343,0.1966173361522198,0.2159090909090909,0.3535353535353535,0.2941176470588235,0.3049853372434017,0.3319238900634249,0.3053030303030303,0.1,0.0825,0.2975,0.19375,0.32625,4483
0.0216939369481743,-0.0220594497913295,-0.0454252891498117,-0.0174383055738986,0.0275637733264851,0.0009990009990009,0.0020030221035245,0.0528458882889263,-0.0101010101010101,-0.0126910126910126,0.0909090909090908,0.0497944266788488,0.0333716915995396,-0.1399711399711398,-0.0235690235690235,0.0038635199925523,-0.0551290175216256,-0.1730205278592373,0.2179863147605083,-0.0122732703377863,0.0465501576612688,-0.0422482784291828,0.0316668797681456,-0.0218587996365773,0.0103504177578251,0.1540832049306625,0.1573426573426573,0.1431818181818182,0.156891495601173,0.1501683501683501,0.2542372881355932,0.2482517482517482,0.2363636363636363,0.2624633431085044,0.2592592592592592,0.1032357473035439,0.0935314685314685,0.0954545454545454,0.1158357771260997,0.0956228956228956,0.160246533127889,0.1590909090909091,0.1795454545454545,0.1231671554252199,0.1609427609427609,0.3281972265023112,0.3417832167832167,0.3454545454545454,0.3416422287390029,0.334006734006734,0.1575,0.24875,0.09875,0.1575,0.3375,1485
0.5315473576343142,-0.2593467138921683,-0.0251771445801296,0.0848657515324182,-0.0433717943599367,-0.4372978799856271,-0.1734821652177023,0.0707618930142676,-0.0454192272374089,0.085355894554601,-0.1258833393220744,0.1771314085363673,-0.0114715677809298,0.0252172070353888,-0.0344189287775347,-0.006108515989939,0.0554899645808736,0.0519656734039366,0.0312717585444858,-0.090106444041047,-0.1103400416377513,0.0843299656623737,-0.0109066050731767,-0.032046833573551,0.0257095286814985,0.0269360269360269,0.0826446280991735,0.0647382920110192,0.0578512396694214,0.0638445523941707,0.1212121212121212,0.1129476584022038,0.0792011019283746,0.0909090909090909,0.0881332408049965,0.3434343434343434,0.3112947658402203,0.3388429752066115,0.3175914994096812,0.3386537126995142,0.1784511784511784,0.2038567493112947,0.1900826446280991,0.1889020070838252,0.2012491325468424,0.3299663299663299,0.2892561983471074,0.3271349862258953,0.3447461629279811,0.308119361554476,0.0575,0.09625,0.335,0.195,0.31625,1739
0.3176617432910338,-0.0218837366239277,0.0305632817710111,-0.0247401551749377,-0.1458824382637704,-0.0143540669856458,0.0687361419068735,-0.0475121586232696,0.0460157126823794,-0.0008340283569638,0.0397045244690673,-0.0502975843155562,0.0470002165908598,-0.063264221158958,-0.0037604436445575,-0.0058974073661957,0.0615170422317329,0.0325302986801695,-0.1327747761856288,0.0418371899063173,-0.10803324099723,0.0275022367448554,0.0312481540551716,0.058814263492626,-0.0418038423832725,0.0810276679841897,0.1204545454545454,0.1140350877192982,0.1194503171247357,0.131578947368421,0.1047430830039525,0.0954545454545454,0.1076555023923445,0.0961945031712473,0.0996810207336523,0.2944664031620553,0.3181818181818182,0.2894736842105263,0.2938689217758985,0.2942583732057416,0.2075098814229249,0.1931818181818181,0.215311004784689,0.2293868921775898,0.1905901116427432,0.3122529644268774,0.2727272727272727,0.2735247208931419,0.2610993657505285,0.2838915470494418,0.11875,0.1025,0.30375,0.2025,0.2725,2480
0.4111152005888848,0.029584203787317,0.0105132962275819,-0.137230427848277,-0.0088646563554763,0.0675990675990676,-0.0243277848911651,-0.0582010582010581,0.1802078758600497,-0.0335917312661497,0.0005637064460595,-0.0109378792063135,-0.0428413789758328,-0.0195733980900223,0.0622135628975575,-0.0420951597422185,0.1714995857497928,-0.0258648914111099,-0.100519259087034,0.042407660738714,-0.0226332806977966,-0.0986741563752013,0.0224828934506353,0.0692337115899527,-0.0320762008683987,0.0287081339712918,0.0454545454545454,0.0487225193107546,0.0508021390374331,0.0498533724340175,0.0861244019138756,0.0909090909090909,0.0897207367795603,0.0735294117647058,0.0975073313782991,0.3636363636363636,0.3888888888888889,0.3832442067736185,0.3770053475935829,0.3592375366568915,0.1961722488038277,0.1414141414141414,0.1758764111705288,0.1898395721925133,0.1605571847507331,0.3253588516746411,0.3333333333333333,0.3024361259655377,0.3088235294117647,0.3328445747800586,0.04875,0.08875,0.3675,0.1725,0.3225,2584
-0.0084033613445377,0.2061870713556106,0.0576864995469647,-0.0478410478410478,-0.1009885636751308,0.073083778966132,0.1102031551469754,-0.0899694620624853,-0.0221876888543555,0.0411578471279964,-0.0173470718664405,-0.1626265394421053,0.0993313738634215,-0.0814840083132766,-0.001643666368821,0.0450725744843393,-0.065226907923537,-0.0772173562871236,0.0564990564990564,0.0598953285520449,-0.0619334774528768,0.066930360260506,0.0183877368439467,0.1227055056842288,-0.0777832308476957,0.0857142857142857,0.0787878787878787,0.0864745011086474,0.0811688311688311,0.0902643455834945,0.0883116883116883,0.0989898989898989,0.1293422025129342,0.1185064935064935,0.1038039974210187,0.3038961038961039,0.3515151515151515,0.2904656319290465,0.3474025974025974,0.3165699548678272,0.1532467532467532,0.1494949494949495,0.1581670362158167,0.137987012987013,0.1283043197936815,0.3688311688311688,0.3212121212121212,0.3355506282335551,0.3149350649350649,0.3610573823339781,0.085,0.11125,0.3225,0.14625,0.335,2893
0.4058229352347,0.1681521093285799,-0.0872359963269053,-0.0484592763073774,0.0030171848353666,-0.1832973034474909,0.1201122615390449,0.0603129945489713,0.0402272115172734,-0.1253736592227887,0.07699069665226,0.0916416379752398,-0.0922676327408582,0.0510270031684979,0.0231437304911775,-0.2477718360071301,0.0394137452960983,0.0303030303030303,0.0218642117376295,-0.0319646683283045,-0.0238127885186707,-0.090848149671679,-0.0103835558381013,0.0518623430015835,0.0205081114172024,0.0252525252525252,0.0502901353965183,0.0392278953922789,0.053030303030303,0.0435120435120435,0.106060606060606,0.1121856866537717,0.1158156911581569,0.1224747474747474,0.139083139083139,0.3737373737373737,0.3230174081237911,0.37546699875467,0.3333333333333333,0.3473193473193473,0.207070707070707,0.1895551257253385,0.1874221668742216,0.1931818181818181,0.1872571872571872,0.2878787878787879,0.3249516441005802,0.2820672478206725,0.2979797979797979,0.2828282828282828,0.0425,0.1275,0.34375,0.1975,0.28875,149
0.1735537190082644,0.2588932806324111,-0.0489510489510487,0.020979020979021,-0.0783012607830124,0.1573488899692108,-0.0075176315585521,0.0127519539284245,0.0785684903331963,-0.0721209518976799,0.118457300275482,-0.0481627872932219,0.0116550116550115,0.0012950012950013,-0.0145248101452479,0.2011019283746556,-0.0540184453227932,-0.0862470862470861,0.104895104895105,0.017916390179164,0.0777338603425559,-0.099845334249871,-0.0236140670923279,0.0230059795277186,0.0325341642383851,0.0454545454545454,0.0463458110516934,0.0484848484848484,0.0439393939393939,0.0507246376811594,0.0852272727272727,0.1158645276292335,0.1205387205387205,0.1212121212121212,0.1264822134387351,0.3409090909090909,0.320855614973262,0.3212121212121212,0.353030303030303,0.3326745718050066,0.1590909090909091,0.1497326203208556,0.1622895622895623,0.1454545454545454,0.1587615283267457,0.3693181818181818,0.3672014260249554,0.3474747474747475,0.3363636363636363,0.3313570487483531,0.055,0.115,0.325,0.1625,0.3425,676
0.2888888888888888,0.263030303030303,0.0196470196470196,-0.1811346548188652,-0.0510948905109487,0.0539541759053954,-0.2771618625277161,0.0123697440770611,0.0664021472750613,0.0224480877854564,0.0630947152686283,-0.0329380764163371,0.0116164029207507,0.0093811604109087,-0.0174740101747401,-0.3675213675213675,-0.1188811188811189,0.0245651784113322,0.0746096009253903,0.0322086672451636,-0.1103400416377515,0.0006939625260234,-0.0472987572224214,-0.0018105638836856,0.0659365708120375,0.04,0.0532150776053215,0.0527009222661396,0.0769230769230769,0.0624566273421235,0.069090909090909,0.1197339246119734,0.0968379446640316,0.1048951048951049,0.0936849410131853,0.3345454545454545,0.3370288248337029,0.3372859025032938,0.3328671328671329,0.3573907009021513,0.1963636363636363,0.155210643015521,0.1646903820816864,0.1538461538461538,0.1665510062456627,0.36,0.3348115299334812,0.3484848484848485,0.3314685314685314,0.3199167244968772,0.05625,0.09375,0.34125,0.16625,0.3425,1261
0.2424242424242423,-0.0673536989326462,-0.0928139960398024,0.0237949969493593,0.0638393864200316,-0.2121212121212121,0.2071086807928913,-0.0203416655029557,-0.0040965745663732,0.002932551319648,-0.1450381679389314,0.0138427261769968,-0.0188066331873275,0.0312469435375321,0.0262138747733428,0.0093240093240093,0.0062569009937432,0.0642571287732578,-0.1138749393782951,-0.0075945559816528,0.0326340326340326,0.0504232609495767,0.0896558638494122,-0.0325245224574084,-0.1030904579291676,0.0454545454545454,0.0727272727272727,0.0687022900763358,0.0594405594405594,0.058041958041958,0.1013986013986013,0.0753246753246753,0.0936849410131853,0.0944055944055944,0.0902097902097902,0.3811188811188811,0.3558441558441558,0.3553088133240805,0.3263403263403263,0.3174825174825175,0.1818181818181818,0.187012987012987,0.1804302567661346,0.2074592074592074,0.1923076923076923,0.2902097902097902,0.3090909090909091,0.3018736988202637,0.3123543123543124,0.3419580419580419,0.06,0.095,0.34875,0.18625,0.31,4917
0.2143658810325476,-0.0740314537782891,-0.1019283746556474,-0.0893246187363832,0.1297591297591298,0.0109427609427609,0.130545965989004,-0.0815222936435058,0.0493166963755199,-0.0450660450660449,-0.2672176308539944,0.0124490009415211,-0.0251273061190415,-0.0160427807486629,0.0692943420216146,-0.216712580348944,0.0584789203891621,-0.0073183626902635,-0.0695187165775401,0.0464081373172281,0.1151515151515151,0.0278481012658228,-0.0666666666666666,0.0844919786096257,-0.0316083916083915,0.0471380471380471,0.0593434343434343,0.0760330578512396,0.0730027548209366,0.053090909090909,0.2121212121212121,0.1717171717171717,0.1950413223140495,0.1859504132231405,0.192,0.2727272727272727,0.2676767676767677,0.2537190082644628,0.2493112947658402,0.264,0.1851851851851851,0.1616161616161616,0.1727272727272727,0.1818181818181818,0.1556363636363636,0.2828282828282828,0.3396464646464646,0.3024793388429752,0.3099173553719008,0.3352727272727273,0.06,0.1975,0.2475,0.17,0.325,12
0.0087150468795175,-0.1153309937022257,0.0651114589994047,0.06158357771261,-0.0557184750733137,0.0217094189241681,0.1783742750771669,-0.0721389787031419,-0.0010214504596526,-0.1235955056179776,0.0076824583866835,-0.0742672627918528,0.1135509227614491,-0.0688920454545454,-0.0511363636363637,0.1880328534399299,0.0016114766214726,-0.0769718086791257,0.0022172949002218,0.0539541759053954,0.0634717395280775,0.0291675537577177,0.0430622009569379,0.0324675324675324,-0.2207792207792209,0.0879765395894428,0.08682328907048,0.0880681818181818,0.0720620842572062,0.0831168831168831,0.2551319648093841,0.187946884576098,0.2457386363636363,0.2283813747228381,0.222077922077922,0.3108504398826979,0.3564862104187947,0.2947443181818182,0.3580931263858093,0.3181818181818182,0.187683284457478,0.2002042900919305,0.2137784090909091,0.1995565410199556,0.1935064935064935,0.158357771260997,0.1685393258426966,0.1576704545454545,0.1419068736141907,0.1831168831168831,0.08875,0.22875,0.3325,0.2,0.15,1833
0.0540157033393244,-0.090703297834028,-0.0678913296077021,0.0378595670368051,0.0267515271036894,0.0300022558087075,0.2148202674518463,-0.055548225359546,0.009978785259684,-0.02604818762024,0.0259740259740258,0.0316700843016631,-0.0015927468757657,-0.0396906464322195,0.0103782680201893,0.0453609533911524,0.0634225796599815,-0.0182110141965621,-0.1344619998696021,0.0810267498923078,-0.1066231394898467,0.0611176311275615,-0.0259231690345966,0.040222020930098,0.0352565783067555,0.1466275659824047,0.1503496503496503,0.1509740259740259,0.1479690522243713,0.1715265866209262,0.0777126099706744,0.0559440559440559,0.0689935064935065,0.0667311411992263,0.0668953687821612,0.2829912023460411,0.2797202797202797,0.2654220779220779,0.269825918762089,0.2718696397941681,0.2140762463343108,0.2202797202797203,0.2313311688311688,0.2524177949709865,0.2135506003430531,0.2785923753665689,0.2937062937062937,0.2832792207792208,0.2630560928433268,0.2761578044596912,0.155,0.07125,0.265,0.2225,0.28625,3248
0.6083916083916083,0.0662177328843995,-0.1388301620859759,0.1330523780854906,-0.0824524312896406,0.1417673235855053,-0.2855831037649219,0.0582356332884874,0.1024027146844727,-0.0570824524312896,-0.1025470879485479,-0.0354968992438577,-0.0185028008827023,0.0226624538027834,0.0370518973472632,0.0606408516856278,0.0619294101881167,-0.0686525091245673,0.0726679666088581,-0.0055431089794157,-0.0351852871537909,-0.0321942080472263,-0.025453213697125,0.036724864539434,0.0211582960163806,0.0254545454545454,0.0557851239669421,0.0716655607166556,0.0610583446404341,0.0672870436649964,0.0945454545454545,0.1301652892561983,0.1048440610484406,0.0949796472184531,0.1045096635647816,0.3672727272727272,0.3037190082644628,0.3284671532846715,0.344640434192673,0.3307086614173228,0.1636363636363636,0.1694214876033057,0.1844724618447246,0.175033921302578,0.1818181818181818,0.3490909090909091,0.3409090909090909,0.3105507631055076,0.3242876526458616,0.3156764495347172,0.065,0.10125,0.3225,0.18875,0.3225,1491
-0.0442890442890442,0.0430622009569378,-0.0531117627891821,0.3329473074696004,-0.1566265060240963,0.0209790209790209,-0.1722488038277512,-0.0166177908113391,0.2704111175448754,-0.1025921869295363,-0.1214011214011214,0.0042674253200568,-0.0197881165623101,0.0359786538130486,0.0171990171990172,0.1498697381050322,0.0993526597241768,-0.0656853161596993,-0.089955379951633,0.0765199836780277,-0.363342539813128,-0.0936431989063568,-0.0142082248344108,0.0501817403278624,0.0697702958510897,0.0509090909090909,0.0477272727272727,0.0546683046683046,0.0414438502673796,0.0664629488158899,0.0909090909090909,0.1113636363636363,0.0945945945945946,0.0855614973262032,0.1038961038961039,0.3672727272727272,0.3545454545454545,0.3556511056511056,0.3716577540106952,0.3537051184110008,0.1309090909090909,0.1431818181818182,0.1891891891891892,0.213903743315508,0.186401833460657,0.36,0.3431818181818182,0.3058968058968059,0.2874331550802139,0.2895339954163483,0.04875,0.095,0.34875,0.19625,0.31125,2727
-0.2894906511927788,-0.0854816824966078,0.1109548092139968,-0.2360239656555174,0.1959646527856791,0.0151515151515151,0.3554952510176391,-0.0826446280991735,0.0022172949002216,-0.0138146167557933,0.0975447909754478,-0.093404906456437,6.032454605775506e-05,-0.0422904494472948,0.0215595196273599,-0.2403100775193798,0.0786027578807864,-0.0517009417643665,0.0872995410715206,0.0797164531774655,0.1259534116676974,0.0695871292886218,0.0258053634677011,0.0044798407167744,-0.1168103605078396,0.1450676982591876,0.1107954545454545,0.1015262110152621,0.1395348837209302,0.098330241187384,0.0909090909090909,0.0539772727272727,0.0915726609157266,0.0771670190274841,0.0779220779220779,0.3056092843326886,0.3721590909090909,0.3437292634372926,0.361522198731501,0.3348794063079777,0.253384912959381,0.2045454545454545,0.2136695421366954,0.1871035940803382,0.2040816326530612,0.2050290135396518,0.2585227272727273,0.2495023224950232,0.2346723044397463,0.2847866419294991,0.1125,0.08375,0.34375,0.205,0.255,3686
-0.0477657935285054,-0.0536192337158154,0.0304032470216844,-0.0070797707886443,0.0513308559170971,-0.1417399804496579,0.0869225686309845,-0.0633478768805284,0.0493166963755199,0.0071492917792728,-0.0272727272727273,-0.0614525139664803,-0.1252771618625277,0.1325014854426618,0.0686274509803922,-0.1139240506329113,0.0639725877686417,0.1579892783968115,-0.1612777063261052,-0.0063403957670524,-0.062308478038815,-0.1367202880604425,0.0682378733899697,-0.0895471569628871,0.1628111918924873,0.1309707241910631,0.1427174975562072,0.1284090909090909,0.1392405063291139,0.1327885597548518,0.2357473035439137,0.2043010752688172,0.2375,0.2094361334867664,0.254341164453524,0.1987673343605547,0.2179863147605083,0.2306818181818181,0.1726121979286536,0.1910112359550561,0.1926040061633282,0.1818181818181818,0.1659090909090909,0.2220943613348676,0.2083758937691522,0.2419106317411402,0.2531769305962854,0.2375,0.2566168009205984,0.2134831460674157,0.125,0.22375,0.205,0.19125,0.255,1424
0.0625915437945513,-0.0373650926646318,-0.0689179758642406,-0.0794400404790016,0.103277674706246,-0.0082856809429339,0.0081777650621082,-0.0496552004719379,0.1130820399113081,-0.0273466371027348,-0.0882201747795485,0.0176357011867542,0.012951564320129,0.0008488881516679,0.0157776108189331,-0.0562655199563928,0.2080874073524135,-0.0895155245404926,0.001688760031683,0.0218642117376294,0.0604610700304479,0.0402559317515329,-0.0827204488588975,-0.0518407212622087,0.0688705234159778,0.111317254174397,0.1197339246119734,0.1292261457550713,0.1254315304948216,0.1115702479338843,0.1205936920222634,0.1152993348115299,0.1141998497370398,0.0920598388952819,0.1115702479338843,0.2912801484230056,0.2860310421286031,0.2689706987227648,0.2968929804372842,0.2950413223140496,0.2077922077922078,0.1707317073170731,0.1923365890308039,0.192174913693901,0.2024793388429752,0.2690166975881262,0.3082039911308204,0.29526671675432,0.2934407364787111,0.2793388429752066,0.11875,0.11625,0.2725,0.1925,0.3,4605
-0.1324315822585717,0.0554899645808736,-0.0261065177496695,0.1052392436475482,-0.0331954394107556,0.0127519539284245,-0.3320013320013317,0.0572772860595738,0.0005637064460594,0.0359326208382811,-0.1167033658383138,0.0138204041947357,-0.0261065177496695,0.0248505819440075,0.0233074361820199,0.1943884992013334,0.0554899645808736,0.0032108113288924,-0.0556288631154942,-0.0122296228642713,0.0202881985549251,0.0266499634993735,0.0064300365418643,-0.0159974237208184,-0.0076859623165255,0.0481283422459893,0.0419580419580419,0.0474598930481283,0.0342384887839433,0.0416377515614156,0.0909090909090909,0.1282051282051282,0.0949197860962566,0.0909090909090909,0.0936849410131853,0.3475935828877005,0.3193473193473193,0.3475935828877005,0.3376623376623376,0.3365718251214434,0.1711229946524064,0.1911421911421911,0.1864973262032085,0.2018890200708382,0.1943095072866065,0.3422459893048128,0.3193473193473193,0.3235294117647059,0.3353010625737898,0.3337959750173491,0.0425,0.09625,0.33875,0.19125,0.33125,4595
0.4123048668503214,0.0277102576567817,-0.0366573559478216,-0.0743801652892561,-0.0055620148948873,-0.0899694620624853,-0.0346971769680388,0.0040589019602066,-0.0570824524312896,0.0482238603204205,0.0072150072150072,-0.0450725744843392,0.0171500972894702,0.0692640692640692,-0.0369858278603525,-0.0966810966810967,-0.1917494270435447,0.0678311235802525,0.1558441558441559,-0.0666139943706485,0.0233267931109658,0.1136075097141537,-0.0081513503166423,-0.0159145410943972,-0.0245519450322908,0.0330578512396694,0.0613107822410148,0.0558441558441558,0.0616883116883116,0.0549378678875081,0.1033057851239669,0.1099365750528541,0.111038961038961,0.1266233766233766,0.0941792020928711,0.371900826446281,0.3572938689217759,0.3525974025974026,0.3344155844155844,0.3616742969260955,0.1611570247933884,0.1585623678646934,0.1396103896103896,0.1266233766233766,0.1523871811641595,0.3305785123966942,0.3128964059196617,0.3409090909090909,0.3506493506493506,0.3368214519293656,0.05625,0.10625,0.35875,0.15,0.32875,731
-0.0903639089546135,-0.035845713506883,-0.1058054787635085,0.0667545015371101,0.0866573232760655,-0.0854816824966078,0.1690450568474242,-0.0290115371644144,-0.0628674807779285,-0.0119630028056025,-0.0354326968747031,0.0595611285266458,0.0493479195528591,-0.0502754820936639,-0.0272957755753844,0.039792143240419,0.0171990171990171,-0.0509721492380452,0.0308490308490307,-0.0062942333858668,-0.0031347962382444,-0.0191849529780565,0.024697845507094,-0.0141414141414142,0.0032596885186525,0.1185770750988142,0.1180461329715061,0.1126033057851239,0.1044226044226044,0.109090909090909,0.1877470355731225,0.1506105834464043,0.1704545454545454,0.1781326781326781,0.1847272727272727,0.2391304347826087,0.2225237449118046,0.2055785123966942,0.2272727272727272,0.2109090909090909,0.1679841897233201,0.1913161465400271,0.1890495867768595,0.1744471744471744,0.1825454545454545,0.2865612648221344,0.3175033921302578,0.3223140495867768,0.3157248157248157,0.3127272727272727,0.10875,0.18125,0.21625,0.18,0.31375,1231
0.062049062049062,-0.0747872816838335,0.0250645712830586,-0.1544011544011545,0.0809190809190809,0.1228070175438597,0.2190507617004894,-0.1097261871255679,0.0846681922196795,-0.0649000122684333,-0.1164274322169058,-0.061431006984546,0.0242987147011914,-0.0124124540600514,0.0332474543000859,-0.0032760032760033,0.1103956621197999,0.0502343443519913,-0.0682619378271554,-0.0584010584010583,0.2085029398462233,-0.0667664810742525,0.05134373966683,-0.0618842546162468,-0.0228577392756497,0.0562770562770562,0.0526315789473684,0.0669856459330143,0.0601965601965601,0.0474898236092265,0.1558441558441558,0.113237639553429,0.1539074960127591,0.128992628992629,0.1546811397557666,0.29004329004329,0.3301435406698564,0.2902711323763955,0.2825552825552825,0.282225237449118,0.1991341991341991,0.1578947368421052,0.1746411483253588,0.1842751842751842,0.1831750339213025,0.2987012987012987,0.3460925039872408,0.3141945773524721,0.343980343980344,0.3324287652645861,0.06,0.145,0.2975,0.1725,0.325,1634
0.0900560184263655,0.121651295564339,0.0175752603972455,-0.0654751675545626,-0.0663702239789196,0.0340594657141418,-0.2237762237762237,-0.0661037076131414,-0.2161751292186076,0.1695804195804195,-0.0178221059516023,-0.0653409090909091,0.039451114922813,-0.0437252964426877,-0.0031960227272727,-0.0255068672334861,-0.3030303030303032,0.039451114922813,-0.0434782608695651,0.0454545454545454,-0.017596803015712,0.0455738487234549,-0.002687700058076,0.0165260962932993,-0.0021474588403722,0.1581027667984189,0.1678321678321678,0.1768465909090909,0.1781818181818182,0.1768074445239799,0.0527009222661396,0.0734265734265734,0.0639204545454545,0.0781818181818181,0.0572655690765927,0.3254281949934124,0.3531468531468531,0.3181818181818182,0.3181818181818182,0.3321403006442376,0.1225296442687747,0.1398601398601398,0.120028409090909,0.12,0.1130994989262705,0.3412384716732543,0.2657342657342657,0.3210227272727273,0.3054545454545455,0.3206871868289191,0.17375,0.06,0.33125,0.115,0.32,3936
-0.0779734099892202,0.3224167137210615,0.0164844607188653,-0.0610923946202615,-0.0628757431826485,0.2221682061254254,0.2666157372039723,-0.0659417309033676,-0.1054086063955783,0.0293443580640812,-0.0051373687737323,-0.031941031941032,-0.0025227416531763,-0.1213165575581682,0.0894637953461483,-0.1231193049374868,-0.1055611055611056,-0.0571368430900203,0.155207208898484,0.0284225578343225,-0.0312919403828495,0.0143190143190142,0.0727963972111129,0.0196231806970061,-0.1021658080481608,0.0592885375494071,0.0427807486631016,0.0552825552825552,0.0617715617715617,0.0567210567210567,0.0592885375494071,0.0641711229946524,0.0902948402948402,0.0967365967365967,0.0862470862470862,0.3675889328063241,0.3983957219251337,0.3746928746928747,0.3951048951048951,0.3465423465423465,0.1976284584980237,0.2058823529411764,0.2088452088452088,0.1573426573426573,0.1825951825951826,0.3162055335968379,0.2887700534759358,0.2708845208845208,0.289044289044289,0.3278943278943279,0.055,0.0875,0.37375,0.18625,0.2975,1210
0.1508491508491509,-0.1619958988380041,0.0850059031877213,-0.0318448674613058,-0.0508575394071577,0.000999000999001,-0.0936431989063568,0.0423717696444969,0.0867579908675799,-0.0640758732361785,-0.0171646535282898,-0.0913836055201866,0.0551647200783189,0.0490207177629343,-0.0529877667597684,0.0150694376046489,0.070018195296179,0.0222325689675242,-0.0102958974269027,-0.039966377026908,-0.1249619945272118,-0.033215449691422,0.0198426957320239,-0.021531575432707,0.0264409779842904,0.0551948051948051,0.0649350649350649,0.0661157024793388,0.0640204865556978,0.0731225296442687,0.1103896103896103,0.1038961038961039,0.1036814425244177,0.088348271446863,0.0981554677206851,0.3019480519480519,0.316017316017316,0.3117956423741547,0.322663252240717,0.3234519104084321,0.1883116883116883,0.1666666666666666,0.1735537190082644,0.1843790012804097,0.186429512516469,0.3441558441558441,0.3484848484848485,0.3448534936138241,0.3405889884763124,0.3188405797101449,0.065,0.095,0.33,0.1825,0.3275,3268
0.0504519761744505,-0.1350559681975103,0.0170694284618334,-0.062228910330176,0.0636648864496965,-0.1045825578141916,-0.0198698786706523,0.0852675693101224,0.0080841144670933,0.0146968870373125,-0.0131749632662596,0.053585710477206,0.0754317367220592,-0.3033561420658195,-0.0426849136526557,-0.0520297312750142,-0.0950413223140496,-0.2310606060606062,0.4405594405594406,0.2229992229992229,0.0811792202060325,-0.0258083224590401,-0.0532961190855929,0.1657465341675869,-0.0196431249062827,0.1887226697353279,0.2195357833655705,0.2013685239491691,0.209090909090909,0.182615629984051,0.2497123130034522,0.2243713733075435,0.2082111436950146,0.2409090909090909,0.2256778309409888,0.2359033371691599,0.2195357833655705,0.2218963831867057,0.2954545454545454,0.2527910685805423,0.051783659378596,0.0483558994197292,0.0635386119257087,0.0272727272727272,0.0406698564593301,0.2738780207134637,0.288201160541586,0.3049853372434017,0.2272727272727272,0.2982456140350877,0.19875,0.22,0.24,0.04875,0.2925,1934
0.4175161223216143,-0.0782397735696476,0.0859101621081197,-0.2355399430682574,0.002103773760542,0.1277088728363091,-0.0949710804009007,-0.0854816824966078,0.1270187690964643,0.0144298208165106,0.0513833992094862,0.0049387232485823,-0.0021321961620468,0.0629623541015945,-0.0470463388751327,-0.0134792743488394,0.2777175875767426,0.0084542323348293,-0.0563276386061195,-0.0484975465520212,0.1032977405462804,0.1132684847210808,-0.0571295489985621,-0.0099101729557047,0.0158862567248652,0.0334928229665071,0.0501567398119122,0.0545454545454545,0.0582750582750582,0.0515603799185888,0.0956937799043062,0.0971786833855799,0.0883116883116883,0.0641025641025641,0.078697421981004,0.3062200956937799,0.3636363636363636,0.3357142857142857,0.3321678321678322,0.3541383989145183,0.2440191387559808,0.1724137931034483,0.185064935064935,0.2086247086247086,0.1994572591587517,0.3205741626794258,0.3166144200626959,0.3363636363636363,0.3368298368298368,0.316146540027137,0.0575,0.08875,0.335,0.1975,0.32125,553
0.0414347557204699,0.212449358221953,0.0287023900469279,-0.1287258507104529,-0.0665126148445225,0.1436100131752304,-0.1131725417439701,0.0118577075098814,0.0532768455184492,-0.0887316276537832,-0.0195944406470722,0.0625915437945512,0.0108962245185156,-0.0674481522259651,0.0242345111554062,-0.0784313725490197,0.0832696715049655,-0.0600817867253853,0.1597553555989623,-0.0656761343622915,-0.0362243120863812,-0.1089075128483996,0.0657077878173213,-0.046183495078808,0.0238957821035045,0.1150278293135436,0.1027667984189723,0.1223513328776486,0.1294117647058823,0.1243469174503657,0.0964749536178107,0.1363636363636363,0.1148325358851674,0.1122994652406417,0.1358411703239289,0.3302411873840445,0.3359683794466403,0.3362952836637047,0.360427807486631,0.3176593521421108,0.235621521335807,0.1976284584980237,0.2228298017771702,0.1754010695187166,0.2183908045977011,0.222634508348794,0.2272727272727272,0.2036910457963089,0.2224598930481283,0.2037617554858934,0.12,0.1225,0.34,0.20875,0.20875,491
0.2334037229606232,0.2042000552638849,-0.0527896275491728,-0.1164703866023553,-0.0400481973554871,0.1474376795477713,0.0187590187590187,0.0775333241086665,0.0154711673699016,-0.1508527901970524,0.072973790843402,0.1081484886794621,0.0096136538129507,-0.0590954917156327,-0.0339870487846696,0.0408673894912428,-0.038961038961039,-0.0709838107098379,-0.098964326812428,0.1207153502235469,-0.0223573407947481,-0.1981566820276499,-0.0123327843168761,0.1387950554957497,-0.0119705783375798,0.104448742746615,0.1161616161616161,0.1263073209975865,0.1306818181818181,0.1392961876832844,0.06963249516441,0.0858585858585858,0.078037007240547,0.0909090909090909,0.1048387096774193,0.288201160541586,0.2525252525252525,0.2711182622687047,0.2931818181818181,0.2771260997067448,0.2205029013539652,0.1944444444444444,0.2091713596138374,0.2170454545454545,0.1700879765395894,0.3172147001934235,0.351010101010101,0.3153660498793242,0.2681818181818182,0.3086510263929619,0.13625,0.0875,0.27375,0.1975,0.305,2962
-0.075283872142027,0.0335246149199638,-0.0539580707984879,-0.1457409806997203,0.1206299598615068,-0.0946308357506431,0.1127329970305176,0.0012077786372456,0.241683699161705,-0.0620034335449355,-0.0686333534015652,0.0161353797717433,-0.078519181967458,0.0061909416748127,0.0887132191480016,-0.1366646598434677,0.3010625737898464,0.0111957008508731,0.1241446725317693,-0.0592885375494072,-0.0167904207639306,0.0205081114172023,0.1587467449536413,-0.1179899351942364,-0.0735373054213635,0.2029598308668076,0.2066115702479339,0.2017045454545454,0.2145454545454545,0.1919191919191919,0.0930232558139534,0.0853994490358126,0.0946969696969697,0.0672727272727272,0.0942760942760942,0.2674418604651162,0.2534435261707989,0.2736742424242424,0.2509090909090909,0.2134680134680134,0.1331923890063425,0.0881542699724518,0.115530303030303,0.1018181818181818,0.1299663299663299,0.3033826638477801,0.3663911845730027,0.3143939393939394,0.3654545454545455,0.3703703703703703,0.18875,0.09625,0.25375,0.11625,0.345,2329
-0.3636363636363635,-0.2554112554112553,0.049586776859504,-0.291866028708134,0.2587412587412587,-0.1983471074380165,-0.0428964974419519,-0.0142749812171298,-0.1200521966072205,0.1290527654164017,0.0767045454545455,-0.0281385281385282,0.0164428374655647,0.0355861244019138,-0.0402097902097902,-0.2045454545454543,-0.1038961038961039,0.0668044077134986,0.0370813397129187,-0.0244755244755243,0.1761363636363637,0.0800865800865801,-0.017992424242424,-0.0466507177033492,-0.0074300699300697,0.0681818181818181,0.0599173553719008,0.0461647727272727,0.0602272727272727,0.0411931818181818,0.1318181818181818,0.1095041322314049,0.1079545454545454,0.1159090909090909,0.096590909090909,0.3136363636363636,0.3347107438016529,0.3245738636363636,0.3079545454545455,0.3359375,0.2454545454545454,0.2128099173553719,0.1832386363636363,0.1829545454545454,0.1988636363636363,0.2409090909090909,0.2830578512396694,0.3380681818181818,0.3329545454545454,0.3274147727272727,0.05,0.105,0.33,0.19,0.325,2195
0.1651205936920223,-0.1847801321485533,0.1893456861609728,0.160238257982619,-0.0803355936099299,-0.1240859980355777,-0.0400332381756531,0.0346109491856964,0.0488061253209417,0.0183684093106267,0.2072862202732333,-0.039789556535968,0.0013460772001595,-0.0297289859832579,0.0053389892488845,-0.0035419126328215,0.0237301242085931,0.0033514063624081,-0.0107914414134508,-0.0190399570930546,-0.0507674144037779,0.0314629549079309,-0.0570090014212769,-0.053874355309762,0.0521465662254075,0.0584415584415584,0.0786860198624904,0.0554899645808736,0.0702479338842975,0.0735537190082644,0.3376623376623376,0.2964094728800611,0.2963400236127508,0.2782369146005509,0.2760330578512396,0.1590909090909091,0.1894576012223071,0.1959858323494687,0.1955922865013774,0.2074380165289256,0.1396103896103896,0.1581359816653934,0.1711924439197166,0.1680440771349862,0.1752066115702479,0.3051948051948052,0.2773109243697479,0.2809917355371901,0.2878787878787879,0.2677685950413223,0.07,0.285,0.19625,0.16625,0.2825,3064
-0.2477718360071301,0.1039167509755745,-0.045025921541413,-0.0171646535282898,0.0820988792591227,-0.3160173160173161,0.4103194103194103,-0.0310300386636264,-0.1043501952592862,0.0446335273921481,-0.0480747322852588,0.0098095361253256,0.0482799643104987,-0.1510021079399071,0.0425384254785343,-0.0026187803965582,-0.0070676737343404,-0.0315196065832197,-0.023443447685872,0.0470907456858925,0.0157990157990158,-0.0752010752010752,-0.034419355030042,0.0176102064213951,0.0425921460404218,0.0935828877005347,0.0987012987012987,0.0786056049213944,0.0751964085297418,0.0738150738150738,0.0828877005347593,0.0545454545454545,0.0915926179084073,0.0931537598204265,0.0994560994560994,0.3422459893048128,0.3376623376623376,0.3116883116883117,0.3378226711560045,0.3387723387723387,0.1818181818181818,0.1974025974025974,0.2057416267942583,0.1829405162738496,0.1756021756021756,0.2994652406417112,0.3116883116883117,0.3123718386876281,0.3108866442199775,0.3123543123543124,0.075,0.0925,0.3275,0.17875,0.32625,657
-0.4164776185470038,0.1202346041055718,0.0651114589994047,0.1468941615569181,-0.0867690184578229,-0.0510565307835479,0.1559697555829083,-0.0820086967903315,0.0536630592899275,0.0158152235749233,-0.1746140651801027,-0.143801652892562,0.098838004101162,0.0046581517655898,-0.018181818181818,0.2648860573388875,-0.0478158205430931,0.0381798652475344,-0.0947729955994418,-0.0313216195569137,-0.0607885356982103,-0.0198698786706523,-0.0122016840941812,0.0792397333631728,-0.0050441840179009,0.093841642228739,0.06963249516441,0.0778181818181818,0.0487012987012987,0.0702772404900064,0.0967741935483871,0.09284332688588,0.1258181818181818,0.1152597402597402,0.1121856866537717,0.3108504398826979,0.3597678916827853,0.2996363636363636,0.3198051948051948,0.3365570599613153,0.1290322580645161,0.1431334622823984,0.1505454545454545,0.1655844155844155,0.1392649903288201,0.3695014662756598,0.3346228239845261,0.3461818181818182,0.3506493506493506,0.3417150225660864,0.06625,0.11,0.3325,0.15125,0.34,2374
-0.0426849136526554,-0.1260997067448681,-0.0736120085491327,0.0080497549646716,0.1248894474700926,-0.1949064580643527,-0.0079744816586921,-0.0488470791771418,-0.0018946083940785,0.0987569934938356,0.0008124461905975,-0.1245225362872421,-0.0151364089549532,0.0730154172712403,0.0202141462645665,0.0205081114172023,-0.1570247933884296,0.0428164542186112,0.0237949969493593,0.0030171848353666,0.1092022588085579,0.0322118826055833,0.0196911056379893,0.0814448987043184,-0.1066798468373271,0.0821114369501466,0.0940988835725677,0.0786860198624904,0.0771349862258953,0.070150322118826,0.1407624633431085,0.1259968102073365,0.1405653170359052,0.1446280991735537,0.120973514674302,0.3167155425219941,0.3094098883572568,0.2994652406417112,0.2823691460055096,0.2891911238367931,0.1847507331378299,0.1866028708133971,0.1726508785332314,0.1818181818181818,0.1710808876163206,0.2756598240469208,0.2838915470494418,0.3086325439266615,0.3140495867768595,0.348604151753758,0.07875,0.125,0.295,0.18625,0.315,2225
0.0390159523351911,0.0074640305765113,0.0232907588279488,-0.1311497430169179,0.0611457132959583,0.0801528133229479,0.1782229070364662,-0.1309264897781643,0.0220515905987068,-0.092551738628007,0.0902684348773142,-0.0521237023548271,-0.0226229234493695,0.001446143525621,-0.0337451818126832,-0.0673954519672046,-0.037243038069826,-0.0582543841967344,0.1130820399113081,0.0440405220600926,0.0946399701529661,0.0428713858424725,-0.1181332036947011,0.0316692817573408,-0.0349354766403022,0.2066115702479339,0.1977671451355661,0.1955922865013774,0.229490022172949,0.1946524064171123,0.1463990554899645,0.1212121212121212,0.155188246097337,0.1529933481152993,0.1411764705882353,0.2148760330578512,0.2488038277511961,0.2249770431588613,0.2328159645232816,0.2459893048128342,0.2361275088547816,0.2041467304625199,0.2084481175390266,0.1851441241685144,0.2021390374331551,0.1959858323494687,0.2280701754385964,0.2157943067033976,0.1995565410199556,0.2160427807486631,0.215,0.1475,0.22,0.20875,0.20875,4264
0.3989481592787378,-0.1309264897781643,-0.0685366057266883,-0.038961038961039,0.0282206459729723,-0.0518407212622089,-0.3266637668551544,0.023290758827949,-0.1806375442739081,0.1865686210711264,-0.0560146923783286,-0.0366826156299839,-0.0445362718089992,0.0367965367965368,0.0515390121689334,0.0687929228262136,-0.1995417480962329,-0.0126876964264928,-0.0535942930309127,0.0845574520854548,-0.0713192531374349,0.087364876838561,-0.0738700132639527,0.0476190476190475,0.0429226649699091,0.0495867768595041,0.0867768595041322,0.0871212121212121,0.0768245838668373,0.0883838383838383,0.1074380165289256,0.1260330578512396,0.0984848484848484,0.1139564660691421,0.0867003367003367,0.3526170798898072,0.3223140495867768,0.3446969696969697,0.3341869398207426,0.3543771043771044,0.1818181818181818,0.2066115702479339,0.168560606060606,0.1843790012804097,0.1666666666666666,0.3085399449035813,0.2582644628099173,0.3011363636363636,0.2906530089628681,0.3038720538720538,0.0825,0.095,0.33,0.175,0.3175,1170
0.2007992007992008,-0.1042097998619737,-0.0106145337462064,0.0259740259740259,-0.0072265052344735,-0.082788179562373,0.3199880997917462,-0.0519614698239425,-0.1143695014662755,0.05597551144396,-0.0598514195636497,-0.0312698457834523,0.0150099267076148,-0.0529758011772398,0.0348612091854947,-0.0878010878010877,0.0589121023903631,-0.0136956756173838,0.0584415584415584,-0.0244735344336939,0.0004662004662004,0.0808959156785242,0.0227110967324489,-0.029090909090909,-0.0291923216226006,0.0389610389610389,0.0527859237536656,0.0516677567037279,0.053030303030303,0.0487272727272727,0.0952380952380952,0.0586510263929618,0.0889470241988227,0.0811688311688311,0.0792727272727272,0.354978354978355,0.3695014662756598,0.3459777632439503,0.3560606060606061,0.3432727272727273,0.1948051948051948,0.2228739002932551,0.210595160235448,0.1883116883116883,0.2058181818181818,0.316017316017316,0.2961876832844575,0.302812295618051,0.3214285714285714,0.3229090909090909,0.04875,0.08625,0.35125,0.2,0.31375,132
-0.0601310914790538,0.0152980481800598,-0.0015159665509316,0.0629270514739376,-0.0284664830119374,0.0168139070960386,-0.0409706347810796,-0.0106443672877238,0.0629270514739376,0.0097048920578333,0.0748528174936921,-0.0756239090437325,0.0448575814429472,-0.0754753216823507,0.0725040940248974,0.0301724137931034,0.02321083172147,-0.0960193652501344,0.0157480314960629,0.0344622697563874,0.0361671267487015,-0.1963393862409423,0.139322216245293,-0.1196700819453198,0.2195883328455761,0.1537190082644628,0.1425619834710743,0.1341463414634146,0.140625,0.1397557666214382,0.2892561983471074,0.3057851239669421,0.3159645232815964,0.2869318181818182,0.3514246947082768,0.2115702479338843,0.2134986225895316,0.2017738359201774,0.2315340909090909,0.1818181818181818,0.1487603305785124,0.1487603305785124,0.1707317073170731,0.15625,0.1777476255088195,0.196694214876033,0.1893939393939394,0.1773835920177383,0.1846590909090909,0.1492537313432835,0.145,0.29375,0.21125,0.15875,0.19125,471
0.0023693727397432,-0.0898970436542692,-0.005358751837625,0.1525744334733099,-0.0433717943599367,-0.1332840601133282,0.0208015585147968,0.0506230286374566,0.0582725030518946,-0.0551869801845701,0.0590839905908399,0.1016347655828215,-0.017311841159034,0.0149299676773896,-0.0828956630028696,0.1245791245791246,0.0331056227009984,-0.0499359795134444,0.0500510725229826,-0.056413941789436,-0.0247401551749377,0.00081488420267,-0.0280391174451188,0.0318426078074344,-0.0019424351783863,0.0673400673400673,0.0764966740576496,0.0635118306351183,0.059090909090909,0.0691699604743083,0.2356902356902357,0.2117516629711751,0.1942714819427148,0.209090909090909,0.2160737812911726,0.1784511784511784,0.1685144124168514,0.1805728518057285,0.1863636363636363,0.1824769433465085,0.1885521885521885,0.2095343680709534,0.2191780821917808,0.2113636363636363,0.2154150197628458,0.3299663299663299,0.3337028824833702,0.3424657534246575,0.3340909090909091,0.3168642951251647,0.0675,0.21625,0.1775,0.2225,0.31625,3225
0.0303030303030303,-0.0854816824966078,-0.0003189792663476,0.0582079790712883,-0.0137741046831956,0.0694827058463422,-0.2499486040870029,0.0720603160794548,-0.0622906633370989,0.0065948743634695,-0.1039977237160334,0.067403061516999,0.0331783363658826,-0.1053896959257179,0.0202925542234121,-0.092001092001092,0.0758737027393744,-0.0586663218242164,0.1868912732222084,-0.0386419477328567,-0.0133076799743465,-0.0165622105920613,-0.0166831219462797,-0.0796557559147488,0.066421793694521,0.0545454545454545,0.0523415977961432,0.0620998719590268,0.0614250614250614,0.056998556998557,0.0909090909090909,0.1046831955922865,0.0781049935979513,0.0773955773955774,0.0851370851370851,0.3563636363636364,0.3305785123966942,0.3444302176696543,0.3771498771498771,0.3621933621933622,0.1636363636363636,0.1845730027548209,0.1920614596670934,0.1412776412776412,0.1875901875901875,0.3345454545454545,0.3278236914600551,0.323303457106274,0.3427518427518427,0.308080808080808,0.05625,0.08375,0.35625,0.17375,0.33,1405
0.0151515151515151,0.1196172248803828,0.2063492063492064,-0.3636363636363635,-0.0633409911388249,0.2907801418439716,-0.1076046014455869,-0.0807159743329954,-0.1000967117988393,0.1062014258880377,0.0530303030303029,-0.0705741626794258,-0.046176046176046,0.063387784090909,0.0277321956022316,-0.1255411255411254,0.0704032809295966,0.0476190476190476,-0.1688311688311687,0.0323034366355665,0.1358024691358025,0.064327485380117,-0.0047565603121157,-0.0101010101010101,-0.0365994481517946,0.059090909090909,0.0425531914893617,0.0568181818181818,0.0675324675324675,0.0518518518518518,0.1045454545454545,0.1315280464216634,0.1271306818181818,0.1103896103896103,0.1111111111111111,0.25,0.3404255319148936,0.3295454545454545,0.3,0.3164983164983165,0.2181818181818181,0.1760154738878143,0.1498579545454545,0.187012987012987,0.1616161616161616,0.3681818181818181,0.3094777562862669,0.3366477272727273,0.335064935064935,0.3589225589225589,0.06,0.11875,0.315,0.16,0.34625,2876
-0.1413570735604634,0.2179863147605083,-0.0841471422384285,-0.0532677199343865,0.066360819348867,0.1195245432533568,0.0131732067215938,0.1018663217833343,-0.0323010323010324,-0.110708680429796,0.026297730186065,0.0668408125713628,0.0414272083786363,-0.1361187831776067,0.0138757422563374,0.0720382264849984,0.0686129142091447,-0.0545098521227942,-0.0214504596527067,0.0233143015272921,0.037919500920741,-0.0236114091346191,0.0014505954188172,-0.0385278677961604,0.0223879058783343,0.0841750841750841,0.0649350649350649,0.0718105423987777,0.0684371807967313,0.0709534368070953,0.0909090909090909,0.1147186147186147,0.108479755538579,0.1082737487231869,0.1189948263118994,0.3265993265993266,0.2705627705627705,0.2887700534759358,0.3176710929519918,0.3008130081300813,0.2053872053872054,0.2012987012987013,0.2215431627196333,0.1991828396322778,0.2025129342202513,0.2929292929292929,0.3484848484848485,0.3093964858670741,0.306435137895812,0.3067257945306725,0.07375,0.11625,0.30125,0.195,0.31375,4504
-0.0863350485991996,0.2978566149297855,-0.1176402811383801,0.087024087024087,-0.0101010101010101,0.117863268806665,0.0919649456234821,0.0189784866590949,0.0453990453990454,-0.105127934396227,-0.0184391080617496,-0.02549889135255,-0.0391462150017283,-0.0817307692307691,0.1061529933481153,0.1064661534165704,-0.0106739545196721,0.0353620205950209,-0.0787661950452647,-0.0072362880077003,0.0623213264722699,-0.0938654841093866,0.0736259937780849,-0.0450660450660451,-0.0322739591032275,0.0719696969696969,0.0584415584415584,0.0674715909090909,0.0591966173361522,0.0621212121212121,0.0719696969696969,0.093073593073593,0.1051136363636363,0.1035940803382663,0.1121212121212121,0.3674242424242424,0.3225108225108225,0.3416193181818182,0.3171247357293869,0.3045454545454545,0.178030303030303,0.1861471861471861,0.2109375,0.2103594080338266,0.2037878787878788,0.3106060606060606,0.3398268398268398,0.2748579545454545,0.3097251585623679,0.3174242424242424,0.06625,0.1025,0.32875,0.195,0.3075,4692
-0.2121212121212121,0.3248945147679325,-0.1216644052464945,0.1272727272727273,-0.0169106798320282,0.1429445974900519,0.0236077692924643,0.0131984704576292,0.1037649219467401,-0.0978013020913939,0.074074074074074,0.0346503004730852,0.0257048092868988,-0.0134680134680134,-0.0384746339802519,0.1421059914210598,0.1298453583870612,-0.0334380401851266,-0.049398090493981,0.0037359900373599,0.0572390572390572,0.0725823637216042,-0.0995527413437862,0.0374859708193041,0.0496727575379261,0.0545454545454545,0.0385674931129476,0.0416666666666666,0.0386052303860523,0.0424242424242424,0.0666666666666666,0.0964187327823691,0.0953282828282828,0.0859277708592777,0.0915824915824915,0.3757575757575757,0.3305785123966942,0.3263888888888889,0.3462017434620174,0.3683501683501683,0.1636363636363636,0.1680440771349862,0.1900252525252525,0.1967621419676214,0.1804713804713804,0.3393939393939394,0.3663911845730027,0.3465909090909091,0.3325031133250311,0.3171717171717171,0.045,0.09875,0.335,0.1875,0.33375,2826
-0.0235690235690235,-0.4545454545454546,0.0163505559189012,0.1432129514321294,0.0381231671554253,-0.309390198279087,0.1263991263991263,0.0480342998328608,-0.0101010101010101,-0.0182469859889213,0.0923730054164837,0.0314425097033792,0.0104359200386725,-0.021531575432707,-0.0285179990649835,0.1084554464836156,0.1694639581963526,-0.0280124172109175,0.0949432585550663,-0.0986741563752013,0.0365190365190366,-0.0357210357210358,-0.0021633043215778,-0.0154229332311524,0.0142115948567561,0.069090909090909,0.0883838383838383,0.0612648221343873,0.0601792573623559,0.065034965034965,0.1345454545454545,0.0808080808080808,0.0895915678524374,0.0768245838668373,0.0958041958041958,0.3418181818181818,0.3308080808080808,0.3438735177865613,0.3572343149807938,0.3482517482517482,0.1563636363636363,0.1843434343434343,0.186429512516469,0.1651728553137003,0.1853146853146853,0.2981818181818181,0.3156565656565656,0.3188405797101449,0.3405889884763124,0.3055944055944056,0.0675,0.0925,0.3475,0.1825,0.31,287
-0.0411700277044004,0.0628978864272981,0.013232366602912,-0.0523080705636487,-0.0104774118614949,-0.0190961474355921,-0.0623836710793233,-0.0213207928219034,0.1367952387442642,0.0270598966251139,0.1114264998534469,-0.0026488899728336,0.0429638214155537,-0.1185188455708126,-0.0614075237107547,-0.1105733717109453,0.0693199995525576,1.543186061958579e-05,0.0474107555101942,0.0050988682999626,-0.0209310971994733,0.0221127835806734,-0.0811929649403697,0.0030005847785031,0.0459621328482635,0.2160427807486631,0.2114624505928853,0.1843790012804097,0.2304439746300211,0.2118432026688907,0.2213903743315508,0.2509881422924901,0.2368758002560819,0.2198731501057082,0.2310258548790658,0.1689839572192513,0.1749011857707509,0.1638924455825864,0.1712473572938689,0.1851542952460383,0.1144385026737968,0.0938735177865612,0.1216389244558258,0.1035940803382663,0.1084236864053377,0.279144385026738,0.2687747035573122,0.293213828425096,0.2748414376321353,0.2635529608006672,0.2075,0.23625,0.17125,0.10875,0.27625,1869
-0.0225713929417632,-0.0060443795383553,0.0039934225980736,0.1285403050108933,-0.0729703675761768,-0.0624766180321736,-0.0320068151393453,0.1129903688043222,-0.1408199643493759,0.0276206043840899,-0.0233049448735722,0.0894057513476365,-0.0380135140737056,-0.0066058508965083,0.0177587443879854,0.2404666823271475,-0.2124608370055276,0.0442007964993361,-0.1441363014550429,0.0174835296904195,-0.1263073209975862,-0.0390718142077561,0.0360904787741584,-0.0894998922068155,0.094681252357601,0.138047138047138,0.1434343434343434,0.1381461675579322,0.102536997885835,0.1520514883346741,0.1043771043771043,0.107070707070707,0.0944741532976827,0.1257928118393234,0.1078037007240547,0.2676767676767677,0.2383838383838384,0.2789661319073084,0.2568710359408034,0.2590506838294449,0.1666666666666666,0.2181818181818181,0.1925133689839572,0.2188160676532769,0.2083668543845535,0.3232323232323232,0.2929292929292929,0.2959001782531194,0.2959830866807611,0.2727272727272727,0.135,0.10375,0.26875,0.19125,0.30125,3114
0.0881651434240242,-0.0091252385096243,0.0394813199127529,0.0631741140215716,-0.1009705924960162,0.0769906966522598,0.006215769397726,0.0369701599648123,-0.0124777183600712,-0.057330469095175,0.1953252227224829,-0.0145295119388384,-0.0656010656010654,-0.0567210567210567,-0.0519395134779752,0.1114402073306182,-0.0388155465875674,-0.1232011232011232,0.0958230958230959,-0.0584010584010585,0.0472237047579512,-0.0557088277295532,0.0255055190120125,-0.038961038961039,0.0330656997323663,0.1664098613251155,0.1684491978609625,0.1468531468531468,0.1621621621621621,0.1738816738816739,0.2434514637904468,0.2397504456327985,0.2447552447552447,0.2506142506142506,0.2546897546897547,0.0924499229583975,0.0926916221033868,0.1025641025641025,0.1081081081081081,0.0937950937950937,0.1756548536209553,0.1898395721925133,0.1981351981351981,0.1695331695331695,0.1948051948051948,0.3220338983050847,0.3092691622103387,0.3076923076923077,0.3095823095823096,0.2828282828282828,0.1825,0.24125,0.09625,0.1875,0.2925,3625
-1.12860310421286,0.0162494510320595,-0.0969422734128617,0.0459433040078202,0.2380952380952381,-0.0750520728347781,-0.0460334571006508,0.0227241564139959,0.0118190704700968,0.010513296227582,-0.3727947556155404,0.0468007103167783,-0.0101407543862785,0.1268647201326024,-0.0350891344680164,-0.1589061345158906,0.0654369784804566,0.0566296448649389,-0.032258064516129,-0.0409400123685836,0.0819621114871436,0.0014562096941957,-0.0796221322537111,-0.0742398518289859,0.1042541418481267,0.109090909090909,0.0550964187327823,0.0703557312252964,0.0593939393939393,0.0470494417862838,0.1696969696969697,0.1804407713498622,0.1644268774703557,0.1612121212121212,0.1722488038277512,0.303030303030303,0.2699724517906336,0.2790513833992095,0.2606060606060606,0.2982456140350877,0.1848484848484848,0.1914600550964187,0.1691699604743083,0.2,0.208133971291866,0.2333333333333333,0.303030303030303,0.31699604743083,0.3187878787878788,0.2743221690590112,0.05125,0.1725,0.27625,0.19375,0.30625,2312
0.4262148108301954,-0.0249292692040783,-0.2083916083916084,0.0224828934506353,-0.0171646535282898,-0.1899211899211899,-0.1279644867431126,0.0025974025974025,0.0876507005539264,0.0305029266068227,-0.313469139556096,0.0264409779842904,-0.0455862977602108,0.0564834884610481,0.0372385629302625,-0.0693731047713348,0.076354301646472,0.0320193081255026,0.0371889030181921,-0.0810321349339853,-0.0995900651073062,0.0475962573883078,-0.0984326018808778,0.0140560218424512,0.0392053087977852,0.0466200466200466,0.0966810966810966,0.1067193675889328,0.0868865647626709,0.0893416927899686,0.1678321678321678,0.1847041847041847,0.1594202898550724,0.1512469831053902,0.1559561128526645,0.1888111888111888,0.1558441558441558,0.1633728590250329,0.1512469831053902,0.1716300940438871,0.303030303030303,0.2828282828282828,0.2924901185770751,0.2984714400643604,0.3056426332288401,0.2937062937062937,0.2799422799422799,0.2779973649538867,0.3121480289621882,0.2774294670846395,0.08125,0.16375,0.15625,0.31,0.28875,4923
-4.310530626328024e-05,0.1083867372527165,0.0657785334591418,-0.1191018490288562,-0.0467229979425101,0.0952588081774684,-0.1996251171508902,0.0044936052540615,0.1023707546600712,-0.0051736881005173,-0.215159109895952,-0.0472917689412535,0.0694561036766359,-0.019580581624377,0.0051502246624197,-0.1997429122330929,-0.0742911496873643,-0.0276993876108568,0.1839079321375868,0.0027688607957992,-0.1649677553567716,-0.0561916792306753,-0.0171478381099807,-0.06171201061712,0.1130820399113082,0.0712530712530712,0.0644628099173553,0.0865800865800865,0.0854816824966078,0.0830039525691699,0.1081081081081081,0.1454545454545454,0.1269841269841269,0.1302578018995929,0.1280632411067193,0.3071253071253071,0.3272727272727272,0.3059163059163059,0.3378561736770692,0.3343873517786561,0.1916461916461916,0.1537190082644628,0.1746031746031746,0.1397557666214382,0.1818181818181818,0.3218673218673218,0.3090909090909091,0.3059163059163059,0.3066485753052917,0.2727272727272727,0.07125,0.12125,0.32875,0.17125,0.3075,1618
0.3506493506493506,-0.0887316276537832,-0.0577657636481165,0.0109338175636518,0.0439939807028415,-0.062573789846517,0.0448854357400899,-0.0660462532120287,0.0274416693301676,0.042786902395648,0.0287023900469279,-0.0576250097208181,0.0036656373779456,0.0511925513550473,-0.0134318399396582,-0.0678210678210675,-0.0403435553136153,0.0866649690179102,0.0088732630169094,-0.0740314537782891,0.15668746837578,-0.0123790200001414,-0.0119750379490639,-0.111495235051237,0.1033132575134877,0.0454545454545454,0.0743801652892562,0.067990832696715,0.0747474747474747,0.0590318772136954,0.2272727272727272,0.1993801652892562,0.2207792207792207,0.2171717171717171,0.2113341204250295,0.3146853146853147,0.3171487603305785,0.2964094728800611,0.2717171717171717,0.3010625737898465,0.2237762237762237,0.2200413223140495,0.2146676852559205,0.2242424242424242,0.2514757969303424,0.1888111888111888,0.1890495867768595,0.2001527883880825,0.2121212121212121,0.1770956316410862,0.07,0.20875,0.2975,0.22625,0.1975,994
0.2869875222816398,0.3277310924369747,0.1158645276292335,-0.459188326493388,-0.0331954394107556,0.0764790764790764,0.0500927643784786,-0.038961038961039,-0.0792308466727071,0.059054153393776,0.1144319911443199,-0.095890410958904,0.0286425902864259,0.0191819436801915,-0.0319791348480931,-0.0540184453227932,-0.0088462262375306,0.0197628458498023,-0.0131650172095065,-0.0062893081761006,-0.0784537100326574,0.0547798066595058,-0.0097972203235361,-0.0300592919931965,0.0219115541856355,0.0320855614973262,0.0415584415584415,0.0398505603985056,0.0474308300395256,0.0485304169514695,0.0588235294117647,0.0831168831168831,0.0958904109589041,0.0882740447957839,0.0827067669172932,0.3315508021390374,0.3896103896103896,0.3642590286425903,0.3675889328063241,0.378673957621326,0.2352941176470588,0.174025974025974,0.1581569115815691,0.1633728590250329,0.1660970608339029,0.3422459893048128,0.3116883116883117,0.3418430884184308,0.3333333333333333,0.3239917976760082,0.045,0.0875,0.375,0.16125,0.33125,1803
0.0082644628099173,-0.0243277848911651,0.0739112595979132,-0.2426000820584959,0.0573347107438017,-0.1313131313131312,0.2033006117513159,-0.067411705709578,0.1976502614800487,-0.0653409090909089,0.1616161616161616,-0.0954616588419405,0.002435704563364,-0.017264847052081,0.0017361111111111,-0.0472727272727273,0.2078531796841656,-0.0419084461637653,-0.072856221792392,0.0378787878787879,0.0539541759053954,-0.0909507302499401,-0.0022382622278833,-0.0441729175512257,0.0414818920916483,0.0619834710743801,0.0707070707070707,0.0523989898989898,0.0654545454545454,0.0591278640059127,0.0909090909090909,0.0707070707070707,0.0972222222222222,0.0703030303030303,0.0968218773096821,0.3264462809917355,0.3762626262626262,0.3516414141414141,0.3672727272727272,0.3532889874353289,0.2190082644628099,0.1414141414141414,0.1792929292929292,0.1890909090909091,0.1840354767184035,0.3016528925619834,0.3409090909090909,0.3194444444444444,0.3078787878787878,0.3067257945306725,0.0625,0.08875,0.3525,0.17625,0.32,2642
0.1994245864214904,-0.1251206070418158,0.0207553954082608,0.0277102576567817,-0.095787597335585,0.0430622009569378,0.1540569522220899,-0.0701744607324006,0.0133243379996627,-0.038961038961039,0.0483785220627324,0.0047261606894634,-0.0456496293406165,0.0043290043290042,0.0207336523125996,0.0094854360782338,-0.0359510118080854,0.0184200258742838,-0.0687876716584849,0.0480987156887433,0.0003124023742578,-0.0524234112619621,0.0153291688621983,0.0506213561508782,-0.0299413012381,0.1140819964349376,0.1363636363636363,0.1356060606060606,0.1411483253588516,0.1424554826616682,0.1532976827094474,0.1152597402597402,0.1356060606060606,0.1411483253588516,0.1433926897844423,0.285204991087344,0.3116883116883117,0.3045454545454545,0.2858851674641148,0.2867853795688847,0.1871657754010695,0.1899350649350649,0.1916666666666666,0.2057416267942583,0.1827553889409559,0.2602495543672014,0.2467532467532467,0.2325757575757575,0.2260765550239234,0.2446110590440487,0.1425,0.13625,0.29125,0.1925,0.2375,4802
0.5041322314049588,-0.2195121951219512,-0.0111317254174394,-0.1447811447811446,0.0443302280758111,-0.2255593630316468,0.4375642204315613,-0.1222227250101815,-0.0117434507678411,0.0284644253445425,-0.1765471464827226,-0.0754753216823507,0.0299913809475115,-0.0010869853389539,0.030734714215975,-0.1861934856587264,-0.0303899830442155,-0.0040379788278948,0.1523073876015054,-0.0241680996201885,-0.0117705985474578,0.0055768326278303,-0.0367122055433744,-0.0488725640240792,0.0557680888551431,0.034090909090909,0.0842572062084257,0.0808876163206871,0.0815508021390374,0.0695592286501377,0.125,0.0576496674057649,0.1102362204724409,0.105614973262032,0.1019283746556473,0.3096590909090909,0.3436807095343681,0.2970651395848246,0.3074866310160428,0.3174931129476584,0.1931818181818181,0.1707317073170731,0.1689334287759484,0.1430481283422459,0.1769972451790633,0.3380681818181818,0.3436807095343681,0.3428775948460988,0.3622994652406417,0.3340220385674931,0.06875,0.1025,0.30625,0.16875,0.35375,3535
-0.0971786833855798,-0.3972234661889835,0.0896819464741909,0.1067977841714261,-0.032638760833487,-0.3556618819776713,0.2344497607655501,0.1213880706295016,-0.0880251687749886,-0.0807768083309881,0.0251350716466995,0.0174166918352964,0.0229197545261435,-0.0503248477125508,-0.0059555887189266,-0.0167464114832536,-0.0252904989747095,0.0021965298234262,0.0496165694435341,-0.0207336523125996,-0.1837121212121213,-0.1038961038961039,0.0355063086379812,-0.0351805728518057,0.0441176470588234,0.0658307210031347,0.0813397129186602,0.058491895701198,0.0610047846889952,0.0710227272727272,0.122257053291536,0.0669856459330143,0.0859760394644115,0.089712918660287,0.096590909090909,0.3197492163009404,0.3086124401913875,0.343199436222692,0.3504784688995215,0.3387784090909091,0.1630094043887147,0.1985645933014354,0.1916842847075405,0.173444976076555,0.1889204545454545,0.329153605015674,0.3444976076555024,0.3206483439041578,0.3253588516746411,0.3046875,0.06,0.0875,0.35125,0.1825,0.31875,4831
0.0303030303030304,0.0221543162719632,-0.0110069302894415,0.0783078307830783,-0.1045796308954203,0.0228818800247372,0.0478009385572409,-0.0628385067846952,0.0356178474990356,-0.0252904989747093,-0.0481553844385702,-0.0140822217865426,0.1428231279019007,-0.2617190922632086,0.0224959018624598,0.1521122555605314,0.093806801717552,-0.1639512489984116,-0.092523045407989,0.0572041388738303,0.017897525360212,0.0057352656123508,-0.0222024812748324,0.0004970646318362,0.0124565144203793,0.1272727272727272,0.1282467532467532,0.1375703942075623,0.1112852664576802,0.1289009497964721,0.2909090909090909,0.2832792207792208,0.3016894609814964,0.2695924764890282,0.2957937584803256,0.2818181818181818,0.2962662337662338,0.2389380530973451,0.3244514106583072,0.2849389416553595,0.1163636363636363,0.1217532467532467,0.1592920353982301,0.1379310344827586,0.1261872455902306,0.1836363636363636,0.1704545454545454,0.162510056315366,0.1567398119122257,0.1641791044776119,0.13125,0.2975,0.27875,0.12625,0.16625,3911
-0.3199914839259103,0.0611797840713502,0.0472847615704757,0.0221543162719632,-0.0461760461760463,-0.067479984750286,0.001502840113095,0.0367897344641531,0.0846909588359655,-0.1392999765092788,0.1125354369530383,0.0249446178425252,-0.045083751850669,0.0285875115596477,-0.0290878711931343,0.1638763620879865,-0.0014082303238931,-0.0356789577568799,-0.0056253906521286,0.0030171848353667,0.0273746960545925,-0.1529371072807979,-0.0086641665589035,0.0768364762172811,0.0895800106326422,0.1006493506493506,0.0813953488372093,0.0676691729323308,0.063754427390791,0.0741626794258373,0.1948051948051948,0.2071881606765327,0.202323991797676,0.2077922077922078,0.2392344497607655,0.3084415584415584,0.3118393234672304,0.3383458646616541,0.3353010625737898,0.326555023923445,0.2077922077922078,0.1945031712473573,0.2064251537935748,0.2136953955135773,0.1961722488038277,0.1883116883116883,0.2050739957716701,0.1852358168147641,0.179456906729634,0.1638755980861244,0.07625,0.2075,0.32375,0.2125,0.18,2107
-0.1628479921162848,-0.1035730438715512,0.0333716915995396,-0.0049865746068278,0.0923185341789992,-0.0260423459849572,-0.1493335461728788,0.0432997134411877,0.0387869762404385,-0.014799154334038,0.0983000739098299,0.0682948891904116,-0.0024293568597366,0.04487917146145,-0.1078224101479916,-0.0067717384790555,-0.0121383255711613,0.0213458567888947,-0.0201225391098809,-0.0010856522484428,0.0338929363319607,0.0114363248691607,-0.0630719491478986,0.0588525398651981,0.0033222591362126,0.1787878787878788,0.1577540106951871,0.1386363636363636,0.1547911547911548,0.148538961038961,0.0924242424242424,0.0962566844919786,0.078030303030303,0.0847665847665847,0.0827922077922077,0.2863636363636364,0.2834224598930481,0.296969696969697,0.2899262899262899,0.3149350649350649,0.1984848484848485,0.1898395721925133,0.1886363636363636,0.2014742014742014,0.1858766233766234,0.2439393939393939,0.2727272727272727,0.2977272727272727,0.269041769041769,0.2678571428571428,0.15375,0.08375,0.29625,0.1975,0.26875,3044
0.4192143260466241,-0.0118577075098813,-0.0654751675545626,-0.1977482333213558,0.0914990266060999,0.1311824064437304,0.1249076127124907,-0.0283106783637008,-0.0750520728347778,0.0071813879604197,-0.0083700378138764,-0.1177423085820033,0.0566132617244464,-0.0388408722898661,-0.0046920152878908,-0.0034231362199168,-0.0653008962868118,0.0313422034181372,-0.1174484926085437,0.044470349914958,-0.0190236203029379,-0.013116236996834,0.0167738383182898,0.054315200855228,-0.0368780250713864,0.0355731225296442,0.0532150776053215,0.0617626648160999,0.0614596670934699,0.0624151967435549,0.0948616600790513,0.082039911308204,0.1047883414295628,0.0998719590268886,0.0949796472184531,0.3675889328063241,0.3547671840354767,0.3254684247050659,0.3341869398207426,0.3392130257801899,0.1976284584980237,0.1773835920177383,0.1714087439278279,0.1843790012804097,0.1560379918588874,0.3043478260869565,0.3325942350332594,0.3365718251214434,0.3201024327784891,0.3473541383989145,0.06125,0.09375,0.345,0.165,0.335,416
0.313893653516295,-0.1511216056670601,-0.0214504596527067,0.087465564738292,-0.039919490103992,-0.2718068861649165,0.0785267947130474,-0.0829035767375037,0.0055768326278303,0.1098092799109808,-0.1505475656419053,-0.0970847334483697,-0.035069799114743,0.0167408349226532,0.0834257992929579,-0.0506003430531731,0.0407319952774498,0.0253660197480423,0.0960743801652893,-0.0734652801073465,-0.1039605875752847,-0.0013226691285472,0.0886306675780359,-0.0439321444106133,-0.045216193788732,0.0454545454545454,0.0842572062084257,0.0762237762237762,0.0696022727272727,0.0731373889268626,0.1107954545454545,0.0886917960088691,0.1055944055944056,0.0923295454545454,0.0963773069036226,0.3409090909090909,0.3614190687361419,0.3454545454545454,0.3252840909090909,0.3041695146958305,0.1505681818181818,0.164079822616408,0.1622377622377622,0.1491477272727272,0.1722488038277512,0.3522727272727273,0.3015521064301552,0.3104895104895105,0.3636363636363636,0.354066985645933,0.06625,0.09625,0.33375,0.165,0.33875,977
-0.0989898989898989,-0.2440191387559809,0.0413223140495868,-0.0047846889952154,0.079232693911593,-0.2639212639212638,0.3129677340203656,-0.0030373666737302,0.0675990675990676,-0.0436047133294839,-0.0629370629370629,0.0283400809716598,-0.0574274210637846,0.1056312108943687,0.0119971771347919,-0.0662177328843995,-0.063264221158958,0.0932047750229568,-0.0566188197767143,-0.0240014827170789,0.0733018255954035,-0.0359510118080856,0.0143301235878383,-0.022782143013915,-0.0191979554827799,0.1236363636363636,0.1421911421911421,0.1195804195804195,0.1199494949494949,0.1042535446205171,0.1181818181818181,0.0652680652680652,0.0923076923076923,0.101010101010101,0.0984153461217681,0.3163636363636363,0.331002331002331,0.3489510489510489,0.2992424242424242,0.3252710592160133,0.1909090909090909,0.1771561771561771,0.1699300699300699,0.2007575757575757,0.1943286071726438,0.2509090909090909,0.2843822843822843,0.2692307692307692,0.279040404040404,0.2777314428690575,0.1125,0.095,0.33,0.19,0.2725,2417
0.5277449822904369,0.1341991341991342,-0.0575139146567718,-0.2481025468038453,0.103641456582633,0.2653810835629018,-0.0454192272374089,-0.1255411255411256,-0.0160638259811813,0.1270998757629773,0.1129130065665229,0.0206858131386433,-0.0585640774320019,0.0257883911400207,0.0277917913877957,-0.1484887285143368,-0.0111953773925603,-0.0792024876531918,0.0754444019488833,0.0640455926288569,0.0324531344486999,0.2040479845357894,-0.038961038961039,0.0708478513356561,-0.0666202918713678,0.0194805194805194,0.0303030303030303,0.0365923384791309,0.0473751600512163,0.0399113082039911,0.0844155844155844,0.1019283746556473,0.0954831332189822,0.0985915492957746,0.0776053215077605,0.3701298701298701,0.3939393939393939,0.3704974271012007,0.3777208706786171,0.3636363636363636,0.2402597402597402,0.1955922865013774,0.187535734705546,0.1779769526248399,0.1788617886178861,0.2857142857142857,0.2782369146005509,0.3098913664951401,0.2983354673495518,0.3399852180339985,0.04125,0.0975,0.35,0.1925,0.31875,505
0.3265993265993266,-0.0232192050373869,-0.1570247933884296,0.1004666329341653,0.0574995604009143,-0.0475121586232696,0.0572390572390572,-0.0562770562770562,0.120456263313406,-0.0178379540081665,0.0471609519228567,-0.0424949200459405,-0.0195246929940808,0.0004164931278632,0.027355623100304,0.0826135753671986,-0.0038270907836124,-0.0615471485036702,0.0965556182947486,-0.0046814117119389,0.1366658033324701,-0.073001073001073,0.0342990342990342,-0.0275438846867417,-0.0289474119261352,0.0454545454545454,0.0707070707070707,0.0643166357452071,0.061923583662714,0.0582750582750582,0.1074380165289256,0.0989898989898989,0.1094619666048237,0.1054018445322793,0.1126651126651126,0.4049586776859504,0.3696969696969697,0.3568336425479282,0.3715415019762846,0.337995337995338,0.1652892561983471,0.1616161616161616,0.1836734693877551,0.1660079051383399,0.1888111888111888,0.2768595041322314,0.298989898989899,0.2857142857142857,0.2951251646903821,0.3022533022533022,0.0675,0.105,0.35,0.18375,0.29375,4152
0.1657465341675867,0.0675990675990676,-0.0368010368010369,-0.0584010584010583,0.0133897110641296,-0.0141904878746983,0.1393222162452931,-0.0584010584010583,-0.0206010206010205,0.0314594965757756,-0.0309409888357257,-0.0517482517482517,0.0632502632502632,-0.1203931203931203,0.028047921071177,0.0352822188508965,-0.0233668770254136,-0.0512888561669049,0.0651405285551627,0.0133897110641296,0.1028708133971291,0.0093240093240093,0.0457177957177956,-0.0595823095823095,-0.0372621564482029,0.0594405594405594,0.0722610722610722,0.0734545454545454,0.0687361419068736,0.0639204545454545,0.0909090909090909,0.0839160839160839,0.1025454545454545,0.0997782705099778,0.096590909090909,0.3356643356643357,0.3426573426573426,0.3032727272727272,0.3403547671840354,0.3089488636363636,0.1958041958041958,0.1888111888111888,0.2072727272727272,0.1729490022172949,0.1960227272727272,0.3181818181818182,0.3123543123543124,0.3134545454545454,0.3181818181818182,0.3345170454545454,0.07125,0.0975,0.32375,0.185,0.3225,4255
0.4531784005468215,0.3316624895572263,-0.0591928117701312,0.1754277468563182,-0.1673719538888078,0.0430622009569378,0.2148202674518463,-0.0573618821041501,0.1246848389705532,-0.0581179120504962,-0.1273513796945664,0.0124751480194882,-0.0013993914572929,-0.0132072754381951,0.0242582823774142,0.1148325358851675,0.059011164274322,0.0221805685723213,-0.1935683364254794,0.0534559073884916,-0.1603812681309573,-0.0247522887390272,0.0042481803176664,-0.0440253409882207,0.047718626591492,0.0259740259740259,0.0454545454545454,0.0535491905354919,0.0420454545454545,0.0551181102362204,0.0476190476190476,0.0559440559440559,0.0703611457036114,0.0670454545454545,0.0730136005726556,0.3852813852813853,0.3846153846153846,0.3642590286425903,0.3556818181818181,0.3622047244094488,0.1515151515151515,0.1608391608391608,0.1861768368617683,0.2193181818181818,0.1918396564065855,0.3896103896103896,0.3531468531468531,0.325653798256538,0.3159090909090909,0.3178239083750895,0.0475,0.07125,0.36375,0.18375,0.33375,3941
0.3755739210284664,0.0262028316996604,-0.1269722013523666,0.105493437044239,-0.1019283746556471,-0.038961038961039,-0.031913822611497,0.0358126721763085,0.0883626177743824,-0.0608010608010607,-0.1055611055611056,0.0660502288409264,-0.0080828262646444,-0.0812716695069635,0.0459990459990461,0.0017825311942959,0.0399204079094639,-0.0743801652892561,-0.0619691726958162,0.075010839716722,-0.1668082696120081,-0.0313963367647349,0.0190777786359774,0.0164426008296265,0.0416924996364248,0.046831955922865,0.0779220779220779,0.0829170829170829,0.0748663101604278,0.0875106202209006,0.209366391184573,0.2218614718614718,0.2007992007992008,0.2064171122994652,0.221750212404418,0.2479338842975206,0.2121212121212121,0.2217782217782218,0.2363636363636363,0.2158028887000849,0.1900826446280991,0.1937229437229437,0.2297702297702297,0.2256684491978609,0.2090059473237043,0.3057851239669421,0.2943722943722944,0.2647352647352647,0.2566844919786096,0.2659303313508921,0.075,0.215,0.22,0.2125,0.2775,414
-0.4692378328741966,-0.1392818788812626,0.1305096418732783,-0.1606109508207411,0.1655299687073738,-0.1454954560065455,-0.0305893051100052,0.1058122205663188,0.0052822335293962,-0.0822855323889859,-0.0091868915398325,0.0470546402749791,-0.1145104895104895,0.0333926428600984,0.0902301581913233,-0.3379987236196387,-0.0500485076756263,-0.034652076318743,0.0915067838144761,0.080339533413967,-0.0057228633080026,-0.0185710810153272,0.0430622009569378,0.0079556071458904,-0.0479862498258001,0.09366391184573,0.0730253353204172,0.0643356643356643,0.0852974186307519,0.0641148325358851,0.1680440771349862,0.1520119225037257,0.1405594405594405,0.1548821548821548,0.1502392344497607,0.2782369146005509,0.2861400894187779,0.3566433566433566,0.3310886644219977,0.3062200956937799,0.2451790633608815,0.210134128166915,0.2041958041958042,0.1919191919191919,0.2095693779904306,0.2148760330578512,0.2786885245901639,0.2342657342657342,0.2368125701459034,0.2698564593301435,0.06375,0.1475,0.32,0.21125,0.2575,4148
0.0500065971764084,-0.3653013653013655,-0.038961038961039,-0.0408196454708083,0.1740542921645284,-0.1201736269121713,-0.25452778514003,-0.0124569308242779,0.0910529116509183,0.0767387842753422,-0.0548301653422946,-0.0130459110050946,-0.0283593957063346,0.0642063731764729,0.0144089131715677,-0.0351779964490988,-0.1847801321485531,-0.01161995898838,0.2285152627869886,-0.0347988798050962,0.1494549423755723,0.0340238274122571,-0.0217881292261459,-0.039027600626678,0.0014020599040447,0.0629370629370629,0.0742115027829313,0.069882498453927,0.0685805422647528,0.0563486100676183,0.1433566433566433,0.1317254174397031,0.1063698206555349,0.124401913875598,0.1014274981217129,0.3636363636363636,0.3543599257884972,0.359925788497217,0.354066985645933,0.357625845229151,0.1678321678321678,0.1465677179962894,0.1508967223252937,0.124401913875598,0.1675432006010518,0.2622377622377622,0.2931354359925788,0.3129251700680272,0.328548644338118,0.3170548459804658,0.06625,0.105,0.35,0.16125,0.3175,1183
0.08757093579615,0.0648107872988256,0.1024583402078865,-0.0417297559202956,-0.0745940858106517,0.0756674369438025,0.2119930809148568,-0.014799154334038,0.0437195029482342,-0.1367968668769279,0.1134147173156925,-0.039722740602506,0.0777631712003236,-0.0294863704418624,-0.0432190760059612,0.1050035236081747,-0.0261707988980717,0.0094043887147335,-0.0280015343306483,-0.0059612518628913,-0.0370210336260243,-0.0134523737708873,0.1250028602155458,0.0189243446196232,-0.0747658468132321,0.0980861244019138,0.0993657505285412,0.095307917888563,0.0962121212121212,0.1114797611147976,0.1028708133971291,0.0866807610993657,0.1143695014662756,0.1128787878787878,0.1114797611147976,0.1626794258373205,0.1839323467230444,0.1671554252199413,0.1795454545454545,0.1585932315859323,0.3086124401913875,0.2832980972515856,0.3049853372434017,0.3045454545454545,0.2906436629064366,0.3277511961722488,0.346723044397463,0.3181818181818182,0.3068181818181818,0.3278035832780358,0.1075,0.11,0.18125,0.29625,0.305,485
-0.5081692501047339,-0.2467532467532467,0.0037359900373598,0.0420926591139356,0.1043439319301388,-0.0350181128169744,0.0873440285204991,0.0257124020218298,-0.0164220427048962,-0.0408343065543879,-0.0564953098599756,0.0174593618302227,0.0515698580653675,0.0059820410672882,-0.059233578073496,-0.0054461667364893,-0.0158730158730158,-0.0753325821818973,0.1157778391820945,0.0269415556771879,0.251986909770921,0.1146245059288536,-0.0738715324778458,0.0805371008886272,-0.0237305589629428,0.0584415584415584,0.0401069518716577,0.040939193257074,0.0389610389610389,0.0289855072463768,0.1168831168831168,0.0855614973262032,0.0921131848284166,0.0952380952380952,0.0830039525691699,0.3636363636363636,0.355614973262032,0.3461770018061408,0.3924963924963925,0.3919631093544137,0.1688311688311688,0.1791443850267379,0.1751956652618904,0.1558441558441558,0.1620553359683794,0.2922077922077922,0.339572192513369,0.345574954846478,0.3174603174603174,0.3339920948616601,0.03875,0.09375,0.365,0.17625,0.32625,893
0.0190274841437632,-0.0188746529458214,-0.0423324647229459,0.0435226361449296,0.0199758945683744,0.195357833655706,0.0119083684836055,-0.0375901518900032,-0.0885079703861801,0.0093819483360149,0.0067842605156037,-0.085481682496608,0.0323225311076751,0.0530108080288214,-0.0449029280107533,0.0990502035278154,-0.3339654411404098,-0.018164989008446,0.1765311374163665,-0.0144688621463624,0.0725604670558799,0.0916124883185787,-0.0603151204815382,-0.0261424750510481,0.0209910127598546,0.1226215644820296,0.1005802707930367,0.1241519674355495,0.112618724559023,0.115929941618015,0.1057082452431289,0.1025145067698259,0.112618724559023,0.1383989145183175,0.0942452043369474,0.3361522198731501,0.3346228239845261,0.3120759837177748,0.3283582089552239,0.3419516263552961,0.1733615221987315,0.1972920696324951,0.1716417910447761,0.1492537313432835,0.1859883236030025,0.2621564482029598,0.264990328820116,0.2795115332428765,0.2713704206241519,0.2618849040867389,0.125,0.10375,0.3225,0.18125,0.2675,805
0.1130820399113082,0.0411697728770898,-0.1418619891020403,0.0386953722909663,0.0821430413035632,-0.0360010360010358,-0.0738010738010739,0.0257955170235871,0.0731689656420839,-0.0231514107483099,-0.0533995266819693,-0.0278147682727836,0.0582338513234456,-0.0566139105907634,0.0155415328502493,-0.1031222298827931,-0.0104855175277711,-0.1487400664568936,0.0946264094832927,0.1841110085459905,0.0430622009569378,-0.1121169015905858,-0.057668093679174,0.1109739157277357,0.0597529765216423,0.0864745011086474,0.101010101010101,0.102706453851492,0.1075544174135723,0.0933014354066985,0.1773835920177383,0.1986531986531986,0.1901457321304649,0.1869398207426376,0.2057416267942583,0.352549889135255,0.3007856341189674,0.2907702984038862,0.3546734955185659,0.326555023923445,0.1862527716186252,0.1795735129068462,0.2047189451769604,0.175416133162612,0.1722488038277512,0.1973392461197339,0.2199775533108866,0.2116585704371963,0.175416133162612,0.2021531100478469,0.0975,0.185,0.30875,0.19375,0.215,555
-0.1908883196011908,-0.1462221988537777,0.0756370066714894,0.012099012099012,0.0903833009096167,-0.1224651876952402,0.0832696715049656,-0.044932079414838,0.0747814277226042,-0.0011660166458926,0.0807591397437617,-0.064556943616294,-0.0360390404410948,-0.0438733842989162,0.0459708264859441,0.048040397260065,-0.0194978972855868,-0.1476542160352796,0.0999584219923203,0.0407451602812887,0.0191145098761844,0.0398329395428442,-0.0268308937871795,0.0319391894195044,-0.0247522887390272,0.1503496503496503,0.141711229946524,0.11605415860735,0.1201848998459167,0.1238367931281317,0.1905594405594405,0.1524064171122994,0.1769825918762089,0.1694915254237288,0.1596277738010021,0.201048951048951,0.2272727272727272,0.2253384912959381,0.2496147919876733,0.2233357193987115,0.1555944055944056,0.1457219251336898,0.1644100580270793,0.1417565485362095,0.152469577666428,0.3024475524475524,0.3328877005347593,0.3172147001934235,0.3189522342064715,0.3407301360057265,0.12625,0.16625,0.2175,0.1575,0.3325,3825
-0.0059781488352916,0.0794016110471806,-0.0175832398054618,7.266913741721392e-05,-0.0044368922873596,-0.0545845132311297,-0.1144085761007813,0.0076200602516391,0.063715534749234,0.016232169208067,0.0197435826433693,0.0519210621232159,-0.0131162369968338,-0.058149409915758,0.0261098923394921,0.0396158463385354,-0.0153658701685506,-0.0259457318280846,0.1074520063093908,-0.0495277125293618,0.1030087924497862,0.0153599839895933,0.0466988727858294,0.0172604999004747,-0.1229729230541907,0.1232323232323232,0.1291866028708134,0.1200814111261872,0.1176470588235294,0.1098814229249011,0.0909090909090909,0.1100478468899521,0.0936227951153324,0.1002673796791443,0.0972332015810276,0.3434343434343434,0.3349282296650718,0.3419267299864315,0.3462566844919786,0.3217391304347826,0.1737373737373737,0.1626794258373205,0.1838534599728629,0.1550802139037433,0.1707509881422925,0.2686868686868687,0.2631578947368421,0.2605156037991858,0.2807486631016043,0.300395256916996,0.1225,0.09875,0.3375,0.17375,0.2675,1197
0.2170508916920399,0.0529275390914023,0.0846681922196795,0.0558213716108452,-0.1992525206891593,0.1551882460973369,0.1669270019785483,0.051383399209486,-0.0235690235690235,-0.144492131616595,0.0571528343615411,0.1499135393428989,-0.0837091057544212,0.0166453265044813,0.0152385243964763,0.0037359900373599,-0.0784301138770846,0.0253939032974171,0.0369447903694478,-0.0219188771719784,0.043781162488901,-0.0905682883189913,0.0069578283735667,-0.0017530678687702,0.0223234007152,0.0430622009569378,0.0464646464646464,0.0518565941101152,0.0547945205479452,0.0525920360631104,0.1148325358851674,0.101010101010101,0.1030729833546734,0.1307596513075965,0.1322314049586777,0.3157894736842105,0.3272727272727272,0.3738796414852753,0.336239103362391,0.3425995492111194,0.1770334928229665,0.1919191919191919,0.1843790012804097,0.1805728518057285,0.1878287002253944,0.3492822966507177,0.3333333333333333,0.2868117797695262,0.2976338729763387,0.284748309541698,0.055,0.12125,0.345,0.1875,0.29125,4253
0.0391722099039172,0.1282689912826898,-0.0656010656010657,0.0867579908675799,-0.0214504596527067,0.3177554153163908,-0.1750806271354217,0.0095374710759326,-0.0218092409873231,0.0012484394506866,-0.1276528349699082,0.0606653620352249,-0.0617953475096333,0.0144102472869596,0.0583199571963617,0.1130820399113081,-0.1574243645154203,-0.0303422068127952,0.1282689912826898,-0.013439083498568,-0.2650612764055757,-0.0503248477125508,0.0562409167060329,0.0037359900373598,-0.0050861370432837,0.0492424242424242,0.0349650349650349,0.0577922077922077,0.0454545454545454,0.0648343904157857,0.0795454545454545,0.1072261072261072,0.0857142857142857,0.105614973262032,0.0958421423537702,0.3636363636363636,0.337995337995338,0.3623376623376623,0.3516042780748663,0.3220577871740662,0.1666666666666666,0.1864801864801865,0.1798701298701298,0.1590909090909091,0.1818181818181818,0.3409090909090909,0.3333333333333333,0.3142857142857143,0.3382352941176471,0.3354474982381959,0.05125,0.09125,0.34125,0.1825,0.33375,4058
-0.0432190760059612,0.0442598702924108,0.0982489252385445,-0.0567101091933779,-0.0893246187363834,-0.0237802112356637,0.0244722899672019,-0.0788188793303883,0.2047525502354973,-0.0832967354706484,0.00801043219076,-0.0456963249516442,-0.0427807486631017,0.1222101252041372,-0.0381593714927048,-0.1197486607322673,0.1217523132416749,0.005636652695476,-0.0239962335770718,0.0353990353990354,-0.1070896316797955,-0.040803168462743,0.0153637212460742,0.014957098789434,0.0647212869435092,0.1590909090909091,0.1561264822134387,0.1512784090909091,0.1707616707616707,0.1688311688311688,0.1122994652406417,0.1146245059288537,0.1228693181818181,0.1031941031941031,0.1222943722943722,0.2874331550802139,0.3438735177865613,0.3323863636363636,0.3169533169533169,0.3138528138528138,0.2205882352941176,0.1660079051383399,0.1832386363636363,0.2137592137592137,0.2056277056277056,0.2205882352941176,0.2193675889328063,0.2102272727272727,0.1953316953316953,0.1893939393939394,0.1525,0.1175,0.31875,0.20875,0.2025,1293
0.1376212720086237,-0.030174899096675,-0.0649988831807013,-0.063448336175609,0.0479338842975205,0.0449302250544485,0.0680415929585365,-0.0911096625382339,-0.0208989800826535,0.043496186353329,0.0101391991751158,-0.2225388362901001,0.0556564469607948,0.0547294895120982,-0.0118577075098815,0.0034734698766317,-0.1275546159267089,0.0350681259772168,-0.061116212631364,0.0694827058463423,-0.0299265951439864,0.0576864995469645,0.004095004095004,-0.0297991250372202,0.0149110149110148,0.1239669421487603,0.137291280148423,0.1422924901185771,0.1432506887052341,0.148051948051948,0.1107438016528925,0.1001855287569573,0.1314229249011857,0.1212121212121212,0.1012987012987013,0.2462809917355372,0.2523191094619666,0.2183794466403162,0.2231404958677686,0.2303030303030303,0.2512396694214876,0.2411873840445269,0.2233201581027667,0.2506887052341597,0.2432900432900432,0.2677685950413223,0.2690166975881262,0.2845849802371542,0.2617079889807162,0.277056277056277,0.14375,0.1075,0.23125,0.23625,0.28125,2221
0.4181818181818182,0.0719696969696969,-0.0724343809845668,-0.0472727272727273,-0.0207336523125998,0.0230664857530529,-0.0430800542740841,-0.0410939557030662,0.0274084124830393,0.0525839701016448,-0.1335423197492162,-0.0775862068965518,0.0304273344909161,-0.0793730407523509,0.0804597701149423,-0.0681818181818181,0.0056818181818182,-0.1236904359580941,0.0454545454545455,0.1327751196172247,-0.2843326885880077,0.0328820116054158,-0.061313123323722,0.0406189555125726,0.0939631477145475,0.0363636363636363,0.0610583446404341,0.070846394984326,0.0667613636363636,0.0802707930367504,0.1484848484848485,0.1668928086838534,0.1724137931034483,0.1590909090909091,0.1547388781431334,0.3606060606060606,0.350067842605156,0.3260188087774294,0.3778409090909091,0.3568665377176016,0.1636363636363636,0.1519674355495251,0.1686520376175548,0.1491477272727272,0.1499032882011605,0.2909090909090909,0.2700135685210312,0.2620689655172414,0.2471590909090909,0.2582205029013539,0.0625,0.16,0.33625,0.15625,0.285,3504
0.0303030303030302,-0.0909090909090908,0.0012484394506866,-0.0101010101010101,0.0265590265590265,-0.2186732186732187,-0.0565110565110564,-0.0085673007021322,0.2628992628992629,-0.0776659425308075,-0.1592617908407381,0.0293916609706084,0.0435742061998715,-0.1164274322169058,0.041478740726861,-0.1460055096418733,0.118457300275482,-0.1803427533764612,0.074074074074074,0.1363264090536817,0.0122116689280868,0.0502035278154682,0.0527444493568927,0.121815166591286,-0.1399653190697967,0.0606060606060606,0.0761670761670761,0.0724538619275461,0.071625344352617,0.0617367706919945,0.109090909090909,0.1056511056511056,0.0970608339029391,0.0881542699724518,0.0949796472184531,0.3333333333333333,0.3366093366093366,0.3192071086807929,0.3939393939393939,0.316146540027137,0.1818181818181818,0.1326781326781326,0.200956937799043,0.1666666666666666,0.1580732700135685,0.3151515151515151,0.3488943488943489,0.3103212576896787,0.2796143250688705,0.3690637720488466,0.0625,0.1,0.33375,0.18,0.32375,3654
-0.1883541295306001,0.0653523183643665,0.0321121664405247,0.0562109646079111,-0.0441493587561003,0.0127519539284244,0.101300306119583,0.0049751243781095,-0.0106941404651328,-0.0336729437853033,-0.058018515324018,0.0177719676359395,0.0502035278154682,-0.0342280226545184,-0.028040462618208,-0.2163154031666143,0.0851104954577668,-0.001676111421502,0.0202881985549251,0.0065893568867791,-0.036176406468408,-0.021220263657639,0.045322764854602,-0.0384475209561705,-0.0131220866003827,0.0757575757575757,0.0629370629370629,0.0674486803519061,0.0775401069518716,0.066056245912361,0.0969696969696969,0.0932400932400932,0.1019061583577712,0.0949197860962566,0.10595160235448,0.3242424242424242,0.3333333333333333,0.3181818181818182,0.3355614973262032,0.3198168737737083,0.1545454545454545,0.1655011655011655,0.1693548387096774,0.160427807486631,0.1700457815565729,0.3484848484848485,0.3449883449883449,0.3431085043988269,0.3315508021390374,0.3381294964028777,0.06375,0.10375,0.335,0.16375,0.33375,4758
0.3977037455298325,-0.1232011232011232,-0.0962658444672832,0.167931635464103,-0.033375226923614,-0.0163749294184076,0.0405990405990405,0.0719113021271293,-0.0344633721257097,-0.06828655215752,-0.1579357568334909,0.0241201508807141,-0.0040623071325271,0.032209787651529,0.0066498698938499,0.2852888624181061,-0.1982094173874995,-0.0285171613643082,-0.0027332567805793,0.0398907323343911,0.0798937342059225,-0.1036371692109396,-0.0185592211774545,0.0245224224359843,0.0216816499206768,0.0346320346320346,0.0584415584415584,0.0665813060179257,0.0410958904109589,0.0529061102831594,0.1038961038961039,0.0887445887445887,0.0902688860435339,0.1108343711083437,0.1020864381520119,0.3809523809523809,0.3225108225108225,0.3489116517285531,0.3574097135740971,0.3539493293591654,0.1601731601731601,0.1991341991341991,0.1862996158770806,0.1930261519302615,0.187779433681073,0.3203463203463203,0.3311688311688311,0.3079385403329065,0.2976338729763387,0.3032786885245901,0.0575,0.0925,0.3475,0.1925,0.31,3006
-0.0427807486631015,0.1537873890815068,-0.0615963557140026,0.0819175618759169,-0.0775001995370738,0.2578849721706865,-0.0275438846867417,0.164433450147736,-0.1098888469305665,-0.0577908232492454,0.0374331550802139,0.0950226244343892,0.0334719746484452,-0.0079977284558232,-0.0535557506584722,0.0827190827190827,-0.1376011376011374,0.0002123335456668,0.0056025454255541,0.0171990171990172,0.0316205533596838,-0.0656010656010654,-0.0696335334016491,0.0415894225051592,0.0128409336715631,0.1042780748663101,0.0742115027829313,0.0962566844919786,0.0917280917280917,0.0968379446640316,0.0962566844919786,0.1168831168831168,0.1029411764705882,0.1294021294021294,0.1212121212121212,0.1791443850267379,0.1410018552875695,0.1631016042780748,0.1687141687141687,0.1805006587615283,0.2593582887700534,0.313543599257885,0.28475935828877,0.2809172809172809,0.2707509881422925,0.3609625668449198,0.3543599257884972,0.3529411764705882,0.3292383292383292,0.3306982872200263,0.1,0.11375,0.16875,0.2825,0.335,2093
0.1491267353336318,0.0400903444381705,0.1017316017316016,-0.1688311688311687,-0.0446075663466967,0.0731906773885783,-0.0616562601439727,0.0294246815985945,0.045527741179915,-0.0597468064386779,0.047950772088703,-0.0393793002488653,0.0852974186307518,-0.1036288814066592,0.0045381349729175,-0.1190885495668587,0.042316573873376,-0.032909742587162,0.1006842619745846,-0.0497683709464915,0.0288278320732682,0.0338164251207728,0.0701128936423053,-0.0259457318280846,-0.1005192590870338,0.0616883116883116,0.067193675889328,0.069023569023569,0.0811339198435972,0.070409982174688,0.1655844155844155,0.1831357048748353,0.1792929292929292,0.1652003910068426,0.1666666666666666,0.2694805194805195,0.2911725955204216,0.2744107744107744,0.3098729227761486,0.2789661319073084,0.262987012987013,0.2147562582345191,0.2483164983164983,0.2023460410557184,0.230837789661319,0.2402597402597402,0.2437417654808959,0.2289562289562289,0.241446725317693,0.2531194295900178,0.0725,0.1725,0.3,0.225,0.23,2187
-0.5761328454826906,0.1214997254686641,0.013617960986382,-0.159107756587371,0.1493886230728336,0.2752987931387159,0.022745596247343,-0.0592686002522067,0.0260489914149576,-0.0226858751448917,0.0307486631016042,-0.06650521609538,0.0646853146853148,0.0276888604353393,-0.0631313131313131,0.0221543162719634,0.063231850117096,0.000999000999001,0.0781049935979513,-0.0897546897546897,0.2869875222816399,0.00320050817229,-0.0179983950475752,-0.0411200436598728,-0.0200364298724953,0.1004784688995215,0.0461997019374068,0.0617897727272727,0.0623376623376623,0.0454545454545454,0.1339712918660287,0.1490312965722801,0.1626420454545454,0.1428571428571428,0.1520119225037257,0.3205741626794258,0.3442622950819672,0.3039772727272727,0.3246753246753247,0.3308494783904619,0.2057416267942583,0.172876304023845,0.1725852272727272,0.1636363636363636,0.1847988077496274,0.2392344497607655,0.2876304023845007,0.2990056818181818,0.3064935064935065,0.2868852459016393,0.06375,0.1525,0.325,0.1775,0.28125,3036
-0.1000763941940412,-0.038961038961039,0.1534551501294383,0.0873440285204991,-0.1919826917581744,-0.0092764378478664,0.020408163265306,0.0675049332293148,0.0025974025974025,-0.0786160404481015,0.1391465677179962,0.0426716141001854,-0.0279473176999678,0.0199134199134198,-0.011202537920095,0.1688311688311687,-0.038961038961039,-0.0005353892279686,0.0949494949494949,-0.0659264399722414,-0.1873840445269017,-0.0233375646909481,0.0068328547034145,-0.086352244246981,0.0733252284075908,0.0481283422459893,0.0441558441558441,0.0376623376623376,0.0363636363636363,0.0519480519480519,0.0909090909090909,0.0857142857142857,0.0837662337662337,0.0909090909090909,0.0895420369104579,0.2994652406417112,0.3298701298701298,0.3636363636363636,0.3539393939393939,0.3513328776486671,0.1711229946524064,0.187012987012987,0.1837662337662337,0.1696969696969697,0.2036910457963089,0.3903743315508021,0.3532467532467532,0.3311688311688311,0.3490909090909091,0.303485987696514,0.04375,0.0875,0.35375,0.1875,0.3275,3918
-0.2265512265512266,-0.0764010764010765,-0.1375485828040572,0.0274565617031369,0.1946038457666365,-0.1363636363636362,-0.1670761670761671,0.0627073656270736,0.0348692403486923,-0.0130373502466525,-0.0658307210031348,0.1595357112598492,-0.008626410086264,0.0106067763129643,-0.030351631795096,0.1890738369611608,0.1279371561061701,-0.0131125171733788,0.0037359900373598,-0.0600601494803918,0.2135091371732592,-0.0053078755368831,-0.0576596746987341,0.0113410588157005,0.0166174437433093,0.0735930735930736,0.0681818181818181,0.063949843260188,0.0486555697823303,0.0471894517696044,0.0995670995670995,0.1079545454545454,0.0777429467084639,0.0806658130601792,0.0929909784871616,0.3896103896103896,0.3210227272727273,0.3454545454545454,0.3469910371318822,0.3622484385843164,0.1774891774891775,0.1761363636363636,0.180564263322884,0.1818181818181818,0.1804302567661346,0.2597402597402597,0.3267045454545454,0.3322884012539185,0.3418693982074264,0.3171408743927827,0.06,0.0925,0.3425,0.1825,0.3225,1272
0.5382395382395382,-0.1695906432748537,0.0871679760568651,0.0220678118767291,-0.1257614311049424,-0.2355212355212357,-0.0603905340747445,0.0754390754390754,-0.0892189236138278,0.0247013147776508,-0.038961038961039,0.0810359231411863,0.0401368179145957,-0.01469655609783,-0.0508575394071577,0.1060102688009664,-0.0014465338822742,0.0071255187534257,0.0358330752346454,-0.0425576553749817,-0.0780197246362659,-0.0001079253156814,0.0157211209842789,-0.118023779773696,0.0649768070418934,0.0202020202020202,0.054054054054054,0.0454545454545454,0.0391120507399577,0.0471633629528366,0.1111111111111111,0.1007371007371007,0.0873015873015873,0.095137420718816,0.0950102529049897,0.308080808080808,0.312039312039312,0.3239538239538239,0.3350951374207188,0.3321941216678059,0.1919191919191919,0.2137592137592137,0.1991341991341991,0.1892177589852008,0.2194121667805878,0.3686868686868687,0.3194103194103194,0.3441558441558441,0.3414376321353065,0.3062200956937799,0.04375,0.095,0.3375,0.19625,0.3275,290
-0.1225296442687746,-0.0486257928118394,-0.0310701956271577,0.160463697376449,-0.0046224961479199,-0.1441647597254003,-0.2684989429175475,0.1601558556921648,0.1522430236665489,-0.1029113616089529,-0.1330698287220026,0.1613812544045102,-0.0177726633422834,0.0115924344112263,0.0035952747817153,0.1341991341991342,0.1946038457666364,-0.1105631358795915,0.1787481720367626,-0.1250519725095997,0.0256457394981156,0.0166674861104282,0.0175526236756734,0.0124437759836542,-0.0415546875933159,0.1290909090909091,0.131578947368421,0.1303030303030303,0.0995670995670995,0.1120507399577167,0.1127272727272727,0.1363636363636363,0.0901515151515151,0.0865800865800865,0.1057082452431289,0.3054545454545455,0.2488038277511961,0.3015151515151515,0.329004329004329,0.2910500352360817,0.1563636363636363,0.1578947368421052,0.184090909090909,0.1529581529581529,0.1839323467230444,0.2963636363636364,0.3253588516746411,0.2939393939393939,0.3318903318903319,0.3072586328400282,0.115,0.1075,0.29625,0.18625,0.295,4827
-0.1334120425029514,-0.0717703349282297,0.0277612295960921,0.0409590409590409,0.0822510822510822,0.0184503553487511,-0.0432498358194952,0.0286022665947113,0.0127519539284245,-0.0160427807486631,-0.0087000378262513,-0.0182561434477632,0.1546353352713021,-0.1297440423654017,-0.035598705501618,0.1838699693951239,0.0412040693083105,-0.0850466003222749,-0.035598705501618,0.0291262135922329,0.0223492615837114,-0.1550407118274155,-0.0183925200825247,0.0708706498180182,0.1493886230728336,0.109090909090909,0.0944741532976827,0.0970873786407767,0.0785525154457193,0.0940988835725677,0.2545454545454545,0.2477718360071301,0.2418358340688438,0.2277140335392762,0.2743221690590112,0.2649350649350649,0.2647058823529412,0.2303618711385701,0.2956751985878199,0.277511961722488,0.2337662337662337,0.2406417112299465,0.2753751103265666,0.2524271844660194,0.226475279106858,0.1376623376623376,0.1524064171122994,0.1553398058252427,0.145631067961165,0.1275917065390749,0.09625,0.2375,0.2725,0.24375,0.15,252
-0.0695187165775401,0.0368804322292694,0.1237677984665938,0.0597801918556635,-0.162889398183516,-0.0026737967914436,0.1367159971811135,-0.0831203602287937,0.1900133409567372,-0.0886172650878533,0.1029843022252889,-0.0639023392211688,0.0413265967094184,-0.0033383131374609,-0.0473397570171765,0.0277102576567818,-0.0378627714779935,-0.0620996382223106,0.1059826394303239,-6.944926731033974e-05,-0.1798658857482387,-0.1476895197825429,-0.0060443795383553,0.1033424995689147,0.0420410588477814,0.0909090909090909,0.0852272727272727,0.0762463343108504,0.0826446280991735,0.1002886002886002,0.1035353535353535,0.0928030303030303,0.1143695014662756,0.1115702479338843,0.1233766233766233,0.2727272727272727,0.3371212121212121,0.2983870967741935,0.3305785123966942,0.3131313131313131,0.1868686868686868,0.1609848484848484,0.1994134897360703,0.1776859504132231,0.1782106782106782,0.3459595959595959,0.3238636363636363,0.3115835777126099,0.2975206611570248,0.284992784992785,0.085,0.1075,0.31125,0.19875,0.2975,3245
0.1341991341991341,0.0171990171990171,0.0441213462796195,-0.1112175495737139,-0.0112963959117804,0.0171990171990171,0.2031343382694733,0.059622081204815,-0.0231900642859546,-0.1113211113211112,-0.1498917748917749,0.093980343980344,0.0353172007848267,-0.0312889165628891,-0.0227272727272727,-0.2210012210012208,0.0423990423990423,0.0307055055256494,-0.0728997030366893,0.0317374932759548,-0.0839033739797099,-0.1778607198454527,0.0314479852620331,0.0075385244265302,0.0263171942561255,0.0454545454545454,0.0515970515970515,0.0603693181818181,0.0641025641025641,0.0569049271339347,0.0909090909090909,0.0737100737100737,0.0838068181818181,0.0885780885780885,0.1089521165857043,0.3321678321678322,0.3267813267813267,0.3352272727272727,0.3368298368298368,0.3365718251214434,0.2027972027972027,0.1867321867321867,0.1882102272727272,0.1958041958041958,0.1811242192921582,0.3286713286713286,0.3611793611793611,0.3323863636363636,0.3146853146853147,0.3164469118667592,0.0525,0.0925,0.3475,0.1825,0.325,350
0.0616936429744311,0.0603435618851857,0.0168561597133024,-0.060164325470448,-0.0490943365297924,0.0544221183000154,-0.0635902604295104,0.0319334581629663,-0.0350305432272646,-0.0007242083086442,-0.1169963607537922,0.129473850386775,-0.0636872705838222,-0.1299045781804402,0.0759275345897698,-0.163767492367898,0.1484886956744764,-0.0116245410363058,0.2321404086109969,-0.0995855078066274,-0.0602237683818844,0.0046100591810365,0.0549649086234451,-0.111084037913306,0.0074117608645966,0.1020408163265306,0.1028315946348733,0.1214733542319749,0.1265597147950089,0.1152993348115299,0.1632653061224489,0.1847988077496274,0.1512539184952978,0.1479500891265597,0.1729490022172949,0.287569573283859,0.2831594634873323,0.311128526645768,0.2959001782531194,0.2764227642276423,0.1205936920222634,0.1177347242921013,0.128526645768025,0.0873440285204991,0.1263858093126385,0.3265306122448979,0.3114754098360656,0.2876175548589341,0.3422459893048128,0.3089430894308943,0.10875,0.17375,0.2925,0.11375,0.31125,1187
-0.0516735767013853,0.0171990171990171,0.107484380976667,0.0648647540143141,-0.1494658987857589,0.0880592761470503,0.0171990171990171,0.0577713897871999,0.0136585177907491,-0.0975029594963876,0.0503411395906324,0.0533314062725827,-0.0230179028132992,-0.0844770203058973,0.0464531924489401,-0.0344827586206897,0.1154791154791154,0.0019762845849802,-0.1188811188811189,0.0397955458196421,-0.1494252873563217,0.0171990171990171,0.0030742204655247,-0.0256410256410255,0.0410125349884387,0.0762463343108504,0.0661157024793388,0.0688502673796791,0.075,0.0833333333333333,0.0909090909090909,0.0909090909090909,0.0875668449197861,0.0818181818181818,0.0909090909090909,0.3079178885630498,0.325068870523416,0.3529411764705882,0.3443181818181818,0.3439393939393939,0.1671554252199413,0.1763085399449036,0.1938502673796791,0.2,0.1833333333333333,0.3577712609970674,0.3415977961432507,0.2967914438502674,0.2988636363636364,0.2984848484848484,0.0725,0.0925,0.345,0.17875,0.31125,1961
-0.006108515989939,-0.1667476908118619,-0.0071388370508604,0.0105132962275819,0.0464081373172281,-0.1625203441060219,0.3079584775086506,-0.0503517144883369,-0.0040379788278948,0.004524886877828,-0.0140384353277907,-0.0105107873870551,0.018437995078707,0.0139253193440385,-0.0224258500120568,0.1292891103855188,0.0699837247151825,-0.0729076647730224,0.0320238767443735,0.0189520624303234,0.0513833992094862,-0.0777457836281365,-0.0226332806977969,0.052376195233338,0.0059171597633136,0.0578512396694214,0.0668449197860962,0.0583072100313479,0.0500658761528326,0.0545454545454545,0.0991735537190082,0.0588235294117647,0.0858934169278996,0.0790513833992094,0.0916083916083916,0.3512396694214876,0.3663101604278075,0.3423197492163009,0.3741765480895915,0.3566433566433566,0.1818181818181818,0.1844919786096256,0.1811912225705329,0.1778656126482213,0.1741258741258741,0.3099173553719008,0.3235294117647059,0.3322884012539185,0.3188405797101449,0.3230769230769231,0.0575,0.085,0.34875,0.18375,0.325,422
0.5197255574614066,0.264069264069264,0.0583122057225641,-0.2121212121212121,-0.1280690112806899,0.1579603929518166,-0.1216056670602125,-0.0602219222284416,0.0657563780093424,0.0287748084695663,0.1638078902229846,-0.0890151515151516,-0.0526077508149223,-0.0540184453227932,0.07100199071002,-0.1059624689588079,0.0178975253602118,-0.0638585414110179,-0.0304210174424321,0.0888292446196357,0.0949235429363892,0.0113905007522028,0.0629358773802275,0.1104383333800539,-0.1351282666704316,0.0318181818181818,0.0557851239669421,0.0553977272727272,0.073270013568521,0.0599613152804642,0.0772727272727272,0.1177685950413223,0.1143465909090909,0.1031207598371777,0.1038039974210187,0.2954545454545454,0.3326446280991735,0.3302556818181818,0.3337856173677069,0.2940038684719536,0.209090909090909,0.1611570247933884,0.1818181818181818,0.1777476255088195,0.1534493874919406,0.3863636363636363,0.3326446280991735,0.3181818181818182,0.3120759837177748,0.3887814313346228,0.06625,0.105,0.31375,0.1725,0.3425,90
-0.0109149512856199,0.1144319911443199,-0.1196109826246811,-0.0018609987826549,0.0851915380217267,0.1032496914849856,-0.2432012432012433,-0.0709290709290708,0.1514103873654436,0.0148216563310903,-0.1562364503540971,-0.1256011256011255,0.035919035919036,0.1165833862463077,0.0481047084820669,-0.0900863842040311,0.1074452612914151,0.032079032079032,0.0518844451428721,-0.1024614798199703,0.0696652259907699,-0.0984449340613724,-0.0484492676273498,-0.0578308869828032,0.1415838404724423,0.1718555417185554,0.1524475524475524,0.1965601965601965,0.1853146853146853,0.1581569115815691,0.1295143212951432,0.1818181818181818,0.1646191646191646,0.1305361305361305,0.1606475716064757,0.2938978829389788,0.2811188811188811,0.253071253071253,0.2540792540792541,0.2752179327521793,0.2229140722291407,0.1888111888111888,0.1965601965601965,0.2109557109557109,0.2353673723536737,0.1818181818181818,0.1958041958041958,0.1891891891891892,0.2191142191142191,0.1706102117061021,0.17,0.14625,0.2625,0.2225,0.19875,3729
0.0711714849645885,-0.0509031198686371,0.2255209293748848,-0.0003939907840415,-0.1094578391575056,-0.0329835572554018,0.0047492960114319,-0.0695187165775401,0.0276793078002691,0.0238386730713694,0.0740740740740741,-0.0335497835497835,0.0223930481283423,-0.005961251862891,0.0050272308336823,-0.060247868758507,0.023671364096896,0.0727045170098988,-0.0358203591548551,-0.0232732264303987,-0.1019283746556474,0.0397481306572216,0.0277102576567818,-0.0368965361513795,0.000647446395247,0.0626959247648902,0.0697263901147396,0.0625,0.0715667311411992,0.0743801652892562,0.2758620689655172,0.2612533097969991,0.2713068181818182,0.2562862669245648,0.2520661157024793,0.1316614420062695,0.1818181818181818,0.1661931818181818,0.1576402321083172,0.1652892561983471,0.2288401253918495,0.2224183583406884,0.2301136363636363,0.2369439071566731,0.2371900826446281,0.3009404388714733,0.264783759929391,0.2698863636363636,0.2775628626692456,0.2710743801652892,0.0675,0.2625,0.17,0.22875,0.27125,2236
0.0832696715049656,-0.0433448408131951,-0.078088578088578,0.1053391053391054,-0.0351300616787342,-0.1544011544011543,-0.0228870988364657,-0.0003885003885004,0.2664742664742665,-0.108429427013498,-0.047691803994325,0.0706340073428681,0.0442890442890443,0.0228818800247371,-0.0573497299161016,0.0511036950665434,0.2732117981951426,-0.0443503864556495,0.0316700843016631,-0.105136130753271,0.0012856583875234,-0.0702891839044972,0.0135880379782818,-0.0276985886741985,0.0319774476908083,0.1363636363636363,0.1717171717171717,0.1558441558441558,0.1411483253588516,0.1485587583148558,0.103030303030303,0.101010101010101,0.0917748917748917,0.0717703349282296,0.1056910569105691,0.2803030303030303,0.2601010101010101,0.2484848484848484,0.2715311004784689,0.2564671101256467,0.1878787878787878,0.154040404040404,0.2051948051948052,0.2033492822966507,0.2158167036215816,0.2924242424242424,0.3131313131313131,0.2987012987012987,0.312200956937799,0.2734663710273466,0.14875,0.09875,0.26,0.21,0.2825,670
-0.0264856272861329,-0.0506960861570791,0.0163885265320199,-0.0984549991642189,0.0934489967371978,0.0622318045758064,-0.2737191031764674,0.0101119360178311,0.1230130765014485,-0.03359173126615,0.0780896271445327,-0.0135020236030336,-0.0186430905246972,-0.061116212631364,0.0399866432924284,-0.0531053105310532,0.1245791245791245,-0.0324171952078928,0.0684624017957352,-0.0376492194674014,0.0521501129704806,-0.0536201012391488,-0.0038687779551564,0.0425799949609474,-0.0344633721257099,0.1295938104448742,0.1183932346723044,0.1163911845730027,0.1329545454545454,0.1196660482374768,0.1063829787234042,0.1289640591966173,0.1026170798898071,0.0886363636363636,0.1066790352504638,0.3172147001934235,0.3192389006342495,0.3285123966942149,0.3329545454545454,0.323747680890538,0.2224371373307543,0.1775898520084566,0.2148760330578512,0.1886363636363636,0.1938775510204081,0.2243713733075435,0.2558139534883721,0.2376033057851239,0.2568181818181818,0.2560296846011132,0.12625,0.10125,0.3225,0.2025,0.2475,3040
0.0504193579485201,0.0102509720749379,0.0170952476939173,-0.0347376201034739,-0.0493732300059273,0.0736166007905138,0.1106719367588932,0.0062967335694609,-0.2958532695374802,0.0549054905490549,0.0118577075098814,0.0550179455726681,0.0012077786372457,0.0485618434801735,-0.0583817002389892,0.0391168052337468,-0.1267093725864341,0.0283488716090596,-0.088929219600726,0.025419783357646,0.0859683794466403,0.0871447393186521,-0.0372744138977905,0.0772385509227613,-0.109039475376109,0.2184035476718403,0.2130681818181818,0.2272727272727272,0.2210031347962382,0.2102272727272727,0.0853658536585365,0.0767045454545454,0.0815047021943573,0.0971786833855799,0.0787337662337662,0.2838137472283814,0.2869318181818182,0.2884012539184953,0.280564263322884,0.299512987012987,0.147450110864745,0.1846590909090909,0.1355799373040752,0.1551724137931034,0.1314935064935065,0.2649667405764966,0.2386363636363636,0.2672413793103448,0.2460815047021943,0.2800324675324675,0.23,0.08625,0.28875,0.1425,0.2525,26
0.082663368377654,-0.0176957545378599,0.0680615680615679,-0.0587507730364873,-0.0484307359307358,0.1202346041055718,-0.1112826053403304,0.038774845226458,0.1286133221617093,-0.1638563049853372,-0.0402532790592493,-0.0664381442071937,0.0049751243781094,0.0509788718743943,0.003561736770692,-0.0452961672473868,0.0352822188508965,0.0083764474008375,0.0978777320240735,-0.0497505543237251,-0.0313216195569137,-0.0695187165775401,0.0344622697563873,0.0068754774637127,0.0119485294117647,0.1926406926406926,0.1847507331378299,0.2184531886024423,0.2195121951219512,0.2165775401069518,0.0725108225108225,0.0791788856304985,0.0759837177747625,0.0687361419068736,0.0762032085561497,0.1677489177489177,0.1730205278592375,0.1791044776119403,0.1784922394678492,0.1737967914438502,0.2316017316017316,0.1906158357771261,0.2075983717774762,0.1973392461197339,0.2172459893048128,0.3354978354978355,0.3724340175953079,0.3188602442333785,0.335920177383592,0.3161764705882353,0.21,0.07125,0.18,0.21875,0.32,429
-0.0289227680532029,0.0959509031798188,-0.2064012064012064,0.0065153701517337,0.0449954086317722,0.1669854222448891,-0.0505364566771484,-0.0426849136526554,-0.033205959892177,-0.0201723984715185,-0.0272213662044171,-0.1138544934746692,0.111592331931315,-0.0384274174721015,0.0755007704160247,0.0203828566999921,-0.072095870111462,-0.1022787493375727,0.0147463944255387,0.0821584832280021,0.0197628458498022,-0.1040525739320921,0.0761670761670763,-0.0181818181818183,0.0413223140495869,0.1774891774891775,0.1436950146627566,0.1771956856702619,0.1689839572192513,0.1690909090909091,0.1875901875901875,0.2179863147605083,0.2311248073959938,0.2224598930481283,0.2290909090909091,0.1673881673881674,0.1446725317693059,0.12326656394453,0.1529411764705882,0.1281818181818181,0.2049062049062049,0.2130987292277615,0.2141756548536209,0.2032085561497326,0.21,0.2626262626262626,0.2805474095796676,0.2542372881355932,0.2524064171122994,0.2636363636363636,0.1725,0.2075,0.13875,0.20625,0.275,683
0.0394511149228131,0.0545454545454545,0.0047846889952153,-0.0192837465564736,-0.0276679841897233,0.0657275281924018,0.0870406189555126,-0.1130340357663985,-0.0081472363870815,0.0917500630729122,0.1034877072612922,-0.1006060606060605,-0.0105263157894737,0.0596877869605142,-0.0013175230566535,0.172316153448229,0.0072150072150072,-0.0166831219462797,0.0292535747081202,-0.038961038961039,0.119496855345912,0.1696969696969696,-0.0143540669856458,-0.0146923783287418,-0.075098814229249,0.0636363636363636,0.0618955512572533,0.0593939393939393,0.0548340548340548,0.0583333333333333,0.1181818181818181,0.1141199226305609,0.1375757575757575,0.1240981240981241,0.1037878787878787,0.3545454545454545,0.3965183752417795,0.36,0.3621933621933622,0.3613636363636364,0.1681818181818181,0.1663442940038684,0.1551515151515151,0.1601731601731601,0.1674242424242424,0.2954545454545454,0.2611218568665377,0.2878787878787879,0.2987012987012987,0.3090909090909091,0.06625,0.125,0.35625,0.165,0.2875,4463
0.0968855833720698,0.0590203356160802,-0.0041662215575259,0.0717990717990717,-0.1033331788048768,-0.1109924153402415,-0.345555462114204,0.0319069714154779,0.0557751427316645,0.1125363561786859,-0.038961038961039,0.0107764575849681,0.0269151138716355,-0.0245310245310246,-0.0095564812545942,0.1335833441096598,0.0328820116054158,-0.0193467859371749,-0.1031366294524189,0.0340344858716259,-0.0314544968010315,0.1343815232587087,-0.0618453149662792,-0.0401040104010401,0.0591511981386818,0.0835380835380835,0.1027667984189723,0.0961038961038961,0.0801435406698564,0.0954095409540954,0.1105651105651105,0.1581027667984189,0.1162337662337662,0.1136363636363636,0.1017101710171017,0.3464373464373464,0.3339920948616601,0.3357142857142857,0.3516746411483253,0.3663366336633663,0.167076167076167,0.1699604743083003,0.1844155844155844,0.1985645933014354,0.1872187218721872,0.2923832923832923,0.2351778656126482,0.2675324675324675,0.2559808612440191,0.2493249324932493,0.0925,0.1175,0.345,0.18,0.265,3945
0.2971734148204736,0.0977443609022556,-0.0541283533984262,0.025526197939991,-0.0696476519261328,0.2869875222816399,-0.3986013986013985,0.0471815289333538,-0.2089060364922434,0.1187434225408909,-0.0619868946298109,0.0295842037873171,0.0822172584278063,-0.0384564439931123,-0.0632263083680446,0.0641711229946524,-0.1164274322169058,-0.08383101083831,0.0247300592128177,0.100711758939607,-0.2032085561497325,0.1028708133971292,-0.1091098682339557,0.1088222122704881,0.0848813633623759,0.0597402597402597,0.0606060606060606,0.0902688860435339,0.0795454545454545,0.1022727272727272,0.0857142857142857,0.1328671328671328,0.0921895006402048,0.106060606060606,0.0852272727272727,0.361038961038961,0.3263403263403263,0.3143405889884763,0.3712121212121212,0.3798701298701298,0.1766233766233766,0.2191142191142191,0.1882202304737516,0.1767676767676767,0.161525974025974,0.3168831168831169,0.261072261072261,0.3149807938540332,0.2664141414141414,0.2711038961038961,0.085,0.095,0.3425,0.18125,0.29625,3523
0.1612026699745998,-0.0495446828214229,-0.0710679952592072,-0.043408082089122,0.0073999227317306,-0.0857933338553491,0.1997999499874969,-0.0629012549217371,0.1237677984665935,-0.0715270573713444,0.0115580758855613,-0.0221056061463531,0.0108716327934097,-0.041486520243654,0.0291935372026905,-0.0308849815022653,0.0731689656420839,-0.0173086625686014,0.0480440279637066,-0.0372879938097328,0.0447106726176493,0.0634022141899112,-0.0008340283569638,0.0371634529661988,-0.118800309902433,0.1698564593301435,0.2198731501057082,0.2001594896331738,0.2087542087542087,0.193446088794926,0.1220095693779904,0.0930232558139534,0.1188197767145135,0.1077441077441077,0.1088794926004228,0.291866028708134,0.2896405919661733,0.2695374800637958,0.2772166105499439,0.2727272727272727,0.2165071770334928,0.1818181818181818,0.2161084529505582,0.1975308641975308,0.1997885835095137,0.1997607655502392,0.2156448202959831,0.1953748006379585,0.2087542087542087,0.2251585623678647,0.2025,0.11625,0.2725,0.2075,0.20125,1541
0.1360142303538529,-0.1363636363636364,-0.0261343594676928,0.1200897867564534,-0.0360010360010361,-0.3098393887416186,0.1735537190082644,0.0918172736354553,-0.0798898071625344,-0.0298792116973933,0.0046626241151885,0.2477592829705506,0.0188215540328217,0.0029876227059325,-0.0834236186348862,0.0336530331215423,0.0717029449423815,-0.0205756684629925,-0.0038412291933418,-0.0006894513936765,-0.0241877346061103,0.1189064558629776,-0.0713923757402017,0.0584101888449715,0.0169251038816256,0.0572390572390572,0.0867768595041322,0.0659411011523687,0.0640204865556978,0.0678524374176548,0.0909090909090909,0.0661157024793388,0.0601792573623559,0.0742637644046094,0.0704874835309617,0.3501683501683502,0.3099173553719008,0.3348271446862996,0.3482714468629961,0.3656126482213438,0.1649831649831649,0.2024793388429752,0.1869398207426376,0.1882202304737516,0.1765480895915678,0.3367003367003367,0.3347107438016529,0.352112676056338,0.3252240717029449,0.3194993412384717,0.06625,0.08,0.34125,0.1875,0.325,2031
0.0836595621284617,-0.1577765963730875,-0.0495446828214229,0.070599979346666,-0.0121457489878542,-0.0865526298930106,0.2065356406441678,-0.0693582486530721,-0.0951070010798971,0.0827776874288502,0.0281788310265856,-0.0817681500412423,-0.0062537540190086,-0.0086126060816189,0.0159238352009436,0.0750009700073719,-0.0749118730339386,-0.0243277848911651,-0.0538048434491844,0.0190091598542302,0.0316912865230688,0.0314342020378767,-0.0307802433786685,-0.0052373276754402,-0.0087550245030558,0.1889952153110047,0.2241014799154334,0.2004381161007667,0.1907810499359795,0.199713672154617,0.1172248803827751,0.080338266384778,0.1095290251916757,0.1088348271446863,0.0980672870436649,0.2033492822966507,0.2071881606765327,0.1949616648411829,0.1984635083226632,0.199713672154617,0.1614832535885167,0.1902748414376321,0.1752464403066812,0.1830985915492957,0.1746599856836077,0.3289473684210526,0.2980972515856236,0.3198247535596933,0.3188220230473751,0.3278453829634932,0.20625,0.10125,0.19375,0.17375,0.325,2232
0.021203515585538,-0.1504757808719961,-0.0290167593538379,0.0357507660878447,0.0238590159894753,-0.0965778407638873,0.0430622009569378,0.0353143841515934,0.0415785764622973,0.0128412895583287,0.0186284303931363,0.0430622009569378,0.0017825311942959,0.0588235294117646,-0.0611956137247966,0.0362578597872715,-0.0976639459611596,0.0968508615567439,0.1158645276292335,-0.1152957822676294,0.0191626555262919,-0.0656807307525011,-0.0529537802265074,0.0009182736455463,0.0331328852729629,0.2226762002042901,0.2494714587737843,0.2232620320855615,0.2192513368983957,0.2231404958677686,0.1092951991828396,0.0909090909090909,0.0909090909090909,0.1042780748663101,0.1012396694214876,0.1736465781409601,0.1627906976744186,0.1684491978609625,0.1524064171122994,0.1776859504132231,0.1807967313585291,0.1797040169133192,0.1764705882352941,0.1657754010695187,0.18732782369146,0.313585291113381,0.3171247357293869,0.3409090909090909,0.3582887700534759,0.3106060606060606,0.2275,0.095,0.16875,0.1875,0.32125,4120
0.0613202734414857,-0.1683096020445418,0.0819556362627523,0.0552289059751747,-0.0774410774410774,-0.214946669492124,-0.0559721403094897,0.0152169927450827,-0.0437323870159689,0.0825174825174824,0.1485098923115452,0.0374722028610309,-0.0049421693956932,0.021421816537149,-0.0578512396694215,0.2221682061254253,0.04645319244894,0.0266177972721263,-0.0854816824966078,-0.0566844919786095,0.0378685086961885,0.0714554282257932,-0.0143358793367178,0.0036250227829645,-0.0203527815468114,0.0774410774410774,0.1002331002331002,0.0702479338842975,0.0641711229946524,0.0793758480325644,0.1212121212121212,0.1095571095571095,0.099862258953168,0.0989304812834224,0.0963364993215739,0.3063973063973064,0.3286713286713286,0.3353994490358126,0.3248663101604278,0.3385345997286296,0.1582491582491582,0.1748251748251748,0.1639118457300275,0.1818181818181818,0.1668928086838534,0.3367003367003367,0.2867132867132867,0.3305785123966942,0.3302139037433155,0.3188602442333785,0.0825,0.10375,0.33375,0.1675,0.3125,3235
-0.4176856282119439,-0.3147346480679815,-0.0301848898340126,0.2054840975704284,0.0879927887801903,-0.5066680240252468,-0.1973841761075805,-0.0153042179917879,-0.0353032854180872,0.1775689547510622,-0.3080444735120995,-0.0402067956024789,0.0361777563595057,-0.016322324743214,0.0277212732319513,0.0157211209842788,-0.1008039579468151,0.012075643654591,0.0058862001308043,0.0142141323243686,0.0021674232200548,0.0749990749990749,0.001076895813738,-0.0285477911377192,-0.0107128217364438,0.0673400673400673,0.0715667311411992,0.0621321124918247,0.0467532467532467,0.0473970473970474,0.138047138047138,0.1257253384912959,0.1092217135382603,0.1155844155844155,0.0971250971250971,0.367003367003367,0.3617021276595745,0.3433616742969261,0.3519480519480519,0.3558663558663558,0.138047138047138,0.1798839458413926,0.1765860039241334,0.1727272727272727,0.1787101787101787,0.2895622895622896,0.2611218568665377,0.3086984957488554,0.312987012987013,0.3209013209013209,0.0475,0.105,0.35625,0.17375,0.3175,254
0.5454545454545454,0.2286501377410469,-0.1216056670602125,0.0133897110641296,0.0120068610634648,0.1666666666666667,0.0082644628099174,0.0003935458480913,-0.0711768851303735,0.0120068610634648,-0.3422818791946307,0.0237949969493594,0.0602442097256008,0.0086600356617524,-0.0388294749444553,-0.0139860139860139,-0.0002119093028183,0.0082644628099173,0.0198948338483223,-0.0175484892466024,-0.0695187165775399,0.0601199157348889,-0.008750607681089,-0.0156282386104547,0.0111996771264252,0.0181818181818181,0.0333333333333333,0.0536912751677852,0.0405594405594405,0.0427807486631016,0.0636363636363636,0.0818181818181818,0.0805369127516778,0.0825174825174825,0.0775401069518716,0.4318181818181818,0.3848484848484848,0.3618059792556437,0.3818181818181818,0.3883689839572192,0.1590909090909091,0.1727272727272727,0.1598535692495424,0.158041958041958,0.1637700534759358,0.3272727272727272,0.3272727272727272,0.3441122635753508,0.337062937062937,0.3275401069518716,0.04,0.0825,0.385,0.16125,0.33125,1029
0.2973210364514711,0.1590546614470059,-0.1062838227768159,-0.1433542534021001,0.0496379817096275,0.1106719367588932,-0.0167464114832536,-0.0150916277398491,-0.1449077238550922,0.0621831699898614,-0.0774410774410776,0.1068580542264752,-0.0327251433970803,-0.00858206121364,0.0246955302717384,-0.0088462262375306,-0.038961038961039,-0.0020019506185515,0.0157211209842789,0.0073866653792303,0.0432755650146953,0.0945896209054104,-0.0282207910666409,-0.0011041589988958,-0.0107364754204903,0.0606060606060606,0.0767045454545454,0.0929292929292929,0.087012987012987,0.0825174825174825,0.0798898071625344,0.096590909090909,0.0848484848484848,0.0987012987012987,0.086013986013986,0.349862258953168,0.3210227272727273,0.3265993265993266,0.3168831168831169,0.3251748251748251,0.1900826446280991,0.1903409090909091,0.1676767676767676,0.1636363636363636,0.1664335664335664,0.3195592286501377,0.3153409090909091,0.3279461279461279,0.3337662337662337,0.3398601398601398,0.08625,0.095,0.31625,0.16625,0.33625,4392
-0.0865958858659587,0.0379648760330578,-0.0456273764258554,0.0702479338842974,0.0881032547699215,0.1011642637389155,0.0702479338842975,-0.1061182163843761,0.0579668265618679,-0.0815222936435056,0.04009599040096,-0.0330578512396693,-0.0265686186307052,-0.0171646535282898,0.1205817689835956,0.0362921749783063,0.0336935791481245,-0.0976096147198808,0.139322216245293,-0.063627730294397,0.0100252873975503,-0.1614920705829796,0.0657785334591418,0.0103262830535557,0.1021324354657687,0.1860795454545454,0.1539256198347107,0.1643835616438356,0.165034965034965,0.1695331695331695,0.2116477272727272,0.2045454545454545,0.2272727272727272,0.2125874125874126,0.2555282555282555,0.34375,0.3636363636363636,0.3374844333748443,0.3608391608391608,0.3071253071253071,0.1661931818181818,0.1683884297520661,0.1818181818181818,0.1538461538461538,0.1769041769041769,0.0923295454545454,0.1095041322314049,0.0890410958904109,0.1076923076923077,0.0909090909090909,0.17125,0.22,0.32875,0.17875,0.10125,3800
-0.0158402203856748,-0.1747831432279216,0.1172051089406462,-0.0940008323919379,0.0266299357208448,-0.014381099126862,-0.049293891428644,0.0801699584442267,-0.1883251488177717,0.0686526279746619,0.0835777126099706,0.0257143549598893,0.0247045232382476,-0.0548745754129835,-0.0557184750733137,-0.1313131313131315,0.0062609566741798,-0.017447199265381,0.0721604534554173,0.0356902356902356,0.1651205936920222,0.116821785062635,-0.0063529544049023,0.0229708626419828,-0.1750154607297465,0.1219008264462809,0.1217257318952234,0.1099706744868035,0.1357575757575757,0.1001855287569573,0.1776859504132231,0.1587057010785824,0.1473607038123167,0.1503030303030303,0.1335807050092764,0.2913223140495867,0.3035439137134052,0.3218475073313783,0.3357575757575757,0.3320964749536178,0.1900826446280991,0.2064714946070878,0.1832844574780058,0.1612121212121212,0.1697588126159554,0.2190082644628099,0.209553158705701,0.2375366568914956,0.2169696969696969,0.2643784786641929,0.12,0.15125,0.33,0.17375,0.225,4310
0.0070787710496146,-0.0090393104898045,-0.0484766251387689,0.0841248303934871,-0.0053040582212902,-0.1639273454727317,0.3061005328156623,-0.0397227406025058,0.0762463343108504,-0.0130631831511596,-0.0156598830484857,-0.0243277848911651,0.0347612138035455,-0.0756419153365717,0.0379155889218346,0.0512040426958181,0.150557446675619,-0.0851306860176039,-0.0088691796008868,0.0374924410401128,-0.0515396979990656,0.056237321785668,0.093075804005324,-0.0214504596527067,-0.1050236790788374,0.1601085481682496,0.187683284457478,0.1637751561415683,0.1529933481152993,0.1695607763023493,0.0895522388059701,0.0615835777126099,0.0909090909090909,0.0753880266075388,0.0837589376915219,0.3459972862957937,0.3431085043988269,0.31852879944483,0.3580931263858093,0.2992849846782431,0.1831750339213025,0.1847507331378299,0.2151283830673143,0.2017738359201774,0.2042900919305413,0.2211668928086838,0.2228739002932551,0.2116585704371963,0.2117516629711751,0.2431052093973442,0.16125,0.08875,0.33,0.2,0.22,2509
0.2520486168399053,0.1234744498889125,-0.0601310914790538,0.1811144520504125,-0.1482770103459758,0.0962254120148856,-0.0002942041776992,-0.0606060606060605,0.1238919810348382,-0.0378510378510379,-0.1291301463634953,0.0314694327066524,0.0521465662254078,-0.1427257950646066,0.0499176339884304,0.0561709379301302,0.0714432528503548,-0.0777765198686741,0.044399827178692,8.667131954809282e-05,-0.033772220864038,0.0001352909722267,-0.0038004464016407,0.0213470922542872,-0.0014316583659648,0.0532915360501567,0.0643939393939393,0.080450522928399,0.0672478206724782,0.0736562707365627,0.1128526645768025,0.1287878787878787,0.1246983105390185,0.1195516811955168,0.1287325812873258,0.2915360501567398,0.2916666666666667,0.2606596942880129,0.2963885429638854,0.2760451227604512,0.1504702194357366,0.1609848484848484,0.2099758648431214,0.1755915317559153,0.1798274717982747,0.3918495297805642,0.3541666666666667,0.3242156074014481,0.3412204234122042,0.3417385534173855,0.07125,0.12875,0.275,0.18375,0.34125,2292
0.3675889328063241,0.0393755941361886,-0.131682962346578,-0.0490230972406946,0.0513833992094863,0.1578947368421053,-0.0659560293137906,-0.0173759758247293,-0.1066010567133042,0.0855927698032962,-0.196969696969697,0.0410433448408132,-0.1323763955342902,0.0629039207238258,0.0684624017957351,0.0033670033670033,0.0197331969483868,0.0962254120148856,-0.0053138015223324,-0.0699588477366255,0.138047138047138,0.0180283851169927,0.0303030303030301,-0.0340370529943989,-0.025564284823544,0.0395256916996047,0.0526315789473684,0.074810606060606,0.0622895622895622,0.0538720538720538,0.0948616600790513,0.1052631578947368,0.0946969696969697,0.0968013468013468,0.0969696969696969,0.2687747035573122,0.2416267942583732,0.2689393939393939,0.2146464646464646,0.2303030303030303,0.2766798418972332,0.291866028708134,0.2471590909090909,0.2651515151515151,0.2727272727272727,0.3201581027667984,0.3086124401913875,0.3143939393939394,0.3611111111111111,0.3461279461279461,0.0625,0.09875,0.2375,0.26375,0.3375,1323
-0.1035730438715512,0.0169410641851586,-0.052341597796143,0.0335790335790334,0.1068580542264752,0.0006676573840753,0.1182920316778585,-0.0599501508592414,0.0483990483990484,-0.0531378952431584,0.0620595170660379,-0.1008332696277043,0.0178929631709862,0.0124281386417308,-0.0075202717001388,0.1093483630797064,0.082282546849476,0.0760754397118034,-0.1844011844011843,-0.0850747692852955,0.1067390321121665,-0.0319732760677642,0.1115702479338843,-0.0186322686322686,-0.1873117136275031,0.1848484848484848,0.1673881673881674,0.1571050308914386,0.1491841491841491,0.1496212121212121,0.156060606060606,0.1399711399711399,0.174757281553398,0.1456876456876457,0.1638257575757575,0.2893939393939393,0.2914862914862914,0.2700794351279788,0.2540792540792541,0.2443181818181818,0.1787878787878788,0.176046176046176,0.1827007943512797,0.2191142191142191,0.1884469696969697,0.1909090909090909,0.2251082251082251,0.2153574580759046,0.2319347319347319,0.2537878787878788,0.1675,0.15875,0.275,0.185,0.21375,1550
0.5761813943632126,0.1354100445009536,-0.0368698728309597,0.1577617518555562,-0.1718268163315652,0.2179863147605083,0.2059553349875931,-0.0301803897804375,-0.0161196929226514,-0.041712259815293,-0.0732672603176198,-0.0222870654525331,-0.0406434999601794,0.0535423427326465,0.025799713011138,-0.0922410922410921,-0.0709290709290708,0.0223798341879523,-0.0124906940193565,0.0153130451637915,-0.1891490152359718,0.0513833992094862,0.0082114259877776,0.0735379270411117,-0.0363203744125224,0.0206611570247933,0.0381231671554252,0.0523217789404839,0.0532467532467532,0.0579710144927536,0.0702479338842975,0.064516129032258,0.0830608240680183,0.087012987012987,0.0770750988142292,0.3512396694214876,0.3489736070381232,0.3525179856115107,0.3311688311688311,0.3359683794466403,0.1652892561983471,0.1994134897360703,0.1857423152387181,0.1987012987012987,0.1818181818181818,0.3925619834710744,0.3489736070381232,0.3263570961412688,0.3298701298701298,0.347167325428195,0.04875,0.08125,0.33875,0.19625,0.335,4647
-0.1204481792717087,0.0717186593475253,0.0541030188607281,-0.0438733842989162,-0.0112554112554112,0.0897713050403914,0.0109473768170851,-0.138387341405431,0.1110745298160418,0.0282398452611218,0.0005841908956095,-0.0269899899978736,-0.0203841248153244,0.0680991932556388,-0.0096256684491977,-0.0185892538833716,-0.1186980259145207,0.0032483424553909,0.050279901343731,0.021067821067821,0.031629565145297,0.0991187346977325,-0.0182761949998913,0.0363806296512877,-0.0531360112755461,0.119047619047619,0.0967117988394584,0.1061879297173414,0.1082251082251082,0.1028893587033121,0.1125541125541125,0.1199226305609284,0.1245225362872421,0.1356421356421356,0.1092318534178999,0.2683982683982684,0.3230174081237911,0.2895339954163483,0.2828282828282828,0.2889358703312191,0.1839826839826839,0.1566731141199226,0.1642475171886936,0.1673881673881674,0.1698379140239605,0.316017316017316,0.3036750483558994,0.3155080213903743,0.3059163059163059,0.3291050035236081,0.10625,0.12125,0.28375,0.17625,0.3125,315
0.2105159278411558,-0.0253781081773905,0.042980432367769,-0.1605415860735008,-0.0358552999664305,0.0434961863533291,0.0264086649628818,0.0458804916636241,-0.351010101010101,0.1117789464896902,-0.0066951681858513,-0.0210010000476212,0.0120164452275506,-0.0573122529644267,0.0278639793551758,-0.0389610389610388,-0.3018306994210609,0.0236269754342044,0.0665584415584416,0.059783192014597,-0.0075870703048404,0.0667770861717379,0.0549040211103096,0.0668883961566888,-0.1117015753177819,0.0967117988394584,0.1171717171717171,0.1233201581027668,0.1272727272727272,0.1234294161123429,0.1063829787234042,0.101010101010101,0.1059288537549407,0.135064935064935,0.0968218773096821,0.2978723404255319,0.296969696969697,0.3075098814229249,0.3038961038961039,0.2941611234294161,0.1856866537717601,0.2161616161616161,0.1691699604743083,0.1493506493506493,0.1492978566149297,0.3133462282398452,0.2686868686868687,0.2940711462450593,0.2844155844155844,0.336289726533629,0.1225,0.10375,0.31125,0.16,0.3025,1242
0.281705948372615,-0.1313131313131312,-0.0793859169310433,0.2440534376018247,-0.075268817204301,0.0933727519093373,0.0776053215077605,0.0074203334747492,0.0386953722909663,-0.0728846291395464,0.1087344028520499,-0.0338680926916221,-0.0231857757871771,0.0443332758323271,-0.0112989477315852,0.1811447811447811,-0.0602020202020201,0.0968165408598621,-0.0572825024437926,-0.0869990224828933,-0.006993006993007,-0.0666666666666666,0.0022973416475221,-0.014211594856756,0.0277464471012857,0.0404040404040404,0.0509977827050997,0.0501336898395721,0.046060606060606,0.0566433566433566,0.106060606060606,0.0864745011086474,0.0969251336898395,0.0993939393939394,0.1,0.3737373737373737,0.3436807095343681,0.3542780748663101,0.3127272727272727,0.3454545454545454,0.1464646464646464,0.1862527716186252,0.1851604278074866,0.2048484848484848,0.1965034965034965,0.3333333333333333,0.3325942350332594,0.3135026737967914,0.336969696969697,0.3013986013986014,0.05625,0.09375,0.34625,0.19375,0.31,2450
-0.2568077084206115,-0.2821387164973061,0.0232808665988389,0.0224828934506354,0.1145292513436104,-0.3296227581941866,0.335548172757475,0.0175810583973848,-0.0101010101010099,-0.0510889888321794,-0.120253792009517,0.0123138001710698,0.0414819640555738,-0.078311001975124,0.0300726095421196,0.025974025974026,0.0274841437632136,-0.0946196660482372,-0.0139860139860139,0.0838344534842588,0.1379310344827586,-0.0425020048115476,-0.1029364723946004,0.0555421589904349,0.0485832428674237,0.0879765395894428,0.093073593073593,0.0784177654406662,0.0681818181818181,0.0603448275862069,0.1378299120234604,0.0714285714285714,0.10617626648161,0.1045454545454545,0.1120689655172413,0.2991202346041056,0.3008658008658009,0.2935461485079805,0.3352272727272727,0.3377742946708464,0.1906158357771261,0.1969696969696969,0.2102706453851492,0.1977272727272727,0.1841692789968652,0.2844574780058651,0.3376623376623376,0.311589174184594,0.2943181818181818,0.3056426332288401,0.07,0.1075,0.30625,0.195,0.32125,1578
-0.3239742053301375,0.1525744334733099,-0.0293410293410294,0.1633506785021936,-0.0325476992143658,0.1782229070364662,0.1646805129951197,0.0707070707070707,-0.1998775635139271,-0.0774410774410776,0.0462587023269936,0.0575814737218821,0.0103327329604701,-0.0456254650017091,-0.0196859101968591,0.0897238354865472,-0.2445980985306828,-0.002997002997003,0.1269336723882179,0.0023310023310022,0.0314769975786924,-0.0441493587561003,0.0022675736961451,0.0423717696444969,-0.0173160173160173,0.0976430976430976,0.0606060606060606,0.0703384207033842,0.0671328671328671,0.0714285714285714,0.0942760942760942,0.0929292929292929,0.1048440610484406,0.1384615384615384,0.1161616161616161,0.3602693602693603,0.3252525252525252,0.3463835434638354,0.351048951048951,0.3492063492063492,0.138047138047138,0.1979797979797979,0.172528201725282,0.144055944055944,0.158008658008658,0.3097643097643097,0.3232323232323232,0.3059057730590577,0.2993006993006993,0.3051948051948052,0.07375,0.11125,0.35,0.165,0.3,4625
0.1568914956011731,0.06158357771261,0.0541652660739743,-0.0542336389620996,-0.0850439882697946,-0.0869565217391303,-0.0230179028132992,-0.0123576372072677,-0.0006504227748036,0.0447957839262186,0.0702479338842975,-0.0371090584994329,-0.0757956859286359,0.0375562297311434,0.049586776859504,0.0757575757575756,-0.1636363636363638,0.0034734698766318,0.0609896432681242,-0.0060606060606061,-0.0873824451410658,0.0116171860593766,0.0062819829754543,0.011943970477362,0.0047021943573668,0.0674486803519061,0.0869565217391304,0.0743801652892562,0.0739393939393939,0.0869905956112852,0.0997067448680351,0.108695652173913,0.1101928374655647,0.1236363636363636,0.1050156739811912,0.2991202346041056,0.3201581027667984,0.3402203856749311,0.3151515151515151,0.3142633228840125,0.2082111436950146,0.1976284584980237,0.1900826446280991,0.1854545454545454,0.195141065830721,0.3255131964809384,0.2865612648221344,0.2851239669421487,0.3018181818181818,0.2985893416927899,0.08,0.10625,0.31625,0.1975,0.3,3116
0.0195911558952188,0.0522386391577441,0.0196752101514007,-0.0765894065692858,-0.0141119384816863,0.1993327773144287,0.04645319244894,-0.098567373077177,-0.0785569029148152,-0.0104774118614949,0.0501888828926065,-0.1133303266542105,-0.0246253383508285,0.1202831965052345,0.0011372710334647,-0.0302703233086394,-0.0050898782294954,-0.0101010101010101,0.035926790690668,0.0030730515159581,-0.0155955921970372,-0.0080547451269277,0.0107565328804267,0.0481909963400676,-0.0251071156849398,0.1335807050092764,0.109090909090909,0.1294117647058823,0.1403743315508021,0.1383748994368463,0.196660482374768,0.1978609625668449,0.2310160427807486,0.2085561497326203,0.2091713596138374,0.1985157699443413,0.2224598930481283,0.2074866310160427,0.2045454545454545,0.2003218020917136,0.1910946196660482,0.1914438502673796,0.1561497326203208,0.1711229946524064,0.1689460981496379,0.2801484230055658,0.279144385026738,0.2759358288770053,0.2754010695187165,0.2831858407079646,0.13625,0.2075,0.2025,0.1775,0.27625,69
0.2058516196447229,-0.1839323467230442,0.0242675719854142,0.1254315304948217,-0.0349105085947192,-0.2011219270747402,0.0030043396016468,0.0597391252556135,-0.0611107746350918,0.0374660734771538,-0.0161063668792562,-0.0279215571918056,-0.0457992429662195,0.0754335145430736,0.0283964875616418,0.0635292250307527,-0.0972248240426043,0.0717617903919706,-0.1012221234941952,0.0686343784278494,0.043887147335423,-0.0359408033826638,0.0003772161448509,0.0161104718066744,0.0058479532163743,0.0575757575757575,0.0870813397129186,0.073667711598746,0.0678941311852704,0.0693181818181818,0.2545454545454545,0.2143540669856459,0.2210031347962382,0.2359033371691599,0.2227272727272727,0.2939393939393939,0.2832535885167464,0.3150470219435736,0.2796317606444188,0.3011363636363636,0.1727272727272727,0.2095693779904306,0.1826018808777429,0.2174913693901035,0.1943181818181818,0.2212121212121212,0.2057416267942583,0.207680250783699,0.1990794016110471,0.2125,0.0725,0.215,0.30125,0.1975,0.21375,859
0.0324531344486997,0.2272190619298056,0.0071362085013962,-0.197748233321356,0.025386059069507,0.1849943069455264,-0.0210919301828391,-0.0129894088938458,-0.0397749528184312,0.0132834754348697,-0.0593742301059374,0.0948445493900038,0.0071362085013962,-0.017420582637974,-0.0181496237273128,-0.2811037201281106,0.0030171848353667,-0.023890784982935,-0.0247401551749377,0.0864823534146242,0.0634146341463414,-0.0880755608028334,0.0329506670803598,0.0176548089591568,-0.0315103223469757,0.0495867768595041,0.0417690417690417,0.0542929292929292,0.0656565656565656,0.048,0.0743801652892562,0.0982800982800982,0.0871212121212121,0.0959595959595959,0.1047272727272727,0.3636363636363636,0.371007371007371,0.3636363636363636,0.375,0.3541818181818182,0.2066115702479339,0.1793611793611793,0.1755050505050505,0.1767676767676767,0.1694545454545454,0.3057851239669421,0.3095823095823096,0.3194444444444444,0.2866161616161616,0.3236363636363636,0.05125,0.09625,0.36625,0.1725,0.31375,2753
-0.1339198435972628,0.1313131313131312,0.0401476695892939,0.0027938964109176,-0.0562770562770562,0.1707958337546768,-0.0553814002089865,0.0706999984087328,-0.058271637875453,-0.0344827586206897,0.0498533724340175,0.1333333333333333,-0.0299953853253347,-0.0780141843971631,-0.0077922077922079,0.0121932396974842,-0.0765550239234451,0.0090593350010929,-0.0044453493501646,0.0259740259740259,-0.0436432637571158,-0.0160427807486631,-0.0423735714867397,-0.0202146622672281,0.056531703590527,0.0878787878787878,0.0642633228840125,0.0736363636363636,0.0765550239234449,0.0808823529411764,0.1303030303030303,0.1583072100313479,0.13,0.1614832535885167,0.1524064171122994,0.2363636363636363,0.2288401253918495,0.2536363636363636,0.2440191387559808,0.2566844919786096,0.1757575757575757,0.1865203761755486,0.19,0.1770334928229665,0.1798128342245989,0.3696969696969697,0.3620689655172414,0.3527272727272727,0.3409090909090909,0.3302139037433155,0.0775,0.15,0.24625,0.17625,0.35,1632
0.2653810835629018,0.0495867768595041,0.0318772136953955,0.1030815555128452,-0.1576679422452327,0.2624659291325958,-0.0389610389610388,-0.038961038961039,0.1140642303433001,-0.0578267387605908,-0.0243277848911651,-0.0883482714468628,-0.0407901957197733,-0.0044764712304836,0.0793007069655284,0.1633506785021936,0.1735537190082644,0.0161353797717433,-0.1019283746556471,-0.0547641251567676,0.0740740740740741,-0.0582386363636362,0.0239448051948051,-0.0306553911205074,-0.0081358330385568,0.0495867768595041,0.0497835497835497,0.0691421254801536,0.0564738292011019,0.0625,0.0950413223140495,0.1038961038961039,0.1088348271446863,0.0826446280991735,0.1058238636363636,0.3388429752066115,0.3636363636363636,0.3642765685019206,0.3443526170798898,0.3416193181818182,0.1446280991735537,0.1428571428571428,0.1619718309859155,0.1776859504132231,0.1661931818181818,0.371900826446281,0.3398268398268398,0.2957746478873239,0.3388429752066115,0.3238636363636363,0.0675,0.1,0.35,0.16125,0.32125,1650
0.0554899645808736,-0.1628120917738402,0.0163934426229508,-0.0569595501580155,0.0380707221243734,-0.0338555793101247,-0.0434677101343767,-0.1179361179361178,0.0381096764075488,0.084208175117266,0.1896533218847268,0.040914192429344,-0.0743801652892561,-0.1370963015063595,-0.00488354620586,0.0674457878140272,0.0907670232564747,-0.1392405063291137,0.0010528119873661,0.0166335390731249,0.1009663736936464,0.1220850480109739,0.0202020202020202,-0.0583375122382214,-0.0774410774410774,0.1818181818181818,0.199017199017199,0.1559917355371901,0.1795166858457997,0.173063973063973,0.1177347242921013,0.1056511056511056,0.0971074380165289,0.0920598388952819,0.0888888888888888,0.1967213114754098,0.2235872235872235,0.2148760330578512,0.2278481012658227,0.1959595959595959,0.1862891207153502,0.1695331695331695,0.2004132231404958,0.1760644418872267,0.1865319865319865,0.3174366616989568,0.3022113022113022,0.3316115702479338,0.3245109321058688,0.3555555555555555,0.1925,0.10125,0.2,0.17625,0.33,3860
-0.6952744225471499,0.0794016110471806,0.1201332369669736,0.0687929228262134,-0.0740818092311363,0.0436913513836589,0.2918473931132158,0.0144203071959725,0.0282018451032535,-0.1175346915419117,0.0819436973283127,0.0369124546339737,0.0002393044218139,-0.0991825076332117,0.028552674762061,-0.0540184453227932,0.0260335884991911,-0.0940951922932415,-0.0243277848911651,0.1019915050679451,-0.1188811188811187,-0.1244451750780863,0.03807219396573,0.1220047558075726,-0.0464625627080501,0.0826446280991735,0.0466200466200466,0.0447552447552447,0.0513833992094861,0.0545454545454545,0.0909090909090909,0.0699300699300699,0.0951048951048951,0.0961791831357048,0.111038961038961,0.2892561983471074,0.324009324009324,0.3286713286713286,0.3596837944664031,0.3162337662337662,0.1652892561983471,0.1724941724941724,0.1951048951048951,0.1818181818181818,0.1558441558441558,0.371900826446281,0.3869463869463869,0.3363636363636363,0.310935441370224,0.3623376623376623,0.04875,0.09875,0.32875,0.1775,0.34625,3106
0.1764333227747861,-0.0582010582010581,-0.0217723453017568,-0.1103400416377515,0.0649350649350648,-0.1963079461661425,0.0394905123587294,0.0859345852505907,-0.0586963187708793,-0.0394003459542571,-0.2570490772910594,0.0031549086667197,0.0820666133310876,-0.0666258667701236,-0.0120387844081473,-0.1992130164579495,0.0262563032516085,-0.0130300519695714,0.0069493993803209,0.031544639739262,-0.123880773852846,-0.1034860907634445,-0.0042045964812016,-0.0128674425626817,0.0592391647214686,0.0422077922077922,0.0613107822410148,0.0644237652111667,0.0614596670934699,0.0575988896599583,0.1071428571428571,0.0972515856236786,0.1009305654974946,0.0985915492957746,0.1117279666897987,0.3474025974025974,0.3107822410147992,0.3120973514674302,0.3444302176696543,0.3414295628036086,0.1818181818181818,0.1733615221987315,0.1746599856836077,0.1626120358514724,0.1658570437196391,0.3214285714285714,0.3572938689217759,0.3478883321403006,0.3329065300896286,0.3233865371269951,0.05125,0.10125,0.34,0.16375,0.34375,1074
0.0303030303030302,0.2041166380789022,-0.2144748455428067,0.020979020979021,-0.0336557059961315,0.0235690235690234,-0.0520297312750142,-0.1297440423654015,0.0800310800310801,-0.0178379540081665,-0.1237373737373739,0.0051457975986278,-0.035598705501618,-0.0442890442890442,0.1128304319793681,-0.0061553030303032,0.110205831903945,-0.163945278022948,0.0166083916083916,0.0062862669245647,-0.0165760165760164,0.0441424403688555,0.082686461327238,-0.0112963959117804,-0.0368827390103985,0.1163636363636363,0.1171717171717171,0.1348484848484848,0.1207386363636363,0.1219891219891219,0.1054545454545454,0.1393939393939394,0.1318181818181818,0.1178977272727272,0.1266511266511266,0.1563636363636363,0.1454545454545454,0.1333333333333333,0.1498579545454545,0.1181041181041181,0.3181818181818182,0.298989898989899,0.3393939393939394,0.3196022727272727,0.3286713286713286,0.3036363636363636,0.298989898989899,0.2606060606060606,0.2919034090909091,0.3045843045843046,0.12,0.1325,0.12875,0.325,0.29375,4001
-0.4861256240566585,-0.0031347962382446,-0.0582010582010581,0.0579025061783682,0.1180238967849586,0.0100643458175218,0.0496617719848209,0.0145819093187513,0.0289202630400451,-0.0712622263623661,-0.0344827586206897,-0.0094043887147334,0.0800865800865801,-0.0792655620241828,0.0265486725663715,-0.0104391758225037,0.0114739629302735,-0.0044971210019753,0.0226044461062873,-0.0216435338868539,0.2520486168399053,-0.1131276467029642,0.0278727120832383,-0.0213621828866839,0.0063654712001242,0.1077441077441077,0.0717703349282296,0.075,0.0732568402471315,0.0542264752791068,0.1818181818181818,0.1722488038277512,0.1829545454545454,0.1791703442188879,0.2017543859649122,0.2222222222222222,0.2069377990430622,0.1931818181818181,0.2109443954104148,0.2041467304625199,0.239057239057239,0.2464114832535885,0.2738636363636363,0.2480141218005295,0.259170653907496,0.2491582491582491,0.3026315789473684,0.275,0.2886142983230362,0.2807017543859649,0.0725,0.18125,0.21,0.25375,0.2825,787
0.1941576429111056,-0.0101010101010101,-0.0625074494713002,-0.0682096361410926,0.0704032809295966,0.0185253343148079,-0.2432012432012431,0.0443719981086528,-0.0552754738801251,0.0409590409590409,-0.10465302976783,0.0102365941292116,-0.0161564533534248,0.0351462179150644,0.0115924344112262,-0.1240221766537557,-0.0261343594676928,-0.035263668715626,-0.0112196158707786,0.0641104926819212,0.146117040853883,-0.0411810411810411,-0.0531816937510887,0.0242315823711172,0.0329670329670328,0.0382775119617224,0.0466200466200466,0.0524710189139719,0.0533910533910533,0.0405594405594405,0.0909090909090909,0.1118881118881118,0.0890787065283709,0.0923520923520923,0.0937062937062937,0.3732057416267942,0.3356643356643357,0.3569249542403905,0.3636363636363636,0.3699300699300699,0.1722488038277512,0.1701631701631701,0.1555826723611958,0.163059163059163,0.1573426573426573,0.3253588516746411,0.3356643356643357,0.3459426479560707,0.3275613275613275,0.3384615384615385,0.0475,0.09,0.35125,0.16125,0.35,2605
0.1161616161616161,0.1841491841491842,-0.0881010881010881,0.0151515151515152,0.0017825311942958,0.0829346092503986,0.2393571340939762,-0.0788642367589735,-0.0167464114832536,0.0017825311942958,-0.0372960372960373,-0.0901918594226287,0.0344790344790344,-0.1048951048951047,0.0654051830522417,0.0872581234027017,-0.0672058864829949,-0.1029023077215847,0.085432639649507,0.0550437042286793,-0.0666666666666666,0.0675990675990676,0.0677430677430677,0.0,-0.0769340463458112,0.053030303030303,0.055023923444976,0.0622377622377622,0.0547645125958378,0.064,0.0795454545454545,0.0741626794258373,0.1062937062937063,0.104052573932092,0.0909090909090909,0.3522727272727273,0.3492822966507177,0.3125874125874125,0.357064622124863,0.3018181818181818,0.1969696969696969,0.2033492822966507,0.2209790209790209,0.1829134720700986,0.2,0.3181818181818182,0.3181818181818182,0.2979020979020979,0.3012048192771084,0.3432727272727273,0.06,0.0975,0.32375,0.2,0.31875,3630
-0.11000111000111,0.0823990823990823,-0.0955031363194629,0.0288990288990289,0.051268016785258,0.0021674232200548,0.0294306083779766,-0.1522312274191972,-0.0603905340747445,0.1347229096775376,-0.0053714401540487,-0.0972602276950103,-0.064773735581189,0.0257451127016344,0.0792482546605485,-0.0041240810471578,0.0277528739067201,-0.0227867370724514,-0.0773010773010773,0.0497369807714634,-0.0791677458344124,0.0791101902213012,-0.0891225176939463,-0.041951041951042,0.0789117225898834,0.1082251082251082,0.0972886762360446,0.0980237154150197,0.0979020979020979,0.1052188552188552,0.1341991341991342,0.1419457735247209,0.1604743083003952,0.1421911421911421,0.1346801346801346,0.2683982683982684,0.2822966507177033,0.2608695652173913,0.2505827505827506,0.2668350168350168,0.1796536796536796,0.1961722488038277,0.1802371541501976,0.1993006993006993,0.1927609427609427,0.3095238095238095,0.2822966507177033,0.300395256916996,0.31002331002331,0.3005050505050505,0.0975,0.14625,0.245,0.185,0.32625,2121
0.6536796536796536,0.0675990675990676,-0.1772400261608895,-0.0043290043290042,0.0599876314162028,0.0251723585056918,0.161332494665828,0.0075472089860577,0.0687830687830688,-0.1544011544011543,0.1316146540027137,-0.0715652506697284,0.0414181544859092,0.0049751243781094,-0.0467144795503005,0.1805377720870679,0.0457117217680597,-0.0243277848911651,0.0849338454972258,-0.0926163038839096,0.2330080465673686,-0.1589164131537013,0.0400283779140014,-0.0107858243451464,-0.0066769388803287,0.0194805194805194,0.0548340548340548,0.0488466757123473,0.0460947503201024,0.0431432973805855,0.1363636363636363,0.1226551226551226,0.1567164179104477,0.1395646606914212,0.1694915254237288,0.4090909090909091,0.3448773448773449,0.3331071913161465,0.3559539052496799,0.3335901386748844,0.1883116883116883,0.1746031746031746,0.1865671641791045,0.1715749039692701,0.1895223420647149,0.2467532467532467,0.303030303030303,0.2747625508819539,0.2868117797695262,0.2642526964560863,0.05625,0.14625,0.3475,0.1875,0.2625,1874
0.4332939787485241,0.5387276571208918,-0.048731832430892,-0.006108515989939,-0.185341279510059,0.4531784005468215,-0.0904640035606987,0.0298630589011713,-0.1649677553567714,0.0239996949999046,0.2320722755505363,-0.0049943315868492,0.0586524919358502,-0.1227587787134101,-0.0309224236125327,0.1428571428571428,0.0486257928118392,-0.0188087774294671,-0.1594202898550727,0.0727997102499093,0.0157211209842788,0.116183693907072,0.0119499375397741,0.0529683893528286,-0.0849289104688559,0.024793388429752,0.0239234449760765,0.033596837944664,0.0375,0.0430622009569378,0.0495867768595041,0.1172248803827751,0.1080368906455863,0.1022727272727272,0.0950102529049897,0.3801652892561983,0.3516746411483253,0.3412384716732543,0.3693181818181818,0.3581681476418318,0.1735537190082644,0.200956937799043,0.1936758893280632,0.2,0.163362952836637,0.371900826446281,0.3062200956937799,0.3234519104084321,0.2909090909090909,0.3403964456596035,0.04375,0.1075,0.3625,0.1725,0.31375,811
0.046364263755568,0.0859683794466403,-0.0406764396857957,0.0533974471941793,-0.1264319262991682,0.0973103755058641,0.1826156299840511,-0.0713396456234563,-0.1133798596084885,-0.0226816172979291,0.044503297502207,0.0111034004163774,-0.0353803763795066,0.048785123565111,-0.0552468334648859,-0.0092764378478664,-0.0530303030303029,-0.0269786472318118,-0.006755452615325,0.1191302336340504,-0.0404161664665865,0.0892379679144385,-0.0830569281797874,0.0735379270411117,0.0202881985549251,0.1752305665349143,0.1658692185007974,0.1755725190839694,0.1854545454545454,0.1911764705882352,0.1462450592885375,0.1307814992025518,0.1582234559333796,0.1684848484848485,0.1457219251336898,0.308300395256917,0.3173843700159489,0.3067314365024288,0.3042424242424242,0.320855614973262,0.1857707509881423,0.2185007974481658,0.1866759195003469,0.1975757575757575,0.1818181818181818,0.1844532279314888,0.1674641148325359,0.172796668979875,0.1442424242424242,0.160427807486631,0.18375,0.16,0.29625,0.19625,0.16375,387
-0.0207336523125996,0.1086058858229009,-0.0410323328983615,0.0003558859583218,0.0385053542948279,-0.0809642200843152,-0.3054493923648387,0.0500617459865108,0.0880592761470504,0.0744887296611435,-0.0674383088176191,0.1263530989558386,0.0421699512608604,0.0059527249609894,-0.0556110556110556,-0.0288562012699944,0.2183159306446978,0.0379317652044924,-0.1096341674854073,-0.0456210456210455,-0.0217113665389527,0.0652337684301154,-0.0339081046151752,-0.1204793573939579,0.1341991341991341,0.2220095693779904,0.2351097178683385,0.2321678321678321,0.2237762237762237,0.2222222222222222,0.0813397129186602,0.1191222570532915,0.0797202797202797,0.0713286713286713,0.0852974186307519,0.3435406698564593,0.3134796238244514,0.316083916083916,0.3174825174825175,0.3411896745230078,0.1511961722488038,0.1379310344827586,0.1503496503496503,0.1678321678321678,0.1694725028058361,0.2019138755980861,0.1943573667711598,0.2216783216783217,0.2195804195804195,0.1818181818181818,0.2175,0.09125,0.33,0.15125,0.21,2882
-0.0078613182826043,-0.0404662342366075,0.167931635464103,0.0277102576567817,-0.0691049762616493,-0.126821998473338,0.0119996912499035,0.0429554832365136,-0.0099061979486281,0.0081491581317183,0.0468941324420028,0.0312832793655769,-0.085481682496608,-0.0216298188203369,0.0115188082796847,0.0933727519093372,0.001971910338444,0.065484779770494,0.0112893642305407,-0.07973350526542,-0.0395841663334666,0.0262496957030298,0.0510660299887465,-0.0800385728061716,-0.017217871072074,0.1033057851239669,0.1154992548435171,0.0976933514246947,0.0929292929292929,0.1065573770491803,0.3264462809917355,0.3099850968703427,0.3039348710990502,0.3131313131313131,0.3055141579731744,0.152892561983471,0.1758569299552906,0.1994572591587517,0.1717171717171717,0.1743666169895678,0.1033057851239669,0.1073025335320417,0.1085481682496607,0.105050505050505,0.1147540983606557,0.3140495867768595,0.2913561847988077,0.2903663500678426,0.3171717171717171,0.2988077496274217,0.1025,0.31375,0.18375,0.10625,0.29375,1175
0.2167832167832167,-0.0641532380662814,-0.1210579303964518,0.2611162422483177,-0.0633994105068485,-0.2813852813852813,0.2283079239600978,-0.0308757390469454,0.0851915380217267,-0.0518407212622089,0.0047846889952153,0.078724479182145,-0.0319395942987998,-0.004225830442315,0.0057789100851302,0.0932703659976387,0.0657563780093424,-0.003312216612535,-0.0157938116771736,-0.0303745840935922,-0.0730253353204173,-0.0626579407762586,0.0211485267937394,-0.0235356972133959,0.0319124040841966,0.0489510489510489,0.08008658008658,0.062200956937799,0.0566706021251475,0.067064083457526,0.1223776223776223,0.0887445887445887,0.1059466848940533,0.1074380165289256,0.1222056631892697,0.3601398601398601,0.3311688311688311,0.3315105946684894,0.3223140495867768,0.3144560357675112,0.1468531468531468,0.1818181818181818,0.1995898838004101,0.2018890200708382,0.2034277198211624,0.3216783216783216,0.3181818181818182,0.3007518796992481,0.3116883116883117,0.2928464977645305,0.0625,0.115,0.32125,0.19875,0.3025,3197
0.7910135841170324,0.2540792540792541,0.0295107942166765,-0.2310606060606059,-0.0695187165775401,0.2337164750957854,0.0675990675990676,-0.0101010101010101,-0.1521464646464645,0.0418894830659537,-0.0422179701176566,-0.0026337299064571,-0.0278491561914022,-0.0256788665879574,0.0485450378498506,0.1640543364681295,-0.1499611499611499,0.0361127616029577,0.1161616161616162,-0.0769459298871064,0.0645369955714781,-0.11000111000111,0.0040460628695923,-0.1498917748917747,0.085391732450556,0.0075757575757575,0.0277777777777777,0.037780401416765,0.0303030303030303,0.0339105339105339,0.0606060606060606,0.0757575757575757,0.0814639905548996,0.0934343434343434,0.0901875901875901,0.3712121212121212,0.3863636363636363,0.3931523022432113,0.3686868686868687,0.3809523809523809,0.1969696969696969,0.1843434343434343,0.1641086186540732,0.1414141414141414,0.1839826839826839,0.3636363636363636,0.3257575757575757,0.3234946871310508,0.3661616161616162,0.3109668109668109,0.03625,0.08125,0.3825,0.16,0.34,2623
-0.0625033880847834,0.0448575814429472,-0.1246859495886734,0.0551670551670552,0.1131831131831132,0.2786966795174729,-0.0956045389330899,-0.0237416508874508,0.1301247771836006,-0.1313131313131312,-0.0450015101177891,0.1004117833386125,-0.0005558643690941,0.0129870129870129,-0.0274170274170275,0.0233153678944704,0.2504918647137816,-0.0801277420447696,0.0234741784037558,-0.0243277848911651,0.1251731428154844,0.0060402171419832,-0.0416793725528463,-0.0031347962382446,-0.0003483106931383,0.1142191142191142,0.0775401069518716,0.1123376623376623,0.1049935979513444,0.0940438871473354,0.0979020979020979,0.1122994652406417,0.0922077922077922,0.0768245838668373,0.1018808777429467,0.3613053613053613,0.3288770053475935,0.3214285714285714,0.3469910371318822,0.3346394984326019,0.1771561771561771,0.1631016042780748,0.185064935064935,0.1830985915492957,0.1880877742946708,0.2494172494172494,0.3181818181818182,0.288961038961039,0.2880921895006402,0.2813479623824451,0.1075,0.1025,0.32125,0.1875,0.28125,1351
0.0513833992094862,0.0344869203149986,-0.0540184453227932,0.0996925779534474,-0.0328321449142947,0.0601398601398601,0.0861047349596968,-0.0296949427384209,-0.0955710955710955,0.0385493903081842,-0.0359712230215827,-0.0424415498829249,0.0104359200386725,0.0371339292202601,-0.0043678168474814,0.0761670761670761,-0.0878331489018511,0.0919773528469179,-0.0032760032760033,-0.0865136493277196,0.0890725436179982,0.0747166319685403,-0.0646650962856496,-0.0611162126313642,0.0623457046481259,0.0592885375494071,0.0587412587412587,0.0647482014388489,0.0577395577395577,0.0569329660238751,0.1581027667984189,0.1496503496503496,0.1706998037933289,0.1781326781326781,0.1515151515151515,0.3636363636363636,0.3552447552447552,0.3413996075866579,0.3132678132678133,0.3673094582185491,0.1620553359683794,0.1972027972027972,0.1733158927403531,0.1805896805896805,0.1910009182736455,0.2569169960474308,0.2391608391608391,0.249836494440811,0.2702702702702703,0.2332415059687786,0.0625,0.16375,0.345,0.18,0.24875,410
0.0082644628099174,0.0909090909090909,0.1245791245791245,-0.2030075187969924,-0.0522810522810521,-0.1019283746556474,0.3939393939393939,-0.0152810152810152,0.0325464009674536,-0.099754945908792,0.0410699640401236,-0.0617626648160998,-0.0301488164083583,0.165157863430262,-0.0391643979430238,0.0633608815426997,0.1515151515151515,0.0572390572390573,0.088630667578036,-0.1544011544011543,0.0743801652892561,-0.0909090909090908,0.0267115600448933,-0.0426065162907267,0.0089910089910089,0.0545454545454545,0.0606060606060606,0.0527411519777932,0.0515151515151515,0.0509090909090909,0.0909090909090909,0.0606060606060606,0.10617626648161,0.0848484848484848,0.109090909090909,0.2954545454545454,0.3426573426573426,0.3476752255378209,0.3181818181818182,0.3284848484848485,0.2,0.1608391608391608,0.1387925052047189,0.1515151515151515,0.1733333333333333,0.359090909090909,0.3752913752913753,0.3546148507980569,0.3939393939393939,0.3381818181818182,0.055,0.1,0.3375,0.16625,0.34125,4212
0.39209726443769,0.1575991575991576,-0.0560867703724845,-0.0496352962106387,-0.0289710289710287,-0.0154738878143134,0.0479115479115478,0.0592740592740591,-0.1519302615193027,0.0122377622377621,-0.06171201061712,0.1678473430298247,-0.0286550432535834,0.0110079901100799,-0.0127099178194067,-0.0180189351521939,-0.0733221259537049,-0.0200325989799674,0.1086058858229009,-0.0158262789841736,-0.2793371814983476,0.0094604267832614,0.0350856492588776,-0.0864768927545327,0.059523154011343,0.0357142857142857,0.0596590909090909,0.0623755806237558,0.0598086124401913,0.0751610594130279,0.0779220779220779,0.0880681818181818,0.0769741207697412,0.0992822966507177,0.0916249105225483,0.3603896103896103,0.3210227272727273,0.3510285335102853,0.3480861244019139,0.329277022190408,0.1915584415584415,0.2102272727272727,0.1804910418049104,0.1626794258373205,0.1982820329277022,0.3344155844155844,0.3210227272727273,0.3291307232913072,0.3301435406698564,0.3056549749463135,0.05875,0.0925,0.34125,0.1825,0.325,109
0.0406578346276838,0.0675990675990676,0.0362811791383219,-0.1047979797979798,-0.0658914728682169,0.0776392786443037,0.2895992895992896,-0.0483847218541095,-0.370851370851371,0.1341991341991342,0.071668895239302,-0.1297704728361661,0.0664879090322259,-0.0672417606724176,-0.1296121973426336,-0.0831014577017319,-0.2205975842339478,0.0330016304042278,0.0909090909090909,0.0390159523351911,-0.0481980331226561,0.0368605753221138,-0.0112336642948889,-0.0489510489510491,0.0939293264874659,0.2386363636363636,0.2294372294372294,0.2309223623092236,0.2694214876033058,0.2607392607392607,0.0454545454545454,0.0346320346320346,0.0550763105507631,0.0595041322314049,0.0469530469530469,0.3541666666666667,0.3852813852813853,0.3430656934306569,0.3553719008264462,0.3716283716283716,0.1325757575757575,0.1645021645021645,0.1280690112806901,0.109090909090909,0.1258741258741259,0.2291666666666666,0.1861471861471861,0.2428666224286662,0.2066115702479339,0.1948051948051948,0.24875,0.04875,0.3675,0.12,0.215,4995
0.3535353535353535,0.0535990535990535,-0.0531378952431584,0.0067340067340067,-0.0343434343434343,-0.0909090909090908,0.3857493857493858,-0.1021872863978126,0.0909090909090909,-0.0454545454545454,-0.0778286461739699,-0.0040125148038816,-0.0346336737855101,0.1595814257684762,-0.0485284499672988,-0.1071913161465401,0.0025303458139279,0.0981524367227431,-0.0651289009497964,-0.0420624151967437,-0.0235690235690235,0.0827190827190826,-0.0389610389610388,0.063973063973064,-0.0192592592592593,0.0404040404040404,0.0681818181818181,0.0673642903858731,0.0691994572591587,0.0639730639730639,0.0875420875420875,0.0568181818181818,0.092871157619359,0.0922659430122116,0.0848484848484848,0.3501683501683502,0.3664772727272727,0.3440156965336821,0.2998643147896879,0.3454545454545454,0.1986531986531986,0.1818181818181818,0.1680837148463047,0.2130257801899593,0.1872053872053872,0.3232323232323232,0.3267045454545454,0.3276651406147809,0.3256445047489824,0.3185185185185185,0.0625,0.0925,0.3325,0.2,0.3125,3429
0.3532159540064677,-0.4689863371821605,0.2552688204862118,0.0470518165574747,-0.129305477131564,-0.5331177386513355,0.0206757752118929,0.0395816482773003,-0.0251412276427165,0.0636175418784115,0.1410164638511095,-0.010038383713131,0.0470478659455037,-0.0472539002363185,-0.0456079353717149,0.0648107872988256,-0.0398221753381304,-0.0640852746115905,0.0233990954971489,0.0686944634313057,-0.0232192050373869,-0.0198725159355082,-0.0590182018753449,-0.0247286959615726,0.1001855287569575,0.0355731225296442,0.0843214756258234,0.0472440944881889,0.0514354066985645,0.0562770562770562,0.233201581027668,0.155467720685112,0.1603435934144595,0.1650717703349282,0.1619047619047619,0.2411067193675889,0.310935441370224,0.3085182534001431,0.3444976076555024,0.3428571428571428,0.1739130434782608,0.1870882740447957,0.1911238367931281,0.1782296650717703,0.187012987012987,0.3162055335968379,0.2621870882740448,0.2927702219040802,0.2607655502392344,0.2519480519480519,0.055,0.15875,0.32375,0.1825,0.28,2809
-0.1239901650860555,0.2665112665112664,0.0444050145542681,-0.0923525567877032,-0.1297704728361661,0.0190631286521697,0.0004662004662004,-0.0687819643043525,0.0590162975100214,-0.0127099178194067,0.0826479908264798,-0.0225022502250225,0.0649811249781693,-0.1117429734605257,0.080199990802,-0.0605391073795846,0.0654936461388073,-0.0708918749361695,0.035570988601087,0.0025044416379478,-0.1365828846052654,0.1122492530943235,0.0572107452494249,-0.0028983333244043,-0.1290036169238388,0.1025641025641025,0.0895104895104895,0.0837083708370837,0.0967741935483871,0.1037131882202304,0.1375291375291375,0.1874125874125874,0.1917191719171917,0.1752199413489736,0.1664532650448143,0.2400932400932401,0.2685314685314685,0.2349234923492349,0.2690615835777126,0.2368758002560819,0.3263403263403263,0.2811188811188811,0.3321332133213321,0.2881231671554252,0.2996158770806658,0.1934731934731934,0.1734265734265734,0.1575157515751575,0.1708211143695014,0.1933418693982074,0.09125,0.1875,0.25125,0.29875,0.17125,2594
-0.0044500953591861,0.0666018473505104,-0.0565858673731662,0.0391818776383849,0.0044936052540615,-0.0683760683760683,-0.0219845513963161,-0.0439321444106133,0.040767386091127,0.0475093136690093,-0.1468531468531466,0.0160427807486631,0.1196172248803826,0.120994113799869,-0.1061182163843761,0.0815154994259472,0.1826961449437305,0.0703290853258716,-0.1870015520826216,-0.0483359214986249,0.010144784792672,0.0781049935979514,-0.0292288747710272,0.0235724352656158,-0.0184856112130786,0.1305785123966942,0.1388888888888889,0.149090909090909,0.1194029850746268,0.1286811779769526,0.0991735537190082,0.1085858585858585,0.1045454545454545,0.0868385345997286,0.0979513444302176,0.2760330578512396,0.2727272727272727,0.23,0.242876526458616,0.2688860435339308,0.1669421487603306,0.1666666666666666,0.1527272727272727,0.2062415196743555,0.1696542893725992,0.3272727272727272,0.3131313131313131,0.3636363636363636,0.344640434192673,0.3348271446862996,0.13,0.10625,0.26125,0.17375,0.32875,2836
-0.0004349717268377,0.0689253847148584,-0.0077140904208572,-0.051997845305618,0.0103862761115648,0.1735537190082644,-0.1327197767875734,0.0188987767680262,-0.0449086215165461,0.0078544853245142,0.0207653309257587,-0.1121893474834649,0.0071872905006158,0.040772239058176,0.0132106057500605,0.0539364941278817,0.0947885684727791,0.0040035152817108,-0.1090338730631517,0.0010502975843154,0.0740740740740741,-0.0010010010010008,0.0297533154676011,0.0634825071911164,-0.1135747721113575,0.1100478468899521,0.0909090909090909,0.1077158135981665,0.104066985645933,0.1018518518518518,0.1291866028708134,0.1571648690292758,0.1543162719633307,0.1255980861244019,0.1388888888888889,0.3086124401913875,0.300462249614792,0.3040488922841864,0.3050239234449761,0.2971380471380471,0.1985645933014354,0.197226502311248,0.1810542398777692,0.2093301435406698,0.1767676767676767,0.2535885167464115,0.2542372881355932,0.2528647822765469,0.2559808612440191,0.2853535353535353,0.11,0.13875,0.30625,0.18875,0.25625,2372
0.1766723842195541,0.2303992303992305,-0.0771581359816653,0.1718426501035196,-0.12012987012987,0.2055610724925521,-0.063264221158958,0.078243737686462,-0.0540184453227932,-0.0765550239234449,-0.2186067945009087,0.0552289059751747,0.0122914837576821,0.0167738383182898,0.0056818181818182,-0.0142441643672159,0.0240569950714879,-0.0036425637448653,-0.1685856676404882,0.0900856389986823,-0.3390139987827145,-0.028203178740813,0.0081076418837331,0.0437332653321432,0.0469208211143694,0.0545454545454545,0.0526315789473684,0.0807327001356852,0.067193675889328,0.0887096774193548,0.0779220779220779,0.1076555023923445,0.0956580732700135,0.0988142292490118,0.1041055718475073,0.3662337662337662,0.3133971291866029,0.3358208955223881,0.3412384716732543,0.3372434017595307,0.1428571428571428,0.1818181818181818,0.1696065128900949,0.2015810276679842,0.1649560117302052,0.3584415584415584,0.3444976076555024,0.3181818181818182,0.2911725955204216,0.3049853372434017,0.06625,0.10125,0.34,0.1725,0.32,1235
0.1391184573002755,0.025974025974026,-0.3235294117647058,-0.0277938621887665,0.1705374917053749,-0.1019283746556474,-0.0702079875012204,0.0160427807486631,0.086773099511953,-0.0010427528675702,-0.150364786728423,0.0325464009674536,-0.0248574954457307,0.0379047703888468,0.0141245615698171,0.0377526869204206,0.0218824911189626,-0.1267605633802817,0.0148184998817455,0.0504406665607448,0.1411440609301572,-0.0735394636323427,0.0563070147845233,0.0565073742293675,-0.06561536359733,0.0710227272727272,0.0909090909090909,0.0949050949050949,0.0793854033290653,0.070855614973262,0.1619318181818181,0.1779220779220779,0.1608391608391608,0.1626120358514724,0.178475935828877,0.28125,0.209090909090909,0.2177822177822178,0.2394366197183098,0.2005347593582887,0.2017045454545454,0.1792207792207792,0.1888111888111888,0.1933418693982074,0.1851604278074866,0.2840909090909091,0.3428571428571428,0.3376623376623376,0.3252240717029449,0.3649732620320856,0.0825,0.16625,0.2125,0.19625,0.3425,2146
0.88116458704694,0.0050988682999627,0.0527119938884644,-0.0146716029068969,-0.1844256861271931,0.1276400367309458,-0.2684989429175475,-0.0271546635182999,0.0252172070353888,0.091592104364456,0.0517419088847659,-0.0182508521378954,-0.051329622758194,0.0834562263133691,0.0043801141794058,-0.038961038961039,0.1180912111144668,-0.0092764378478664,-0.0056610056610055,-0.0217881292261457,-0.1260142407683391,0.0157002738016844,-0.0048967426016608,0.048492491115442,-0.012427485805077,0.0053475935828877,0.0392561983471074,0.0426716141001855,0.0467532467532467,0.0506706408345752,0.106951871657754,0.1363636363636363,0.1094619666048237,0.0948051948051948,0.1058122205663189,0.3315508021390374,0.359504132231405,0.3679653679653679,0.3532467532467532,0.3517138599105812,0.1978609625668449,0.1900826446280991,0.178726035868893,0.1961038961038961,0.1855439642324888,0.3582887700534759,0.274793388429752,0.3011750154607297,0.3090909090909091,0.3062593144560357,0.045,0.1075,0.35,0.195,0.3025,4975
-0.0502540937323547,-0.2790240062967335,0.0708478513356563,-0.0278065492789418,0.0538033395176251,-0.2852224913935994,0.1824402381587133,0.0463247740981808,0.1652123850817696,-0.0836475352604384,0.1135877664744379,0.0787156211895407,-0.058970351253438,-0.0386475638411674,0.0121354055780285,0.0587370162698775,0.1927733999615606,-0.0588012856872754,-0.0531913513793953,0.0174166918352965,-0.0239036325992849,-0.0494555949101402,0.0792946890507866,-0.0410857036623908,-0.0323644609358895,0.1509740259740259,0.1847507331378299,0.1274217585692995,0.135306553911205,0.1471861471861472,0.1055194805194805,0.0674486803519061,0.0760059612518628,0.0665961945031712,0.0865800865800865,0.2857142857142857,0.2932551319648094,0.3256333830104322,0.3255813953488372,0.2831168831168831,0.2094155844155844,0.1700879765395894,0.2116244411326378,0.2145877378435517,0.2121212121212121,0.2483766233766234,0.2844574780058651,0.2593144560357675,0.2579281183932346,0.270995670995671,0.14375,0.0825,0.3075,0.20375,0.2625,599
-0.0663822980538522,0.1356690847352987,0.1213329379331553,-0.0745226209397595,-0.1080931923688739,0.0817263544536271,0.3088782562466772,0.0239473385540801,-0.0023903153674145,-0.1256476201125649,0.0722474006931486,0.0121932396974842,-0.0148604566872054,0.0239752859797184,-0.0150306781660192,-0.111510360522218,0.0846681922196797,0.0525676895974892,-0.0862022146456265,-0.0112354087967756,-0.1806375442739078,-0.0936431989063568,0.0466462376574735,-0.0310300386636264,0.031964345617482,0.0733137829912023,0.0631313131313131,0.063782991202346,0.0764163372859025,0.0811688311688311,0.0821114369501466,0.0656565656565656,0.093841642228739,0.0869565217391304,0.1038961038961039,0.2932551319648094,0.3257575757575757,0.3387096774193548,0.3162055335968379,0.3181818181818182,0.1759530791788856,0.1641414141414141,0.1598240469208211,0.1778656126482213,0.1688311688311688,0.375366568914956,0.3813131313131313,0.343841642228739,0.3425559947299078,0.3279220779220779,0.06875,0.095,0.33375,0.16375,0.33875,1434
-0.1023923444976078,0.1272727272727272,0.0282131661442006,0.0454545454545454,-0.0483704974271013,0.062200956937799,0.0227272727272727,0.0047021943573667,0.0625,-0.0634648370497428,0.0054390054390053,0.0132090132090133,0.0006162419955523,-0.0101010101010101,-0.0015979827300582,-0.0011041589988958,0.048951048951049,0.0306245478659271,-0.0402097902097902,-0.0217706821480407,-0.0586124401913874,-0.09375,-0.0408503134796238,-0.0298295454545454,0.0994854202401372,0.1309090909090909,0.1113636363636363,0.1181041181041181,0.1188811188811188,0.1257102272727272,0.0872727272727272,0.0977272727272727,0.0986790986790986,0.0951048951048951,0.109375,0.2818181818181818,0.2886363636363636,0.2898212898212898,0.2811188811188811,0.3018465909090909,0.1527272727272727,0.15,0.1616161616161616,0.1664335664335664,0.1647727272727272,0.3472727272727273,0.3522727272727273,0.3317793317793318,0.3384615384615385,0.2982954545454545,0.11875,0.1,0.29,0.16,0.33125,4996
0.1054826875722397,-0.0805731735964294,0.0027501477883157,-0.0038270907836124,-0.0465590083424478,0.0536826357721881,0.0675990675990675,-0.0533995266819693,-0.0076879642097031,0.0141493326206701,0.0746073426197984,0.0813269046496417,0.0094808261648834,-0.0724339782832117,-0.0497681761944237,0.1356349565304789,0.1021324354657687,-0.0589354100804482,0.0073265435584276,-0.0808724184520361,0.0704783293563531,-0.0109110349687735,-0.0656711893879569,0.1017478273850087,-0.0489254504189711,0.1498316498316498,0.1585081585081585,0.1550032701111837,0.1447811447811448,0.1556948798328108,0.1161616161616161,0.1002331002331002,0.0987573577501635,0.0965207631874298,0.1086729362591431,0.3265993265993266,0.3449883449883449,0.3243950294310007,0.3468013468013468,0.3490073145245559,0.202020202020202,0.2027972027972027,0.2158273381294964,0.1997755331088664,0.180773249738767,0.2053872053872054,0.1934731934731934,0.2060170045781556,0.2121212121212121,0.2058516196447231,0.1675,0.1075,0.3275,0.20125,0.19625,538
0.4227994227994227,0.1711991711991711,-0.0734652801073465,-0.1145942180424939,0.0308993999030898,0.0129870129870128,-0.0955710955710955,-0.0130828581013082,0.0094043887147335,0.033881247903388,0.008991008991009,-0.0686749148287608,0.0070446159007044,-0.0224258500120568,0.0235594663638943,-0.0805194805194806,0.0178710178710178,0.015990159901599,-0.0900731452455589,0.037459465503746,-0.06171201061712,0.0267639902676399,0.051902927788402,0.0371370386472325,-0.0715064018589755,0.0252525252525252,0.0431818181818181,0.0433566433566433,0.0472727272727272,0.046449900464499,0.0808080808080808,0.1068181818181818,0.1041958041958042,0.0957575757575757,0.0948905109489051,0.3636363636363636,0.3431818181818182,0.3363636363636363,0.3333333333333333,0.3211678832116788,0.202020202020202,0.1795454545454545,0.1853146853146853,0.1975757575757575,0.1745189117451891,0.3282828282828283,0.3272727272727272,0.3307692307692307,0.326060606060606,0.3629727936297279,0.04375,0.0975,0.33875,0.18125,0.33875,721
0.1488030042246909,0.0392403295629103,-0.0652163720755778,-0.3009599096555619,0.1580832960143304,0.1924918927045077,-0.0886857186667433,-0.0605095336460805,0.1319848097341703,-0.0264921015428114,0.0142387732749177,-0.0915607689801236,0.0136017211829486,0.0777338603425559,-0.0231626610936956,-0.143557279967327,0.0324237453816459,0.0343377481601798,-0.1897903128558988,0.0914404123054035,0.1790256850497814,-0.0285945769816737,-0.0525786699071897,-0.0084392693088346,0.0143748764438419,0.0883116883116883,0.0837789661319073,0.1022727272727272,0.1186440677966101,0.0851760851760851,0.1116883116883116,0.1265597147950089,0.1268939393939394,0.1124807395993836,0.1195741195741195,0.3688311688311688,0.3672014260249554,0.341540404040404,0.3343605546995377,0.3644553644553644,0.187012987012987,0.124777183600713,0.1325757575757575,0.1710323574730354,0.1449631449631449,0.2441558441558441,0.2976827094474153,0.2967171717171717,0.2634822804314329,0.2858312858312858,0.10375,0.11625,0.34625,0.14375,0.29,4410
-0.1605415860735008,-0.1917494270435447,0.2006269592476488,-0.1609048228766538,0.0957190957190957,0.0106858610520974,-0.1020801763328282,0.0390050876201243,0.0204515718253884,-0.0093124847223209,0.1519119178693646,0.0362578597872714,0.0625753556788037,0.0019370301060441,-0.1396011396011396,-0.0363245967384169,0.0300039949257433,0.030801530010641,0.003864722949876,-0.0520230703716941,0.1679135797963578,-0.0147455208498494,0.0240728692257644,-0.0275489414474268,-0.0309746158802763,0.0681818181818181,0.0581222056631892,0.0498251748251748,0.0608840700583819,0.0488850771869639,0.1772727272727272,0.1639344262295081,0.1433566433566433,0.1442869057547956,0.1509433962264151,0.2318181818181818,0.2786885245901639,0.2718531468531469,0.2810675562969141,0.2830188679245283,0.3090909090909091,0.2608047690014903,0.2657342657342657,0.2652210175145955,0.2735849056603773,0.2136363636363636,0.2384500745156482,0.2692307692307692,0.2485404503753127,0.2435677530017152,0.05875,0.14875,0.29,0.26625,0.23625,1872
0.0909090909090908,0.5215311004784688,0.0189666448659254,-0.0005717552887363,-0.149425287356322,0.4343434343434343,0.2344497607655502,0.0058862001308043,-0.0291595197255574,-0.1145942180424939,0.1752002786485544,0.0760600560963536,-0.0193725897025327,-0.0315254036789494,-0.0069782245763221,0.038486127093722,0.2893626471241394,-0.0464355788096795,0.0794016110471806,-0.0687406584394798,0.0995670995670995,0.0521758942811574,-0.0128001494907969,0.000245037980887,-0.0150768771458427,0.0511363636363636,0.0318181818181818,0.0463949843260188,0.0540851553509781,0.0506493506493506,0.034090909090909,0.0545454545454545,0.0658307210031347,0.050632911392405,0.0675324675324675,0.3409090909090909,0.3454545454545454,0.3542319749216301,0.3636363636363636,0.3519480519480519,0.1988636363636363,0.2045454545454545,0.2050156739811912,0.1829689298043728,0.1987012987012987,0.375,0.3636363636363636,0.3285266457680251,0.3486766398158803,0.3311688311688311,0.05625,0.07125,0.3475,0.19875,0.32625,2845
0.3102001817715737,-0.2588925679441367,0.0073354987044267,-0.1437221427970734,0.029089392043084,-0.1358565575433046,0.5891114535182331,0.0445333841560255,0.1802078758600497,-0.2358882947118241,-0.0447383941359844,0.0328315752044565,-0.0344372608523553,0.0351677308199046,0.023721376662553,-0.2642778907839147,0.2780101254677526,0.0512129380053908,0.0212685864859777,-0.0430353959765725,-0.0848589161842174,-0.0957027906180449,0.0220261918375126,-0.0540184453227932,0.0561072914014089,0.0715667311411992,0.1178451178451178,0.1083916083916083,0.1311688311688311,0.1125541125541125,0.09284332688588,0.0303030303030303,0.0713286713286713,0.0532467532467532,0.0808080808080808,0.3288201160541586,0.3164983164983165,0.3426573426573426,0.3142857142857143,0.3239538239538239,0.1972920696324951,0.1414141414141414,0.1664335664335664,0.1688311688311688,0.1818181818181818,0.3094777562862669,0.3939393939393939,0.3111888111888112,0.3324675324675324,0.3008658008658009,0.10375,0.07375,0.33125,0.1725,0.31875,2053
0.1647400999328809,0.0270598966251141,-0.0208210139740439,-0.1857707509881423,0.0893280632411066,0.1064661534165704,0.0892828102130428,-0.0986998718183482,-0.0237009013018805,0.0596194503171247,-0.0263704695365991,0.0188673115502384,0.0711804040016061,0.0469521920099583,-0.1021433850702142,-0.1464055409601146,0.0490522136091756,0.090274820365521,-0.2234268063715099,0.057307249712313,0.2307292478819065,-0.0050555505100959,-0.0411921650289581,0.0756850804697695,-0.0512396694214876,0.0553359683794466,0.0591966173361522,0.0679970436067997,0.0759493670886076,0.0509641873278236,0.1106719367588932,0.1035940803382663,0.1116038433111603,0.1081703107019562,0.1143250688705234,0.3241106719367589,0.3488372093023256,0.29490022172949,0.288837744533947,0.3305785123966942,0.225296442687747,0.1945031712473573,0.1810790835181079,0.2324510932105868,0.1756198347107438,0.2845849802371542,0.2938689217758985,0.344419807834442,0.2945914844649022,0.3285123966942149,0.06625,0.11375,0.3175,0.19,0.3125,2907
0.1890289386607502,-0.060164325470448,0.0854216206328881,-0.282798833819242,0.0105132962275819,-0.04618469518973,0.1341991341991341,-0.1136586963642318,0.069767441860465,0.0806093131674526,0.099202362571049,-0.0713507116384815,-0.0280124172109175,0.1142670279360925,-0.0598514195636499,-0.2342296878379353,0.0942390942390942,0.0505269378508814,0.0569430569430569,-0.0385511923973462,-0.0741835484103525,-0.0323010323010322,0.0495420072884861,0.0409590409590409,-0.0507441276672044,0.098330241187384,0.1268498942917547,0.1092217135382603,0.1496503496503496,0.1302447552447552,0.111317254174397,0.0909090909090909,0.1124918247220405,0.0951048951048951,0.1083916083916083,0.3246753246753247,0.3953488372093023,0.3649444081098757,0.337062937062937,0.3374125874125874,0.2244897959183673,0.1627906976744186,0.1550032701111837,0.165034965034965,0.1678321678321678,0.2411873840445269,0.2241014799154334,0.2583387835186396,0.2531468531468531,0.2561188811188811,0.12125,0.105,0.355,0.175,0.24375,2254
0.8139967449430365,-0.3256006628003314,0.0047534165181224,-0.1324315822585717,0.0089401854107735,-0.0540184453227932,0.0377526869204205,-0.0101010101010101,-0.0533138875384864,0.038471765744493,0.0870121917274397,-0.0387549367910409,0.0112391520842224,0.0020335919258869,-0.0183953845925677,0.0467333178330622,0.0208631467952097,-0.0286690433749257,0.0169864737338786,0.0089401854107735,0.1417278373800112,0.1512712639473202,0.0223665223665223,0.0183346065699007,-0.1011382439953869,0.0106951871657754,0.0606060606060606,0.0524967989756722,0.0548128342245989,0.0493506493506493,0.1176470588235294,0.0853994490358126,0.0921895006402048,0.0868983957219251,0.0753246753246753,0.3582887700534759,0.3636363636363636,0.3559539052496799,0.3703208556149732,0.3519480519480519,0.1925133689839572,0.1790633608815427,0.1696542893725992,0.1671122994652406,0.1668831168831168,0.320855614973262,0.3112947658402203,0.3297055057618437,0.320855614973262,0.3564935064935065,0.0575,0.08875,0.36,0.17,0.32375,3912
-0.0950413223140493,0.0232907588279488,-0.1222270552414093,0.0281988454670044,0.0953304084617217,-0.0950413223140493,-0.0894064613072878,-0.0874293170943887,-0.0797790605922172,0.1973608135224297,-0.1586452762923349,-0.0533138875384864,0.0843418707195796,-0.0139825688155574,0.0170404113759233,-0.0326566637246248,-0.0270400385140014,-0.0517025131230548,-0.014782651119676,0.0730752327300332,0.0909090909090909,0.1040395458407352,-0.0696239323883198,-0.0110023353812391,-0.0041571827656978,0.1095041322314049,0.1095041322314049,0.1158645276292335,0.1032656663724624,0.0909090909090909,0.1074380165289256,0.1198347107438016,0.1158645276292335,0.1129744042365401,0.0985556499575191,0.2665289256198347,0.2582644628099173,0.2174688057040998,0.2497793468667255,0.254035683942226,0.2417355371900826,0.268595041322314,0.2522281639928699,0.2524271844660194,0.2514868309260832,0.274793388429752,0.2438016528925619,0.2985739750445633,0.2815533980582524,0.3050127442650807,0.1,0.11,0.2375,0.24875,0.30375,177
0.1222570532915361,-0.0774410774410774,-0.0599013389711065,0.0128833242605697,0.0355164548712936,-0.0588645071403692,0.1220850480109739,0.0077519379844961,0.0225609387286033,-0.0426849136526557,-0.1661442006269593,-0.0415263748597081,0.0528541226215645,-0.0277626565051714,0.0224828934506354,0.0446335273921479,-0.143712254823366,0.0254706533776299,-0.0005962101770484,0.0131732067215938,0.0395517908357232,-0.0506960861570791,0.0475762073980777,0.0023820830292992,-0.0315925209542229,0.0636363636363636,0.0767676767676767,0.0845454545454545,0.0692640692640692,0.06963249516441,0.109090909090909,0.0888888888888888,0.1054545454545454,0.1158008658008658,0.1063829787234042,0.2848484848484848,0.2666666666666666,0.2545454545454545,0.2619047619047619,0.2559638942617666,0.206060606060606,0.204040404040404,0.2145454545454545,0.2088744588744588,0.2082527401676338,0.3363636363636363,0.3636363636363636,0.3409090909090909,0.3441558441558441,0.3597678916827853,0.0725,0.10125,0.26875,0.20875,0.34875,2890
0.3080914856813377,-0.0578512396694215,-0.0545336058532539,-0.1327515459746864,0.0972663699936426,-0.2684989429175475,-0.2121212121212121,0.0713587487781036,0.1099809281627463,-0.0314685314685314,0.0237949969493593,0.1409395973154362,-0.0689269836271351,-0.0444710871800562,0.053832073966302,-0.0957925140696185,0.1668800682885191,-0.0353420621480593,0.1690767619064673,-0.0873633408844676,0.0066780764455183,0.0149110149110148,-0.0054461667364893,-0.0373464918919466,0.020979020979021,0.0371900826446281,0.0681818181818181,0.0524710189139719,0.058898847631242,0.0533910533910533,0.0991735537190082,0.1136363636363636,0.0805369127516778,0.0781049935979513,0.0923520923520923,0.3677685950413223,0.3238636363636363,0.3727882855399634,0.3610755441741357,0.3506493506493506,0.2024793388429752,0.1590909090909091,0.186699206833435,0.1485275288092189,0.1854256854256854,0.2933884297520661,0.3352272727272727,0.3075045759609518,0.353393085787452,0.3181818181818182,0.05375,0.09375,0.34875,0.17875,0.325,3673
0.6944232238349886,0.2659514398644833,0.0305469178708615,-0.1412829594647775,-0.1476895197825429,0.302487793536387,0.1407458326172882,0.0424762010799978,-0.0899508923224337,-0.090786530624751,0.144385026737968,0.0118577075098814,-0.038961038961039,-0.0389610389610388,0.0395650860767139,-0.0548677752545601,0.0470518165574748,0.0247838212337536,-0.0792860107928599,0.0037359900373599,-0.0610973093603939,-0.1204133080202918,0.0301148335971447,-0.015162360903234,0.0255974874176668,0.0129870129870129,0.0296442687747035,0.0363636363636363,0.0448318804483188,0.0450966356478167,0.0844155844155844,0.0988142292490118,0.1136363636363636,0.1095890410958904,0.1288475304223335,0.3441558441558441,0.3399209486166007,0.3688311688311688,0.3462017434620174,0.3443092340730136,0.1883116883116883,0.1798418972332015,0.1714285714285714,0.1780821917808219,0.1675017895490336,0.3701298701298701,0.3517786561264822,0.3097402597402597,0.3212951432129514,0.3142448103078024,0.0425,0.115,0.355,0.165,0.3225,80
0.1683991683991683,-0.0325630578795135,-0.0959291534831103,0.0029555246946549,0.0396630396630397,-0.0471579702348934,0.1974270455283114,0.0541832268450973,-0.1621229012533362,-0.0123210123210122,-0.2036448400084762,0.0236077692924643,0.0387855005251995,0.0058689663432744,0.0743801652892562,-0.0498143831477164,-0.0456179232550539,0.082753998821145,-0.158119032515168,0.0508257174923841,-0.0659610659610658,-0.0325630578795135,0.031340038534283,-0.1822098778620517,0.1575991575991576,0.1351351351351351,0.1701631701631701,0.1955922865013774,0.1705948372615039,0.1732186732186732,0.1019656019656019,0.0792540792540792,0.0964187327823691,0.1032547699214365,0.1019656019656019,0.3808353808353808,0.3286713286713286,0.3340220385674931,0.318742985409652,0.3366093366093366,0.171990171990172,0.2004662004662004,0.1714876033057851,0.1997755331088664,0.2039312039312039,0.21007371007371,0.2214452214452214,0.2024793388429752,0.2076318742985409,0.1842751842751842,0.1625,0.09875,0.3475,0.1725,0.21875,2561
-0.0058418559008877,0.1151432299757657,0.0127196988260452,-0.088893735101031,0.0042374820387505,0.0112160566706022,0.3779904306220095,-0.1149228130360207,-0.0277938621887665,-0.0218463706835798,0.0178464486764882,0.1401428472366687,-0.0301538767494469,-0.0003104990643068,-0.0621891309454505,-0.004220439957117,0.1112577682450639,0.0252558112024604,-0.0702234291076813,-0.043312029679311,-0.0303745840935922,0.1416557923734956,-0.0437132907115753,-0.0878910705199065,0.1287077967839067,0.1936245572609209,0.1903409090909091,0.189064558629776,0.193312434691745,0.1983471074380165,0.1050767414403778,0.0738636363636363,0.1021080368906455,0.1055381400208986,0.1019283746556473,0.3270365997638725,0.3693181818181818,0.3412384716732543,0.322884012539185,0.3457300275482093,0.2136953955135773,0.2017045454545454,0.1963109354413702,0.2100313479623824,0.2134986225895316,0.1605667060212514,0.1647727272727272,0.1712779973649539,0.1682340647857889,0.140495867768595,0.1925,0.11875,0.33125,0.19625,0.16125,1723
0.5151515151515151,-0.1116455560900004,-0.0856867999725143,0.0345008526826707,-0.0032295746581461,-0.0137741046831956,-0.0339081046151752,0.0292535747081201,0.0249603472743967,-0.0319646683283048,-0.0340909090909091,0.1372053872053872,-0.0258838383838384,0.0082644628099172,-0.0168650793650793,0.0536692223439211,0.1129501169661812,-0.0014082303238931,-0.046168143648976,-0.0153166779672804,0.138047138047138,0.075528952072162,0.0102078990967879,0.0009182736455463,-0.0624766180321736,0.0303030303030303,0.0633608815426997,0.0646306818181818,0.0591456736035049,0.0538720538720538,0.1125541125541125,0.1046831955922865,0.0873579545454545,0.0898138006571741,0.0936026936026936,0.341991341991342,0.3057851239669421,0.3231534090909091,0.3154435925520263,0.3117845117845118,0.1991341991341991,0.2011019283746556,0.2045454545454545,0.2157721796276013,0.206060606060606,0.316017316017316,0.325068870523416,0.3203125,0.3198247535596933,0.3346801346801347,0.0625,0.10125,0.315,0.20625,0.315,1617
0.1694725028058361,0.0420332355816227,-0.0468319559228649,-0.1570247933884299,0.0784557907845578,0.025718174654345,0.0848776023793183,-0.0726217689467205,0.2317160595690575,-0.1093152451357057,0.0310781677688153,-0.0408095810741435,-0.0285986087163325,0.0121062717530996,0.0324054579499538,-0.1581190325151678,0.0819839347188576,-0.0101010101010099,0.0418014133429153,0.0085488596507058,0.0080701191812303,-0.0724759111855886,0.0030171848353666,-0.0268519359428449,0.0416889047026034,0.084090909090909,0.0986460348162475,0.0981033355134074,0.1172595520421607,0.1004329004329004,0.1113636363636363,0.1063829787234042,0.1209941137998692,0.1067193675889328,0.1246753246753246,0.3454545454545454,0.3539651837524178,0.3394375408763898,0.3333333333333333,0.329004329004329,0.2068181818181818,0.1373307543520309,0.1765860039241334,0.1712779973649539,0.1835497835497835,0.2522727272727272,0.3036750483558994,0.2648790058862001,0.2714097496706192,0.2623376623376623,0.10125,0.11625,0.33,0.17875,0.27375,1654
0.0777137301201472,-0.1311361147067609,0.0639799424273377,0.0059846110002849,-0.0386175807663411,-0.1512427381100431,0.0626353192898442,0.0308097964225479,0.0435226361449296,0.0036517393811262,0.1470714159789788,-0.1458421096975315,-0.0236954057178775,-0.1023459299321369,0.0496775951321406,0.0396158463385354,0.0327306866189669,-0.0930846477322473,-0.0422179701176566,0.0554899645808736,-0.003386429198545,0.0649163819456931,0.0029423871449697,-0.0068778365227155,-0.016405575428642,0.1371900826446281,0.1712473572938689,0.1268731268731268,0.1428571428571428,0.1492537313432835,0.1173553719008264,0.0972515856236786,0.1188811188811188,0.1003541912632821,0.0970149253731343,0.2082644628099173,0.2156448202959831,0.2277722277722277,0.243211334120425,0.2218453188602442,0.1801652892561983,0.1733615221987315,0.1998001998001998,0.1889020070838252,0.1824966078697422,0.3570247933884297,0.3424947145877378,0.3266733266733266,0.3246753246753247,0.3493894165535957,0.14875,0.10375,0.2225,0.18125,0.34375,2328
-0.2741975006125949,0.0221543162719632,-0.0138560324433929,0.122257053291536,-0.0054461667364893,-0.1611030478955006,-0.1846976552858907,0.03640349737004,0.0740294188570049,0.0149635310925634,0.0572584552132299,0.0921337306608972,0.0279365062985482,-0.05290866017373,-0.0431823778290165,0.1400800457404232,0.1101604278074865,-0.0562126844654726,0.07042842215256,-0.0478983382209188,-0.1128969084696316,0.0096425112636321,0.0335104698597364,-0.0860711376595166,0.034798069596139,0.0844155844155844,0.0769230769230769,0.0624566273421235,0.0569696969696969,0.0737294201861131,0.1038961038961039,0.1258741258741259,0.0964607911172796,0.0945454545454545,0.105225483178239,0.3409090909090909,0.324009324009324,0.3268563497571131,0.3551515151515151,0.3249821045096636,0.1590909090909091,0.1678321678321678,0.1908396946564885,0.1684848484848485,0.1968503937007874,0.3116883116883117,0.3053613053613053,0.3233865371269951,0.3248484848484848,0.2992125984251969,0.06625,0.10625,0.33625,0.18125,0.31,4613
0.0328820116054158,0.1016042780748662,-0.0217881292261457,0.009139009139009,-0.0430622009569379,-0.0383793138552377,-0.0357444413171967,0.0193364704021511,0.0582516898306372,-0.0475950642155629,0.0006447453255963,0.122994652406417,0.0207863761582769,-0.0357543690877024,-0.0462519936204146,0.0892972275950998,0.0641711229946524,-0.0142749812171301,0.0700657367324033,-0.124401913875598,0.1752125834823547,-0.0412672787811523,0.0048622825794196,-0.0745369235935273,-0.0002708314525594,0.1136363636363636,0.1220095693779904,0.1174242424242424,0.1070075757575757,0.0969125214408233,0.0954545454545454,0.1100478468899521,0.0931818181818181,0.0994318181818181,0.1106346483704974,0.3090909090909091,0.2966507177033493,0.2962121212121212,0.3068181818181818,0.3010291595197255,0.2340909090909091,0.2224880382775119,0.2446969696969697,0.2196969696969697,0.2538593481989708,0.2477272727272727,0.2488038277511961,0.2484848484848484,0.2670454545454545,0.2375643224699828,0.1175,0.10625,0.3025,0.23625,0.2375,221
0.4155844155844156,0.1032125768967874,-0.0929330409849888,-0.1063011063011061,0.0032108113288924,0.0118577075098814,-0.0318285833159974,0.0965556182947487,-0.0320597277119014,-0.0209588261890523,-0.1363636363636364,-0.0778141526063964,0.0119927918970981,0.0563530037214247,0.0077508430586697,-0.292743953294412,0.0518414468197181,0.0078312013257801,-0.028634973589102,0.0693351470628966,0.0756445047489824,0.028779547239877,-0.0044229854270561,0.0175385697773757,-0.039418806671106,0.0467532467532467,0.0790513833992094,0.0909090909090909,0.1034195162635529,0.0739484396200814,0.1064935064935064,0.1225296442687747,0.1279904306220095,0.1125938281901584,0.1153324287652645,0.2103896103896103,0.1739130434782608,0.1901913875598086,0.1909924937447873,0.1933514246947082,0.2987012987012987,0.2786561264822134,0.2547846889952153,0.2777314428690575,0.2652645861601085,0.3376623376623376,0.3458498023715415,0.3361244019138756,0.3152627189324437,0.3521031207598372,0.08,0.11875,0.1925,0.27,0.33875,93
0.1754277468563182,0.1802078758600498,0.0098614604543456,-0.0294023032876535,-0.0925858315416547,0.1610873598451238,-0.3404365011170303,0.0813791810526644,-0.2184990307394074,0.1491658332936488,-0.1190623435521394,0.1028295376121464,-0.0220784924342238,0.0514793062563764,-0.0245889763962052,-0.0275438846867419,-0.1452315800141888,0.0270598966251138,0.1032322242513325,-0.0335046479624792,-0.1101558139885665,0.0745203894726694,-0.021299469193039,-0.0206147226498321,0.0287832779751675,0.0505050505050505,0.0513833992094861,0.0685425685425685,0.0629370629370629,0.0679970436067997,0.0942760942760942,0.1541501976284585,0.1031746031746031,0.1317016317016317,0.106430155210643,0.3131313131313131,0.2905138339920948,0.3232323232323232,0.3076923076923077,0.3229859571322986,0.202020202020202,0.2391304347826087,0.1861471861471861,0.175990675990676,0.2002956393200295,0.3400673400673401,0.2648221343873518,0.3189033189033189,0.3216783216783216,0.3022912047302291,0.06125,0.115,0.31625,0.19625,0.31125,2609
0.0303030303030303,0.1757575757575757,0.1766723842195541,-0.2291933418693981,-0.1439065984520531,0.1688311688311689,0.0441558441558441,-0.0830678755207054,-0.0609109200658497,0.037499297239557,0.0468790468790469,0.0168350168350168,-0.0482180293501048,-0.00061649357424,0.0205081114172024,0.0769230769230769,-0.0363636363636363,0.0180102915951971,0.0524967989756721,-0.0468319559228649,-0.0889110889110889,0.0432900432900432,0.0075961774074981,-0.1432229742088897,0.0779782987575196,0.0787878787878787,0.0675324675324675,0.0774410774410774,0.075,0.0884740259740259,0.1545454545454545,0.1792207792207792,0.1843434343434343,0.1943181818181818,0.1793831168831169,0.2181818181818181,0.287012987012987,0.2777777777777778,0.2602272727272727,0.262987012987013,0.2181818181818181,0.1883116883116883,0.1776094276094276,0.1681818181818181,0.2029220779220779,0.3303030303030303,0.2779220779220779,0.2828282828282828,0.3022727272727272,0.2662337662337662,0.08125,0.1875,0.265,0.1775,0.28875,3382
-0.051329622758194,-0.4673046251993622,0.1066038874803815,0.0777338603425559,0.0352967881057768,-0.352298495155638,0.1834130781499202,-0.0173447623646827,0.051383399209486,-0.0108576400711233,0.1249688477833467,0.0402056702135257,0.0118224523885461,0.0364383615519241,-0.0671870473983504,0.0663714166018313,-0.0742398518289859,-0.0187987054713696,0.0734837859662543,-0.0060737860665369,-0.0004810004810005,0.0870104554315081,-0.1074892349792748,0.0357683111306299,0.0516904374582276,0.0643939393939393,0.0828282828282828,0.05359565807327,0.0571847507331378,0.0612794612794612,0.1742424242424242,0.0969696969696969,0.1139755766621438,0.127565982404692,0.1084175084175084,0.2803030303030303,0.3191919191919192,0.3100407055630936,0.3196480938416422,0.3474747474747475,0.1590909090909091,0.1636363636363636,0.166214382632293,0.1598240469208211,0.1663299663299663,0.3219696969696969,0.3373737373737374,0.3561736770691994,0.3357771260997067,0.3164983164983165,0.06125,0.11875,0.31375,0.1725,0.33375,4415
-0.1730205278592373,0.0461151751474332,0.0407298794395569,-0.1098038527051468,0.0544473311552913,-0.0556010556010555,0.1143991143991144,0.0477750477750478,-0.0122261619267607,-0.0612755859904148,-0.1405344738678071,0.1791991791991792,-0.0657930657930656,-0.0200728763603015,0.0358834465298343,-0.1125750256185038,0.0096859662077053,0.0689503732981994,-0.1123997065158222,0.0321465606636709,0.0499308328765694,0.0583060350502211,0.002740584135933,-0.0161495191435312,-0.0225162581692779,0.0791788856304985,0.0712530712530712,0.0769860769860769,0.075098814229249,0.0641296687808315,0.1085043988269794,0.1007371007371007,0.0933660933660933,0.1126482213438735,0.1071176885130373,0.2697947214076246,0.2678132678132678,0.2997542997542997,0.2618577075098814,0.2804792107117688,0.2316715542521994,0.2113022113022113,0.2129402129402129,0.2322134387351778,0.2121212121212121,0.3108504398826979,0.3488943488943489,0.3169533169533169,0.3181818181818182,0.3361522198731501,0.0675,0.11375,0.28125,0.20875,0.32875,1397
0.0936519862139696,-0.0360010360010358,-0.0016127663186487,-0.0027280100272799,-0.0300810300810301,0.0650304699891476,-0.3882413882413882,0.0413943355119825,0.0326623903266238,0.0365190365190365,-0.0518407212622089,-0.0003885003885002,0.023321449792038,0.037823490378235,-0.0139860139860139,-0.0518407212622089,-0.0969422734128615,0.1349480968858132,0.0631952847496,-0.0859728506787331,-0.0612321562734787,-0.0125291375291374,-0.0193850267379678,-0.06171201061712,0.0799825174825175,0.1370851370851371,0.1414141414141414,0.1590909090909091,0.1590909090909091,0.1605113636363636,0.101010101010101,0.1353535353535353,0.0975378787878787,0.106951871657754,0.0987215909090909,0.2554112554112554,0.2444444444444444,0.2490530303030303,0.2205882352941176,0.2599431818181818,0.1717171717171717,0.1656565656565656,0.1647727272727272,0.160427807486631,0.1818181818181818,0.3347763347763348,0.3131313131313131,0.3295454545454545,0.3529411764705882,0.2990056818181818,0.15125,0.0975,0.255,0.17125,0.325,4686
-0.2121212121212121,0.3285123966942148,-0.1158516573679029,-0.0252904989747093,0.0474598930481284,0.2621870882740448,-0.006108515989939,0.0182788487607198,-0.141192903206633,0.0234829109509416,-0.0166177908113391,-0.1263663023193815,0.0916501688599045,-0.0451348312129296,-0.0285492496118682,-0.0433448408131953,-0.046134532900931,0.0528139319438502,0.0171054794639072,-0.0424422933730452,-0.1133557800224467,0.0449954086317723,0.0334147734869756,-0.1706032758664337,0.0473361061596355,0.0454545454545454,0.0276679841897233,0.0381231671554252,0.0391254315304948,0.0417508417508417,0.0738636363636363,0.1106719367588932,0.1239002932551319,0.1150747986191024,0.105050505050505,0.3863636363636363,0.3399209486166007,0.314516129032258,0.3279631760644418,0.3346801346801347,0.1704545454545454,0.1897233201581027,0.1737536656891495,0.1634062140391254,0.1946127946127946,0.3238636363636363,0.3320158102766798,0.3497067448680352,0.3544303797468354,0.3239057239057239,0.0375,0.11,0.34625,0.16625,0.34,1292
0.4427028909787529,-0.0247401551749377,0.0167838076583322,0.0257181746543447,-0.1278092578905587,-0.035845713506883,0.0891905825743254,-0.0520146079742707,0.0468982143357721,0.0038240303351649,-0.0109110349687737,0.0072616968471367,0.0289311007323209,0.0803632565136769,-0.0771355070844577,0.1277088728363091,-0.0425617230910235,0.0501810968003727,-0.0540184453227932,-0.0368799340167314,-0.0400719302082575,-0.0111223458038423,-0.0139416983523448,-0.0435877828257837,0.0534958203704658,0.0404040404040404,0.075098814229249,0.073291050035236,0.0632411067193675,0.0754052149400986,0.1178451178451178,0.1047430830039525,0.1141649048625792,0.1198945981554677,0.1162790697674418,0.3232323232323232,0.3458498023715415,0.3192389006342495,0.3122529644268774,0.3333333333333333,0.1717171717171717,0.1679841897233201,0.1620859760394644,0.1857707509881423,0.1839323467230444,0.3468013468013468,0.3063241106719367,0.3312191684284707,0.3188405797101449,0.2910500352360817,0.0725,0.115,0.32875,0.17625,0.3075,2164
0.3143556779920416,-0.0360010360010358,-0.0549090396999141,-0.1516127458156444,0.0785043416622365,0.0554899645808738,0.1341991341991342,-0.0468618833637846,-0.0289227680532029,0.0105132962275819,-0.0069930069930068,-0.0041240810471578,-0.0231593501555478,-0.0053714401540487,0.0283400809716599,-0.0956316410861863,-0.2387612387612387,0.0558490938719075,-0.0239036325992849,0.0469680695244605,0.0006939625260236,-0.0106941404651328,0.0353129296037025,0.0385098914803527,-0.0519010920778699,0.0471380471380471,0.0649350649350649,0.0692307692307692,0.0753246753246753,0.0687022900763358,0.101010101010101,0.0844155844155844,0.0979020979020979,0.1207792207792207,0.0985426786953504,0.3468013468013468,0.3441558441558441,0.3363636363636363,0.3103896103896104,0.3171408743927827,0.1986531986531986,0.1774891774891775,0.1734265734265734,0.1766233766233766,0.1658570437196391,0.3063973063973064,0.329004329004329,0.3230769230769231,0.3168831168831169,0.3497571131158917,0.06875,0.0975,0.32875,0.1725,0.3325,2939
0.0498113286874993,-0.1008930520361777,0.0159661127403062,-0.010338848813066,-0.0096146831823287,-0.0915607689801236,0.2644895557516917,-0.0037878787878788,0.015704490157045,-0.0854816824966078,0.0377565982404692,0.0622241835834068,-0.0795454545454545,-0.0119442601194426,0.0544436906377204,-0.0501326630358887,0.0619089648215862,-0.0476190476190476,0.0141245615698171,0.0928474510564063,-0.0255917183468743,-0.0533474165497085,0.0014903129657226,-0.0530094531530453,0.1280556976666593,0.2209188660801564,0.2537878787878788,0.2237215909090909,0.2441558441558441,0.2384500745156482,0.1417399804496578,0.0946969696969697,0.1207386363636363,0.1207792207792207,0.1356184798807749,0.2952101661779081,0.3011363636363636,0.3238636363636363,0.3142857142857143,0.2995529061102832,0.1730205278592375,0.168560606060606,0.1732954545454545,0.1688311688311688,0.180327868852459,0.16911045943304,0.1818181818181818,0.1583806818181818,0.1519480519480519,0.1460506706408345,0.2325,0.12875,0.3,0.17125,0.1675,3668
-0.0822510822510822,0.124131682271217,0.0365997638724912,0.1066258582182149,-0.1433011433011433,0.0973565441650547,-0.1155593540551482,-0.0859855811499912,0.1720977220367382,0.0080841144670932,-0.0688278130138595,-0.1537768162970976,0.0549042219232494,0.0268557295664392,-0.0119079886521749,0.1228070175438597,0.0653165683765438,0.067420617659852,-0.1397921555481058,-0.0346378767431398,-0.2752525252525251,-0.0007047216349542,0.0170798898071624,0.0156340474811813,0.0261590261590261,0.0649350649350649,0.0541586073500967,0.0641296687808315,0.0526315789473684,0.0765151515151515,0.0941558441558441,0.1199226305609284,0.1240310077519379,0.1004784688995215,0.1075757575757575,0.3311688311688311,0.3733075435203095,0.324876673713883,0.3205741626794258,0.3378787878787879,0.1753246753246753,0.1624758220502901,0.1909795630725863,0.2236842105263158,0.1931818181818181,0.3344155844155844,0.2901353965183752,0.2959830866807611,0.3026315789473684,0.2848484848484848,0.06,0.1075,0.34375,0.19625,0.2925,812
0.0545454545454545,0.0057537399309551,-0.0717703349282297,0.0897936419408811,0.0136558720249707,0.0697674418604651,-0.156100302405866,-0.0207336523125996,0.1595221727908273,-0.0452866825758331,-0.1999999999999999,-0.0310701956271577,-0.0088250930356192,0.0362520914668154,0.0303030303030303,-0.2566844919786095,0.052325187842686,-0.0470025330706445,0.0354647157245495,0.0590071377751257,-0.0207336523125996,-0.0740314537782891,-0.0207336523125996,0.1154685374898484,-0.0267572951105816,0.0472727272727272,0.0465116279069767,0.06,0.0628342245989304,0.0510366826156299,0.0981818181818181,0.1141649048625792,0.1018181818181818,0.0935828877005347,0.106060606060606,0.3818181818181818,0.3636363636363636,0.3593939393939394,0.3729946524064171,0.3636363636363636,0.1854545454545454,0.1712473572938689,0.1963636363636363,0.196524064171123,0.1802232854864433,0.2872727272727273,0.3044397463002114,0.2824242424242424,0.2740641711229946,0.2990430622009569,0.05,0.09875,0.35625,0.20375,0.29125,1258
-0.1711316059142145,0.2702949224688354,-0.0493546468921615,0.2529209920514269,-0.1796898753420492,0.2996632996632997,0.3286713286713286,-0.1584875301689461,-0.1668331668331668,0.0937062937062936,0.0011223344556677,0.191919191919192,0.0104585679806917,-0.0755910755910755,-0.0139860139860139,0.2932626595992933,0.0675990675990676,-0.0291294616187283,-0.0484564940010483,-0.0219483486810219,-0.0486544837689875,0.1601274044022136,-0.0341884016139235,-0.0584835012315927,0.032723002188651,0.0790513833992094,0.0472727272727272,0.0674242424242424,0.0477047704770477,0.0707841776544066,0.0711462450592885,0.0654545454545454,0.0787878787878787,0.0909090909090909,0.0818875780707841,0.2964426877470356,0.3272727272727272,0.2795454545454545,0.2907290729072907,0.2921582234559334,0.1699604743083003,0.2654545454545454,0.2446969696969697,0.2385238523852385,0.2408049965301873,0.383399209486166,0.2945454545454545,0.3295454545454545,0.3321332133213321,0.3143650242886884,0.0675,0.0975,0.2825,0.2275,0.325,889
0.2303992303992305,0.1285403050108933,-0.2358882947118241,0.0647212869435091,0.1021324354657688,0.1668708649840725,-0.1973228399421518,0.0206168230585543,0.0089574995235371,0.0174279482455583,-0.1588411588411586,0.040175510763746,0.063211298505416,0.0209790209790209,-0.0590232812455033,0.0364474235441979,-0.1040193203381059,-0.0212178713127479,0.0632127728901922,0.0200692709653282,0.0767045454545455,0.0084670231729054,-0.0405525846702317,0.1279987373737373,-0.0545267489711933,0.0538720538720538,0.0583190394511149,0.0811188811188811,0.0674486803519061,0.0646306818181818,0.1111111111111111,0.1526586620926243,0.1223776223776223,0.1407624633431085,0.1264204545454545,0.3939393939393939,0.3121783876500857,0.2986013986013986,0.3255131964809384,0.3316761363636363,0.1683501683501683,0.1783876500857633,0.1762237762237762,0.1686217008797653,0.1569602272727272,0.2727272727272727,0.2984562607204116,0.3216783216783216,0.2976539589442815,0.3203125,0.07,0.1275,0.31875,0.18,0.30375,1451
-0.5079019863708858,0.291157185894028,-0.194475550578574,0.4069681245366938,-0.0372913546878994,0.142944597490052,0.3265993265993266,-0.1175585643670751,-0.0243277848911651,0.0207417688333718,-0.1247268927519711,0.0092495839622277,0.0377731830409745,-0.0808424212989535,0.0160089975830961,0.0998331587320063,0.0641943693586886,-0.0715485693010415,0.0261672467583992,0.0304072875839354,-0.0933862942319601,-0.0231514107483097,0.0183877368439465,0.0233153678944704,-0.0135080612623661,0.062200956937799,0.0353535353535353,0.0463949843260188,0.0371318822023047,0.0451021846370683,0.0717703349282296,0.0681818181818181,0.1003134796238244,0.0947503201024327,0.1035940803382663,0.4210526315789473,0.3939393939393939,0.3391849529780564,0.3777208706786171,0.3460183227625088,0.1052631578947368,0.1818181818181818,0.1918495297805642,0.1728553137003841,0.1733615221987315,0.3397129186602871,0.3207070707070707,0.322257053291536,0.3175416133162612,0.3319238900634249,0.04125,0.10125,0.3525,0.1775,0.3275,3316
0.1662658329324996,-0.1000763941940412,-0.1212287074356039,0.1407089151450055,0.0331890331890331,-0.1168596534450192,0.0609103952002086,-0.1553720552879511,0.1330877081839854,0.1130820399113082,-0.1110303676250916,-0.0218135651906281,0.0558023800395419,0.0204418829939466,-0.026814911706998,0.0881032547699215,0.0909090909090909,-0.0144548937652386,-0.0167464114832536,-0.0369318181818183,0.0076200602516393,0.0468148982080869,-0.063264221158958,-0.0552697533306949,0.0802764486975012,0.0844155844155844,0.1130820399113082,0.1124918247220405,0.0923295454545454,0.1004784688995215,0.1168831168831168,0.0997782705099778,0.1085676913015042,0.096590909090909,0.1012759170653907,0.3658008658008658,0.376940133037694,0.3080444735120994,0.3309659090909091,0.34688995215311,0.1428571428571428,0.1441241685144124,0.1628515369522563,0.1690340909090909,0.175438596491228,0.29004329004329,0.2660753880266075,0.3080444735120994,0.3110795454545454,0.2759170653907496,0.10125,0.10625,0.32625,0.16625,0.3,2559
0.2781412136250846,-0.1133754162731746,-0.0492841852580521,0.1497569328268614,-0.0480265371857122,-0.0434010434010434,-0.0076552449433806,0.0453053744192984,0.05478563196684,-0.0645092612305726,-0.2684989429175475,0.0492230145363767,-0.0324023276628515,0.118388504996902,-0.0074053535738629,0.0675990675990676,-0.0888546481766821,0.0077995141286281,0.0482001220256254,-0.0084451068057624,-0.0878010878010877,-0.0798993849841309,-0.1173074464213703,0.0780286082299505,0.1236450252843696,0.0469208211143695,0.0678210678210678,0.0824524312896406,0.0606060606060606,0.0707070707070707,0.1642228739002932,0.1486291486291486,0.1402396053558844,0.1606060606060606,0.1592851592851593,0.3108504398826979,0.2828282828282828,0.3058491895701198,0.2939393939393939,0.331002331002331,0.158357771260997,0.176046176046176,0.164200140944327,0.1772727272727272,0.1717171717171717,0.3196480938416422,0.3246753246753247,0.3072586328400282,0.3075757575757575,0.2672882672882672,0.065,0.1475,0.29625,0.18625,0.305,3574
-0.0074671091620244,0.0138674884437597,0.0118712687847388,0.0568866919680252,-0.0639850782580488,-0.0355029585798816,-0.0553083280356005,0.0204127855949719,0.0331815835171539,-0.0011041589988958,-0.1188811188811187,0.0633608815426998,-0.0280947123052386,-0.0128126906650396,0.0749601275917064,0.0798675009201325,0.051761635493693,-0.0421711252736183,-0.0532738190809543,0.0229161420297154,-0.1504624407850214,0.0047098551497379,0.1071746589573415,-0.0339375569944957,-0.033081236816381,0.1309707241910631,0.1346153846153846,0.1454545454545454,0.1196172248803827,0.1495601173020528,0.135593220338983,0.1451048951048951,0.1287878787878787,0.1303827751196172,0.136852394916911,0.3050847457627119,0.3024475524475524,0.3174242424242424,0.3217703349282296,0.2756598240469208,0.1756548536209553,0.18006993006993,0.1886363636363636,0.1961722488038277,0.1925708699902248,0.2526964560862866,0.2377622377622377,0.2196969696969697,0.2320574162679425,0.2453567937438905,0.13,0.1375,0.30875,0.18625,0.2375,2680
-0.2391936868105415,0.1543340380549682,0.1577577868887538,-0.2152533082765639,0.0172893564749432,0.177060563199177,0.3506493506493506,-0.0515799989484198,-0.0312650312650311,-0.0923463887890765,0.1891626137403655,-0.1554621848739497,0.0275977892076964,-0.0095351271821859,-0.0580444898045455,-0.0595345248810594,0.0422077922077922,-0.0221357589778641,0.1457431457431458,-0.0430676043324265,0.0958494345675169,-0.1534518113465481,-0.0006613884730228,-0.0409863041441986,0.0230697116488669,0.1564482029598308,0.1038961038961039,0.1023682200152788,0.1337662337662337,0.1141490088858509,0.0676532769556025,0.0519480519480519,0.0924369747899159,0.0766233766233766,0.0922761449077238,0.2600422832980972,0.3246753246753247,0.3002291825821238,0.3155844155844156,0.3089542036910458,0.2050739957716701,0.174025974025974,0.1703590527119939,0.1441558441558441,0.1756664388243335,0.3107822410147992,0.3454545454545454,0.3346065699006875,0.3298701298701298,0.3089542036910458,0.12625,0.08,0.30875,0.16875,0.31625,4651
0.1784671927359203,-0.1229120853413185,-0.0210479175996416,-0.0365726227795193,0.0378094811592349,-0.1219270747401419,0.4572591587516961,-0.1209842788790158,0.1323763955342903,-0.0389610389610388,-0.0243277848911653,-0.1542798173027308,0.0287177611121273,0.0268886043533931,-0.0013326713527921,-0.1085366407705239,0.040371266198651,0.0400903444381705,0.0162494510320597,-0.0411120970127178,0.0852561796597973,-0.1566608092176968,-0.0347030019161167,0.0461997019374068,0.0340338818090576,0.0595611285266457,0.0813397129186602,0.0742637644046094,0.0803689064558629,0.0663189269746646,0.0940438871473354,0.0454545454545454,0.0966709346991037,0.0803689064558629,0.0968703427719821,0.3573667711598746,0.3923444976076555,0.3399487836107554,0.3359683794466403,0.3621460506706408,0.1943573667711598,0.1626794258373205,0.1824583866837388,0.1844532279314888,0.1788375558867362,0.2946708463949843,0.3181818181818182,0.3066581306017926,0.3188405797101449,0.2958271236959761,0.0725,0.08375,0.35,0.1875,0.30625,4811
0.1489361702127658,-0.0505050505050503,-0.0202746893394376,0.0250329380764162,-0.0011041589988958,-0.0091665965856531,0.2621870882740448,0.0047487701538373,-0.1800423898722576,0.001456209694196,0.1081022995916612,0.0404040404040404,0.0044328173824575,-0.017420582637974,-0.0305483989694514,0.0530904471838101,-0.2784562038293383,-0.0620540202844508,0.1504925963070025,0.0771208367437747,0.0438898586277931,-0.0183132134351646,-0.023039661397268,0.0445279946870613,-0.0006253908692932,0.05,0.0592885375494071,0.0523989898989898,0.0556309362279511,0.0561714708056171,0.1181818181818181,0.0830039525691699,0.1079545454545454,0.1438263229308005,0.114560236511456,0.3545454545454545,0.3458498023715415,0.3459595959595959,0.3690637720488466,0.3555062823355506,0.1681818181818181,0.2035573122529644,0.1755050505050505,0.146540027137042,0.1648189209164819,0.3090909090909091,0.308300395256917,0.3181818181818182,0.2849389416553595,0.3089430894308943,0.05875,0.1125,0.3475,0.1725,0.30875,4679
0.315185755863722,0.0493166963755199,-0.0407101316192224,-0.0402879368396609,-0.0369738069268585,-0.0667298802892024,-0.1047775753658106,0.019919474464929,0.1511936339522546,-0.0505925998883747,0.0268429162273943,0.0579964043033481,0.0037076161478075,0.0458905885403163,-0.0756725360135295,0.1168962583078444,0.0969522137213093,0.0296451626166688,-0.0255930379450708,-0.1058663150317553,-0.0085446140916094,0.1059985226246772,-0.0313503176012568,0.0217363144122905,-0.0327933037745633,0.0505050505050505,0.0786713286713286,0.0717703349282296,0.0651289009497964,0.0743801652892562,0.1414141414141414,0.1643356643356643,0.1401230348598769,0.1343283582089552,0.1329827197595792,0.3434343434343434,0.3234265734265734,0.3287764866712235,0.3202170963364993,0.3403456048084147,0.1885521885521885,0.1538461538461538,0.1729323308270676,0.185888738127544,0.1773102930127723,0.2760942760942761,0.2797202797202797,0.2863978127136022,0.2944369063772049,0.2749812171299775,0.07375,0.14875,0.33,0.18125,0.26625,2964
-0.0254055708601164,0.0205081114172023,-0.0269672607334945,0.0806396400801995,-0.0354326968747031,0.0366629255518144,0.0148397555804963,-0.1544011544011545,0.043691351383659,0.0363404156507604,0.0729209907292098,-0.1530833448641668,-0.0165959285333061,0.0391063099176902,0.0080302314596126,0.045331362404533,0.0063233965672989,0.0527474848032338,-0.0181188417586166,-0.0513036164844407,0.0464646464646464,0.0680134680134679,0.0659245516388372,-0.0293706293706295,-0.0808777429467084,0.1845730027548209,0.1734006734006734,0.1668742216687422,0.171840354767184,0.1716363636363636,0.1322314049586777,0.132996632996633,0.1556662515566625,0.1341463414634146,0.1258181818181818,0.1887052341597796,0.2121212121212121,0.186799501867995,0.1740576496674057,0.1716363636363636,0.1942148760330578,0.202020202020202,0.2029887920298879,0.2150776053215077,0.2174545454545454,0.3002754820936639,0.2794612794612794,0.2876712328767123,0.3048780487804878,0.3134545454545454,0.18,0.135,0.18375,0.21125,0.29,2672
-0.2941919191919191,-0.0188087774294671,0.0024288688410826,0.00464499004645,0.0890308039068369,0.1452991452991452,-0.0770838357045253,-0.0142529226498693,0.1016282987085906,-0.0576200658845287,0.0497568275346052,-0.0650566972406052,-0.0198678900968978,0.0641205239745387,-0.0062053037259648,0.1223712535187945,-0.1511382907651988,0.007974880831845,0.0166110065595527,-0.0001108497247233,0.0656565656565656,-0.1076280041797284,-0.0224381216747628,0.0400353904003539,0.0207863761582769,0.1164772727272727,0.0769230769230769,0.0855218855218855,0.0789865871833084,0.084090909090909,0.1107954545454545,0.1171328671328671,0.1158249158249158,0.1251862891207153,0.1204545454545454,0.3267045454545454,0.3321678321678322,0.334006734006734,0.3248882265275707,0.3348484848484848,0.1704545454545454,0.1538461538461538,0.1602693602693602,0.1684053651266766,0.1643939393939394,0.2755681818181818,0.3199300699300699,0.3043771043771043,0.3025335320417288,0.2962121212121212,0.09,0.10875,0.3275,0.17125,0.3025,561
-0.0892333472978634,-0.0107539519304225,-0.0868564060053422,0.1730242851319084,-0.1204481792717087,0.0121932396974842,0.0069785735420409,-0.0361170495548994,-0.0127234106464693,0.0368077055383557,-0.046207497820401,-0.0139304256951315,-0.0594733998989318,-0.022465596456628,0.1263991263991264,0.1844714425359586,-0.0311257370080899,-0.0315925209542231,0.009182148195601,-0.0140621905327786,0.0348565277107538,-0.0247384782008757,0.0663434778705449,0.1000428305304277,-0.1853456380634339,0.0844155844155844,0.0765550239234449,0.081081081081081,0.0632034632034632,0.0747986191024165,0.2792207792207792,0.2743221690590112,0.2800982800982801,0.2848484848484848,0.2830840046029919,0.1915584415584415,0.182615629984051,0.1867321867321867,0.1818181818181818,0.1645569620253164,0.2305194805194805,0.2822966507177033,0.285012285012285,0.2761904761904762,0.2508630609896433,0.2142857142857142,0.1842105263157894,0.167076167076167,0.1939393939393939,0.2266973532796317,0.0775,0.27625,0.17625,0.27875,0.19125,2778
-0.4639145073927682,-0.009731956023516,0.0895249227172759,0.1986572093778764,-0.1151891586674194,-0.1091305208952266,0.0533111640378076,0.0012276576707795,-0.0255658926086002,0.0132416603004839,0.1473487876365574,0.0590873367005402,-0.0973322509307728,-0.0034313769407885,0.0469961692983277,0.2747992747992748,0.0205872558813734,-0.0339854697831352,-0.1431490883545678,0.0551115551115553,0.0115219473017639,0.1253215214359303,-0.0073245214072688,-0.0373941755115565,-0.0365781007982841,0.0988142292490118,0.0748663101604278,0.0575539568345323,0.0489510489510489,0.0667222685571309,0.150197628458498,0.1408199643493761,0.1399607586657946,0.1456876456876457,0.1301084236864053,0.2924901185770751,0.320855614973262,0.3525179856115107,0.3321678321678322,0.323603002502085,0.1462450592885375,0.1871657754010695,0.1831262262916939,0.2086247086247086,0.189324437030859,0.3122529644268774,0.2762923351158645,0.2668410725964683,0.2645687645687645,0.2902418682235196,0.0675,0.14875,0.32125,0.1825,0.28,2948
-0.2223071046600455,-0.3309566250742719,-0.0046994004213254,0.1549481745560178,0.0474598930481283,-0.6326530612244896,0.1457431457431457,-0.1176702085792995,0.0764790764790764,0.0909090909090909,-0.0927004030452305,0.1027516544757923,-0.0012349197302174,-0.0495762219900151,0.0066614420062696,0.1008991008991009,0.1919191919191919,-0.0878010878010877,0.0388212610434833,-0.0125291375291376,-0.0597402597402596,0.0884848484848485,-0.0534435261707988,0.044668911335578,0.0022727272727273,0.0427807486631016,0.0571428571428571,0.038244514106583,0.0314685314685314,0.037090909090909,0.1497326203208556,0.0961038961038961,0.1009404388714733,0.0909090909090909,0.1025454545454545,0.3315508021390374,0.3688311688311688,0.3304075235109718,0.358974358974359,0.3476363636363636,0.1711229946524064,0.187012987012987,0.212539184952978,0.1946386946386946,0.1934545454545454,0.3048128342245989,0.2909090909090909,0.3178683385579937,0.324009324009324,0.3192727272727272,0.035,0.1125,0.33,0.2025,0.32,2817
0.1094619666048237,-0.1188811188811187,-0.0536864710093056,0.1715833835039132,-0.0267379679144386,-0.0275438846867419,0.170060708522247,-0.0076537635592754,-0.0558977446394663,-0.0146716029068971,0.0482799643104986,-0.0493323470422706,-0.0141688569289699,0.0404014871938637,-0.001483174810521,0.0801954584650761,-0.1931730241589395,0.0160000806557312,-0.0446786680346982,0.0640455926288569,-0.1407718609607631,-0.0964242369201047,-0.0269940900512906,0.0606077191376299,0.0524594510982453,0.0545454545454545,0.0629370629370629,0.0582928521859819,0.056338028169014,0.0698722764838467,0.1272727272727272,0.0944055944055944,0.1193615544760583,0.1357234314980794,0.1247182569496619,0.3345454545454545,0.3199300699300699,0.3219986120749479,0.3124199743918053,0.3260706235912847,0.1563636363636363,0.1993006993006993,0.1811242192921582,0.1971830985915492,0.1773102930127723,0.3272727272727272,0.3234265734265734,0.3192227619708536,0.2983354673495518,0.3020285499624343,0.06125,0.11375,0.3175,0.18875,0.31875,2758
0.0726941546613677,-0.2121212121212121,0.0621464305674832,0.0503323836657171,-0.0416666666666665,-0.0730253353204173,0.0227272727272727,0.0504232609495769,-0.0839160839160839,0.0127840909090909,0.1033488933502482,0.0984222389181067,0.0509707778085334,0.0329229998651486,-0.1246243425995492,0.1460909493696379,-0.0933660933660933,-0.0026957395378448,0.0234990234990235,-0.0173525798525797,-0.0108209680554656,-0.0013175230566533,-0.0433502424349105,0.0405729536164319,0.0200922266139658,0.0707070707070707,0.0818181818181818,0.0683696468820435,0.0651105651105651,0.0770750988142292,0.1212121212121212,0.0977272727272727,0.0901577761081893,0.1093366093366093,0.1001317523056653,0.2895622895622896,0.2931818181818181,0.2930127723516153,0.3095823095823096,0.3221343873517787,0.1851851851851851,0.2113636363636363,0.188580015026296,0.1904176904176904,0.1870882740447957,0.3333333333333333,0.3159090909090909,0.3598797896318557,0.3255528255528255,0.3135704874835309,0.07625,0.1,0.30875,0.195,0.32,1756
0.0757575757575758,0.0064580228514655,0.1140215716486903,-0.0549943883277217,-0.0560146923783286,-0.1100478468899521,0.0901247156639736,-0.0542535074203227,-0.0207336523125996,0.0140640858344208,0.2850539291217258,0.0704488620576422,-0.2431119584236505,0.0777834845631456,-0.0879208105710416,0.1088348271446862,0.0148541522358193,0.1753293257232144,-0.031915398112581,-0.1135684631203195,-0.0859277708592776,0.1262274666721108,0.0037359900373598,-0.0516120105161199,-0.030227555756821,0.115530303030303,0.138755980861244,0.0893682588597842,0.1113956466069142,0.1357409713574097,0.2272727272727272,0.208133971291866,0.2126348228043143,0.2253521126760563,0.1998754669987546,0.1306818181818181,0.1555023923444976,0.1833590138674884,0.1216389244558258,0.1469489414694894,0.178030303030303,0.1722488038277512,0.1556240369799691,0.174135723431498,0.1774595267745952,0.3484848484848485,0.3253588516746411,0.3590138674884437,0.3674775928297055,0.3399750933997509,0.125,0.22875,0.1475,0.16875,0.33,724
0.1264236437114749,-0.0101010101010099,-0.0206822455009401,-0.0120948928686788,-0.0392084695490266,0.0158349630938111,-0.0407101316192224,0.0490207177629343,0.0237949969493593,-0.0573158898517749,0.0537971819086987,0.1802078758600498,-0.1348746548270074,-0.0059155901000078,0.055223952249124,-0.0953354464804847,0.1809991809991811,-0.0097270371242974,0.0303909766997015,0.0012832118095276,-0.1241045876084674,0.0093775217742161,0.0613710980517273,-0.0004084328783424,0.0096028373540336,0.1430481283422459,0.1611570247933884,0.1549407114624506,0.1793611793611793,0.1840721262208865,0.0681818181818181,0.0702479338842975,0.0553359683794466,0.0552825552825552,0.0668670172802404,0.2794117647058823,0.2603305785123967,0.3106719367588932,0.2764127764127764,0.2569496619083396,0.1885026737967914,0.1818181818181818,0.1873517786561264,0.1805896805896805,0.1863260706235912,0.320855614973262,0.3264462809917355,0.291699604743083,0.3083538083538084,0.3057851239669421,0.16375,0.0675,0.27375,0.18625,0.30875,219
0.2653810835629018,-0.2549739822467096,-0.0266183851089512,-0.1490193308375127,0.1454031614674185,-0.2021036814425243,0.0420736288504883,0.0768750974582879,-0.178986302953245,0.0507484483388098,-0.0660516368761612,0.0133897110641296,0.0468972303110083,-0.1078421226412771,0.0218803331720115,0.003971235376194,-0.0518407212622089,-0.0656924550578068,0.1281445826900372,0.0137646216507114,0.1077067795471343,0.0593294362695693,0.0093293728820649,0.0159138717897032,-0.0638266295039728,0.0505050505050505,0.0826446280991735,0.073291050035236,0.0684769775678866,0.0613451589061345,0.138047138047138,0.1053719008264462,0.1085271317829457,0.1157024793388429,0.1034737620103473,0.3400673400673401,0.3057851239669421,0.3157152924594785,0.3530106257378985,0.328159645232816,0.2053872053872054,0.2107438016528925,0.1980267794221282,0.1558441558441558,0.1759053954175905,0.265993265993266,0.2954545454545454,0.3044397463002114,0.3069657615112161,0.3311160384331116,0.06875,0.11,0.33125,0.17875,0.31125,4139
0.1215288776264386,0.0852625635234332,-0.0554524840239125,-0.0661234190645956,-0.009032120143231,-0.0175492875436154,0.1911021233569262,-0.0022707697126302,-0.1607179869833768,0.0394905123587295,-0.1825572801182557,0.0618077574599313,0.0274275988561703,0.143340319810908,-0.0425788203565979,-0.1358773874820087,-0.1857707509881421,0.0987569934938356,-0.0882822028332863,0.117884498001457,-0.0495195861049519,0.0513833992094862,0.0059323392656724,0.0532778768072885,-0.0325476992143658,0.135064935064935,0.1564482029598308,0.1818181818181818,0.1746411483253588,0.1613636363636363,0.1051948051948051,0.0930232558139534,0.1078921078921078,0.1363636363636363,0.109090909090909,0.2493506493506493,0.2367864693446088,0.2297702297702297,0.2129186602870813,0.2348484848484848,0.2038961038961039,0.2219873150105708,0.1638361638361638,0.208133971291866,0.181060606060606,0.3064935064935065,0.2917547568710359,0.3166833166833167,0.2679425837320574,0.3136363636363636,0.15375,0.115,0.23625,0.19125,0.30375,3957
0.4405594405594405,-0.0584010584010583,-0.2070121659162755,0.2219700828972352,0.0712844467785178,-0.0606060606060605,0.2014742014742014,-0.0896637608966375,0.0066225165562914,0.0477901545095219,-0.0792860107928601,0.0239305307798458,0.0190893737525376,0.0169315398381896,-0.0297353304554561,0.3116348671904226,0.1870658537325203,0.0006611011177221,-0.2011208479199648,0.0276058787257732,0.0530303030303028,0.0018427518427518,0.0212484433374844,-0.0197170379289584,-0.0195831836148041,0.0209790209790209,0.0397727272727272,0.0404732254047322,0.0258136924803591,0.0355113636363636,0.0979020979020979,0.0738636363636363,0.0902864259028642,0.0751964085297418,0.0923295454545454,0.4405594405594406,0.3977272727272727,0.3580323785803238,0.3647586980920314,0.3572443181818182,0.1468531468531468,0.1875,0.1855541718555417,0.2267115600448933,0.1924715909090909,0.2937062937062937,0.3011363636363636,0.325653798256538,0.3075196408529742,0.3224431818181818,0.0375,0.0925,0.365,0.18875,0.31625,1588
0.0055658627087198,0.0320238767443736,0.0430622009569378,-0.0109972842892096,-0.0487741302381208,0.0069930069930069,-0.0033444816053511,0.0001226843332106,0.0371946893686022,-0.0229439981506096,0.0494417862838915,-0.1164274322169058,-0.074456476118526,0.0430622009569376,0.0694241237955896,-0.0420624151967434,0.0443041708453778,0.0192577780951699,0.0010422197313826,-0.0181997600278098,0.0015408320493066,-0.125477322971796,0.0430622009569378,-0.0093566467921664,0.0118300245769079,0.12430426716141,0.1241258741258741,0.1188197767145135,0.1302578018995929,0.1248073959938366,0.111317254174397,0.1153846153846153,0.1283891547049442,0.1099050203527815,0.1294298921417565,0.2727272727272727,0.2849650349650349,0.3062200956937799,0.2795115332428765,0.2727272727272727,0.1743970315398886,0.1660839160839161,0.1650717703349282,0.1723202170963365,0.1741140215716486,0.3172541743970315,0.3094405594405594,0.2814992025518341,0.3080054274084124,0.2989214175654853,0.125,0.115,0.285,0.1725,0.3025,3347
0.3073593073593073,-0.0483210483210483,-0.0578512396694215,-0.0224695938981653,0.0447223160977807,-0.0704447068083433,0.1065445610900156,-0.0257951414976209,0.0704821873653042,-0.0322897784878184,0.0037359900373598,0.0710511258456464,-0.0415487376882146,0.0105132962275819,0.0166985329179146,-0.0254680384550514,0.1065445610900156,-0.0097670924117205,-0.1693933771855851,0.0765571029173597,0.1946038457666364,-0.0132754318800829,-0.0209494522390927,0.0066780764455183,-0.0039008569310288,0.0303030303030303,0.046831955922865,0.0435865504358655,0.0448642266824085,0.0352360817477096,0.0969696969696969,0.0826446280991735,0.0859277708592777,0.0826446280991735,0.0937279774489076,0.3636363636363636,0.3526170798898072,0.3580323785803238,0.3471074380165289,0.3509513742071881,0.1878787878787878,0.1707988980716253,0.1818181818181818,0.2148760330578512,0.182522903453136,0.3212121212121212,0.3471074380165289,0.3306351183063512,0.3105076741440378,0.3375616631430584,0.04375,0.0925,0.34375,0.18375,0.33625,3970
-0.0526315789473683,-0.2672176308539944,0.0971786833855798,0.0082644628099173,-0.0369858278603525,-0.2946805516464958,0.0601199157348889,-0.0547667342799187,0.0875434725702104,0.0402797828429678,0.0360772535186673,-0.06171201061712,0.0371370386472325,-0.1025470879485479,0.0250819370188801,-0.063264221158958,0.0205081114172023,0.0038314176245211,0.1876810058628241,-0.1022775281330414,0.0081374637655852,0.0348072630753453,0.0334759627485526,-0.0283014928004974,-0.0314350521394455,0.05,0.0614973262032085,0.0457863304578633,0.0505050505050505,0.0471134704711347,0.1045454545454545,0.0775401069518716,0.0875912408759124,0.0808080808080808,0.079628400796284,0.3272727272727272,0.3823529411764705,0.3490378234903782,0.3611111111111111,0.3503649635036496,0.1772727272727272,0.1631016042780748,0.1970802919708029,0.1452020202020202,0.1838088918380889,0.3409090909090909,0.3155080213903743,0.3205043132050431,0.3623737373737373,0.3390842733908427,0.0475,0.0825,0.3625,0.17875,0.32875,4707
0.1794871794871795,-0.0325476992143658,0.2028392028392028,0.039451114922813,-0.2416851441241685,0.0933204726308175,-0.0449320794148377,-0.0901183314976419,0.1246229372449282,-0.0041542421693809,0.0747713824636903,-0.1460761460761459,0.0644490644490645,-0.0687425781765405,0.0306441525953721,0.0489510489510489,0.1666666666666667,-0.0278460278460277,-0.0291595197255574,-0.0421286031042127,-0.0664335664335664,-0.0627104377104377,0.0479115479115479,-0.0005717552887363,0.0022172949002217,0.0666666666666666,0.073667711598746,0.0751748251748251,0.0772727272727272,0.0866477272727272,0.1393939393939394,0.1410658307210031,0.1547202797202797,0.1125,0.1434659090909091,0.2212121212121212,0.3025078369905956,0.2596153846153846,0.2852272727272727,0.2642045454545454,0.1909090909090909,0.1739811912225705,0.2124125874125874,0.2045454545454545,0.1988636363636363,0.3818181818181818,0.3087774294670846,0.2980769230769231,0.3204545454545454,0.3068181818181818,0.08125,0.135,0.2775,0.19875,0.3075,43
-0.0540184453227932,0.1640543364681295,-0.0948191593352885,0.1675794085432639,-0.0334419896172883,-0.0337488598358162,-0.1092355919942127,0.0174699852119206,0.0226640829050467,-0.0029810826623577,-0.191499112104027,-0.0267593475989278,0.0102049008079863,0.0824959918726288,-0.0246235086006436,-0.0389610389610388,0.1580832960143304,0.031792580179677,0.0361445783132529,-0.0886324830547939,-0.1741455475470821,0.0687811174626589,0.0052325915703524,0.0657818439533535,-0.0332999552591772,0.0606060606060606,0.0594405594405594,0.0685111989459815,0.0597402597402597,0.0675133689839572,0.0606060606060606,0.0804195804195804,0.0744400527009222,0.061038961038961,0.0675133689839572,0.3818181818181818,0.3426573426573426,0.3451910408432148,0.3376623376623376,0.3469251336898395,0.1727272727272727,0.2027972027972027,0.1903820816864295,0.2,0.1938502673796791,0.3242424242424242,0.3146853146853147,0.3214756258234519,0.3415584415584415,0.3241978609625668,0.0575,0.0725,0.34875,0.2075,0.31375,3001
0.0560928433268858,0.0357507660878447,0.0918710918710918,0.0160427807486631,-0.1106412966878083,0.019987105093488,0.0738849165815458,-0.0346854791299235,0.2014260249554366,-0.1400830005481168,0.0863821556442652,0.0437485058570403,0.0052500690798562,-0.0877232904767322,0.0073920801283493,-0.04676299920355,0.1155440725830679,-0.0683869507398917,-0.1122994652406417,0.1012726443642996,-0.1544011544011545,-0.1673719538888076,0.0257831527672797,0.0628978864272982,0.0536595187757978,0.1109090909090909,0.1151515151515151,0.1073500967117988,0.1229946524064171,0.1356421356421356,0.1072727272727272,0.103030303030303,0.1063829787234042,0.0983957219251336,0.1298701298701298,0.2145454545454545,0.2444444444444444,0.2350096711798839,0.2524064171122994,0.2301587301587301,0.209090909090909,0.1696969696969697,0.2311411992263056,0.2363636363636363,0.1991341991341991,0.3581818181818181,0.3676767676767676,0.3201160541586073,0.2898395721925134,0.3051948051948052,0.1175,0.11125,0.23625,0.2125,0.3225,210
-0.1363636363636362,-0.0354510354510355,0.0033222591362125,-0.0674257249599716,0.1038961038961039,-0.0647010647010648,0.1964937910883856,0.0133897110641296,-0.1174312544175557,-0.0614250614250613,0.0268539049026853,-0.0147619903717466,-0.0060903991703764,0.0685336492219218,-0.0376940133037693,-0.1310285958173282,-0.1558293248434092,0.0947800970729237,0.0949432585550663,-0.0448143405889884,-0.1509324009324009,-0.0064260064260064,0.0133897110641296,0.0037359900373598,0.0209790209790209,0.0681818181818181,0.0638820638820638,0.0583887657058388,0.0678617157490397,0.069055944055944,0.1915584415584415,0.1486486486486486,0.1877309682187731,0.2138284250960307,0.1861888111888112,0.3214285714285714,0.3181818181818182,0.3244641537324464,0.2919334186939821,0.3181818181818182,0.1948051948051948,0.2039312039312039,0.1699926090169992,0.1651728553137003,0.1818181818181818,0.224025974025974,0.2653562653562653,0.2594235033259423,0.2612035851472471,0.2447552447552447,0.06,0.185,0.3225,0.1825,0.25,677
-0.0004810004810005,0.074009769196935,0.0066780764455184,-0.0243277848911651,-0.0719439290867862,0.0235690235690235,-0.0330578512396693,0.0045806906272022,0.0396927016645326,-0.0101010101010101,0.0909090909090908,0.0003646086533787,0.0023784355179704,0.0156850192061459,-0.0416666666666667,0.0162494510320597,0.0136191019706481,0.0358590965264372,-0.0540184453227932,-0.0289227680532029,-0.0335917312661497,-0.0491684661564029,-0.0226658144451545,0.0411815501890836,0.0637269707037148,0.0562770562770562,0.0549242424242424,0.0511363636363636,0.0553359683794466,0.0581395348837209,0.2164502164502164,0.2414772727272727,0.2336647727272727,0.230566534914361,0.2452431289640592,0.3203463203463203,0.3210227272727273,0.3217329545454545,0.310935441370224,0.3298097251585624,0.1818181818181818,0.1704545454545454,0.1747159090909091,0.1870882740447957,0.1701902748414376,0.2251082251082251,0.2121212121212121,0.21875,0.2160737812911726,0.1966173361522198,0.05625,0.23375,0.3225,0.1775,0.21,354
0.1245791245791245,-0.0971786833855798,0.0755007704160247,-0.0814022578728461,-0.0309278350515465,-0.098567373077177,-0.1014813448890528,0.0631741140215716,-0.012198105623711,0.0914603892166051,-0.0101010101010101,0.065366306745617,-0.0289334018147577,0.0163068594441143,-0.0465479537644486,0.0467085117290878,0.0247300592128177,0.0138674884437596,-0.0621831972594499,-0.0274566975597903,0.0662177328843995,0.1055381400208986,-0.0206471494607087,-0.0742721330956623,-0.0646672914714152,0.0886363636363636,0.1112299465240641,0.1022727272727272,0.0965207631874298,0.0945454545454545,0.2386363636363636,0.2395721925133689,0.2032828282828283,0.2121212121212121,0.1945454545454545,0.3409090909090909,0.3454545454545454,0.3794191919191919,0.3636363636363636,0.3763636363636363,0.2068181818181818,0.1935828877005347,0.1881313131313131,0.2031425364758698,0.2054545454545454,0.125,0.1101604278074866,0.1268939393939394,0.1245791245791245,0.1290909090909091,0.10125,0.2175,0.36875,0.19125,0.12125,1433
-0.406060606060606,0.0759358288770053,-0.0312075983717774,0.2904656319290465,-0.0958010599266205,0.2389006342494714,0.1244870041039671,-0.0034394623079105,-0.0931779508069923,-0.0390693882194559,0.0066074276600591,-0.0614772224679345,0.0246987890350027,-0.0236233599519863,0.0093456225153181,0.2218481107369996,-0.003499042714729,-0.0184766403671876,0.0254852043469928,-0.0548937305290071,0.096045197740113,-0.007885434605275,0.0042085412690017,0.0003382314254575,-0.0281426409723133,0.1054545454545454,0.0570824524312896,0.0745044429254955,0.058361391694725,0.0677966101694915,0.0981818181818181,0.0930232558139534,0.112781954887218,0.1066217732884399,0.1070878274268104,0.3454545454545454,0.3361522198731501,0.3267259056732741,0.3411896745230078,0.3335901386748844,0.1454545454545454,0.2241014799154334,0.2098427887901572,0.1997755331088664,0.2049306625577812,0.3054545454545455,0.2896405919661733,0.2761449077238551,0.2940516273849607,0.2865947611710323,0.075,0.10625,0.335,0.205,0.27875,949
0.0995670995670995,-0.0336871250576833,0.0822510822510822,-0.1420640428274016,0.0244869634182611,0.0787878787878788,0.065989847715736,-0.0969696969696971,0.0673143650242886,-0.0659264399722414,0.2043512043512043,-0.0166483262929963,0.0955710955710955,-0.1957508140714248,-0.0035765760956598,0.0162494510320597,0.0262367662500082,-0.1155028546332894,-0.1103400416377515,0.0827625742992488,0.1117279666897987,-0.0680682126413905,-0.0501966227157066,0.0676534001515063,0.0019653442530896,0.1012987012987013,0.1036363636363636,0.0895104895104895,0.1106719367588932,0.0999306037473976,0.2545454545454545,0.23,0.2503496503496503,0.2397891963109354,0.2630117973629424,0.1376623376623376,0.1645454545454545,0.1356643356643356,0.1673254281949934,0.157529493407356,0.187012987012987,0.1527272727272727,0.1958041958041958,0.1818181818181818,0.1526717557251908,0.3194805194805195,0.3490909090909091,0.3286713286713286,0.300395256916996,0.3268563497571131,0.1125,0.24625,0.15,0.16375,0.3275,2843
0.0720382264849984,-0.085291113381001,-0.0068583102290966,0.0584891415375049,-0.0372933647411977,-0.0448308753393498,-0.0876623376623375,0.0723562152133582,0.0363259928477318,0.0246488205671879,0.0196343452364862,-0.0167464114832534,-0.0708589655958074,0.0939139680558444,-0.0259414770692965,0.0477820986295561,-0.0281385281385282,0.0723562152133582,-0.0289227680532029,-0.0366051182377711,-0.0696685300971615,-0.0048835462058602,-0.0679403241386711,0.0374459652217467,0.0628497830386851,0.205311542390194,0.2311688311688311,0.2169059011164274,0.2106782106782107,0.236664162283997,0.1736465781409601,0.174025974025974,0.1626794258373205,0.1645021645021645,0.1607813673929376,0.1409601634320735,0.1298701298701298,0.149920255183413,0.1298701298701298,0.1495116453794139,0.1624106230847803,0.1662337662337662,0.1562998405103668,0.1774891774891775,0.1660405709992486,0.3176710929519918,0.2987012987012987,0.3141945773524721,0.3174603174603174,0.2870022539444027,0.22125,0.16,0.14,0.1725,0.30625,577
-0.1830081216280223,-0.154199828772553,0.0191031025606287,0.1934776891382484,0.0343311461922841,0.0892828102130428,-0.1010266329415265,0.0273363000635727,0.0847387906211436,-0.0885042559250703,0.0276134504852234,0.0204603126719074,0.0507240882553644,-0.0695187165775401,-0.0325346536895376,0.1760177806689434,-0.0712691563755394,-0.0527654164017799,0.0867955573837926,-0.0733158244470462,0.0171315958514971,-0.0201810992622517,-0.0268412199224747,-0.0553215654725285,0.0593477319141034,0.1907600596125186,0.1468531468531468,0.1567973311092577,0.1328671328671328,0.1584875301689461,0.1356184798807749,0.1293706293706293,0.1150959132610508,0.1258741258741259,0.1198712791633145,0.2697466467958271,0.2674825174825175,0.2610508757297748,0.2895104895104895,0.2823813354786806,0.1371087928464977,0.1555944055944056,0.1818181818181818,0.1552447552447552,0.1794046661303298,0.2667660208643815,0.3006993006993007,0.2852376980817347,0.2965034965034965,0.2598551890587289,0.16125,0.1175,0.275,0.17,0.27625,3928
0.4169096209912536,-0.1619958988380041,0.059054153393776,0.0063627647520264,-0.0832217110244015,-0.151557801804107,-0.033932794368366,0.0015969716685395,0.1247817214028739,-0.0346233324430325,-0.0884353741496599,0.0217969165337584,0.0623213264722698,-0.0128126906650396,-0.0572088598994429,-0.0177577524516299,0.088630667578036,0.0080862533692721,0.1353612830122897,-0.1414594374235629,-0.1371117361900771,-0.0443998559448475,0.0593703314336302,-0.0352496604932197,0.0058256512762516,0.0357142857142857,0.0705329153605015,0.0666666666666666,0.0623376623376623,0.0696480938416422,0.1655844155844155,0.1473354231974921,0.1393939393939394,0.1298701298701298,0.1488269794721407,0.3116883116883117,0.3307210031347962,0.3106060606060606,0.3285714285714285,0.3115835777126099,0.185064935064935,0.1630094043887147,0.1886363636363636,0.161038961038961,0.1928152492668621,0.3019480519480519,0.2884012539184953,0.2946969696969697,0.3181818181818182,0.2771260997067448,0.06125,0.1425,0.33125,0.18625,0.27875,544
0.4262148108301954,-0.0898192716374535,-0.1270780501549733,0.0037359900373598,0.0922285261907903,-0.0878010878010877,0.1866719139446412,-0.0656010656010657,0.0867579908675799,-0.0215361158757385,-0.0069930069930068,0.0177095631641086,-0.0265290265290265,0.0336239103362391,0.0046883933676385,0.5046620046620047,0.0554899645808736,-0.0864135864135864,0.0037359900373598,-0.0034305317324185,0.1969101458152553,0.0003360938994648,-0.0325440982375289,0.1019079910190798,-0.0516958595735623,0.0279720279720279,0.053030303030303,0.049090909090909,0.0241477272727272,0.0391506303915063,0.1048951048951049,0.0782828282828282,0.0945454545454545,0.0909090909090909,0.0962176509621765,0.3846153846153846,0.3636363636363636,0.3503030303030303,0.3707386363636363,0.3523556735235567,0.1818181818181818,0.1666666666666666,0.1763636363636363,0.1818181818181818,0.1639017916390179,0.3006993006993007,0.3383838383838384,0.3296969696969697,0.3323863636363636,0.3483742534837425,0.04875,0.09625,0.34125,0.1825,0.33125,367
0.049827130364043,-0.0207336523125996,-0.0499903493534066,-0.0271132376395535,0.0230120756436547,-0.0238247592970133,0.0664021472750612,-0.0394452525880208,0.0197222546388143,0.0063851424570294,-0.012360743904368,-0.0160080335518932,-0.0694346150821734,-0.1814046901766199,0.1561395070167001,-0.1131118022589621,0.031392227797876,-0.0394452525880208,0.0955770801727156,0.0230565326842605,0.0520323317483448,-0.1388350666297599,0.0697095713677279,-0.0518407212622087,-0.0009998700733802,0.1769696969696969,0.1906873614190687,0.1885521885521885,0.2073170731707317,0.1765589782118707,0.0969696969696969,0.0886917960088691,0.0965207631874298,0.0920177383592017,0.1081893313298271,0.206060606060606,0.2039911308203991,0.2098765432098765,0.2039911308203991,0.1825694966190834,0.1951515151515151,0.1862527716186252,0.2244668911335578,0.171840354767184,0.1998497370398196,0.3248484848484848,0.3303769401330377,0.2805836139169472,0.3248337028824833,0.3328324567993989,0.18625,0.095,0.19625,0.19,0.3325,1612
-0.3503737641668678,-0.0700708687285869,0.1124260355029586,0.0557213487149793,-0.0060115323273219,0.0125391849529779,-0.0372178157413056,0.0166083916083916,-0.036479444122756,0.0311004784688995,0.0063287395753236,-0.0176476682744886,0.007124950521177,-0.005123947078039,0.0069513406156901,0.1428911551128923,-0.0874182312462832,-0.040099141364964,0.0618105590289739,0.0147982153311932,0.1372120445198584,0.0014049739436107,-0.0489510489510487,-0.0369575495503151,0.0342829550941572,0.0979020979020979,0.0715909090909091,0.072041166380789,0.0621403912543153,0.0625521267723102,0.1993006993006993,0.1931818181818181,0.1895368782161235,0.2025316455696202,0.1859883236030025,0.2307692307692307,0.2556818181818182,0.258147512864494,0.2704257767548906,0.2727272727272727,0.1853146853146853,0.2034090909090909,0.1972555746140651,0.1841196777905638,0.2035029190992493,0.2867132867132867,0.2761363636363636,0.2830188679245283,0.2807825086306099,0.2752293577981651,0.0725,0.18625,0.26,0.19625,0.285,3550
